{"type": "FeatureCollection", "features": [{"type": "Feature", "properties": {"TRUSTEE_AREA": 1}, "geometry": {"type": "Polygon", "coordinates": [[[-122.12151911103386, 37.3988506448804], [-122.12151578547164, 37.39884622455873], [-122.12147098111157, 37.398790962668706], [-122.12142259005341, 37.39873021576855], [-122.12138028998343, 37.39866664074739], [-122.12134433899931, 37.398600625537654], [-122.12131495645494, 37.39853257296069], [-122.12129232162243, 37.398462898268626], [-122.12127657259856, 37.39839202661048], [-122.12126780546255, 37.398320390437824], [-122.12126607369031, 37.398248426865976], [-122.12130032570306, 37.39687149384353], [-122.12130912470484, 37.39682744503228], [-122.12130143422876, 37.39682736866953], [-122.12084084289765, 37.3968427074348], [-122.12080387992428, 37.396842371296174], [-122.12075234464015, 37.39683776201188], [-122.12070183851142, 37.39682837632176], [-122.1206570322716, 37.396819925071526], [-122.12061133204554, 37.39681546179067], [-122.12056529371205, 37.39681504076876], [-122.12034978611034, 37.39682257348726], [-122.12022062815423, 37.39682834060394], [-122.12016159178046, 37.39683144504204], [-122.1193428089633, 37.39683435174066], [-122.11795827804475, 37.396839220976716], [-122.11621286877809, 37.396845339813794], [-122.11545671200138, 37.396847996733555], [-122.1143608016637, 37.39677930639606], [-122.11436894953381, 37.39542587992485], [-122.11436887595396, 37.39529482986582], [-122.11436572101852, 37.395163803968906], [-122.11434988786223, 37.39497278503449], [-122.1143297043997, 37.394782027348704], [-122.11430517733662, 37.39459159397391], [-122.11427634843164, 37.39437943602797], [-122.1142541976661, 37.39416676794647], [-122.11423873891795, 37.39395372351912], [-122.11422815502365, 37.39346680325042], [-122.11423094078576, 37.392692032019], [-122.11422950353615, 37.39220489443829], [-122.11422865468674, 37.39168398432787], [-122.11423585561087, 37.391417232580274], [-122.11424728761783, 37.39098531300312], [-122.11425820218462, 37.39064885440167], [-122.11426361068759, 37.390512699657556], [-122.11426479225513, 37.39037647980348], [-122.11426101669795, 37.389828415209195], [-122.11413711119106, 37.38982895335388], [-122.1136977443535, 37.38982916387342], [-122.11296936976963, 37.38982951140867], [-122.11143500168136, 37.389830244301436], [-122.11190179325553, 37.389176551200336], [-122.11195003964026, 37.38910277696683], [-122.111991333612, 37.38902636381193], [-122.1120254501504, 37.3889477281685], [-122.11205220335226, 37.38886729858013], [-122.11207144744408, 37.38878551336552], [-122.1120830775761, 37.38870281822969], [-122.11208703039314, 37.388619663835044], [-122.1110897307964, 37.38862146525123], [-122.1108827643759, 37.38862187563852], [-122.10990132453307, 37.38862382194572], [-122.10871645763154, 37.38862394319762], [-122.10755551376043, 37.38862933330168], [-122.1073553745351, 37.388630084858605], [-122.10668748620492, 37.388632622167194], [-122.1063870330253, 37.38863376199323], [-122.10595705088578, 37.388636103039374], [-122.10581501109108, 37.38863687458526], [-122.10580678791412, 37.38863691955051], [-122.10580566142694, 37.38863692597398], [-122.10580344079193, 37.388636938107524], [-122.10580057965805, 37.388636953809694], [-122.10447867478018, 37.38864413682333], [-122.10429276935832, 37.38864514746996], [-122.10343139921625, 37.38864983170231], [-122.103420067869, 37.388649848831186], [-122.10281070566919, 37.3886511056889], [-122.10223370167931, 37.38865228260952], [-122.10111004417544, 37.3886545807809], [-122.1009936036664, 37.38866518056477], [-122.10075609992091, 37.38866398217407], [-122.1005633250834, 37.38866301932144], [-122.10051409112509, 37.3886627759316], [-122.10027262670816, 37.388661561124486], [-122.09998881571532, 37.3886601464662], [-122.09994563550269, 37.38865991092804], [-122.09970552035523, 37.388658722529364], [-122.0995552376207, 37.388657957386584], [-122.09938248892281, 37.38865710873431], [-122.09921100235778, 37.3886562422383], [-122.099057161397, 37.388655456396584], [-122.09886679584076, 37.388654503536436], [-122.09868541074101, 37.388653587791886], [-122.09852261806986, 37.38865278624701], [-122.09838946351039, 37.38865210604066], [-122.09817841245119, 37.388651044690135], [-122.09798675691432, 37.38865008612004], [-122.09783420683249, 37.38864932525933], [-122.09781874233725, 37.3886492388954], [-122.09761222417625, 37.388648206808654], [-122.09749000031545, 37.38864758298873], [-122.0973724117609, 37.388646990573704], [-122.09734064733705, 37.38864683069314], [-122.09719918785427, 37.388646118367625], [-122.0971458234429, 37.38864586141637], [-122.09695508598399, 37.388644887143855], [-122.09680161692592, 37.388644115577144], [-122.09668759917403, 37.38864356170452], [-122.09659808386616, 37.388643109898844], [-122.09645591740903, 37.38864234404277], [-122.09612740805106, 37.38864071597195], [-122.09610577392715, 37.38864060890892], [-122.09599847287777, 37.38864045687408], [-122.0959988986837, 37.388600114689766], [-122.09600097201844, 37.38839105044069], [-122.09599813695976, 37.3881778872717], [-122.09599576999848, 37.38729283331349], [-122.09600104135085, 37.38694349763105], [-122.09599573503752, 37.386638897501996], [-122.0959899840611, 37.386306751233], [-122.09598631806058, 37.38609496327729], [-122.09597763680527, 37.38553982601861], [-122.0959801961537, 37.38510663346311], [-122.09598365525959, 37.38504093324995], [-122.09599322832543, 37.3849756202769], [-122.09600886231036, 37.384911056310514], [-122.0960220487285, 37.38485676273117], [-122.09603022391885, 37.38480184503205], [-122.09603334411146, 37.38474659731692], [-122.09603402683486, 37.384712755575855], [-122.09603475986408, 37.384676000167296], [-122.09603478771203, 37.38467459544714], [-122.09592019234334, 37.384674558322295], [-122.09541842404454, 37.384671131425726], [-122.09541544163818, 37.38467111143988], [-122.09538359277293, 37.38467089516185], [-122.09504975011795, 37.384668615322795], [-122.09485402341687, 37.38466729410087], [-122.0946455568103, 37.384665848679894], [-122.09455414965075, 37.384665260518275], [-122.09444939981641, 37.38466451032723], [-122.09426497751315, 37.384663240498256], [-122.09420994762537, 37.384662867186876], [-122.0940785456789, 37.38466197495169], [-122.09389311905927, 37.384660695843486], [-122.09386577614285, 37.38466051739628], [-122.09370611320162, 37.38465941459372], [-122.09352306801553, 37.38465817117436], [-122.09352160376169, 37.38465816760539], [-122.09335895841444, 37.38465705837854], [-122.09322721780306, 37.38465615757792], [-122.09317743227929, 37.38465581710088], [-122.09315359099519, 37.38465563722638], [-122.092959269259, 37.38465431743173], [-122.09283325989823, 37.38465344161378], [-122.09277404386208, 37.38465305545425], [-122.09258933319967, 37.38465178705255], [-122.09248908841559, 37.38465108825385], [-122.09240198508392, 37.38465050937158], [-122.09221756098407, 37.38464921313219], [-122.09215997898295, 37.38464882768646], [-122.09203201938023, 37.384647954723405], [-122.09184679218662, 37.38464666990458], [-122.0918158362466, 37.384646472185004], [-122.09165976027784, 37.384645408640566], [-122.0914760539317, 37.384644124535676], [-122.09147163511958, 37.38464409384281], [-122.09141298053035, 37.384643698403984], [-122.09138949587737, 37.384643539943056], [-122.0912890489725, 37.38464286327133], [-122.09112746363692, 37.38464173619981], [-122.09112227047706, 37.38464169265874], [-122.09092183840113, 37.3846403371746], [-122.09076507342476, 37.38463925935405], [-122.09076743691702, 37.384416228175105], [-122.09077010314448, 37.3841643736814], [-122.09077078137962, 37.384100546958656], [-122.0907682921483, 37.38410052982745], [-122.09045314073639, 37.38409833848182], [-122.09037037717191, 37.38403854816033], [-122.08988405631501, 37.3839039499687], [-122.08981060737587, 37.383883621280205], [-122.08986749677992, 37.383847073181414], [-122.08994538970143, 37.38371375022853], [-122.08996452472114, 37.38363552739818], [-122.08996604287447, 37.38362938951352], [-122.08997532337249, 37.383591890518005], [-122.09002892137008, 37.383375437398904], [-122.09004544948262, 37.38326590864401], [-122.09004550697486, 37.383265521053886], [-122.0900469326021, 37.38325606542423], [-122.09006156706512, 37.383159090722664], [-122.09006605954247, 37.383129323322954], [-122.09008357131107, 37.383013288668415], [-122.09008447502127, 37.3829668012349], [-122.09009123937335, 37.38261678941447], [-122.09007744754066, 37.382620646075836], [-122.09007749335481, 37.3826187223842], [-122.09005795231747, 37.38251199776023], [-122.08992221421984, 37.38236527791401], [-122.0896366371595, 37.382184103157726], [-122.08941167481669, 37.38196252796314], [-122.08932899120445, 37.38188105975871], [-122.08927174068816, 37.38182470108621], [-122.08917183188483, 37.38172641254529], [-122.08891065935464, 37.38152313596035], [-122.08876553027336, 37.38135218382673], [-122.08875416030008, 37.38133879056564], [-122.08883072819168, 37.381339126062905], [-122.08900933929431, 37.38133993339747], [-122.08930533952542, 37.381341256112755], [-122.08960131190877, 37.38134257740058], [-122.08974102147404, 37.38134320199649], [-122.08989728339405, 37.38134389868837], [-122.09008521810958, 37.3813447381449], [-122.09019328452361, 37.38134521783456], [-122.0904293851007, 37.381346297135686], [-122.09050575266811, 37.381346634774104], [-122.09077358173629, 37.38134783185643], [-122.09078451153661, 37.38134786683411], [-122.0911177702866, 37.38135167647377], [-122.09116996149848, 37.38135227322468], [-122.09139544399038, 37.3813548343989], [-122.09146198758322, 37.38135558961712], [-122.09162420982415, 37.38135745624741], [-122.09174086233422, 37.38135879679503], [-122.0918061788286, 37.38135954773001], [-122.09183380471426, 37.38135986252323], [-122.09206590150066, 37.38136249864786], [-122.0921503979217, 37.38136345873118], [-122.09229867741318, 37.381365131203545], [-122.09249459096394, 37.38136620193587], [-122.09254436480967, 37.38136644106626], [-122.09279730879575, 37.38136776663363], [-122.09283187865763, 37.381367915822516], [-122.09290658973168, 37.38136832055935], [-122.09295272540128, 37.38136857039686], [-122.09304511891088, 37.381369070785865], [-122.09317608158136, 37.38136976319285], [-122.09329292902594, 37.381370372796546], [-122.09352025575895, 37.381371564879075], [-122.09354071039492, 37.38137167623505], [-122.09378852050996, 37.38137297753223], [-122.09392613789909, 37.38137369420935], [-122.09406154633128, 37.381374393754776], [-122.09406992401838, 37.381374462995204], [-122.0942086310637, 37.381375163968436], [-122.09446240868621, 37.381376498100956], [-122.09455283398728, 37.38137698492735], [-122.09474117294471, 37.38137799427079], [-122.09489700726654, 37.38137878233043], [-122.09501996594925, 37.38137942262858], [-122.0952343255032, 37.381380558318575], [-122.09529873020772, 37.38138089524259], [-122.09557749446613, 37.38138234358671], [-122.09557849878256, 37.38138235358016], [-122.09588055904766, 37.38138391970508], [-122.09592270170626, 37.38138414741405], [-122.0960390442978, 37.38138391614737], [-122.09603762139022, 37.38117275386441], [-122.09603617127952, 37.381134452381175], [-122.09603231415285, 37.381096257240365], [-122.09603166760171, 37.38108325897394], [-122.09602862066605, 37.381070479724784], [-122.09602324027588, 37.38105820020122], [-122.09601448529799, 37.3810444928095], [-122.09602147870328, 37.38084900999111], [-122.09602384038116, 37.3807830018749], [-122.09601858895861, 37.38070918904149], [-122.0960057537204, 37.38063597028441], [-122.0959948853163, 37.38057216752635], [-122.09599125402993, 37.38050784322401], [-122.09599127115426, 37.3800053499058], [-122.09599736625455, 37.37971879143092], [-122.09599992915118, 37.37968838164783], [-122.09600771395412, 37.37965354111988], [-122.09600813795893, 37.37965212916741], [-122.09591145050298, 37.37965183006641], [-122.09585883618477, 37.37965162091096], [-122.09561914863518, 37.37965066222222], [-122.09532638503347, 37.37964949080893], [-122.09503384690868, 37.37964832010937], [-122.09474130968245, 37.37964715012368], [-122.09437750192897, 37.37964548616372], [-122.09435071327286, 37.37964536124182], [-122.09427953527215, 37.37964508427121], [-122.0942539090359, 37.37964499289943], [-122.09390166619153, 37.37964356164825], [-122.09327185564437, 37.37964112887576], [-122.09317077452906, 37.37964073840434], [-122.09317079429249, 37.37963692227699], [-122.09317181120981, 37.379416922848606], [-122.09317282453395, 37.37919657085557], [-122.0931730769666, 37.379140881886784], [-122.0931738414514, 37.378976041183925], [-122.09317486016553, 37.37875530884771], [-122.0931749535926, 37.37873443839399], [-122.09317602171174, 37.37853414470337], [-122.09317650950716, 37.37844219075559], [-122.09317716888438, 37.37831834870602], [-122.09317797019837, 37.37816754819306], [-122.09317834749864, 37.37809662647517], [-122.09317602447898, 37.37788893850035], [-122.09317612239691, 37.377874676586046], [-122.09317783640701, 37.37765250117825], [-122.09317857303658, 37.377553901649], [-122.09317951538304, 37.377430028151], [-122.09318160040317, 37.37715538259566], [-122.0931823379307, 37.37705950647637], [-122.09318453434294, 37.3767764938888], [-122.09319611452341, 37.3767765752693], [-122.09339877981076, 37.376778005850625], [-122.09360525844579, 37.376779462131296], [-122.09363619462282, 37.376779679145486], [-122.09381174157248, 37.37678091769761], [-122.09401822110577, 37.37678236683968], [-122.09420912834594, 37.37678371175732], [-122.09422470063899, 37.37678382240616], [-122.09443118466417, 37.376785276544794], [-122.0946140340176, 37.37678656435376], [-122.0946203779192, 37.37678660575761], [-122.09483037345794, 37.37678808559554], [-122.09495817136424, 37.37678898220742], [-122.09511601881044, 37.376790095833464], [-122.09531308669594, 37.37679148001348], [-122.09532639972645, 37.37679157281586], [-122.09542334410045, 37.376792256696284], [-122.09542795335571, 37.376792289533974], [-122.09562786351037, 37.37679369370226], [-122.09588136265522, 37.37679476093445], [-122.0959375837087, 37.37679587027021], [-122.09602394952347, 37.37679708525848], [-122.09602391179473, 37.37679412418537], [-122.09602389203202, 37.37679252015189], [-122.09602383903184, 37.37678829341261], [-122.09601849590096, 37.376363071228035], [-122.09601265151468, 37.375897949490074], [-122.09600186284591, 37.3750392481039], [-122.09599034115838, 37.374122263513755], [-122.0959964686114, 37.37371644531531], [-122.09600096201662, 37.37342262327685], [-122.09600156479058, 37.37338322737381], [-122.09600822585197, 37.37289634555913], [-122.09601385927962, 37.37206076375526], [-122.096015381947, 37.37185329536921], [-122.09601652192649, 37.37169788574342], [-122.09602330790254, 37.37077290446255], [-122.09602874283402, 37.36965757357882], [-122.09602912193172, 37.3695798458279], [-122.09603149892814, 37.369092077615626], [-122.09604655313757, 37.36690969369432], [-122.09604665375097, 37.366890654795874], [-122.09604666003916, 37.366889536750485], [-122.09592455206116, 37.36688941751195], [-122.09551362498355, 37.366883748006636], [-122.09516561050903, 37.366878938100854], [-122.09491268359244, 37.36686302128042], [-122.09430454310107, 37.36686614191314], [-122.09418819062604, 37.366884701749235], [-122.09392981363146, 37.366882746808216], [-122.09389182657729, 37.36688245921152], [-122.09379249358325, 37.36688170384526], [-122.09360154142722, 37.36688024737364], [-122.09331610628047, 37.366878083370935], [-122.0933113165062, 37.36687805055339], [-122.09310966537466, 37.36687651694996], [-122.093020917228, 37.36687584583082], [-122.09273048924571, 37.36687363470693], [-122.09263247497825, 37.366872860063964], [-122.09244995889979, 37.366871494264636], [-122.09216280168299, 37.36686932811966], [-122.0921595021715, 37.36686928099876], [-122.09195630328502, 37.36686773671022], [-122.09186904634144, 37.36686709057922], [-122.09157853301916, 37.366864876599294], [-122.09147354872455, 37.366864059118896], [-122.09128793345866, 37.366862664761065], [-122.09101648328235, 37.366860595000254], [-122.09098766712896, 37.36686037510176], [-122.09097298147303, 37.366860254443004], [-122.09090507513653, 37.366855168257246], [-122.09080065857789, 37.3668473476389], [-122.09078121274979, 37.366847359774475], [-122.09077829232723, 37.36684736120238], [-122.09031494586519, 37.36684757321237], [-122.09019308851684, 37.36684762389422], [-122.0901071538932, 37.366847667438975], [-122.09008369439303, 37.36684767957446], [-122.08986519899605, 37.36684779022124], [-122.0897918964798, 37.36684781806012], [-122.08975102673385, 37.36684783376419], [-122.08969295155788, 37.36684786017606], [-122.08931051364623, 37.3668480314971], [-122.08914947897777, 37.3668480857456], [-122.08914931460903, 37.366643515869065], [-122.08914911969848, 37.36642953765991], [-122.08914911700433, 37.3664226701336], [-122.08914909185488, 37.36639311884495], [-122.08914895173697, 37.36622077786092], [-122.08914878377537, 37.366012041041834], [-122.08914869035988, 37.36592945387872], [-122.08867866941651, 37.36592687431149], [-122.08830163936229, 37.365924817368665], [-122.08775919535339, 37.36592184154844], [-122.08714639440387, 37.365918487325104], [-122.08706126377223, 37.36591801467786], [-122.08700557721615, 37.36591800610638], [-122.08700542179977, 37.36598829606253], [-122.08701029511496, 37.36638636539572], [-122.08701038045358, 37.366397797236644], [-122.08689408996418, 37.36639834625939], [-122.0868596458665, 37.366398331977884], [-122.08675201154205, 37.366398300556206], [-122.08656198015892, 37.36639823985664], [-122.08652142841646, 37.36639821700726], [-122.08629084439254, 37.3663981548766], [-122.08625918237682, 37.36639812488828], [-122.08617454851337, 37.36639810346365], [-122.08604377089571, 37.36639806347288], [-122.08595288475895, 37.36639803419434], [-122.08586842427039, 37.36639800991387], [-122.0856500860786, 37.366397941358734], [-122.08535067314791, 37.366397846381226], [-122.08503729231515, 37.36639773426801], [-122.08503813582514, 37.36646861492871], [-122.084968806557, 37.366468088025755], [-122.08469390235881, 37.36646612677471], [-122.08462339809438, 37.366465614864794], [-122.08420602111377, 37.36646257981709], [-122.08409897338917, 37.36646180588332], [-122.08365153519041, 37.366458557360936], [-122.08321780797583, 37.36645539594168], [-122.0832065359173, 37.366455318833836], [-122.08283258618586, 37.36645260863781], [-122.08237444905377, 37.36644927015599], [-122.0823808881348, 37.36682360390488], [-122.08225598729491, 37.36682348038248], [-122.08192238089651, 37.36682315265563], [-122.08179116849433, 37.36682302342097], [-122.08147801134204, 37.366822715685956], [-122.08110669097864, 37.36682234511914], [-122.08095523953648, 37.3668212513363], [-122.08058868383678, 37.36681969204233], [-122.08053849227463, 37.36681947356979], [-122.08058868383678, 37.36681969204236], [-122.08059120814377, 37.366449771224765], [-122.08059308655177, 37.36617263373879], [-122.08055542738416, 37.36617245453321], [-122.08026577015615, 37.36617120865801], [-122.07979794020349, 37.366169158854916], [-122.07928513789942, 37.36616693412908], [-122.07925634061081, 37.366166795619385], [-122.07893415808624, 37.36616538910185], [-122.07858934520645, 37.366163897621455], [-122.07794965409111, 37.36616108744195], [-122.07783719581445, 37.3661611488342], [-122.07783413338569, 37.366807657494775], [-122.07795007532869, 37.366808172261315], [-122.07783413338569, 37.36680765749474], [-122.07783719581445, 37.3661611488342], [-122.07783720120442, 37.36616001578487], [-122.07783886230197, 37.36580934437458], [-122.07784216002112, 37.365113172159475], [-122.077845296049, 37.36502545914836], [-122.07784416148232, 37.36497880206447], [-122.07783238013332, 37.36449411543111], [-122.07783276732322, 37.3643495572463], [-122.07783597343868, 37.36409405691712], [-122.0778270128014, 37.3635897850636], [-122.07782837376836, 37.36341615461355], [-122.07782934126752, 37.363292749703845], [-122.07782872502662, 37.363263572737836], [-122.07782589086644, 37.3630479819903], [-122.07782514437044, 37.36301262680221], [-122.07782711439249, 37.36286152348993], [-122.07782610829396, 37.36273243431215], [-122.0778341266853, 37.36246038742605], [-122.0778314164749, 37.36240404486665], [-122.07782947882745, 37.36224035761157], [-122.07782871706023, 37.36220431518001], [-122.07782667164386, 37.36178166997135], [-122.07781245315051, 37.361434384593245], [-122.07780933511505, 37.36128678171621], [-122.07780810981974, 37.36122877107706], [-122.07780941420287, 37.360964712753784], [-122.0778077936691, 37.36072507045444], [-122.07781150104167, 37.36049325509027], [-122.07781527219413, 37.36026452782993], [-122.07781803632355, 37.360142873498155], [-122.07782061899219, 37.36002891319682], [-122.07782656765842, 37.35982178782659], [-122.07782770043676, 37.35979396114635], [-122.07782774268325, 37.359565193197525], [-122.07782654704275, 37.359413536003366], [-122.07782712017402, 37.35935790517823], [-122.07782643116995, 37.3593252950936], [-122.07782996427011, 37.3590866136341], [-122.07783035683873, 37.35904275111988], [-122.07783050685936, 37.35902491549906], [-122.07783050955443, 37.35902455991481], [-122.0777141229454, 37.35902444066448], [-122.07766250845195, 37.35902456275882], [-122.07739163679008, 37.35902486620001], [-122.07713358408564, 37.35902515607573], [-122.07702596413426, 37.359025276024425], [-122.07686813285738, 37.35902545380528], [-122.07676791142968, 37.35902556518579], [-122.07660996427018, 37.35902574368074], [-122.07646856497433, 37.35902590646836], [-122.07635099528409, 37.35902604569475], [-122.0761244842213, 37.35902627488061], [-122.07609543540431, 37.35902632200406], [-122.07590081363053, 37.35902653476974], [-122.07583491682466, 37.35902659688503], [-122.07567717088791, 37.35902679394461], [-122.07558328617499, 37.35902688890339], [-122.07541567673798, 37.35902708167792], [-122.075317489994, 37.359027164498144], [-122.07516791872511, 37.359027342993414], [-122.0750489422735, 37.35902747722151], [-122.07482383707365, 37.359027731398406], [-122.07479298264332, 37.35902775638711], [-122.07448835948485, 37.35902809481292], [-122.07441796122158, 37.35902817049453], [-122.0741546030677, 37.359028478934455], [-122.07414746146227, 37.35902846036933], [-122.07408540315689, 37.3590285260551], [-122.07403261995515, 37.35902858174545], [-122.07394211560232, 37.35902867741819], [-122.0738657516283, 37.35902878665849], [-122.0735732018253, 37.359029097952366], [-122.07351791501965, 37.35902915292854], [-122.07328065202258, 37.35902940710423], [-122.07324256974847, 37.359029459939435], [-122.07295827815669, 37.35902977266194], [-122.07294798436342, 37.35902977408925], [-122.07287488306977, 37.359029851198784], [-122.07287397128003, 37.35902985191269], [-122.07279998784097, 37.359029928308196], [-122.07247457587331, 37.35903028815326], [-122.07233770678056, 37.35903042952055], [-122.07214636295892, 37.35903063657413], [-122.0720551965479, 37.35903073510299], [-122.071851250263, 37.35903095572204], [-122.07157260817526, 37.35903125844852], [-122.0715381973151, 37.35903130771381], [-122.07126566287212, 37.3590315954463], [-122.07097810231156, 37.3590319017424], [-122.07050334634884, 37.359032403667996], [-122.07050071430248, 37.3588786147432], [-122.0704966099271, 37.35864106645386], [-122.0704905948482, 37.35829087757033], [-122.07048648867612, 37.35805332956284], [-122.07048382878222, 37.357899541487974], [-122.07018280068044, 37.35790281817515], [-122.06989900226355, 37.35790595562616], [-122.06965818014152, 37.357908608250455], [-122.06941735801972, 37.357911236597104], [-122.06913353085658, 37.3579143497707], [-122.06883838043103, 37.35791759075575], [-122.06878092688885, 37.35791822267277], [-122.06870809509006, 37.357918145552006], [-122.06870809778495, 37.35791780638518], [-122.06870810766658, 37.35791670748495], [-122.068708254094, 37.35789775270276], [-122.0687078426679, 37.357878186701456], [-122.06870755431036, 37.35786445650967], [-122.06870728032558, 37.357851411075245], [-122.06870591403207, 37.357458630341874], [-122.0687055035044, 37.35743906422605], [-122.06870520706191, 37.357424990500775], [-122.06870491960245, 37.35741126022575], [-122.06870777362107, 37.35677429452263], [-122.06863868779553, 37.35678085088884], [-122.0657292884728, 37.35678167040667], [-122.06573134830052, 37.35685913079573], [-122.06572938994503, 37.357115964598385], [-122.06572757981301, 37.35735654453222], [-122.06572571129074, 37.35759712512326], [-122.06572522439653, 37.357662828041505], [-122.06572392990485, 37.35783772779253], [-122.06572209012852, 37.35807830755494], [-122.06572027909829, 37.35831888726052], [-122.06571844022027, 37.35855946762274], [-122.06571663008829, 37.35880007077706], [-122.0657145989682, 37.35906571828071], [-122.0657135488223, 37.359203028600795], [-122.06571109009718, 37.35953034888577], [-122.06538644079922, 37.35953026675034], [-122.06529814450487, 37.35953023318518], [-122.06517135450822, 37.35953020961343], [-122.06508674040784, 37.35953019389898], [-122.06478706786399, 37.35953009677093], [-122.06448736747281, 37.35952999892889], [-122.06418735087448, 37.35952992821963], [-122.06406028419674, 37.35952986109276], [-122.0639007272566, 37.359529838232746], [-122.06345024376925, 37.359529712533124], [-122.06323267453503, 37.35952966110802], [-122.06287070653103, 37.35952901203825], [-122.06287078288831, 37.35952515561674], [-122.062875508951, 37.359285292372164], [-122.06286147119201, 37.35899090907001], [-122.06283934750155, 37.35869684237758], [-122.0628091486206, 37.35840323379466], [-122.06277088917525, 37.358110224598995], [-122.06272458766958, 37.3578179557782], [-122.06267026647656, 37.35752656796206], [-122.06260795182699, 37.357236201354766], [-122.06253767379687, 37.356946995667535], [-122.0624594662927, 37.35665909005137], [-122.06237336703488, 37.35637262303021], [-122.06227941753957, 37.35608773243415], [-122.06217766309845, 37.35580455533331], [-122.06208402421255, 37.355562705314945], [-122.06198468888878, 37.35532230792852], [-122.06154675406809, 37.35440545220827], [-122.06151960519382, 37.35435038892449], [-122.06151473183525, 37.35434050477792], [-122.0612751853126, 37.35441648097857], [-122.06126187317967, 37.354422432738716], [-122.06119328232316, 37.354453097684384], [-122.06117869907497, 37.35445368107731], [-122.0610876997445, 37.354507098350865], [-122.06102723235121, 37.35454259321431], [-122.06068739521675, 37.35474207906288], [-122.06066320628314, 37.354756278251244], [-122.06066099103779, 37.35475757856393], [-122.06067442264478, 37.35476753763294], [-122.06076092230164, 37.35483167209197], [-122.0610344269001, 37.3550542328623], [-122.06152386400585, 37.35524557926111], [-122.0616912452319, 37.35559425999431], [-122.06165740386673, 37.35592456148278], [-122.06120638766832, 37.356015827518256], [-122.06115330353005, 37.356026569018134], [-122.0611407738258, 37.356066381758204], [-122.06112460145243, 37.35611786209365], [-122.06096272949674, 37.35663313977469], [-122.06087387624679, 37.35663610092303], [-122.06081635712748, 37.35663801813622], [-122.06080139747692, 37.356713892774636], [-122.06080136962292, 37.356768853642315], [-122.06083854909038, 37.356768860071384], [-122.06096266929443, 37.35676888007333], [-122.06095616189322, 37.356823811624444], [-122.0609199741319, 37.357128318624554], [-122.06091699531606, 37.35715338366247], [-122.06091487169708, 37.35717117545739], [-122.06101850307891, 37.357621102189874], [-122.06103172717556, 37.35762678593352], [-122.0615440237038, 37.35784694855495], [-122.06156647080145, 37.357856595181275], [-122.06179855410234, 37.35795633451047], [-122.06210763824339, 37.35840812516897], [-122.0626462760584, 37.358700742932676], [-122.06265792088415, 37.35900106955998], [-122.06266101647041, 37.35907059984724], [-122.06266007861387, 37.359209733059046], [-122.06237036207825, 37.35937756894185], [-122.06234314941571, 37.35939333381551], [-122.06231541842529, 37.35940939857485], [-122.06214818267652, 37.3595062797317], [-122.06213580748387, 37.35953496833967], [-122.06212301098117, 37.35956463514357], [-122.06211971057049, 37.35957228586263], [-122.06209709728412, 37.359564155320676], [-122.06209537251908, 37.359563535551516], [-122.0620232054763, 37.359537588070474], [-122.06201942895659, 37.359562717279765], [-122.06201294760793, 37.359605844049995], [-122.06200835272264, 37.359636421200385], [-122.06189422798613, 37.360396575413226], [-122.06161887368998, 37.36077106857237], [-122.06159841545504, 37.36082299836144], [-122.06156239480407, 37.36091442840357], [-122.0615020504667, 37.36106765908409], [-122.06147408231502, 37.36113864830814], [-122.06149714475433, 37.36118831159678], [-122.06156095835212, 37.36132581153272], [-122.06158311978149, 37.3613735404649], [-122.06163450249733, 37.36148428572248], [-122.06170807538851, 37.36164278385372], [-122.06182789622727, 37.36190094789403], [-122.06174108482283, 37.36212704908458], [-122.06163632417802, 37.36239992468978], [-122.06159256633607, 37.36251392922525], [-122.06178673803873, 37.36264813596049], [-122.0620929691577, 37.362859775239876], [-122.06210261345308, 37.36300280336568], [-122.06212042431808, 37.3632661498166], [-122.06213872835733, 37.36353665372484], [-122.06214250591988, 37.36359268454364], [-122.0621018992082, 37.36375712097485], [-122.06207971710221, 37.36384698811357], [-122.06206179301192, 37.36391960472131], [-122.0620429409615, 37.36399587539512], [-122.06200735329264, 37.3641400101572], [-122.06198730034582, 37.36422121634183], [-122.06197324694585, 37.364278127263674], [-122.06197555470534, 37.36438710114612], [-122.06198025466557, 37.36460770155511], [-122.0620610751692, 37.36471491931109], [-122.06229905768134, 37.36503058861173], [-122.06231836067184, 37.36507872214866], [-122.0623832926693, 37.36524067613444], [-122.06238883167893, 37.36525454277264], [-122.06244565548617, 37.365396277631866], [-122.06256705016803, 37.365699125599434], [-122.062600817825, 37.365783347273556], [-122.0626852450625, 37.36590512098039], [-122.06276400136149, 37.366018642505956], [-122.06281878677432, 37.36609761129346], [-122.0629523015367, 37.36629017179443], [-122.06297858607408, 37.366328071474946], [-122.06300775170408, 37.366370125553026], [-122.06306245651551, 37.366449004617124], [-122.06315182179058, 37.36657785394461], [-122.0632495261235, 37.36671874598624], [-122.0631892626411, 37.36681564341672], [-122.06301280117485, 37.3670994110912], [-122.0629604725113, 37.36718354408577], [-122.06287873300467, 37.36731501803259], [-122.06276694395235, 37.367494732251984], [-122.06266289568345, 37.36766205200042], [-122.06262942984482, 37.36771586825204], [-122.06255884831269, 37.36782937137575], [-122.0624689772556, 37.3679738857252], [-122.06245479914514, 37.36799666824576], [-122.0623817706021, 37.368114106886196], [-122.06235074907947, 37.36816398687488], [-122.06229916961091, 37.36824696566764], [-122.0622466999121, 37.36833130655874], [-122.06221651022946, 37.368379800654175], [-122.06214168146249, 37.368500137982856], [-122.06212930267749, 37.368520045330136], [-122.06212282941725, 37.36853046662879], [-122.06212244942996, 37.36853107775645], [-122.0620838227699, 37.36859384682676], [-122.06209087454351, 37.36859657619558], [-122.0620996043697, 37.36859995524402], [-122.06206046567033, 37.3686596557727], [-122.06205203138786, 37.368673273329364], [-122.06197745594574, 37.3687935937671], [-122.06196280801625, 37.36881725203264], [-122.0619359097609, 37.368860612649584], [-122.06188035075562, 37.36895017596462], [-122.06180016892769, 37.36907954572251], [-122.06171929449849, 37.36921002184548], [-122.06171624202294, 37.369214915820265], [-122.06163836167897, 37.369340476323586], [-122.06163312000908, 37.36934896990689], [-122.06155446441866, 37.369475869509934], [-122.06155074719001, 37.36948189289681], [-122.06147358819304, 37.36960634565748], [-122.06146828813276, 37.36961481707905], [-122.061392018468, 37.369737908168574], [-122.06135866851196, 37.36979166296172], [-122.06131572005697, 37.36986097549683], [-122.0612393937984, 37.36998406618229], [-122.06121458861763, 37.370024042858006], [-122.06116309448912, 37.370107157380055], [-122.06115357773676, 37.3701225059277], [-122.06108679517985, 37.37023024694769], [-122.06105513764997, 37.37028127993453], [-122.06101046802296, 37.37035331489597], [-122.06097972677465, 37.370402938528024], [-122.06093416871366, 37.370476405487736], [-122.06091396919568, 37.37050897288743], [-122.06085789725218, 37.37059949516363], [-122.06084366434443, 37.37062243823161], [-122.06076428201709, 37.37075042154232], [-122.06074796861108, 37.3707767342328], [-122.0607123980197, 37.37083411352846], [-122.06065582481644, 37.37092537431053], [-122.06063351785053, 37.37096135757998], [-122.06060696454837, 37.37100415011265], [-122.06054581263189, 37.37110282035758], [-122.06051903744572, 37.371145981900625], [-122.06047547633952, 37.37121624054131], [-122.06045784420675, 37.371244692651864], [-122.06043374150869, 37.37128358708533], [-122.06035694722777, 37.37140750999377], [-122.06025542142801, 37.371571153684535], [-122.06020351048112, 37.37165493756254], [-122.06012870507024, 37.371775557340975], [-122.06005545464325, 37.371893708251456], [-122.05997146575494, 37.37202916964757], [-122.0598875325622, 37.37216456155114], [-122.05986647335617, 37.37219855958596], [-122.0597837600758, 37.37233194298852], [-122.05973611343163, 37.37240879193245], [-122.05934560768141, 37.373038629480945], [-122.05889340383871, 37.37376793374342], [-122.05877020438561, 37.3739666574759], [-122.05861756085145, 37.37421281303584], [-122.05843550377895, 37.374506421372644], [-122.05840397123762, 37.37455716666197], [-122.05838148549739, 37.374593353068], [-122.05833881540721, 37.37466202220272], [-122.05830636915654, 37.37471423863547], [-122.0583221857905, 37.37472065423453], [-122.05900812034204, 37.37499887883175], [-122.0601194175017, 37.37544140289704], [-122.06021839149429, 37.37548081433283], [-122.06027141548928, 37.375501928335304], [-122.06024970140855, 37.375564140469], [-122.06024160578977, 37.375588534024494], [-122.06022328015449, 37.37564371878438], [-122.0602001844843, 37.37571326720452], [-122.05996937847857, 37.37640829094341], [-122.05977038633495, 37.377007553417826], [-122.05973905039706, 37.37710188553783], [-122.059635399167, 37.377413913459144], [-122.05953932971937, 37.37770328972212], [-122.05940488333744, 37.37810815477575], [-122.0593087824487, 37.37839753121546], [-122.05917430462574, 37.3788023960907], [-122.05913382563295, 37.378924294992345], [-122.05907002637136, 37.3791164192401], [-122.0590180758906, 37.379272856400995], [-122.05897483996793, 37.37940296787514], [-122.05893166063919, 37.37953303272472], [-122.0588884525642, 37.3796631665899], [-122.05884524628595, 37.379793278100806], [-122.05880149832353, 37.379924976220764], [-122.05877197428772, 37.380015350081436], [-122.05869014673276, 37.38026587509061], [-122.05861556948194, 37.38049409880376], [-122.05853112513402, 37.38075264624116], [-122.05848504604268, 37.380893668690696], [-122.05847555533983, 37.380922727443945], [-122.05841998644418, 37.38109280897479], [-122.05834039299971, 37.381336459227], [-122.05833154549096, 37.38136196159695], [-122.05830658227869, 37.38143517154962], [-122.05828349369979, 37.381500560940275], [-122.05828327630755, 37.38150118195573], [-122.05827699528595, 37.381519294188664], [-122.05827680394472, 37.381519845964085], [-122.05826953118297, 37.38154081771705], [-122.05817188339637, 37.38182239469707], [-122.05815042623387, 37.38188420970771], [-122.05801673713376, 37.3822697659367], [-122.05785736789002, 37.382729301927874], [-122.05776583673344, 37.38299320298497], [-122.05773482149459, 37.38308262522706], [-122.0576932609308, 37.38320245144965], [-122.05754122014457, 37.38364080713507], [-122.05749871185797, 37.38376342338181], [-122.05729517693564, 37.38435031146197], [-122.05713922667691, 37.384834624968384], [-122.05692824741321, 37.38545587570448], [-122.05649446630969, 37.385363076539406], [-122.05618183018757, 37.385296194431305], [-122.0558512205766, 37.38522546715456], [-122.05582122942774, 37.38521905102551], [-122.05538128588255, 37.38512493036686], [-122.05482133731776, 37.38500513215564], [-122.054630019552, 37.384964201276425], [-122.05379608936524, 37.38478578009797], [-122.05374214644017, 37.38477423899162], [-122.05287116434761, 37.38458788439207], [-122.05273789301035, 37.38455937380547], [-122.05273740881822, 37.38456088916399], [-122.05273656979163, 37.384563525873624], [-122.05268467410555, 37.38474148641582], [-122.05264607259076, 37.38487164907345], [-122.05240628525068, 37.385562953414485], [-122.05236429978292, 37.38569197760868], [-122.05236205219755, 37.38569888405553], [-122.0523430034183, 37.38575742323413], [-122.05227850347009, 37.38595563483692], [-122.0522121008901, 37.38615746828086], [-122.05216358468729, 37.38614197311904], [-122.05182005551156, 37.38603676025012], [-122.05165463894495, 37.3860008059433], [-122.05148808032587, 37.38596838223748], [-122.05132049797685, 37.38593951216609], [-122.0511501479985, 37.3859139561227], [-122.05097899719027, 37.385892070785545], [-122.05067498129598, 37.3858647091377], [-122.05051196155104, 37.385853384621626], [-122.05034843117723, 37.38584868663144], [-122.05018481292943, 37.385850627312294], [-122.05002152978962, 37.38585920164718], [-122.0499667361583, 37.385863199465014], [-122.04975680448074, 37.38588149781361], [-122.04954781460131, 37.38590570639042], [-122.04934002774887, 37.38593579493579], [-122.04913370364935, 37.38597172584036], [-122.04892910020139, 37.38601345419199], [-122.04872647315409, 37.38606092783192], [-122.04852607578742, 37.38611408741981], [-122.04813737121722, 37.38622337073473], [-122.0475743890115, 37.38637833624006], [-122.04755820765261, 37.38645020656796], [-122.04754235507724, 37.386520619322795], [-122.04746700795675, 37.38686874572004], [-122.0474068208112, 37.38714242567275], [-122.04736654667042, 37.3873255591101], [-122.0473445380366, 37.38742563540914], [-122.04727788736902, 37.38772870560242], [-122.04758649260549, 37.38909491209914], [-122.0474228465358, 37.38908710378756], [-122.04741403316592, 37.38908659917383], [-122.04739590875963, 37.38908556211028], [-122.0466942806155, 37.38904540925648], [-122.04668464079249, 37.3890748188652], [-122.04650144462676, 37.3896337512646], [-122.04637283998953, 37.39002612159215], [-122.04629440447385, 37.390265723104015], [-122.04586456052833, 37.39157719493141], [-122.04584307911092, 37.3916427324847], [-122.04534584353975, 37.39315967180607], [-122.0453367067734, 37.393187546060396], [-122.04533473586928, 37.39319355897894], [-122.0453249469256, 37.39322342372765], [-122.04531797599786, 37.393244681968945], [-122.0449709872801, 37.394303224280534], [-122.04497025245796, 37.39430546669098], [-122.04496552642033, 37.394319884632914], [-122.0449653620287, 37.394320386356064], [-122.04493723577193, 37.39440454876855], [-122.04606339953273, 37.39477682683859], [-122.04621505758237, 37.39482562500615], [-122.04624302482686, 37.39483462384842], [-122.04627935358849, 37.39484631256473], [-122.04652456666568, 37.39492520956698], [-122.04659912682024, 37.3949492007364], [-122.04649268452344, 37.39527607315374], [-122.04648889453028, 37.39528820927537], [-122.04648124896748, 37.39531269204787], [-122.04644191352966, 37.39543864634797], [-122.04642399393262, 37.39549606244325], [-122.04630202874283, 37.39588650870991], [-122.04630065701514, 37.395890920641364], [-122.04621759607171, 37.39615681076273], [-122.0461592495865, 37.39631797254857], [-122.04600996932507, 37.39673349988811], [-122.04599542739498, 37.39677388693717], [-122.04587572955838, 37.39711185383952], [-122.04585372891523, 37.3971739738237], [-122.04582406294638, 37.39725773480947], [-122.04569097122678, 37.3976336082963], [-122.04563160694957, 37.397801146274354], [-122.04546499997475, 37.398314092338644], [-122.04534869327588, 37.39867209579747], [-122.04532498493428, 37.39874515397856], [-122.04526704628219, 37.3989234548064], [-122.04525522355262, 37.398958014481096], [-122.04497006948517, 37.39979042203892], [-122.04497002097607, 37.39979085807076], [-122.04497020513061, 37.399791404716616], [-122.04497064440672, 37.3997918564486], [-122.04497128131204, 37.399792123348774], [-122.04614902095152, 37.400051709034685], [-122.04639582584586, 37.400106107226236], [-122.04599394018288, 37.40123687477809], [-122.04739011772304, 37.40153311486157], [-122.04692207921617, 37.40282480814901], [-122.04685550514252, 37.40301563877338], [-122.04679061524357, 37.40320164134258], [-122.04621800043569, 37.40307856873906], [-122.04054996346655, 37.401839466569236], [-122.03732381021764, 37.401131322120726], [-122.03716561243237, 37.40109659716159], [-122.03714893341538, 37.40109293626782], [-122.03571857408765, 37.400778968656276], [-122.03559729525709, 37.40075411157841], [-122.03558908375867, 37.400752433839585], [-122.03557483917555, 37.400750497766936], [-122.03548233430041, 37.40073574438862], [-122.03539084537228, 37.40071739684667], [-122.03536744156813, 37.40071223160639], [-122.03535723670838, 37.40070996226889], [-122.03532551719888, 37.40072356900921], [-122.03529558982848, 37.400735650724585], [-122.03524213580275, 37.400755530763], [-122.03518771475136, 37.400773664226534], [-122.0348139674287, 37.40092235615156], [-122.0344362839143, 37.40106457828846], [-122.03405484016125, 37.401200264371475], [-122.03366981387758, 37.40132935117982], [-122.03328138444351, 37.40145177856726], [-122.0328897328275, 37.40156748949013], [-122.03249504150213, 37.40167643003396], [-122.03209749435867, 37.40177854943863], [-122.0313402380236, 37.40196743948341], [-122.02926103726406, 37.4023519510365], [-122.0290362392834, 37.40239367021059], [-122.02893355107997, 37.402412827825884], [-122.02846525579005, 37.4025003557854], [-122.02751586421898, 37.40267780341548], [-122.02681946514791, 37.40281567324739], [-122.02658229108003, 37.402852294150435], [-122.02566496576497, 37.403045027098344], [-122.023442190875, 37.4035495330463], [-122.02264768590328, 37.40372986185701], [-122.02229636831397, 37.403815608572266], [-122.02133253003244, 37.40405085368042], [-122.02048845872292, 37.40425686710676], [-122.02023416276548, 37.40431893334114], [-122.01827009186482, 37.404767702282236], [-122.01433152781117, 37.40566541334948], [-122.01322347401292, 37.4059256442948], [-122.01308157145081, 37.405955268281396], [-122.01294063139666, 37.405987684883215], [-122.01266851646015, 37.406048168396026], [-122.00986365759353, 37.406688787850854], [-122.0098161771452, 37.40669962984436], [-122.00959478557515, 37.40674571864415], [-122.00955105559255, 37.40675554022414], [-122.00627187823211, 37.40749200804826], [-122.00603098334109, 37.40754581710951], [-122.00603089826323, 37.40754583611351], [-122.00589698251873, 37.40799185961218], [-122.00588377009504, 37.4080321349872], [-122.00546807641452, 37.40929926373401], [-122.00503658675525, 37.41061445894602], [-122.00477910978269, 37.41139934462585], [-122.00452211161239, 37.41218262237314], [-122.00440826180653, 37.41252963422571], [-122.00427146273569, 37.41294659002291], [-122.00395621868955, 37.413907416102745], [-122.00368472805106, 37.41424291763685], [-122.00356647921848, 37.41438904636877], [-122.00352884070678, 37.41443555926291], [-122.00352640267928, 37.41443857164795], [-122.00351090314754, 37.414457725476], [-122.00351077918008, 37.414457699789885], [-122.00351078726482, 37.414458088645766], [-122.00351312107526, 37.414567616060765], [-122.00351636487426, 37.41471952918179], [-122.00343312250291, 37.41470237105819], [-122.00342783412164, 37.414701280838216], [-122.00339546333619, 37.414694609660366], [-122.00334822633349, 37.414684873307266], [-122.00329333388933, 37.414673560128655], [-122.00286400124222, 37.414585073117806], [-122.0027230160634, 37.41455148734309], [-122.00258472698084, 37.41451139946523], [-122.00244960488452, 37.41446494598933], [-122.00216693206006, 37.41443586596937], [-122.0021601542724, 37.41443516888221], [-122.00153391184755, 37.41430637891419], [-122.00143428057861, 37.41461088728812], [-122.00138905668355, 37.4147491055114], [-122.00106913510845, 37.41572688370325], [-122.00106870391707, 37.41572820293653], [-122.00106862935701, 37.41572842982479], [-121.99702563634061, 37.41508528293981], [-121.99597054725157, 37.414917403949744], [-121.99234452067876, 37.41434045065436], [-121.99031978035472, 37.41401823764018], [-121.98988484670242, 37.41401971027544], [-121.98908351365742, 37.41402242723076], [-121.98899901903293, 37.414022713338554], [-121.98900464446109, 37.41243007198123], [-121.989007263133, 37.41168860785729], [-121.98897866077763, 37.41169663570633], [-121.98897812089037, 37.411696786259576], [-121.9889780795706, 37.41167073123885], [-121.98895629818882, 37.411087514094234], [-121.9889556549982, 37.411061039306176], [-121.98894946024544, 37.4108061412173], [-121.98894904163255, 37.41078891513154], [-121.9889463350205, 37.410684877821645], [-121.98899768001971, 37.410683823223636], [-121.9895623546349, 37.410672221217546], [-121.99039620938493, 37.41065508934668], [-121.99058104940521, 37.41065129907139], [-121.9907290928209, 37.4106456982157], [-121.99087669425964, 37.41063499729542], [-121.99102357771635, 37.41061921632059], [-121.991169468529, 37.410598384800586], [-121.99131409389229, 37.410572541688985], [-121.99145718336801, 37.41054173531062], [-121.99210723117567, 37.41038967391026], [-121.99258081934097, 37.410278833220715], [-121.99386484858962, 37.409978311704805], [-121.99412855178423, 37.409913059302674], [-121.99439064234222, 37.40984379655259], [-121.99559823934821, 37.40951444611129], [-121.995641350166, 37.4095002366953], [-121.99568191281972, 37.40948186341554], [-121.99571929831474, 37.40945961118267], [-121.9957529269254, 37.40943382505717], [-121.99578227718486, 37.4094049048985], [-121.99580689944878, 37.40937330058734], [-121.99582640653914, 37.409339500189404], [-121.99584049595393, 37.40930402786941], [-121.99584894920758, 37.40926743371892], [-121.99585163521873, 37.409230285225554], [-121.9958515130505, 37.40920705356589], [-121.99584953050629, 37.408874970909054], [-121.99583445526471, 37.40634957940925], [-121.99583205770791, 37.40593565241489], [-121.99582946342416, 37.40548760248414], [-121.99583249498912, 37.40543974805383], [-121.99584210145389, 37.405392449352476], [-121.99585816640553, 37.40534627949396], [-121.99608071053198, 37.40513967745588], [-121.99600626655666, 37.40496688417889], [-121.99593999129968, 37.40479198698221], [-121.99588747343321, 37.40463320954967], [-121.99584169490358, 37.40447311005397], [-121.99580270770338, 37.40431187047912], [-121.99577055610467, 37.40414967410384], [-121.99574527660889, 37.403986705293285], [-121.99572689790541, 37.403823149289344], [-121.9957154408392, 37.40365919200024], [-121.99571091838743, 37.40349501978903], [-121.99571056266382, 37.403411429187415], [-121.99571039378486, 37.403374199124116], [-121.99444284595928, 37.40336254947131], [-121.99438821544756, 37.40336232986691], [-121.99433363149839, 37.403364142224554], [-121.99421358283011, 37.40337050816208], [-121.99409330255092, 37.40337276680836], [-121.99371578471167, 37.4033711982832], [-121.99365403649963, 37.40337017567911], [-121.99359241280474, 37.4033668859738], [-121.99344880724803, 37.40335630180873], [-121.99285057697467, 37.4033147722166], [-121.99269574517301, 37.40330925962113], [-121.99250027089911, 37.40330123085773], [-121.99224836716321, 37.40329088359184], [-121.9922074893326, 37.403289548437066], [-121.9921548822009, 37.40328809054165], [-121.99171962605357, 37.40329161856536], [-121.99168376913741, 37.40329168311074], [-121.9915015043555, 37.40329201103191], [-121.99145456360418, 37.403291677991454], [-121.99140774181353, 37.40329436306153], [-121.99099382873143, 37.40333437333199], [-121.99089796862243, 37.40334532498861], [-121.99008550274367, 37.40347402879941], [-121.99004486916543, 37.40348105326734], [-121.9900037686403, 37.403486058688344], [-121.98991111144132, 37.40349393913238], [-121.9898182171532, 37.403499779089564], [-121.98969906697927, 37.40350278594573], [-121.98957986270305, 37.40350369959833], [-121.98855501088191, 37.40351467399925], [-121.98816653808865, 37.40352042773779], [-121.98807534038973, 37.40352043741979], [-121.98798417562223, 37.40351848244792], [-121.9879735287911, 37.40351813064184], [-121.98739522224629, 37.403505267224524], [-121.98737095785577, 37.40350560261554], [-121.98716736820181, 37.40350841419012], [-121.98702586178571, 37.40351036818327], [-121.98725394431207, 37.40368797625109], [-121.98725403872817, 37.40373926762942], [-121.98725535692742, 37.4044530816599], [-121.98725691568758, 37.405234139702586], [-121.98725909238516, 37.406344349245124], [-121.98715745011314, 37.40652690429331], [-121.98717578458357, 37.40744289256328], [-121.98719294275423, 37.4082998160232], [-121.98720597785842, 37.40894977405715], [-121.98721667334519, 37.40948370935595], [-121.98722776201265, 37.41003737102367], [-121.9872386867021, 37.41058279434661], [-121.98740038107624, 37.41080292254129], [-121.98739418069273, 37.41158843857036], [-121.98747916093895, 37.412351311604255], [-121.98747870922521, 37.414060170063024], [-121.98747844599615, 37.41505309684738], [-121.98747793934209, 37.41697265006073], [-121.98747792884885, 37.41701027811483], [-121.98747782495191, 37.417406566662905], [-121.9869277079957, 37.417407650833354], [-121.98692688654599, 37.41740764862775], [-121.98638904169027, 37.417408710815444], [-121.98636486940138, 37.4174089973629], [-121.98636572456195, 37.417541109362546], [-121.98636572546047, 37.41754118213614], [-121.9869146562032, 37.41754010269911], [-121.98691457713608, 37.41767735233998], [-121.98691657588763, 37.417677347487164], [-121.98692098032726, 37.41767733689416], [-121.98822529349759, 37.41767420890084], [-121.98899803227312, 37.41767229115842], [-121.99383138908006, 37.41767162726663], [-121.99454453991686, 37.417669778726065], [-121.99516442498005, 37.417668174897834], [-121.99516472591561, 37.417668174184456], [-121.99555832449445, 37.417667154669154], [-121.99570694714245, 37.41766677012141], [-121.99570734779103, 37.41766676940791], [-121.99576164016187, 37.417666628858896], [-121.9957634978777, 37.417666623864946], [-121.9957652639653, 37.417666619584196], [-121.99640302819488, 37.417664956539355], [-121.99698731752008, 37.41766343333045], [-121.9988087161622, 37.41765868534092], [-121.99995428087738, 37.41765569885197], [-122.00065974842465, 37.41765384888377], [-122.0014309169454, 37.41765182697447], [-122.0018767713981, 37.41779925473734], [-122.0019227848949, 37.41781446938343], [-122.00210636008016, 37.41787517097495], [-122.00244544888321, 37.417987294704744], [-122.00247107152519, 37.41799603748599], [-122.0024777882273, 37.417998329130434], [-122.00259545672735, 37.418038479986606], [-122.00269075807955, 37.41807099819714], [-122.00274514297485, 37.418089575337135], [-122.00303344014908, 37.41813046887026], [-122.00325102644759, 37.41816133253225], [-122.003493606568, 37.418195737805426], [-122.00414755573092, 37.418288488487185], [-122.00618231317114, 37.41857704646003], [-122.00631847888081, 37.41859635691476], [-122.00751367099664, 37.418765852207684], [-122.00764977921433, 37.418785161900004], [-122.01165171654206, 37.41935254857376], [-122.01274466961615, 37.41950750420165], [-122.01535626754716, 37.41984105526597], [-122.01535696194487, 37.41984120437628], [-122.01566908333534, 37.41988099539526], [-122.0161825548768, 37.41994645543858], [-122.01630848698058, 37.419962511518555], [-122.0178349696009, 37.420467538769444], [-122.01936674689246, 37.42095601092226], [-122.02234241212182, 37.42190054471109], [-122.02263473643698, 37.42199333358426], [-122.02422616544605, 37.42249700020552], [-122.02737406913052, 37.42343896412303], [-122.02745933809999, 37.42346447928456], [-122.02745851344638, 37.42346692842478], [-122.02705952394528, 37.42465088049815], [-122.02703986431165, 37.42470921732205], [-122.02702031966255, 37.424767210242265], [-122.02700131400267, 37.42482360653265], [-122.02711344169684, 37.42484544793774], [-122.0321976645767, 37.42583564748349], [-122.03230855079951, 37.42585724318751], [-122.0329628880309, 37.425984680686454], [-122.03464398597936, 37.4263120862778], [-122.0348934974976, 37.426365361797394], [-122.03490180152258, 37.42636713027575], [-122.03491518551958, 37.426369987377925], [-122.03554989995403, 37.42650549092879], [-122.03746090461598, 37.426662295876945], [-122.04106247908295, 37.42695781779098], [-122.04107406645, 37.42695876444451], [-122.04108852932373, 37.42695995079286], [-122.04108718544383, 37.426963707440414], [-122.04107624845354, 37.426994294935135], [-122.04106536355741, 37.427096105968765], [-122.04108786623075, 37.42817393388949], [-122.04122771068839, 37.43487188847936], [-122.04137814263085, 37.44207640389102], [-122.04137820102098, 37.44207907923081], [-122.04137928797655, 37.442131145279085], [-122.04137939487545, 37.44213624275735], [-122.04137941373999, 37.44213713358561], [-122.0413794290111, 37.442137867502694], [-122.04139294142783, 37.44214511043273], [-122.04144425596026, 37.44217261617435], [-122.04144878528261, 37.44217504399835], [-122.041752779095, 37.44233799087609], [-122.04574908421132, 37.444480121562165], [-122.04585953943393, 37.44453932602592], [-122.04601254192792, 37.44462133559515], [-122.04602738047879, 37.44462928909261], [-122.04602717270777, 37.44468329828659], [-122.0460226309476, 37.44586313487904], [-122.04601285609257, 37.44842147611731], [-122.04601183108555, 37.44868236872849], [-122.04601119685661, 37.44884572175733], [-122.04600849195026, 37.44955201275256], [-122.04600462997928, 37.45056552896561], [-122.04599891023851, 37.45205877918272], [-122.04599874494842, 37.45206029959419], [-122.04599654048064, 37.452080554867855], [-122.04589459238568, 37.45301726133028], [-122.04589574206645, 37.45446113854274], [-122.04589755396815, 37.45446119345281], [-122.0460894098286, 37.45446700179385], [-122.04609012129421, 37.45446702318751], [-122.04619813650378, 37.45447029354367], [-122.04619838803217, 37.45447056024893], [-122.04691421486423, 37.45522937568765], [-122.04701592631356, 37.45774421935846], [-122.04584706289853, 37.45773068421788], [-122.04581279371271, 37.460033044107604], [-122.04581231131205, 37.46008140542456], [-122.04585889434581, 37.460051520987186], [-122.04609354595739, 37.45990147468964], [-122.04649384868729, 37.459680575761865], [-122.04709851900576, 37.45951123314038], [-122.04824007097889, 37.45922733837004], [-122.04911118966763, 37.45894665703588], [-122.05011837255911, 37.45866417414175], [-122.05086072582587, 37.45865437083001], [-122.05187909447679, 37.45891010225201], [-122.05283365308959, 37.45932804697543], [-122.05338009277492, 37.459590008977706], [-122.0541985970666, 37.46000974181835], [-122.05978917113534, 37.46378872716613], [-122.0601276295855, 37.4535840455533], [-122.06012793142054, 37.453574945376154], [-122.06012754065802, 37.45353298228414], [-122.0599561895922, 37.446855722924646], [-122.0599561797108, 37.44685534992734], [-122.05995616893107, 37.44685493770459], [-122.05995068741176, 37.44685636122773], [-122.05933073049054, 37.44679179337082], [-122.05932988607452, 37.44679170564863], [-122.05884028816259, 37.44667078505737], [-122.05865362366963, 37.44662468300082], [-122.05865344670171, 37.44662463949595], [-122.05865204712681, 37.446624293598724], [-122.05863224017538, 37.44663041134473], [-122.05798060144573, 37.44683168976169], [-122.05686356807941, 37.447176726620825], [-122.05680495031895, 37.44719483296011], [-122.05671860965364, 37.44722191258423], [-122.05551971462106, 37.4475978619088], [-122.0554790532827, 37.447610612157895], [-122.05421619102266, 37.44800661692513], [-122.05421321220955, 37.44800755118692], [-122.05417002750383, 37.44802109299263], [-122.05338665354772, 37.44826672429194], [-122.05338429367379, 37.44826746385386], [-122.05338404124713, 37.44826754301634], [-122.05338323006862, 37.44826733833507], [-122.05189335557276, 37.447891024895604], [-122.0518875273042, 37.44788955289523], [-122.05188662539582, 37.447889325391046], [-122.05188606125397, 37.447889182755496], [-122.05188316778076, 37.44788969053824], [-122.05097766339837, 37.448048519412524], [-122.05097743253133, 37.44804856006373], [-122.05097587036126, 37.44804883392363], [-122.05097536371302, 37.44803492483344], [-122.05057850457753, 37.43714499127482], [-122.05057844708554, 37.43714342134388], [-122.05413103660327, 37.43587609771315], [-122.05415075821479, 37.435869062506384], [-122.0541512091689, 37.435869848555406], [-122.05415161700401, 37.43587055970851], [-122.05416046989811, 37.43588600535328], [-122.05416188654118, 37.43588554385282], [-122.05416252973478, 37.43588533485802], [-122.05495895441503, 37.43562607178481], [-122.05752903235216, 37.43478941970707], [-122.05961355027253, 37.43411084567806], [-122.05961531186857, 37.43411027289055], [-122.05962903363302, 37.434105806145666], [-122.06173349774373, 37.433420641298035], [-122.06281411790845, 37.433049674602664], [-122.06414952361534, 37.43259123903654], [-122.06416850648353, 37.42751475934156], [-122.06187955281877, 37.42710470293065], [-122.06186645987589, 37.42710235734759], [-122.06187955281877, 37.427104702930606], [-122.06416850648353, 37.42751475934156], [-122.06668486592892, 37.42796076515578], [-122.06611286628532, 37.4294517236244], [-122.06658199698904, 37.429537753403416], [-122.06704227749202, 37.42962216020602], [-122.06779930022844, 37.42976098352281], [-122.06796808555639, 37.42979193369636], [-122.06853374920408, 37.429893998485845], [-122.06877803342732, 37.42993831392703], [-122.06907638881884, 37.42999366225472], [-122.06928495890597, 37.43003235392085], [-122.07315462384129, 37.430750157203875], [-122.07311907721868, 37.433346517811295], [-122.07385006493392, 37.43394582872771], [-122.07402276863901, 37.43463123216773], [-122.07397244855925, 37.43515084934788], [-122.07457921818028, 37.43551508863842], [-122.07587213547222, 37.43421303266994], [-122.07458701045854, 37.43291308027634], [-122.07641301327455, 37.430168845134254], [-122.07757615711861, 37.43016896006622], [-122.07759100626816, 37.43016899285208], [-122.07780284155645, 37.43016946013894], [-122.07781776885895, 37.43016949093225], [-122.07798583553877, 37.430169838226], [-122.0781650143766, 37.43017024342033], [-122.07823148967903, 37.43033519267582], [-122.07828201629873, 37.43046056879018], [-122.07861472698411, 37.43128614355247], [-122.07925040532463, 37.43129807700576], [-122.07948725150287, 37.431302512549244], [-122.07997130233144, 37.43131121814188], [-122.07996695707637, 37.43224325912132], [-122.08243554596956, 37.43223955784105], [-122.08245740005478, 37.43335758487857], [-122.08245770278525, 37.43337303246789], [-122.0824619661645, 37.43359047892105], [-122.08246225901344, 37.43360549419375], [-122.08247131218145, 37.43406908301662], [-122.08430906015916, 37.43407070164852], [-122.08431934423884, 37.432579779498106], [-122.08452949163176, 37.43223650352223], [-122.08551909895576, 37.43223504840476], [-122.0863546398419, 37.43223381155426], [-122.08674025599254, 37.432233238066594], [-122.0870282944564, 37.43223544512282], [-122.0870414188408, 37.432235545702945], [-122.08754612103691, 37.43223940270115], [-122.08778116968683, 37.43224119887689], [-122.09274771339064, 37.43227915110134], [-122.09299013360898, 37.43233230610187], [-122.09368426533887, 37.43214304393711], [-122.09464827065642, 37.432361638921094], [-122.09485687557272, 37.43263656583952], [-122.09483740276983, 37.43286269769536], [-122.09445947256482, 37.433207690597904], [-122.09445708210032, 37.433633386358714], [-122.0948234769557, 37.43404234047201], [-122.09514114902325, 37.43419129524753], [-122.09615667185793, 37.434039341810305], [-122.0965213267124, 37.43413170691803], [-122.09652903426435, 37.43406104144977], [-122.09813730764951, 37.433956813318346], [-122.09945788650464, 37.43492566635897], [-122.09965447557212, 37.43506989232487], [-122.09974370700516, 37.43513535475114], [-122.09975081358239, 37.435081159627124], [-122.09995306114871, 37.43512098319702], [-122.10013379512506, 37.433742990277075], [-122.10006690391552, 37.433465229862215], [-122.10010074257914, 37.43319591982126], [-122.1001454472692, 37.432869807751175], [-122.10018525254665, 37.43255886952736], [-122.10019107902434, 37.4325093469565], [-122.10019692885813, 37.43245948053012], [-122.10020616983176, 37.43240991081398], [-122.10021375521033, 37.43236070771502], [-122.10022472633881, 37.432311458217484], [-122.10023575495929, 37.432262207974496], [-122.10033864445002, 37.4316673669351], [-122.10034203020186, 37.43165083544062], [-122.10036577537912, 37.43153489802503], [-122.10048449946736, 37.43097350042304], [-122.10051552369578, 37.43082679841998], [-122.10056969662084, 37.43056032370178], [-122.10057534702622, 37.43053253040485], [-122.10062119975176, 37.4303069785955], [-122.10063395134227, 37.43024438317354], [-122.10066716550014, 37.430099695697734], [-122.10070699138068, 37.42995607346657], [-122.10075337568327, 37.4298137085589], [-122.10080625633698, 37.42967279137096], [-122.1008461654841, 37.429577241172225], [-122.1008890603537, 37.4294825173228], [-122.10122202902802, 37.42877519086007], [-122.1013212946722, 37.42856425056031], [-122.1013851756744, 37.42842855389704], [-122.10134847231777, 37.42839368965318], [-122.1010261011814, 37.4280884104994], [-122.10099005539153, 37.42805427515882], [-122.09960037008943, 37.42673825606525], [-122.099591809147, 37.42673014850069], [-122.09958182886673, 37.426720697640285], [-122.09828228049703, 37.4254900153521], [-122.09820861237372, 37.425426101827604], [-122.09793303356784, 37.42518437764615], [-122.0977296882747, 37.42501718481436], [-122.09770463606407, 37.42499656266018], [-122.09776875515558, 37.4245409990618], [-122.09786800559343, 37.423752741116886], [-122.09789210022376, 37.42356171292518], [-122.09791079238217, 37.4234132421177], [-122.09793144825916, 37.42324927140157], [-122.09795210323783, 37.42308532315541], [-122.09797275821646, 37.42292135172124], [-122.09799338624556, 37.422757404183926], [-122.09802783037402, 37.422484126100585], [-122.09805538172422, 37.42226551304641], [-122.09808290253166, 37.422046900067414], [-122.09811839229997, 37.421764863497316], [-122.09813470032566, 37.42165432141216], [-122.09814610892795, 37.42165498989548], [-122.09853989345538, 37.42167833044436], [-122.09888305612822, 37.421699269583605], [-122.09980964214645, 37.421755827346495], [-122.09988710835269, 37.421760555235764], [-122.100287034661, 37.42178496660627], [-122.10060060323951, 37.421803890282135], [-122.10063093755812, 37.42169137919433], [-122.10067606174319, 37.42152724204755], [-122.10071983126822, 37.421368034349925], [-122.1007716425139, 37.42117957414264], [-122.10083463149964, 37.42095035920399], [-122.10090440905572, 37.420696512136765], [-122.10092874441294, 37.42069771428085], [-122.10095882810131, 37.42058829928133], [-122.10100448229235, 37.42042201796907], [-122.10107894995375, 37.4201513290106], [-122.1011692764772, 37.41982255532794], [-122.10126841547581, 37.41946186690781], [-122.10128951780503, 37.41939017806076], [-122.10111044227465, 37.41937948271826], [-122.10097039045212, 37.419371117505364], [-122.10099029532823, 37.419291031254296], [-122.10129197123887, 37.41818672806783], [-122.10150442366844, 37.41819969096305], [-122.10154559706373, 37.41803207373859], [-122.10172387137963, 37.417306374975965], [-122.10177592966474, 37.41709444773561], [-122.10178643636361, 37.41705163655826], [-122.10179440532092, 37.4170191143447], [-122.10190720950061, 37.41655996979099], [-122.1020859994496, 37.41583207278972], [-122.10210001676585, 37.41577500190563], [-122.10210731557964, 37.415745288127205], [-122.10207908604323, 37.41559369315939], [-122.10205703332092, 37.41544832948564], [-122.10187443380408, 37.414512678172095], [-122.10187225718674, 37.414510167377664], [-122.101795024552, 37.414420277463385], [-122.10176642041564, 37.41428957390902], [-122.10168633655944, 37.413923663819894], [-122.10166935032716, 37.413846068287405], [-122.10166287886814, 37.41381650714617], [-122.10165353280213, 37.413773813248405], [-122.10162515414278, 37.413644228055304], [-122.10158369692, 37.41345482512642], [-122.10155410823076, 37.41331964904745], [-122.10152594965855, 37.413190976360134], [-122.10149600883004, 37.41305413375843], [-122.10146581647342, 37.41291617283403], [-122.10143501775433, 37.41277545036], [-122.10139353268374, 37.41258602525593], [-122.10136346519275, 37.41244858933077], [-122.10133540543518, 37.41232046455536], [-122.10130533704601, 37.41218298247767], [-122.10127562079617, 37.41204718976317], [-122.10136818857242, 37.41210564700921], [-122.10151434174173, 37.4121979157232], [-122.10163568165186, 37.41227452189425], [-122.10177680246012, 37.4123636309469], [-122.10186026581302, 37.41241632986811], [-122.10191530647654, 37.41245108096844], [-122.10205282054982, 37.41253790370792], [-122.1021896671749, 37.41262430109183], [-122.10232104395926, 37.41270724711042], [-122.10245454436081, 37.41279153800905], [-122.10259648263582, 37.412881160889015], [-122.10273039177054, 37.41296569703976], [-122.1028911236955, 37.41306719609129], [-122.10299867536736, 37.413135060880656], [-122.1031633616766, 37.41322691377901], [-122.10337324401485, 37.41334396908785], [-122.1035234935304, 37.41317650867846], [-122.10356416924549, 37.4131311851368], [-122.10362082868383, 37.41306805021516], [-122.10367853555783, 37.413003740801365], [-122.10379526533796, 37.41287368336843], [-122.10391112554866, 37.41274457610903], [-122.10397903189427, 37.4126688865842], [-122.10402482710792, 37.41261785533332], [-122.10418037129374, 37.41244453105224], [-122.10420864127502, 37.41241302288717], [-122.10432347021975, 37.412285040764985], [-122.10436839586438, 37.41223498320465], [-122.104581475346, 37.41199753256183], [-122.10468177673646, 37.41188573667873], [-122.10489753409531, 37.41165010298749], [-122.10500007049393, 37.41153811607499], [-122.10509540060745, 37.411434010600665], [-122.10520791728862, 37.41131112852327], [-122.10531591903714, 37.41119313747926], [-122.10545111907696, 37.41104549767981], [-122.1056747771183, 37.41080119336196], [-122.10572538460696, 37.41074592959256], [-122.10577155351973, 37.41069476859557], [-122.10558238543065, 37.410576653831676], [-122.10557118074665, 37.41056966761957], [-122.10560775116063, 37.41053066940996], [-122.10566825718472, 37.41046614233074], [-122.10592721182874, 37.4101899709688], [-122.10616535969457, 37.40993598968656], [-122.1062231042977, 37.409874406163546], [-122.1068692022744, 37.40918534754209], [-122.10690376495391, 37.40914848425966], [-122.10690815322396, 37.40914380481474], [-122.10691374972795, 37.40913783670288], [-122.10694050155627, 37.40910930977735], [-122.10696651766423, 37.40908157131162], [-122.1078573688202, 37.40812218112877], [-122.10804046340004, 37.408245101995206], [-122.10810089844536, 37.40828567550568], [-122.10812368959735, 37.40830097128738], [-122.10815578459854, 37.40832251067688], [-122.10820961882499, 37.408356539417916], [-122.10956397883412, 37.40921263306138], [-122.109604220655, 37.409238070295245], [-122.11019258739124, 37.4096099749525], [-122.11032887564942, 37.40968628487274], [-122.11046137853748, 37.409766725256354], [-122.11111986595259, 37.41018273749473], [-122.11342032512113, 37.41163602933961], [-122.11350654360619, 37.41169049617014], [-122.11429348199387, 37.412187629839025], [-122.11443882937459, 37.41227945036291], [-122.11497574331779, 37.41261863313299], [-122.11525524776809, 37.412795193536525], [-122.1152960716973, 37.41282098131557], [-122.11538375445339, 37.4127221055374], [-122.11548061170318, 37.41261288366896], [-122.1155204501886, 37.41256777526754], [-122.11556562466636, 37.41251662479082], [-122.1158140133283, 37.41223499258467], [-122.11582185382395, 37.412225709713326], [-122.11582424873257, 37.41222266584481], [-122.1158292604335, 37.41221617925017], [-122.11583193024498, 37.41221250606635], [-122.11583464313867, 37.41220877364325], [-122.11583621621728, 37.41220642265475], [-122.11583887889218, 37.41220244339167], [-122.11584073730972, 37.41219966629424], [-122.11584274875324, 37.4121963884355], [-122.11584522978457, 37.41219234559424], [-122.11584892365713, 37.41218593677045], [-122.11585105717502, 37.41218212658789], [-122.11585170484139, 37.412180969967324], [-122.11585505783066, 37.41217437192372], [-122.11585636530145, 37.41217179839809], [-122.11586117128876, 37.41216129254743], [-122.11586220695875, 37.41215875667884], [-122.11586501068865, 37.41215189122257], [-122.11586547048884, 37.41215061470584], [-122.11586684415043, 37.41214680026479], [-122.1158692619664, 37.41213980349728], [-122.11587058629085, 37.412135571567696], [-122.11587171841015, 37.41213195407399], [-122.1158725500853, 37.41212883525359], [-122.11587370728071, 37.41212449494445], [-122.11587535389316, 37.41211758950528], [-122.1158762743124, 37.41211342607057], [-122.11587665734902, 37.412111692268354], [-122.11587693848779, 37.41210986137437], [-122.11587980325108, 37.412091203558084], [-122.1159035780842, 37.41187311742494], [-122.11590580829429, 37.411856332514766], [-122.11590595592645, 37.41185522016052], [-122.11590669514466, 37.41185113523721], [-122.11590877565337, 37.4118396375469], [-122.11590917908309, 37.41183740780084], [-122.11591009996832, 37.41183339711031], [-122.11591250013691, 37.41182294470711], [-122.1159132439613, 37.411819705319516], [-122.11591413863128, 37.41181649874185], [-122.11591704111783, 37.411806095593555], [-122.11591814517067, 37.41180213840329], [-122.11591886096018, 37.41179996355241], [-122.11592250044102, 37.41178890332742], [-122.11592251186485, 37.41178886902492], [-122.11592387372824, 37.4117847305986], [-122.11592431037168, 37.41178358255596], [-122.11593042424437, 37.41176750901927], [-122.11593731153106, 37.4117515910152], [-122.11593778504059, 37.411750496498016], [-122.11593971635784, 37.41174652643852], [-122.11594491940615, 37.41173583073321], [-122.1159459471339, 37.41173371800874], [-122.1159479881783, 37.41172995063261], [-122.1159532586545, 37.41172022248068], [-122.11595489704965, 37.41171719852453], [-122.11595666740668, 37.411714243027156], [-122.11596242046437, 37.41170463767261], [-122.11596462400792, 37.4117009587378], [-122.11596540106, 37.411699830661775], [-122.1159863497633, 37.411669418864705], [-122.11599201903105, 37.41166204245823], [-122.11599336470728, 37.41166035354793], [-122.11599785448702, 37.41165474739302], [-122.11634046205045, 37.41123447222386], [-122.1163779774929, 37.41118847179578], [-122.1163934716367, 37.41116993504858], [-122.11639513800944, 37.41116794144933], [-122.11639640746917, 37.411166530884195], [-122.11643121704525, 37.41112785541988], [-122.1164762702503, 37.411080126045746], [-122.11648092801485, 37.411075232663], [-122.1165769318632, 37.41098575748084], [-122.11659482360783, 37.410969044465496], [-122.11663182251762, 37.410936473233605], [-122.11666570430438, 37.410908855342754], [-122.1166688941905, 37.41090625521226], [-122.11667072855025, 37.41090486882197], [-122.11667430653976, 37.41090202968301], [-122.11669623531277, 37.410885363742416], [-122.11670424379291, 37.41087953633509], [-122.11670736903163, 37.410877173834024], [-122.11670901458956, 37.410876064146606], [-122.11678830633421, 37.41082258726388], [-122.11681004241824, 37.41080928346751], [-122.11683210009913, 37.4107963178827], [-122.11685446994434, 37.41078370049907], [-122.11688485186298, 37.410766243225794], [-122.1168894485419, 37.41076351753322], [-122.11695298008874, 37.41072248300447], [-122.11697604792515, 37.41070641710512], [-122.11701520458726, 37.41067910449761], [-122.11702249621199, 37.410674170417394], [-122.11702959559717, 37.410669063661715], [-122.11703333169014, 37.410666523484316], [-122.11703748370306, 37.410663703601614], [-122.11704516339991, 37.41065815374138], [-122.11708484288175, 37.4106269116873], [-122.11710343890556, 37.41061033915826], [-122.1171379845168, 37.41057543237351], [-122.11705456787651, 37.41052113954826], [-122.11692753264907, 37.41043845654449], [-122.11690207529777, 37.410421887538384], [-122.11678375642164, 37.410344877751754], [-122.11644460564698, 37.41012417210422], [-122.11643127554936, 37.410115496904545], [-122.11638919397942, 37.410087558302216], [-122.11632538486258, 37.41004519407098], [-122.11566069368361, 37.409623594740154], [-122.11576747102767, 37.409514859272946], [-122.11523376586601, 37.40917724795141], [-122.11517644527859, 37.40914252173326], [-122.1151805209349, 37.4091384609339], [-122.11530369612522, 37.40901571922888], [-122.11530563648608, 37.40901386114779], [-122.11473064566208, 37.40864325861941], [-122.11471589532856, 37.408634405573466], [-122.11466026446176, 37.40868976865712], [-122.11455360659399, 37.40879621839117], [-122.11452389122374, 37.408825875700046], [-122.11441403176042, 37.408935454155746], [-122.11430709451653, 37.40904215399627], [-122.11423125245496, 37.40911782078384], [-122.1141934190166, 37.40909604615169], [-122.11422262234711, 37.40906643533058], [-122.11408391800612, 37.4089793459814], [-122.11390113873426, 37.408864523688344], [-122.11371196076374, 37.408745691773746], [-122.11355004306293, 37.408643996348296], [-122.11351763544785, 37.40862363369914], [-122.1133162116462, 37.40849709502145], [-122.11313110933126, 37.408380839170825], [-122.1129345157697, 37.40825734625403], [-122.11274490481132, 37.40813822153154], [-122.11288556840346, 37.40799473219022], [-122.11303754627603, 37.407839687898445], [-122.11314428948398, 37.40773196167144], [-122.11343446147953, 37.407438748892325], [-122.11345153575748, 37.40742155200313], [-122.11357452407574, 37.40749990914806], [-122.11358111411963, 37.40746495524396], [-122.11359473796865, 37.40745137684216], [-122.11370375121918, 37.407342520484065], [-122.11376307505657, 37.407312496531276], [-122.1138481643706, 37.40726942359801], [-122.11387114596837, 37.40725779034111], [-122.11393213348558, 37.40722691792489], [-122.1140206247243, 37.407137822758315], [-122.1140477080308, 37.40711056236619], [-122.11427828579251, 37.40687846937105], [-122.11434016264525, 37.40681618617713], [-122.11431324732862, 37.40679895274961], [-122.11456750557937, 37.40653857635351], [-122.11461393320646, 37.40649097677994], [-122.11447958120246, 37.406406070113476], [-122.11446329834321, 37.40639577823838], [-122.11446354178639, 37.40639554418617], [-122.11451617228015, 37.40634494108846], [-122.11486435837286, 37.40599493568791], [-122.11492423197156, 37.40603281880365], [-122.11505829381983, 37.40611770591307], [-122.11506458472148, 37.40611139290254], [-122.11520857028309, 37.40596666518983], [-122.11523154289897, 37.40594359521562], [-122.11529522985681, 37.40587954156955], [-122.11530795808576, 37.40586673996775], [-122.11534632063847, 37.40582815675381], [-122.11535878296573, 37.405817981828285], [-122.115458848096, 37.40573607502004], [-122.11551171484561, 37.4056928391955], [-122.11565666609305, 37.40557421563502], [-122.11572016170852, 37.40552224904115], [-122.11579276444384, 37.405462854730644], [-122.11612430918589, 37.40566872092902], [-122.11617265111391, 37.40569877409122], [-122.11619245716479, 37.40571106836872], [-122.11632885465733, 37.4055762522447], [-122.11635113197718, 37.40555423325629], [-122.11652173821248, 37.40538560442431], [-122.1165721938849, 37.405335717082366], [-122.11682393595365, 37.405086905689366], [-122.11687864335266, 37.40502933710064], [-122.11697105483952, 37.4049320608926], [-122.11722786700115, 37.40466177194909], [-122.11728004384615, 37.40460685687799], [-122.11751453107722, 37.40436006324551], [-122.11754434885532, 37.40432868084064], [-122.11761705130576, 37.4042501113099], [-122.11764380223576, 37.40422120217736], [-122.11766539144628, 37.40419787048986], [-122.11819949634507, 37.404654367091446], [-122.11820737187485, 37.404646219316945], [-122.11825829916337, 37.404591723826016], [-122.11827796709909, 37.404564605026025], [-122.11830144255083, 37.40453948752522], [-122.11862238633718, 37.40419908723733], [-122.11929047147761, 37.403490496529265], [-122.1197701188258, 37.40296167035413], [-122.11986136250341, 37.40286106462385], [-122.12080461687917, 37.401850668951695], [-122.12129294195175, 37.401319404175574], [-122.12141821111598, 37.401187080685375], [-122.1214714891972, 37.40112737425486], [-122.12152051227257, 37.40106539120081], [-122.12156512788445, 37.4010013242989], [-122.12161284923276, 37.40092161675108], [-122.12165373303324, 37.400839526045935], [-122.12168759364052, 37.40075542498712], [-122.12171427730587, 37.40066969550669], [-122.12173366287472, 37.40058272693066], [-122.1217456623367, 37.40049491421082], [-122.1217491053613, 37.400446011974495], [-122.12175025363645, 37.400397041223364], [-122.12174996617827, 37.40037253299325], [-122.12174911368, 37.40034784563337], [-122.1217451107972, 37.40026265726656], [-122.12174161815226, 37.40022468346082], [-122.12172648877507, 37.40009067442689], [-122.12171785505153, 37.399956299335834], [-122.12171654890591, 37.39991625654584], [-122.12171654800751, 37.39991618018686], [-122.1217165390245, 37.39991578340547], [-122.12171571797002, 37.39986581891361], [-122.1217155706486, 37.399845937012756], [-122.12171323506459, 37.39953094092004], [-122.12170558233748, 37.39935565880603], [-122.12169799793344, 37.39927372613813], [-122.12168246258038, 37.39919251062013], [-122.1216590701008, 37.3991125026017], [-122.12162796175453, 37.39903418514048], [-122.1215893253851, 37.398958031085684], [-122.1215433942852, 37.39888450022334], [-122.12151911103386, 37.3988506448804]]]}}, {"type": "Feature", "properties": {"TRUSTEE_AREA": 2}, "geometry": {"type": "MultiPolygon", "coordinates": [[[[-121.98702586200626, 37.40351036802032], [-121.98716736820181, 37.40350841419012], [-121.98737095785577, 37.40350560261554], [-121.98739522224629, 37.403505267224524], [-121.9879735287911, 37.40351813064184], [-121.98798417562223, 37.40351848244792], [-121.98798412262907, 37.403452427211946], [-121.9879840094444, 37.40342490501238], [-121.98798387649745, 37.40339238116376], [-121.98798332765797, 37.403114986278005], [-121.98798331598059, 37.40310890350855], [-121.98798319384352, 37.402806981585584], [-121.9879831785763, 37.40277003167011], [-121.98798317408517, 37.40276599621498], [-121.98798250490762, 37.40216672836442], [-121.9879822587938, 37.401946550988136], [-121.98798202256192, 37.40172452041158], [-121.98798167225489, 37.40140465818202], [-121.98798075067586, 37.400581084709756], [-121.98798051085114, 37.400354545646934], [-121.987980191082, 37.40007777464956], [-121.98798014706882, 37.40003978861863], [-121.98804452662097, 37.40003663721413], [-121.98823006642924, 37.40002753053884], [-121.98841560623762, 37.400018401026394], [-121.98860117389371, 37.400009293635556], [-121.98878671460041, 37.40000016269358], [-121.98892358279528, 37.39999343526863], [-121.98897916424886, 37.39999080766945], [-121.9891647094471, 37.399982019269906], [-121.98936682496661, 37.39997247156315], [-121.98956922615034, 37.39996289745035], [-121.98967153077152, 37.39995807328467], [-121.98975480099294, 37.399954108333844], [-121.98994034619112, 37.39994527354392], [-121.99012591923717, 37.399936415202745], [-121.99031149318142, 37.39992755757421], [-121.99044687556317, 37.39992112130615], [-121.99049706622742, 37.39991869851725], [-121.99068261052729, 37.39990981662297], [-121.99086818357337, 37.399900911891386], [-121.991053755721, 37.39989202928136], [-121.99123932786868, 37.39988312312036], [-121.99138995634578, 37.39987590448838], [-121.99143175056766, 37.39987390153186], [-121.99161732361365, 37.39986501820485], [-121.99180286701531, 37.399856111327125], [-121.99198846880716, 37.399847250120935], [-121.99217401041213, 37.39983832040445], [-121.99235958345831, 37.39982943564608], [-121.99254512685987, 37.39982052876412], [-121.9927306990076, 37.39981164328998], [-121.99291624151081, 37.399802734978486], [-121.99310181455664, 37.39979384950233], [-121.99328050650855, 37.39978527945207], [-121.9934660786564, 37.39977637113738], [-121.99365165080393, 37.399767484231], [-121.99383722295164, 37.39975859732325], [-121.99402279420114, 37.39974966402823], [-121.99421521600182, 37.399740460263956], [-121.99440075940339, 37.39973154980318], [-121.99458633155106, 37.39972266146392], [-121.99477193154654, 37.3997137502873], [-121.9949574749482, 37.39970486194605], [-121.99514301745124, 37.399695972890115], [-121.99533374772476, 37.39968681193753], [-121.99550696534416, 37.399678492361474], [-121.99554508894082, 37.399676678296906], [-121.99567291918716, 37.39967022059763], [-121.99567294254314, 37.399672481402405], [-121.9956729703906, 37.39967526102152], [-121.99567396391622, 37.399772648965204], [-121.99604001476432, 37.39975805868443], [-121.99607441664138, 37.39975665853124], [-121.9963224827775, 37.399746489934635], [-121.99652192670762, 37.399738337357995], [-121.99670758060184, 37.39973072643029], [-121.99689323629264, 37.399723116215505], [-121.99706831252594, 37.399715960586356], [-121.99707892072941, 37.39971559591847], [-121.99726459797982, 37.39970908256287], [-121.99745033272231, 37.39970256849304], [-121.99763606566793, 37.39969607725914], [-121.99782177076614, 37.39968953963814], [-121.99787337986993, 37.399687758402415], [-121.99800392212943, 37.39968318399403], [-121.99813472130718, 37.39967860744464], [-121.99818618668044, 37.39967680551305], [-121.99837191962628, 37.399670289299465], [-121.99855762652096, 37.399663796635494], [-121.99874680001372, 37.39965716838011], [-121.99893253385804, 37.39965065145121], [-121.99912167680823, 37.399643884748784], [-121.9993073792113, 37.399637230800415], [-121.99949649431358, 37.39963048764659], [-121.99968222456462, 37.399623832269626], [-121.99987142410859, 37.399617064137544], [-122.0000570977656, 37.39961040875934], [-122.00024624071573, 37.399603640625934], [-122.00043197096662, 37.39959700808307], [-122.0006176742681, 37.39959035127587], [-122.00080329043297, 37.3995837194456], [-122.00098902068392, 37.399577062637135], [-122.00117478057916, 37.39957042723728], [-122.0013531132048, 37.39956404731903], [-122.00155733706976, 37.399556717548656], [-122.00174303947288, 37.39955008286084], [-122.00192876972358, 37.39954342390849], [-122.00211447212686, 37.399536789219276], [-122.0023001736316, 37.39953013026577], [-122.00248590388254, 37.39952349272107], [-122.00267160538739, 37.39951683447997], [-122.00285733563835, 37.399510174097315], [-122.00304303714309, 37.39950353655076], [-122.00322871080009, 37.39949687759419], [-122.00341446979712, 37.39949023861916], [-122.00360017130198, 37.39948357752057], [-122.00378587280669, 37.39947691713524], [-122.00397160395599, 37.399470277444614], [-122.00416765494967, 37.39946325381597], [-122.00435344179436, 37.39945661412428], [-122.0045392007914, 37.399449950882065], [-122.00472493104226, 37.399443287638846], [-122.00480708735283, 37.39944034602056], [-122.00482255544146, 37.399439792237075], [-122.00482224641603, 37.399484271265656], [-122.00482220958453, 37.39948966495343], [-122.00479847661147, 37.40292402653043], [-122.00479844516998, 37.4029285336713], [-122.00479771482782, 37.40303465334946], [-122.00479712462518, 37.40312032667052], [-122.00480378382096, 37.403249384159956], [-122.00481153447484, 37.40333108246775], [-122.0048164958635, 37.403383381697715], [-122.00481634222533, 37.403618444122415], [-122.00481633773298, 37.4036247473529], [-122.00481533324327, 37.40516986275009], [-122.00481528023369, 37.40525095027576], [-122.00481522093466, 37.405341789550654], [-122.004815139174, 37.40546728243602], [-122.00481511491525, 37.405504174648385], [-122.00481395229488, 37.407292840021626], [-122.00481394690402, 37.40730099678525], [-122.0048137690071, 37.40757332415072], [-122.00481327043398, 37.407646621974884], [-122.00481223286285, 37.40779925769706], [-122.00515392410394, 37.40774172546421], [-122.00591756925402, 37.40757115071809], [-122.00594041161231, 37.40756604803336], [-122.00594155606584, 37.40756579257814], [-122.0059723323434, 37.407558918117694], [-122.00603089826323, 37.40754583611351], [-122.00603098334109, 37.40754581710951], [-122.00627187823211, 37.40749200804826], [-122.00955105559255, 37.40675554022414], [-122.00959478557515, 37.40674571864415], [-122.0098161771452, 37.40669962984436], [-122.00986365759353, 37.406688787850854], [-122.01266851646015, 37.406048168396026], [-122.01294063139666, 37.405987684883215], [-122.01308157145081, 37.405955268281396], [-122.01322347401292, 37.4059256442948], [-122.01433152781117, 37.40566541334948], [-122.01827009186482, 37.404767702282236], [-122.02023416276548, 37.40431893334114], [-122.02048845872292, 37.40425686710676], [-122.02133253003244, 37.40405085368042], [-122.02229636831397, 37.403815608572266], [-122.02264768590328, 37.40372986185701], [-122.023442190875, 37.4035495330463], [-122.02566496576497, 37.403045027098344], [-122.02658229108003, 37.402852294150435], [-122.02681946514791, 37.40281567324739], [-122.02751586421898, 37.40267780341548], [-122.02846525579005, 37.4025003557854], [-122.02893355107997, 37.402412827825884], [-122.0290362392834, 37.40239367021059], [-122.02926103726406, 37.4023519510365], [-122.0313402380236, 37.40196743948341], [-122.03209749435867, 37.40177854943863], [-122.03249504150213, 37.40167643003396], [-122.0328897328275, 37.40156748949013], [-122.03328138444351, 37.40145177856726], [-122.03366981387758, 37.40132935117982], [-122.03405484016125, 37.401200264371475], [-122.0344362839143, 37.40106457828846], [-122.0348139674287, 37.40092235615156], [-122.03518771475136, 37.400773664226534], [-122.03524213580275, 37.400755530763], [-122.03529558982848, 37.400735650724585], [-122.03532551719888, 37.40072356900921], [-122.03535723670838, 37.40070996226889], [-122.03536454540087, 37.400706753798154], [-122.0356253119277, 37.40059708339216], [-122.03568692646807, 37.400572585222584], [-122.03579332471588, 37.40052696789445], [-122.03579559925004, 37.40052595454049], [-122.03597663348856, 37.400448760458886], [-122.03615885904865, 37.4003733718223], [-122.03629060881255, 37.400312248297546], [-122.03665331249803, 37.40013891261384], [-122.03701179996045, 37.39996008254942], [-122.03736594045174, 37.39977582334266], [-122.03967871402149, 37.39857416864181], [-122.03994595830227, 37.39843403584297], [-122.04052311953086, 37.398131393605325], [-122.04084919537249, 37.397960377320764], [-122.04173438349355, 37.39749666206354], [-122.04453237034286, 37.3960242389475], [-122.0446719629192, 37.39594828552061], [-122.0448085540084, 37.39586893460163], [-122.0449420137553, 37.39578626163386], [-122.04504903356607, 37.39571603746598], [-122.04515379156763, 37.39564367499497], [-122.04627935358849, 37.39484631256473], [-122.04624302482686, 37.39483462384842], [-122.04621505758237, 37.39482562500618], [-122.04606339953273, 37.39477682683859], [-122.04493723577193, 37.39440454876855], [-122.0449653620287, 37.394320386356064], [-122.04496552642033, 37.394319884632914], [-122.04497025245796, 37.39430546669098], [-122.0449709872801, 37.394303224280534], [-122.04531797599786, 37.393244681968945], [-122.0453249469256, 37.39322342372765], [-122.04533473586928, 37.39319355897894], [-122.0453367067734, 37.393187546060396], [-122.04534584353975, 37.39315967180607], [-122.04584307911092, 37.3916427324847], [-122.04586456052833, 37.39157719493141], [-122.04629440447385, 37.390265723104015], [-122.04637283998953, 37.39002612159215], [-122.04650144462676, 37.3896337512646], [-122.04668464079249, 37.3890748188652], [-122.0466942806155, 37.38904540925648], [-122.04739590875963, 37.38908556211028], [-122.04741403316592, 37.38908659917383], [-122.0474228465358, 37.38908710378756], [-122.04758649260549, 37.38909491209914], [-122.04727788736902, 37.38772870560242], [-122.0473445380366, 37.38742563540914], [-122.04736654667042, 37.3873255591101], [-122.0474068208112, 37.38714242567275], [-122.04746700795675, 37.38686874572004], [-122.04754235507724, 37.386520619322795], [-122.04755820765261, 37.38645020656796], [-122.0475743890115, 37.38637833624006], [-122.04813737121722, 37.38622337073473], [-122.04852607578742, 37.38611408741981], [-122.04872647315409, 37.38606092783192], [-122.04892910020139, 37.386013454192], [-122.04913370364935, 37.38597172584036], [-122.04934002774887, 37.38593579493579], [-122.04954781460131, 37.38590570639042], [-122.04975680448074, 37.38588149781361], [-122.0499667361583, 37.385863199465014], [-122.05002152978962, 37.38585920164718], [-122.05018481292943, 37.385850627312294], [-122.05034843117723, 37.38584868663144], [-122.05051196155104, 37.385853384621626], [-122.05067498129598, 37.3858647091377], [-122.05097899719027, 37.385892070785545], [-122.0511501479985, 37.3859139561227], [-122.05132049797685, 37.38593951216609], [-122.05148808032587, 37.38596838223748], [-122.05165463894495, 37.3860008059433], [-122.05182005551156, 37.38603676025012], [-122.05216358468729, 37.38614197311904], [-122.0522121008901, 37.38615746828086], [-122.05227850347009, 37.38595563483692], [-122.0523430034183, 37.38575742323413], [-122.05236205219755, 37.38569888405553], [-122.05236429978292, 37.38569197760868], [-122.05240628525068, 37.385562953414485], [-122.05264607259076, 37.38487164907345], [-122.05268467410555, 37.38474148641582], [-122.05273656979163, 37.384563525873624], [-122.05273740881822, 37.38456088916399], [-122.05273789301035, 37.38455937380547], [-122.05287116434761, 37.38458788439207], [-122.05374214644017, 37.38477423899162], [-122.05379608936524, 37.38478578009797], [-122.054630019552, 37.384964201276425], [-122.05482133731776, 37.38500513215564], [-122.05538128588255, 37.38512493036686], [-122.05582122942774, 37.38521905102551], [-122.0558512205766, 37.38522546715456], [-122.05618183018757, 37.385296194431305], [-122.05649446630969, 37.385363076539406], [-122.05692824741321, 37.38545587570448], [-122.05713922667691, 37.384834624968384], [-122.05729517693564, 37.38435031146197], [-122.05749871185797, 37.38376342338181], [-122.05754122014457, 37.38364080713507], [-122.0576932609308, 37.38320245144965], [-122.05773482149459, 37.38308262522706], [-122.05776583673344, 37.38299320298497], [-122.05785736789002, 37.382729301927874], [-122.05801673713376, 37.3822697659367], [-122.05815042623387, 37.38188420970771], [-122.05817188339637, 37.38182239469707], [-122.05826953118297, 37.38154081771705], [-122.05827680394472, 37.381519845964085], [-122.05827699528595, 37.381519294188664], [-122.05828327630755, 37.38150118195573], [-122.05828349369979, 37.381500560940275], [-122.05830658227869, 37.38143517154962], [-122.05833154549096, 37.38136196159695], [-122.05834039299971, 37.381336459227], [-122.05841998644418, 37.38109280897479], [-122.05847555533983, 37.380922727443945], [-122.05848504604268, 37.380893668690696], [-122.05853112513402, 37.38075264624116], [-122.05861556948194, 37.38049409880376], [-122.05869014673276, 37.38026587509061], [-122.05877197428772, 37.380015350081436], [-122.05880149832353, 37.379924976220764], [-122.05884524628595, 37.379793278100806], [-122.0588884525642, 37.3796631665899], [-122.05893166063919, 37.37953303272472], [-122.05897483996793, 37.37940296787514], [-122.0590180758906, 37.379272856400995], [-122.05907002637136, 37.3791164192401], [-122.05913382563295, 37.378924294992345], [-122.05917430462574, 37.3788023960907], [-122.0593087824487, 37.37839753121546], [-122.05940488333744, 37.37810815477575], [-122.05953932971937, 37.37770328972212], [-122.059635399167, 37.377413913459144], [-122.05973905039706, 37.37710188553783], [-122.05977038633495, 37.377007553417826], [-122.05996937847857, 37.37640829094341], [-122.0602001844843, 37.37571326720452], [-122.06022328015449, 37.37564371878438], [-122.06024160578977, 37.375588534024494], [-122.06024970140855, 37.375564140469], [-122.06027141548928, 37.375501928335304], [-122.06021839149429, 37.37548081433283], [-122.0601194175017, 37.37544140289704], [-122.05900812034204, 37.37499887883175], [-122.0583221857905, 37.37472065423453], [-122.05830636915654, 37.37471423863547], [-122.05833881540721, 37.37466202220272], [-122.05838148549739, 37.374593353068], [-122.05840397123762, 37.37455716666197], [-122.05843550377895, 37.374506421372644], [-122.05861756085145, 37.37421281303584], [-122.05877020438561, 37.3739666574759], [-122.05889340383871, 37.37376793374342], [-122.05934560768141, 37.373038629480945], [-122.05973611343163, 37.37240879193245], [-122.0597837600758, 37.37233194298852], [-122.05986647335617, 37.37219855958596], [-122.0598875325622, 37.37216456155114], [-122.05997146575494, 37.37202916964757], [-122.06005545464325, 37.371893708251456], [-122.06012870507024, 37.371775557340975], [-122.06020351048112, 37.37165493756254], [-122.06025542142801, 37.371571153684535], [-122.06035694722777, 37.37140750999377], [-122.06043374150869, 37.37128358708533], [-122.06045784420675, 37.371244692651864], [-122.06047547633952, 37.37121624054131], [-122.06051903744572, 37.371145981900625], [-122.06054581263189, 37.37110282035758], [-122.06060696454837, 37.37100415011265], [-122.06063351785053, 37.37096135757998], [-122.06065582481644, 37.37092537431053], [-122.0607123980197, 37.37083411352846], [-122.06074796861108, 37.3707767342328], [-122.06076428201709, 37.37075042154232], [-122.06084366434443, 37.37062243823161], [-122.06085789725218, 37.37059949516363], [-122.06091396919568, 37.37050897288743], [-122.06093416871366, 37.370476405487736], [-122.06097972677465, 37.370402938528024], [-122.06101046802296, 37.37035331489597], [-122.06105513764997, 37.37028127993453], [-122.06108679517985, 37.37023024694769], [-122.06115357773676, 37.3701225059277], [-122.06116309448912, 37.370107157380055], [-122.06121458861763, 37.370024042858006], [-122.0612393937984, 37.36998406618229], [-122.06131572005697, 37.36986097549683], [-122.06135866851196, 37.36979166296172], [-122.061392018468, 37.369737908168574], [-122.06146828813276, 37.36961481707905], [-122.06147358819304, 37.36960634565748], [-122.06155074719001, 37.36948189289681], [-122.06155446441866, 37.369475869509934], [-122.06163312000908, 37.36934896990689], [-122.06163836167897, 37.369340476323586], [-122.06171624202294, 37.369214915820265], [-122.06171929449849, 37.36921002184548], [-122.06180016892769, 37.36907954572251], [-122.06188035075562, 37.36895017596462], [-122.0619359097609, 37.368860612649584], [-122.06196280801625, 37.36881725203264], [-122.06197745594574, 37.3687935937671], [-122.06205203138786, 37.368673273329364], [-122.06206046567033, 37.3686596557727], [-122.0620996043697, 37.36859995524402], [-122.06209087454351, 37.36859657619558], [-122.0620838227699, 37.36859384682676], [-122.06212244942996, 37.36853107775645], [-122.06212282941725, 37.36853046662879], [-122.06212930267749, 37.368520045330136], [-122.06214168146249, 37.368500137982856], [-122.06221651022946, 37.368379800654175], [-122.0622466999121, 37.36833130655874], [-122.06229916961091, 37.36824696566764], [-122.06235074907947, 37.36816398687488], [-122.0623817706021, 37.368114106886196], [-122.06245479914514, 37.36799666824576], [-122.0624689772556, 37.3679738857252], [-122.06255884831269, 37.36782937137575], [-122.06262942984482, 37.36771586825204], [-122.06266289568345, 37.36766205200042], [-122.06276694395235, 37.367494732251984], [-122.06287873300467, 37.36731501803259], [-122.0629604725113, 37.36718354408577], [-122.06301280117485, 37.3670994110912], [-122.0631892626411, 37.36681564341672], [-122.0632495261235, 37.36671874598624], [-122.06315182179058, 37.36657785394461], [-122.06306245651551, 37.366449004617124], [-122.06300775170408, 37.366370125553026], [-122.06297858607408, 37.366328071474946], [-122.0629523015367, 37.36629017179443], [-122.06281878677432, 37.36609761129346], [-122.06276400136149, 37.366018642505956], [-122.0626852450625, 37.36590512098039], [-122.062600817825, 37.365783347273556], [-122.06256705016803, 37.365699125599434], [-122.06244565548617, 37.365396277631866], [-122.06238883167893, 37.36525454277264], [-122.0623832926693, 37.36524067613444], [-122.06231836067184, 37.36507872214866], [-122.06229905768134, 37.36503058861173], [-122.0620610751692, 37.36471491931109], [-122.06198025466557, 37.36460770155511], [-122.06197555470534, 37.36438710114612], [-122.06197324694585, 37.364278127263674], [-122.06198730034582, 37.36422121634183], [-122.06200735329264, 37.3641400101572], [-122.0620429409615, 37.36399587539512], [-122.06206179301192, 37.36391960472131], [-122.06207971710221, 37.36384698811357], [-122.0621018992082, 37.36375712097485], [-122.0621425093595, 37.36359268485187], [-122.06213872835733, 37.36353665372484], [-122.06212042431808, 37.3632661498166], [-122.06210261345308, 37.36300280336568], [-122.0620929691577, 37.362859775239876], [-122.06178673803873, 37.36264813596049], [-122.06159256633607, 37.36251392922525], [-122.06163632417802, 37.36239992468978], [-122.06174108482283, 37.36212704908458], [-122.06182789622727, 37.36190094789403], [-122.06170807538851, 37.36164278385372], [-122.06163450249733, 37.36148428572248], [-122.06158311978149, 37.3613735404649], [-122.06156095835212, 37.36132581153272], [-122.06149714475433, 37.36118831159678], [-122.06147408231502, 37.36113864830814], [-122.0615020504667, 37.36106765908409], [-122.06156239480407, 37.36091442840357], [-122.06159841545504, 37.36082299836144], [-122.06161887368998, 37.36077106857237], [-122.06189422798613, 37.360396575413226], [-122.06200835272264, 37.359636421200385], [-122.06201294760793, 37.359605844049995], [-122.06201942895659, 37.359562717279765], [-122.0620232054763, 37.359537588070474], [-122.06154604023239, 37.35953682546323], [-122.06152994242497, 37.359536995398834], [-122.0614987717908, 37.35950797833915], [-122.06147792520558, 37.35952250917699], [-122.06145444521943, 37.35953420400519], [-122.06142893136108, 37.359542764212065], [-122.06140203509219, 37.35954797122416], [-122.06137444317305, 37.359549692087356], [-122.06081824236571, 37.35954881237543], [-122.06023906445398, 37.35954480239931], [-122.06005431875774, 37.35954016482774], [-122.05960716083514, 37.35952070632575], [-122.05957675735901, 37.35951905051122], [-122.05952818366292, 37.3595151191136], [-122.0594630468319, 37.35951179677378], [-122.05823269733708, 37.35950635870889], [-122.05822726073386, 37.35950633443196], [-122.05545255298945, 37.35949407165169], [-122.05436178100689, 37.3594939130615], [-122.0542857961218, 37.3594935174889], [-122.05427992832732, 37.35949348678569], [-122.05426516721273, 37.35949341252662], [-122.05426681562166, 37.359488551476566], [-122.05417400978527, 37.35948808450069], [-122.05278939263032, 37.359481119847864], [-122.05043426633219, 37.35946924909064], [-122.0504259443408, 37.359469206962984], [-122.05042590571263, 37.3594740765824], [-122.05036534310183, 37.35947377097735], [-122.05016964155362, 37.35947278418713], [-122.04847868456, 37.359466435710665], [-122.04756581670668, 37.35946300834715], [-122.04639064801643, 37.35945848708527], [-122.04593586159967, 37.3594568333813], [-122.04150223796628, 37.359440714763025], [-122.03990304925517, 37.359432775452106], [-122.03977181634762, 37.35942920133864], [-122.03964103700817, 37.35941979422235], [-122.03951111782833, 37.35940458334981], [-122.03938246272484, 37.35938361601148], [-122.03925547168353, 37.35935695739453], [-122.0391305395156, 37.35932469038015], [-122.03900805462976, 37.35928691528584], [-122.03888839782466, 37.359243749553436], [-122.03874756065325, 37.359192917300085], [-122.0386034153686, 37.35914838412542], [-122.03845640372515, 37.35911028650623], [-122.03830697625939, 37.35907874119668], [-122.0381555909094, 37.35905384487056], [-122.0380027116119, 37.35903567382506], [-122.03784880688067, 37.35902428374707], [-122.03769434837123, 37.35901970954252], [-122.03685368888648, 37.35901338250908], [-122.03356404264439, 37.35900516599084], [-122.03238889910685, 37.359002747505045], [-122.03228376659013, 37.35900247331183], [-122.03217103342875, 37.35900213842613], [-122.03172137190015, 37.35900090884336], [-122.03065684509345, 37.358997998401875], [-122.02895960438515, 37.35899462379883], [-122.02806458515524, 37.35899285723724], [-122.02795389036999, 37.358994393485574], [-122.02784335988446, 37.35899944525441], [-122.02773316884743, 37.35900800453865], [-122.0275764614304, 37.35902632343487], [-122.0274213144419, 37.35905173323296], [-122.0272682310116, 37.359084151531235], [-122.02711770757894, 37.35912347319988], [-122.02697023228359, 37.35916957072189], [-122.02682628338287, 37.359222294606425], [-122.02668632770109, 37.35928147387353], [-122.02655081911587, 37.359346916608445], [-122.02642019708647, 37.35941841058384], [-122.02629488522895, 37.35949572394788], [-122.0261752899423, 37.359578605976004], [-122.02606179909077, 37.359666787883775], [-122.02595478074585, 37.35975998369841], [-122.02585458199272, 37.35985789118594], [-122.02576152780438, 37.35996019283134], [-122.02567591998769, 37.36006655686784], [-122.02559803620443, 37.36017663835288], [-122.02553091592073, 37.36028523106188], [-122.02547131181025, 37.36039658303757], [-122.02541940117527, 37.360510363108574], [-122.02537533843903, 37.36062623288064], [-122.02535736494332, 37.36068136438606], [-122.0252288294739, 37.36109752619136], [-122.02519210004904, 37.36121644576638], [-122.02508697917236, 37.36155670637879], [-122.02503710649381, 37.36171813388649], [-122.02501356612649, 37.36188823968853], [-122.02495359012124, 37.361837619389085], [-122.02492494644704, 37.361813443412885], [-122.0247939694154, 37.36170646640928], [-122.0223100141711, 37.35967763724425], [-122.02226822545258, 37.35964301447659], [-122.02223678710735, 37.359732513824184], [-122.02209516588151, 37.36014473096433], [-122.02191550818326, 37.360667654454126], [-122.02183402468471, 37.360904870735666], [-122.0217343736545, 37.361194925440856], [-122.02169830449293, 37.36129988967331], [-122.02163328621779, 37.36148909524245], [-122.02153395947971, 37.361778252335405], [-122.02144751907646, 37.36202986212487], [-122.02139583719236, 37.362180258111756], [-122.02134578036122, 37.362325940013505], [-122.02129575137768, 37.36247162234638], [-122.02124569454638, 37.36261730439668], [-122.02119590361646, 37.36276219292199], [-122.02119108774735, 37.36277620781327], [-122.02116807020876, 37.36286151659814], [-122.02114610369938, 37.36294292834289], [-122.02104291420511, 37.363239712329495], [-122.02091518273309, 37.36360724713148], [-122.02084271383002, 37.36381566434675], [-122.02084267789759, 37.363815664346866], [-122.02079205063613, 37.36396128595552], [-122.02078178558561, 37.363990947439824], [-122.02045126748857, 37.364941768727704], [-122.02040707665722, 37.365068882123936], [-122.02036953066522, 37.365176881719506], [-122.02007527756226, 37.36602319528679], [-122.0199415758858, 37.36640785921712], [-122.01983729403985, 37.36670781515137], [-122.01980059246299, 37.36682631959759], [-122.02009145230879, 37.36686213380018], [-122.02038140799512, 37.36690234890045], [-122.02009145230879, 37.366862133800176], [-122.01980059246299, 37.36682631959759], [-122.01977159304239, 37.36692497963283], [-122.01970694936409, 37.367120864992394], [-122.01957596149637, 37.367517900941664], [-122.01951369386245, 37.36770656751308], [-122.01938022574522, 37.368114278737465], [-122.01931626029503, 37.36830974333925], [-122.01925882739475, 37.36848518585052], [-122.01920142144391, 37.3686606051058], [-122.01914398764524, 37.36883604751055], [-122.01908658259275, 37.36901146665942], [-122.01904470492278, 37.369139389181385], [-122.0190291487941, 37.36918690895762], [-122.0189976089385, 37.36928329131676], [-122.01898781819834, 37.369313211280755], [-122.0189771165663, 37.36934591483217], [-122.01897557685362, 37.3693506274606], [-122.01897544210635, 37.3693510408239], [-122.0188054610614, 37.36985055706489], [-122.01880519156684, 37.36985138378617], [-122.01879481153173, 37.369881197149176], [-122.01879346405883, 37.36988506731698], [-122.01878730700483, 37.369902752574625], [-122.01872379251012, 37.37008532341607], [-122.01863250210214, 37.37034766122395], [-122.0186188468092, 37.37038693449887], [-122.01852819061179, 37.37064745077109], [-122.01851018567557, 37.37069919167735], [-122.01816556851188, 37.37174051096747], [-122.01804991039761, 37.372089987428204], [-122.0179259868802, 37.37248702777829], [-122.01788934279547, 37.37260443226398], [-122.01787300424031, 37.37259789226602], [-122.01773426604207, 37.37253865845141], [-122.01759918072898, 37.37247427113546], [-122.01751937350312, 37.37256135362982], [-122.01751896476954, 37.37256256368328], [-122.01750626528906, 37.372556414182945], [-122.01749442280112, 37.37255048598997], [-122.01743056158065, 37.37251851700185], [-122.01718265715809, 37.37237972399146], [-122.01706410561809, 37.37230451982771], [-122.01701994983081, 37.37234423897609], [-122.01692873040982, 37.37242629435674], [-122.01691849231116, 37.37243550362909], [-122.01691788505002, 37.37243604047967], [-122.01688360983506, 37.37244007827912], [-122.01675807748393, 37.37240155423361], [-122.0166708582764, 37.37234115633987], [-122.01667055823906, 37.372340961445666], [-122.01667040283051, 37.37234087078053], [-122.01667024203215, 37.37234078439886], [-122.01667007853887, 37.37234070372845], [-122.01666991145207, 37.37234062662737], [-122.01666974077236, 37.372340555237685], [-122.01666956649923, 37.37234048813107], [-122.01666938953119, 37.37234042530809], [-122.01666921076642, 37.37234036819629], [-122.01666902840843, 37.3723403160817], [-122.01666884515218, 37.3723402703923], [-122.01666865920092, 37.372340228272314], [-122.01666847145309, 37.37234019186337], [-122.0166682828069, 37.37234016116573], [-122.0166680923641, 37.37234013546544], [-122.0166679001246, 37.37234011619016], [-122.01666770788526, 37.37234010191217], [-122.0166675156457, 37.37234009263151], [-122.01666732250804, 37.37234008906204], [-122.01666712937025, 37.37234009048992], [-122.01666693623254, 37.37234009834262], [-122.0166667448914, 37.37234011047892], [-122.01666655265197, 37.37234012904022], [-122.01666636131087, 37.37234015259893], [-122.01666617266467, 37.372340181868715], [-122.01666598491678, 37.372340216135825], [-122.01666579806705, 37.37234025611398], [-122.01666561301433, 37.372340301089686], [-122.0166654306563, 37.37234035106244], [-122.01666525009496, 37.372340406746524], [-122.01666507312687, 37.37234046742782], [-122.0166648979554, 37.37234053310649], [-122.0166647263772, 37.37234060378226], [-122.01666455749391, 37.372340678741594], [-122.01666439310222, 37.372340758698215], [-122.01666423140554, 37.37234084365197], [-122.0166640742003, 37.372340932175256], [-122.01666392148682, 37.37234102569592], [-122.01666377146815, 37.37234112350003], [-122.01666362683922, 37.37234122487355], [-122.01666348670204, 37.37234133124428], [-122.01666335105662, 37.372341441184524], [-122.01664655615488, 37.37235600327315], [-122.01663690735103, 37.37236436872708], [-122.01662350269115, 37.3723759902671], [-122.01661914496471, 37.37237296905176], [-122.0163960528943, 37.37232626512053], [-122.0164068479511, 37.37229376632946], [-122.01632438980987, 37.37226846076109], [-122.01620583467215, 37.37223207975293], [-122.01620563883955, 37.37223203549112], [-122.01615215944523, 37.37221980496812], [-122.01596744699053, 37.372179944385415], [-122.01565963302423, 37.37211351883866], [-122.01557334536068, 37.37213114645313], [-122.01398471009371, 37.37178753120878], [-122.01370439445154, 37.37172848422661], [-122.01371802188093, 37.37183008980663], [-122.01373872697363, 37.37196777615055], [-122.01375668533407, 37.37210570792098], [-122.01377979244074, 37.372327894892], [-122.01379577189827, 37.37255048083323], [-122.01380461318901, 37.372773320127486], [-122.01380631046499, 37.37299626699067], [-122.01380086255188, 37.37321917556691], [-122.01379656859531, 37.37331047271521], [-122.0137890712436, 37.373430823556234], [-122.01378817562131, 37.37344977798399], [-122.01122121588877, 37.372929565503625], [-122.01121909498079, 37.37280292445548], [-122.01120079188148, 37.37216200589016], [-122.01118313287152, 37.37154305301089], [-122.01116796847292, 37.37101175901944], [-122.01116549452266, 37.37092508450575], [-122.01115155092961, 37.37043580368325], [-122.01114932850918, 37.37033649931207], [-122.01066457519686, 37.37033953413913], [-122.0099662088305, 37.37034392967638], [-122.00878230761771, 37.370351453562904], [-122.00862573847368, 37.37035244875208], [-122.0083643170873, 37.37035411001794], [-122.00835857327235, 37.37024474215165], [-122.0083508963034, 37.3699569277217], [-122.0083501255522, 37.36992873713018], [-122.0083424333118, 37.3696401454528], [-122.00834129874721, 37.369573765511845], [-122.00833899367044, 37.369573782645865], [-122.0083238732299, 37.369573892589095], [-122.00832383729757, 37.3695714838085], [-122.00831833336198, 37.36920210700651], [-122.00821928782857, 37.369203130772036], [-122.00797670231408, 37.3692054267467], [-122.00776336414428, 37.36920746071182], [-122.00755663847261, 37.36920602141862], [-122.00752901258703, 37.36920420304264], [-122.00735627197525, 37.36919284943473], [-122.00734857610931, 37.369192352540324], [-122.00729520271577, 37.3691838610769], [-122.0071592543986, 37.36916223832557], [-122.00715131239454, 37.36916098895055], [-122.00706238189203, 37.36914139375278], [-122.00696636547976, 37.369120240757304], [-122.00686375539917, 37.369411989979135], [-122.00684258120495, 37.36948317049492], [-122.00669011397903, 37.36944496834114], [-122.00654039137804, 37.36940038456642], [-122.00639383240312, 37.36934954394068], [-122.00625084719941, 37.36929258874373], [-122.00611183590813, 37.369229678366885], [-122.00597718754643, 37.36916098886686], [-122.00602745637012, 37.36910394455317], [-122.00617947197378, 37.36893060602067], [-122.00623895481712, 37.36886278045996], [-122.00622291270601, 37.36885522635337], [-122.0061040997553, 37.368788746473115], [-122.00605063922768, 37.36875885128308], [-122.00605117105168, 37.3685675515095], [-122.00605125998915, 37.368529300349095], [-122.00605194992194, 37.368290501806904], [-122.00605540036509, 37.36815860905463], [-122.00605160322021, 37.36786085784997], [-122.00604958023223, 37.367703256718286], [-122.0060480342453, 37.36758280958676], [-122.00604718354822, 37.367516381419264], [-122.00604796238734, 37.367516378563494], [-122.00605687187713, 37.36751634215309], [-122.00606805590071, 37.36751629503354], [-122.00606703452493, 37.36743991441938], [-122.00606589367112, 37.36738332714616], [-122.00606111376271, 37.36714630911104], [-122.0060548094219, 37.36683364160825], [-122.00605384554154, 37.366728765076445], [-122.00604689707383, 37.366728802915205], [-122.0044287593014, 37.366737602964385], [-122.0040967563954, 37.36673940852353], [-122.0039134309348, 37.36674041018435], [-122.00381414363017, 37.36674381643646], [-122.00371542610509, 37.366752952865525], [-122.0036237548399, 37.366760881286304], [-122.0035699574405, 37.36676250980472], [-122.00297647565573, 37.366768310614944], [-122.00295948582125, 37.3667684776781], [-122.00285418262456, 37.36676951218566], [-122.00282505565406, 37.366769797050196], [-122.00270092646666, 37.36677100933003], [-122.0021132091703, 37.366776750167816], [-122.0012953857534, 37.366784738506375], [-122.00129407599209, 37.366944507689624], [-122.00130277693478, 37.368177269620006], [-122.00130537392295, 37.36854251921662], [-122.0013055859219, 37.36857379809284], [-122.00130637732522, 37.368683638162324], [-122.00131012503672, 37.3692138863162], [-122.00131082571343, 37.36929580448369], [-122.001133124604, 37.369296569800774], [-122.00076831792374, 37.36929814969514], [-122.00064487325263, 37.369298684417736], [-122.00003893453207, 37.369301300916646], [-121.99987277407735, 37.36930201483172], [-121.99986212365295, 37.3693020612363], [-121.99985584802339, 37.36930208836502], [-121.99984869294323, 37.3693021183494], [-121.99983701664286, 37.369302167609504], [-121.99983615876103, 37.3692202301728], [-121.9998360868969, 37.369210170217], [-121.99983553893318, 37.36913296317044], [-121.99983247842191, 37.368701425690894], [-121.99983239937146, 37.36869027905994], [-121.9998318864418, 37.368616122116045], [-121.99982590006957, 37.368616148531174], [-121.9982558149714, 37.36862320993459], [-121.9982313610362, 37.36862331987866], [-121.99818300832517, 37.36862353762483], [-121.9981827505127, 37.36858783238059], [-121.99818088384337, 37.368323309478974], [-121.99817908005522, 37.368067640626435], [-121.99817893812367, 37.36804751255091], [-121.99816080565081, 37.367882000636726], [-121.9981607275014, 37.36784613297488], [-121.99816060264203, 37.367789054816605], [-121.99815848003227, 37.36681530322731], [-121.99690550467201, 37.36683016259005], [-121.99644212407348, 37.36683565926139], [-121.9962473343148, 37.36683796959094], [-121.99607566898379, 37.366848423239], [-121.99608592773453, 37.36692194080424], [-121.99609654401446, 37.36699802422955], [-121.99616434070269, 37.367483889834986], [-121.99622307249987, 37.36790476377194], [-121.99629678189383, 37.36843296415774], [-121.99631535244856, 37.368583789294874], [-121.9963290275506, 37.3687349474215], [-121.99633779801454, 37.3688863373352], [-121.99633810164418, 37.3688938336089], [-121.99634111687358, 37.368997832873895], [-121.99634181705237, 37.369101858477116], [-121.99633686541324, 37.37022896370711], [-121.9963366075901, 37.37028883499623], [-121.99577096459225, 37.37028859304573], [-121.99575055666871, 37.370288584369426], [-121.99520736615968, 37.37029219389765], [-121.98735248322664, 37.37034405442867], [-121.98720411839483, 37.370348202275736], [-121.9870798131374, 37.370352388675705], [-121.98688369387241, 37.37035368584901], [-121.9867081936351, 37.370354858088], [-121.9866329741144, 37.3703553542548], [-121.9865189276163, 37.370356113854264], [-121.98632966249589, 37.370357368906575], [-121.98614036862931, 37.370358623245025], [-121.98595116189956, 37.37035989971506], [-121.98576189588086, 37.37036115333934], [-121.98557263165874, 37.3703624298093], [-121.98538333689406, 37.37036366130237], [-121.98519409962141, 37.37036491421274], [-121.98512166308106, 37.37036539324593], [-121.98500483539928, 37.37036616640936], [-121.98494029954071, 37.370366593327155], [-121.98481559812652, 37.37036741860589], [-121.98462630426015, 37.37036867151635], [-121.98443706788589, 37.37036994513046], [-121.98424780276535, 37.3703711744815], [-121.9840585663911, 37.37037244809544], [-121.98386238963408, 37.370373763830045], [-121.98365396884145, 37.37037511954321], [-121.98348764399502, 37.37037621682116], [-121.98344545103191, 37.37036587787581], [-121.98323892119853, 37.37031520260254], [-121.98302977008161, 37.370263896904994], [-121.9828314849845, 37.37021526765292], [-121.9826479807591, 37.370216329236435], [-121.98246265168244, 37.37021739008596], [-121.9824626677038, 37.370222406696485], [-121.98246257914502, 37.37059577651365], [-121.98244947462854, 37.37059586217709], [-121.98245030645894, 37.37067825573018], [-121.98245628198646, 37.37125958921721], [-121.98246262314082, 37.37172573704061], [-121.9824624461713, 37.37173997727937], [-121.98246421128356, 37.372428512121466], [-121.98246845653614, 37.37408004648085], [-121.98492333444688, 37.37405219599392], [-121.98510158173191, 37.374050173579526], [-121.98510333254833, 37.37405015359082], [-121.98787389097895, 37.37401872156903], [-121.9901786927676, 37.37399246586166], [-121.99089583032766, 37.373984296243485], [-121.99192786148367, 37.37397253082097], [-121.99247187844317, 37.373966329362496], [-121.99259773329389, 37.37396488804262], [-121.9947691918768, 37.37394008719986], [-121.99554869855939, 37.373931177283986], [-121.99577066684294, 37.373928635876986], [-121.99600320021086, 37.373925973824136], [-121.99609111741619, 37.373924966541566], [-121.99617804288155, 37.37392449824046], [-121.99687888769942, 37.37392054337892], [-121.99749651529687, 37.37391705324902], [-121.9977021054984, 37.373915891776015], [-121.99917279651726, 37.37390758014063], [-122.0034004939829, 37.37388359610792], [-122.00340161328361, 37.373883581830334], [-122.00480737947335, 37.373875781327314], [-122.00482420761115, 37.37387568780959], [-122.0047992721666, 37.37398802013052], [-122.00465036917322, 37.374623622551], [-122.0045513370672, 37.37504644741247], [-122.00452991493573, 37.37513790866747], [-122.00418905447974, 37.376593206276894], [-122.00416934813083, 37.376677342904095], [-122.00416208524949, 37.37670838352911], [-122.00412208416145, 37.37682275037764], [-122.00403950831165, 37.377058844091074], [-122.00409200315576, 37.37704352694718], [-122.00440627692393, 37.37695182818196], [-122.00448693775779, 37.37692550042191], [-122.00456923844219, 37.37690263219332], [-122.00465294618651, 37.37688328817943], [-122.00487923168974, 37.37683299989832], [-122.00510767674291, 37.376789371309044], [-122.00533797372236, 37.376752461161225], [-122.00556981251216, 37.37672231915732], [-122.00580288092142, 37.376698985885994], [-122.00603686510456, 37.376682492767294], [-122.00627144998352, 37.376672862010516], [-122.00650631967187, 37.37667010658418], [-122.00674115789997, 37.37667423019871], [-122.00697564844042, 37.3766852273013], [-122.00720947553374, 37.37670308308354], [-122.00744232431336, 37.376727773501216], [-122.0076738812292, 37.37675926530677], [-122.00775978157044, 37.37677456465634], [-122.0078445747195, 37.37679339110091], [-122.00792803344302, 37.37681569418857], [-122.00808780536514, 37.376853464913616], [-122.00824618432027, 37.376894803625845], [-122.00824263956646, 37.3769154204589], [-122.00823615731991, 37.376953123386095], [-122.00818552375384, 37.37724763973191], [-122.00806676014932, 37.37772551167505], [-122.00734990880242, 37.38085608045045], [-122.00734027077327, 37.3809086908821], [-122.00732870855391, 37.38095404747857], [-122.00728697550876, 37.38111763108663], [-122.00725884043435, 37.38124347819222], [-122.00723841022429, 37.38137026847953], [-122.00722573329219, 37.381497701737196], [-122.00722083969404, 37.38162547622993], [-122.00721479753899, 37.38240482666266], [-122.00719860074429, 37.38394728312193], [-122.00718140320537, 37.38567758904612], [-122.00717651187547, 37.38573152101347], [-122.00716298906792, 37.38578450644838], [-122.00714105830181, 37.38583566948148], [-122.00711108208505, 37.385884164366665], [-122.00707355592274, 37.38592918946177], [-122.00702910012727, 37.38597000048052], [-122.00672786628496, 37.38621303744776], [-122.00621079873386, 37.38663020390168], [-122.00613778351526, 37.38668534002615], [-122.0060603514247, 37.38673649571379], [-122.00597884259959, 37.386783446246376], [-122.00589361508781, 37.3868259853777], [-122.0058050432748, 37.38686392623993], [-122.00571351623893, 37.386897102164355], [-122.00561943604204, 37.386925367413816], [-122.00551157855995, 37.38695103214852], [-122.00540163292013, 37.386970244339345], [-122.00529020452757, 37.386982898196024], [-122.00517790695304, 37.38698892404114], [-122.0050404539552, 37.38699221588581], [-122.00410290039885, 37.38701466566303], [-122.00406713527912, 37.38701790552083], [-122.00403253420366, 37.387025820584036], [-122.00400005016351, 37.387038192854256], [-122.00397057784299, 37.38705468157146], [-122.00394492897831, 37.38707483259934], [-122.003925639991, 37.387095722482826], [-122.0039104819388, 37.387118678705086], [-122.00389979556554, 37.38714318523009], [-122.0038938210964, 37.38716869117174], [-122.00389269283737, 37.38719462317739], [-122.00392182062014, 37.38796138942985], [-122.00390853538687, 37.388412702467555], [-122.00339958326012, 37.388425087333566], [-122.00293094572076, 37.388436473671675], [-122.00208076049927, 37.3884571272413], [-122.0015975828309, 37.38846885902575], [-122.00049029172838, 37.388495744269065], [-122.00047460355263, 37.38849612540746], [-122.00030911054567, 37.388500143775396], [-122.0001394304919, 37.3885028852547], [-121.99989232196047, 37.388506877207995], [-121.9998395082163, 37.3885077301285], [-121.99974305780782, 37.38850594290945], [-121.99964711102965, 37.38849788778969], [-121.99955230659181, 37.38848361839157], [-121.99945927559898, 37.38846322970526], [-121.99936863734882, 37.38843685745651], [-121.99928099520909, 37.38840467720296], [-121.99919693260054, 37.38836690316532], [-121.999117009113, 37.388323786801216], [-121.99904175677997, 37.388275615131086], [-121.99867612631598, 37.388533727456604], [-121.9986251738767, 37.38857075076544], [-121.99855790085152, 37.38857411035128], [-121.99848004747064, 37.38857665698242], [-121.99847761034158, 37.38857671122679], [-121.99812440629913, 37.38858500632765], [-121.99812188472855, 37.38858506556812], [-121.99771468475896, 37.3885946282723], [-121.99725722495495, 37.38860536507916], [-121.9965125594245, 37.38862283888445], [-121.99582620712324, 37.38864169592368], [-121.99577333961622, 37.387426943592246], [-121.99574946785084, 37.38687827429224], [-121.9957530324343, 37.38626280469365], [-121.99575601400007, 37.38574800314049], [-121.99575695096071, 37.38558630613722], [-121.99576092159035, 37.38490241244292], [-121.9957658480464, 37.38404710613974], [-121.9957701923821, 37.383300237546976], [-121.99576418457552, 37.38218110276891], [-121.99575769528236, 37.380972195423965], [-121.99577859912026, 37.38057519712606], [-121.99578558623031, 37.38044282629859], [-121.99578979848884, 37.379917054686224], [-121.99579082079141, 37.379739391064135], [-121.99579243509517, 37.37945871496221], [-121.99579599159317, 37.3788472283437], [-121.99580130882332, 37.37792929449698], [-121.99580159000142, 37.37788071091734], [-121.99580185860287, 37.37783433166177], [-121.9958022098508, 37.377773761114895], [-121.99580249731724, 37.37772429155058], [-121.99527204132357, 37.37772766943559], [-121.99335320602964, 37.37773985394775], [-121.99254739578164, 37.37774496289038], [-121.98894865276908, 37.37776768650821], [-121.9879625425858, 37.3777743216394], [-121.98779735949797, 37.377774495092076], [-121.98714087887213, 37.377778681039906], [-121.98704384197138, 37.37777929993763], [-121.9870397654172, 37.37777932563588], [-121.98684651806566, 37.37778055772066], [-121.98682928478806, 37.377780666937994], [-121.98683377096205, 37.37788582712098], [-121.98683775291475, 37.38037354145971], [-121.9868411557028, 37.38063952731366], [-121.98684281391357, 37.38134516121287], [-121.98685144720608, 37.38504608242064], [-121.98685757970838, 37.387682626476874], [-121.98685795428779, 37.387843512421576], [-121.98685848786091, 37.388076298195735], [-121.98684931332589, 37.3884538300825], [-121.98684701271804, 37.38865840757007], [-121.98684397997584, 37.38892808404922], [-121.98684479550221, 37.39021226637414], [-121.98684677863243, 37.393332855972794], [-121.98684764011665, 37.393332890944066], [-121.98685334062486, 37.39511451448504], [-121.9868558198867, 37.3959002755181], [-121.9870279379673, 37.39590056670914], [-121.98738376508902, 37.3959011819214], [-121.98704102978104, 37.395900589256655], [-121.98704104534359, 37.39590551030941], [-121.98704175725852, 37.396129984016305], [-121.9870424385362, 37.396348552660456], [-121.98704294898093, 37.396502344676534], [-121.98704338337585, 37.396645172969464], [-121.98704387072102, 37.396793495098706], [-121.98704435645439, 37.396941792915015], [-121.98704481352745, 37.39709006946507], [-121.98704527309542, 37.397238414472], [-121.98704575838582, 37.39738668976039], [-121.98704621216686, 37.39754052844529], [-121.98707205451302, 37.39754031976279], [-121.98720975127979, 37.39753921013237], [-121.9872112410477, 37.398003265895134], [-121.98721198135621, 37.39823446834653], [-121.98704919099295, 37.39826335963632], [-121.9870487998334, 37.39840075073351], [-121.9870483392631, 37.39854906143373], [-121.98704808660999, 37.398641516924265], [-121.98704798966587, 37.3987028868621], [-121.98704775788954, 37.39885117212927], [-121.98704749943992, 37.39899947936157], [-121.98704726811033, 37.3991477871497], [-121.98704700901402, 37.39929611871932], [-121.98704677881179, 37.3994444264905], [-121.98704654571335, 37.39959548110023], [-121.987046086893, 37.39987204441068], [-121.9870457299122, 37.40008572486562], [-121.98725725040723, 37.400075343247174], [-121.98703261322851, 37.40008636887505], [-121.98702883375732, 37.402399157742146], [-121.98702739815124, 37.40327733403107], [-121.98702586200626, 37.40351036802032]]], [[[-122.00097783208301, 37.386970924103146], [-122.00094529800623, 37.38706781235518], [-122.0010178673966, 37.38716134396095], [-122.00089316512134, 37.387223067946074], [-122.00076281310176, 37.387287588377774], [-122.00078161041435, 37.38731240077013], [-122.00078525927631, 37.38731710872709], [-122.00083852171674, 37.387385814746494], [-122.00085478095694, 37.38740678901919], [-122.00086208099427, 37.3874162067014], [-122.0008979785926, 37.38746455546496], [-122.00083033185533, 37.38749816575177], [-122.00079488589738, 37.3875157770275], [-122.00062898480762, 37.38759820637501], [-122.00072460193081, 37.38772510430555], [-122.00074503012546, 37.38775221638596], [-122.00077318865958, 37.3877895868568], [-122.00072916227106, 37.387812192336206], [-122.0006886156937, 37.38783227501157], [-122.00061706254309, 37.38786771589786], [-122.00060529264168, 37.38787354576811], [-122.00057222300308, 37.38789094542878], [-122.00063965754696, 37.38797808417721], [-122.00066025424063, 37.38800469936583], [-122.00068520844005, 37.388036944367244], [-122.00071308383166, 37.38807297931534], [-122.00062221021766, 37.388118007313], [-122.00058678304559, 37.38813555880225], [-122.00057836798103, 37.38816260109007], [-122.00056297341845, 37.38821208206661], [-122.0004746031976, 37.38849612531565], [-122.00049029224702, 37.38849574434704], [-122.00159758238867, 37.38846885893466], [-122.00208076034218, 37.38845712728811], [-122.00293094596263, 37.388436473373794], [-122.0033995836233, 37.3884250875427], [-122.00390853494739, 37.38841270254551], [-122.00392182079794, 37.38796138973639], [-122.0038926931541, 37.387194622834414], [-122.00389382135404, 37.38716869089897], [-122.00389979573923, 37.387143185017834], [-122.00391048200618, 37.38711867853935], [-122.0039256399334, 37.38709572234567], [-122.00394492878155, 37.38707483246957], [-122.00397057766497, 37.38705468146641], [-122.00400004999571, 37.38703819277237], [-122.00403253403867, 37.38702582052234], [-122.0040671351112, 37.38701790547512], [-122.0041029002241, 37.387014665628264], [-122.0050404541719, 37.38699221595839], [-122.00517790695548, 37.38698892436615], [-122.00529020454623, 37.38698289838314], [-122.00540163294191, 37.38697024438662], [-122.00551157857144, 37.38695103205484], [-122.00561943602972, 37.38692536717886], [-122.00571351618946, 37.386897101993185], [-122.00580504319524, 37.3868639261372], [-122.00589361498574, 37.386825985347656], [-122.00597884248317, 37.386783446292704], [-122.00606035130265, 37.38673649583968], [-122.00613778339671, 37.386685340234116], [-122.00621079862832, 37.38663020419365], [-122.00672786662452, 37.386213037614155], [-122.00702910029783, 37.38597000030683], [-122.00707355608768, 37.385929189298146], [-122.00711108224866, 37.38588416421497], [-122.00714105846886, 37.385835669342896], [-122.00716298924344, 37.385784506323226], [-122.00717651206465, 37.385731520901295], [-122.00718140341333, 37.38567758894559], [-122.00719860048761, 37.38394728344444], [-122.00721479773611, 37.38240482665816], [-122.00722083943268, 37.381625476120476], [-122.00722573316354, 37.38149770168906], [-122.007238410221, 37.38137026849757], [-122.00725884054869, 37.38124347828086], [-122.00728697573282, 37.38111763124984], [-122.00732870841587, 37.380954047686664], [-122.00734027060415, 37.38090869105223], [-122.00734990881828, 37.380856080265595], [-122.00806676005459, 37.37772551198747], [-122.00818552393704, 37.377247639782354], [-122.00823615695798, 37.37695312326959], [-122.00824263962846, 37.37691542074918], [-122.00824618463864, 37.376894803762745], [-122.0080878053403, 37.376853465096374], [-122.00792803307422, 37.37681569443163], [-122.00784457460111, 37.37679339124999], [-122.0077597816987, 37.376774564693484], [-122.00767388159869, 37.37675926521414], [-122.00744232467059, 37.376727773433146], [-122.0072094758798, 37.37670308304066], [-122.0069756487764, 37.37668522728426], [-122.00674115822706, 37.376674230208074], [-122.0065063199913, 37.376670106620594], [-122.0062714502965, 37.37667286207446], [-122.00603686541244, 37.376682492859274], [-122.00580288122548, 37.37669898600645], [-122.00556981281377, 37.37672231930668], [-122.00533797402294, 37.376752461339855], [-122.00510767704387, 37.376789371517305], [-122.00487923199253, 37.37683300013644], [-122.00465294649261, 37.376883288447694], [-122.00456923861877, 37.37690263236309], [-122.00448693780024, 37.37692550050286], [-122.00440627682849, 37.3769518281838], [-122.00409200316976, 37.37704352721948], [-122.00403950795153, 37.377058843942955], [-122.0040373863491, 37.3770836393528], [-122.00403339282676, 37.37713032064462], [-122.00400679873714, 37.37744379865879], [-122.00397300870111, 37.37784210927386], [-122.00383679535645, 37.3794474958704], [-122.00334879275867, 37.38043045389985], [-122.00320034098722, 37.38057942148712], [-122.00314587605173, 37.38063407544692], [-122.0031438966635, 37.38063975575983], [-122.00276384876472, 37.38172685065546], [-122.00269877969721, 37.38191300249664], [-122.00216562894792, 37.383437977511505], [-122.0020260433507, 37.38383718370892], [-122.00199885183227, 37.38391886936981], [-122.00197889549098, 37.383989523768065], [-122.00166388739372, 37.38492793927846], [-122.00161746511388, 37.385066224000134], [-122.00132169223798, 37.38594771748454], [-122.0013215089391, 37.38594826234467], [-122.00132111458473, 37.38594903880763], [-122.00132094423775, 37.385950059327584], [-122.00132051000486, 37.38595267201528], [-122.00130422038045, 37.38605077719603], [-122.00129387521251, 37.38611307158044], [-122.00129264011456, 37.38612050865131], [-122.00129582697437, 37.38620699965001], [-122.0013004643378, 37.38626267047298], [-122.00130301612597, 37.38629330874008], [-122.00128214005, 37.386293735498484], [-122.00120826869019, 37.38629523717651], [-122.00120653588469, 37.38630050155178], [-122.00120646237849, 37.38630072148071], [-122.00119657427582, 37.38633076019325], [-122.00118632744918, 37.38636188762239], [-122.00118229605184, 37.38636196986749], [-122.00112522871017, 37.38636312932056], [-122.0011227938891, 37.386363248802965], [-122.00112158202747, 37.38636335984066], [-122.00112037424134, 37.38636350507118], [-122.00111917504717, 37.38636368443681], [-122.0011179844268, 37.38636389703642], [-122.00111680352752, 37.38636414375674], [-122.00111563570042, 37.3863644227523], [-122.0011144787053, 37.386364734953126], [-122.00111333818779, 37.38636508028679], [-122.00111221298245, 37.38636545696595], [-122.00111110534746, 37.38636586496171], [-122.00111001641207, 37.386366304259546], [-122.00110894730524, 37.38636677484509], [-122.00110789910178, 37.38636727400092], [-122.00110687522526, 37.38636780348567], [-122.0011058744922, 37.386368360610916], [-122.00110489804972, 37.38636894626314], [-122.00110395037811, 37.386369558582665], [-122.00110303034828, 37.386370197583915], [-122.001102137942, 37.38637086236601], [-122.00110127652859, 37.38637155198442], [-122.00110044496074, 37.38637226555287], [-122.00109964658961, 37.386373001226026], [-122.00109888030406, 37.38637375991927], [-122.00109814943723, 37.386374538886464], [-122.00109745287811, 37.386375339042935], [-122.00109679170136, 37.38637615767134], [-122.00109616816525, 37.38637699474285], [-122.00109558223346, 37.386377848455616], [-122.00109503503523, 37.38637871879507], [-122.00109452427614, 37.38637960398814], [-122.00109405443624, 37.386380502175356], [-122.0010936266628, 37.38638141424305], [-122.00109323749611, 37.386382336630746], [-122.00109289034151, 37.38638327019617], [-122.00109258403364, 37.386384213151715], [-122.00109231966563, 37.38638516368113], [-122.0010920983663, 37.38638612176992], [-122.00109191895228, 37.38638708472976], [-122.00109178255279, 37.38638805254602], [-122.0010916891315, 37.386389023416974], [-122.00109163979953, 37.38638999642715], [-122.00109163226222, 37.38639096980354], [-122.00109166764884, 37.38639194353161], [-122.00109174816323, 37.386392914879764], [-122.00109187041808, 37.386393883891245], [-122.00109203550635, 37.38639484874973], [-122.00109224340977, 37.38639580855425], [-122.00109249296307, 37.38639676151738], [-122.00109278527734, 37.3863977067236], [-122.00109311920522, 37.386398643286554], [-122.00109349471064, 37.386399569404325], [-122.00109391066437, 37.38640048509133], [-122.0010978247533, 37.386409623474215], [-122.0010994789546, 37.386414268636756], [-122.00110092849303, 37.38641895787358], [-122.00111018010288, 37.38645135511152], [-122.00112615380395, 37.38650728816813], [-122.00113187119508, 37.38652730780678], [-122.00112656203879, 37.386543436685805], [-122.0010936914884, 37.38664328788385], [-122.00107597779967, 37.386697094574245], [-122.0010861932409, 37.38673288415427], [-122.00108962917972, 37.38674492236289], [-122.00110157109788, 37.38678676022557], [-122.00111656515551, 37.3868392966395], [-122.0010464571276, 37.38685195807614], [-122.00104776556344, 37.38685653827378], [-122.00102619448955, 37.38686043533191], [-122.00102481059889, 37.38685558484313], [-122.00102374044066, 37.38685577877736], [-122.00101765923222, 37.38685687585261], [-122.0009876643835, 37.38694164041853], [-122.00097783208301, 37.386970924103146]]]]}}, {"type": "Feature", "properties": {"TRUSTEE_AREA": 3}, "geometry": {"type": "MultiPolygon", "coordinates": [[[[-122.12372278324578, 37.34222239702748], [-122.12344865879143, 37.34216395526522], [-122.12344451127042, 37.34216307396062], [-122.12277664182086, 37.3420206724125], [-122.12271039377518, 37.342006550797684], [-122.12178712704693, 37.341809651375975], [-122.12067567767319, 37.34156661257295], [-122.11968862338423, 37.341356134475596], [-122.11857524532721, 37.34111868920876], [-122.11815930386356, 37.34102998539035], [-122.11756179674371, 37.340897501897594], [-122.117023772429, 37.34077259519866], [-122.11657432812959, 37.34067368151828], [-122.11543925343135, 37.340426724993065], [-122.11535359828906, 37.34040808799362], [-122.11477100281652, 37.34028101851138], [-122.11465516313004, 37.34025575301049], [-122.11463219906197, 37.340250744228406], [-122.1140776364255, 37.34011630090874], [-122.11399958552106, 37.34009873237817], [-122.11399071823213, 37.34009673597319], [-122.11398844922368, 37.33979476818194], [-122.11398168501103, 37.3388946883549], [-122.11397739112847, 37.33832318325315], [-122.11397461627402, 37.33795381978274], [-122.11397424527239, 37.337932696571734], [-122.11396785919314, 37.33754678035411], [-122.1137383809975, 37.3375248049368], [-122.11356272625648, 37.337466197395905], [-122.1132831445369, 37.337412727974524], [-122.1129699246593, 37.33747336733018], [-122.11287401690248, 37.33749193503111], [-122.11252362535058, 37.337559769933], [-122.11207730870844, 37.337465099519086], [-122.11189315185939, 37.33744554246381], [-122.11169564020076, 37.337491339574726], [-122.11142541082067, 37.337614911159925], [-122.11099214351499, 37.3378647909994], [-122.11061182743083, 37.33780093307244], [-122.11029162119533, 37.33783786141148], [-122.10996295373707, 37.33780671397599], [-122.10981415048981, 37.33777370252737], [-122.1097327649775, 37.3377556474604], [-122.10951300085709, 37.33778263236469], [-122.10933212180541, 37.33780484872853], [-122.10887522436283, 37.33767135142377], [-122.10832578789281, 37.33745259594469], [-122.10799133799381, 37.337295164489895], [-122.10766470701626, 37.33726258693764], [-122.10749088214787, 37.337162192308526], [-122.10735881726345, 37.33699339965041], [-122.10711381170269, 37.33686110940479], [-122.10690637008125, 37.33679450439919], [-122.10654427273349, 37.33666954151362], [-122.10631567758608, 37.336608397042724], [-122.10623346917062, 37.336634291728046], [-122.10614034977742, 37.33703677214041], [-122.10626527571068, 37.33756967084164], [-122.1062961857865, 37.3376003691347], [-122.10671001622025, 37.33801136150491], [-122.10674810298455, 37.338022719106036], [-122.10699299085334, 37.33826804554203], [-122.10701227049084, 37.33828735310771], [-122.10702437438785, 37.33829948131053], [-122.10707016779398, 37.3383453650532], [-122.10737843453016, 37.338654189601215], [-122.10730452385309, 37.338635268185605], [-122.10729356611184, 37.338632463076195], [-122.107253256765, 37.33862215107912], [-122.10724643333685, 37.33862040460438], [-122.10713780999929, 37.338592570805936], [-122.10702734239591, 37.33856426006246], [-122.10658913065885, 37.338475774390496], [-122.10556342842473, 37.33826862904257], [-122.10554829714515, 37.33826557333856], [-122.10535566885636, 37.338226689033554], [-122.10523729781404, 37.33820276399591], [-122.10500326420204, 37.33815551893711], [-122.10432748485756, 37.33802445167637], [-122.10345842082914, 37.337855853059985], [-122.10274824432628, 37.33771812860931], [-122.10199328590171, 37.33772327813484], [-122.10105080778297, 37.33772967968697], [-122.10097397848146, 37.33773019963901], [-122.10096123228784, 37.337730285345295], [-122.10087882085602, 37.33773086100659], [-122.10003839492727, 37.33777440879743], [-122.10087882085602, 37.337730861006634], [-122.10096123228784, 37.337730285345295], [-122.10097397848146, 37.337730199638976], [-122.10105080778297, 37.33772967968701], [-122.10199328590171, 37.33772327813479], [-122.10274824432628, 37.33771812860931], [-122.10257666703491, 37.33768483416709], [-122.09874523893234, 37.3345348597075], [-122.09873395545567, 37.334525582727174], [-122.09730486641972, 37.333350820926924], [-122.09729815512895, 37.33334530389705], [-122.09649736473963, 37.33268689784282], [-122.09619193941356, 37.33243667537255], [-122.09617450850375, 37.332460742236215], [-122.09615757166718, 37.33248514480246], [-122.09614269017597, 37.332507508100555], [-122.09614118459955, 37.33250977021543], [-122.09613782759521, 37.332515034435595], [-122.09612531855463, 37.332534639188424], [-122.09611000227848, 37.332559729579245], [-122.09609523397468, 37.33258501924456], [-122.09608101543962, 37.33261050675596], [-122.09606737452121, 37.33263619282708], [-122.09605428247345, 37.33266207745826], [-122.09604173839779, 37.332688137077945], [-122.0960297988882, 37.332714349543494], [-122.0960184100458, 37.33274073699718], [-122.0960076239728, 37.33276727658229], [-122.09599741551654, 37.332793968298226], [-122.09598781252463, 37.33282079000278], [-122.09597872696204, 37.33284774169541], [-122.09597027561006, 37.33287482194783], [-122.09596242792603, 37.3329020079028], [-122.09595515696007, 37.332929300989115], [-122.0959484887638, 37.33295670049181], [-122.09594242603184, 37.332984183554686], [-122.09593696517089, 37.3330117266063], [-122.09593208012996, 37.33303937607448], [-122.09592782750306, 37.33306708553123], [-122.09592417764536, 37.333094832834284], [-122.09591929889055, 37.33314290113578], [-122.09591627785468, 37.33316116289663], [-122.09591313195315, 37.333177641833785], [-122.09590964289525, 37.33319412433858], [-122.09590577834173, 37.3332104754143], [-122.09590156883496, 37.333226830057356], [-122.09589701527378, 37.3332431218413], [-122.09589208711512, 37.33325935005167], [-122.09588681310507, 37.33327546826092], [-122.09588119324357, 37.333291522182506], [-122.09587519878498, 37.333307512530695], [-122.09586888811927, 37.333323416448806], [-122.09586220285613, 37.333339233222716], [-122.09585517174169, 37.3333549399961], [-122.09584782172536, 37.333370560339304], [-122.09584012585786, 37.33338604711132], [-122.09583208324045, 37.333401448167585], [-122.09582372441643, 37.333416737795254], [-122.0958150179441, 37.333431895994174], [-122.09580599436696, 37.333446943478215], [-122.09579662403998, 37.333461858105935], [-122.09578693481109, 37.333476639876544], [-122.09577692757854, 37.3334912895047], [-122.09576660234272, 37.33350578127696], [-122.09575595820505, 37.33352014162139], [-122.09574499516539, 37.33353434625275], [-122.09573374196994, 37.33354839374254], [-122.09572217166914, 37.3335623090902], [-122.09571030941622, 37.33357602158378], [-122.09569812915953, 37.33358957836449], [-122.09568565784888, 37.33360295514765], [-122.09567295477282, 37.33361617693271], [-122.0956598735062, 37.33362921872025], [-122.09558002945089, 37.33370401449548], [-122.09553122398384, 37.333747666817494], [-122.09548145821825, 37.333790623419894], [-122.09543076000128, 37.33383288287588], [-122.09537912933371, 37.33387442304429], [-122.09532662460532, 37.33391526463994], [-122.0952732422231, 37.333955340523275], [-122.09524449883116, 37.33397328923752], [-122.09523091271203, 37.333981416834675], [-122.0953283831076, 37.337489461415295], [-122.09534109062264, 37.337946809765626], [-122.09431394629792, 37.33798255594027], [-122.09394287656245, 37.33800071936387], [-122.09389923102238, 37.338002847036094], [-122.0932184321048, 37.33802391518354], [-122.09289607350928, 37.338034203563126], [-122.09279798561329, 37.337735029375914], [-122.09273161718829, 37.33776594040388], [-122.09259678097587, 37.33782870734295], [-122.09257343015148, 37.33801091339448], [-122.09263027192856, 37.338120840337155], [-122.09251918714737, 37.33837400857585], [-122.09259480280538, 37.338549627494245], [-122.09261059606615, 37.3387095096356], [-122.09261455941518, 37.33886582106804], [-122.09234802210983, 37.33899348713067], [-122.09233282080102, 37.339170683720425], [-122.09224147650693, 37.33931847006471], [-122.0921069493134, 37.339394577176776], [-122.09220102891207, 37.339829844930385], [-122.09225002660672, 37.339891173174045], [-122.09228571037444, 37.33993583607911], [-122.09231260323128, 37.33996949590085], [-122.09239914061925, 37.34001586285761], [-122.09238219479418, 37.34008838253487], [-122.09236474770904, 37.34016310546185], [-122.09242025190231, 37.340206411219484], [-122.09221008927636, 37.340207931744246], [-122.09217268880408, 37.340382210094376], [-122.09201090852856, 37.34043049083881], [-122.09200006586374, 37.340440052567864], [-122.09186821294992, 37.3405563401816], [-122.09201770156047, 37.34067523160594], [-122.09213781165849, 37.340918766018945], [-122.09206149169817, 37.34095187189068], [-122.09201262244481, 37.34104964462534], [-122.09197929763896, 37.34112829181016], [-122.09208995298415, 37.34124655454976], [-122.09211964408759, 37.34132500870094], [-122.09218921050895, 37.34134423478057], [-122.09220298256096, 37.341500686425164], [-122.09168730117936, 37.341297413673395], [-122.09153083710696, 37.34157927595677], [-122.09149984343141, 37.34163510921588], [-122.09141761164618, 37.34178324423465], [-122.0912150442343, 37.34214815590977], [-122.09107328113153, 37.34205167369768], [-122.0906015516323, 37.34169516965962], [-122.09044487020473, 37.34164396081242], [-122.09028074174479, 37.34159035867748], [-122.09019360608899, 37.34145392315786], [-122.08984734424557, 37.34128472018342], [-122.08953555793693, 37.34115247570126], [-122.0893963137067, 37.34108260241993], [-122.0892174501865, 37.34100200398838], [-122.08910611031799, 37.34094873707125], [-122.08888733735392, 37.340838371453465], [-122.08836479285135, 37.34057472844708], [-122.0879859931374, 37.34038362034541], [-122.08785903873385, 37.340519570709716], [-122.08781545428232, 37.34049365450037], [-122.08753693438385, 37.34032783111652], [-122.08727496683929, 37.34017187766809], [-122.08701297144715, 37.34001592461002], [-122.08675100569921, 37.33985996979965], [-122.08648901210346, 37.33970399252503], [-122.08622704905052, 37.339548059921725], [-122.08593750233445, 37.33937565227565], [-122.08571892071375, 37.33924552565039], [-122.0854319602467, 37.33907466144159], [-122.08511805751364, 37.338887816969574], [-122.08498612017999, 37.338809255275564], [-122.08465044228903, 37.338609404931205], [-122.08413440069475, 37.338302186582666], [-122.08392648207412, 37.3381783889715], [-122.08358372546029, 37.33797432802058], [-122.08327653763253, 37.33779143977015], [-122.08298302665199, 37.33761667470896], [-122.08226817355533, 37.337191064792016], [-122.08152786400576, 37.336750274936], [-122.08114110522396, 37.336519995401524], [-122.08104093949831, 37.336460343578224], [-122.08102085317277, 37.336448383638334], [-122.08056624195756, 37.336177684943216], [-122.08023694659545, 37.33598162737478], [-122.07989313176608, 37.335780797417556], [-122.0795573595517, 37.33558466595915], [-122.07908635857694, 37.33530952865615], [-122.07883638982669, 37.33516353574228], [-122.07865608715353, 37.335549518474416], [-122.07883638982094, 37.33516353574509], [-122.07905620007593, 37.334925626004534], [-122.07801170271438, 37.334310365746006], [-122.07738213569378, 37.33429753165063], [-122.07728755908047, 37.33425121424947], [-122.07709125196475, 37.334154969799116], [-122.07688816717523, 37.33405540455821], [-122.0766404756512, 37.33393398415552], [-122.07584407333175, 37.33339362353895], [-122.07581038224457, 37.33337076391367], [-122.07608105078823, 37.333397506931576], [-122.07635049886531, 37.333431204687614], [-122.07661844631039, 37.33347182214391], [-122.07688461451721, 37.333519317067626], [-122.077148726728, 37.33357364007487], [-122.07741050832104, 37.33363473468194], [-122.07766968709602, 37.33370253736408], [-122.07792599355696, 37.33377697762145], [-122.0781791611921, 37.33385797805234], [-122.07842892675089, 37.333945454433675], [-122.07867503051762, 37.33403931580845], [-122.07891721658115, 37.33413946458025], [-122.07915523310113, 37.33424579661467], [-122.07938883256946, 37.33435820134751], [-122.07961777206776, 37.33447656189967], [-122.07984181351978, 37.33460075519853], [-122.0800607239388, 37.33473065210598], [-122.08027427566998, 37.334866117552465], [-122.08048224662699, 37.3350070106774], [-122.08287778361446, 37.33668306854102], [-122.0831625957988, 37.33688396643214], [-122.0835107350414, 37.33712374061081], [-122.08386273408786, 37.33735989572305], [-122.0842185339516, 37.33759239217075], [-122.084578075007, 37.33782119096878], [-122.08566161099108, 37.338448684154784], [-122.08664006926381, 37.33900353930331], [-122.08804592160294, 37.33979759316957], [-122.08838817678604, 37.339987027017834], [-122.08873341921235, 37.34017297407503], [-122.08956776439615, 37.34057420073875], [-122.08962817161316, 37.34044152508249], [-122.08967218637123, 37.34034485214165], [-122.0898685239717, 37.339942497308634], [-122.08993973790233, 37.33996671104289], [-122.08995308057663, 37.33997124982293], [-122.08995856658719, 37.33997311604326], [-122.08997238536858, 37.33997777838031], [-122.08998602808019, 37.33998238072403], [-122.09011808758842, 37.34002728569719], [-122.09010199069046, 37.33992812178129], [-122.0901004689455, 37.33991874925069], [-122.0900899748354, 37.339854019264514], [-122.0903473106959, 37.339750449904045], [-122.09048928852238, 37.33961207269378], [-122.09052127125949, 37.33940681436158], [-122.09042988390472, 37.33903017693609], [-122.09061326606405, 37.33809100564248], [-122.09061342237102, 37.33809020285477], [-122.09068440817285, 37.337726789899975], [-122.09072943714378, 37.33749610556502], [-122.09077183045645, 37.33727900877769], [-122.09084281356351, 37.336915458336215], [-122.09090484854825, 37.336597582383696], [-122.09086323769544, 37.33656878286976], [-122.09084042767888, 37.336552996057364], [-122.09053800182261, 37.33634382958836], [-122.09045449624948, 37.33628608822101], [-122.09033421186577, 37.3361543377773], [-122.09027130915179, 37.33608541979388], [-122.09020578246165, 37.3359954801283], [-122.0900833789565, 37.335827498374144], [-122.08993546420345, 37.33562447456537], [-122.08983753169672, 37.33549766270541], [-122.08978989764357, 37.33544428618011], [-122.08961845152396, 37.3352522936527], [-122.08952512377823, 37.33514778296623], [-122.08942591296041, 37.335098242437915], [-122.08931218537063, 37.335041413640155], [-122.08919941449071, 37.33494607010605], [-122.08905541099277, 37.33482434616376], [-122.08904840413979, 37.334776622493926], [-122.08902574954735, 37.334622555316166], [-122.08889462159388, 37.33455900356713], [-122.08865174503859, 37.334441250982245], [-122.08864511187986, 37.33443806824569], [-122.08849511213192, 37.33428233970992], [-122.08831017242052, 37.33409043635144], [-122.08811374325963, 37.333886602869036], [-122.08799622478713, 37.333764632933224], [-122.08796699363162, 37.33359099134844], [-122.08795258646286, 37.333505278591296], [-122.08770898228524, 37.33327083564093], [-122.08751050855763, 37.33307982610819], [-122.08745849431004, 37.33311427183803], [-122.08729625052719, 37.332954152065916], [-122.08689212276727, 37.33321522181274], [-122.08736037667347, 37.333677358230716], [-122.08716737276227, 37.333704831017094], [-122.08681137585324, 37.33375552525574], [-122.08655169449925, 37.33379250701503], [-122.08591217944318, 37.33388356923409], [-122.08582526565445, 37.333895939562176], [-122.08582296057773, 37.33389626812318], [-122.08571560293275, 37.33391156907108], [-122.08535683112804, 37.33396263958709], [-122.08463146858378, 37.33406240987782], [-122.08442878630133, 37.3334091071706], [-122.08437751409073, 37.33318654939513], [-122.08437034553924, 37.333155377196896], [-122.08436142527411, 37.333116614427006], [-122.08436074614828, 37.33311366377285], [-122.08435089612748, 37.3330709453457], [-122.08434750588776, 37.33305622206447], [-122.08434391801875, 37.3330406416544], [-122.08396476902239, 37.331394579853544], [-122.08327453867895, 37.331552284316885], [-122.08318066474358, 37.331573743601126], [-122.08317269489135, 37.331575565743655], [-122.08317152618339, 37.331575834314854], [-122.08286696684934, 37.33118056250988], [-122.0828487849534, 37.33115696595034], [-122.0828169854966, 37.331115694857566], [-122.08282057671272, 37.33111329016362], [-122.08282677561026, 37.33110914295478], [-122.0828970038236, 37.331062170276624], [-122.08680467026454, 37.328447401155195], [-122.08940831603746, 37.326705151394144], [-122.08914565820247, 37.32649045313721], [-122.08861929905422, 37.32606024263923], [-122.08484013677932, 37.3249583974098], [-122.08441605896172, 37.32472572787865], [-122.08302468831421, 37.323962353039725], [-122.08263384686371, 37.32374791649125], [-122.08254879067957, 37.323701246641534], [-122.08245694172166, 37.32370743249469], [-122.0820981922704, 37.32373154989328], [-122.08191511564246, 37.32373926425708], [-122.08190981198966, 37.323739339978985], [-122.08182040447967, 37.32373907637359], [-122.08178069625528, 37.323738106983804], [-122.08174101228546, 37.323736624683406], [-122.08173116360712, 37.32373613034543], [-122.08172333074852, 37.32373573744675], [-122.08163985391553, 37.32373046474712], [-122.08163203318391, 37.32372986897028], [-122.08154332371109, 37.32372157534857], [-122.08149388776644, 37.32371574611141], [-122.0814863434461, 37.32371480007108], [-122.08137901297346, 37.32369916275071], [-122.07981167724218, 37.32344151041306], [-122.07980079557737, 37.32343972149435], [-122.07863311583978, 37.32324775118067], [-122.07768462553169, 37.32418260168358], [-122.07816943682916, 37.32645212388019], [-122.07776150168613, 37.32683959197844], [-122.07770220752072, 37.32689592013259], [-122.07685873532535, 37.32769718188343], [-122.07652832141599, 37.32801108527657], [-122.07619110576204, 37.328331441430635], [-122.07594189887185, 37.32856813908196], [-122.07562620416418, 37.3281625295917], [-122.07549279691635, 37.32799113362214], [-122.07538891144058, 37.327857614351174], [-122.07497025852484, 37.32760432760894], [-122.07418116438593, 37.32799511878716], [-122.07291604857248, 37.326360649214735], [-122.07362177634852, 37.3255981217724], [-122.07327871533751, 37.32559597578921], [-122.07297065613943, 37.32559406874534], [-122.07251624965974, 37.32559126326325], [-122.07229270222346, 37.325589868027556], [-122.07229590294536, 37.32490688714314], [-122.07220988737173, 37.32490608647299], [-122.07221137257407, 37.32471590397793], [-122.07221964953703, 37.323655986225155], [-122.07222137553431, 37.32343289457585], [-122.07222372130403, 37.32340934109976], [-122.07223031358086, 37.3233863072387], [-122.07387285499254, 37.323372195907936], [-122.07394033193489, 37.323372457369864], [-122.07395332426688, 37.32337249737521], [-122.07404570340346, 37.323372781698644], [-122.07559372498208, 37.32338364513734], [-122.07564708310858, 37.323352013826586], [-122.0757679891482, 37.32328996415668], [-122.07589198449281, 37.32323193202535], [-122.07601885893723, 37.323178016023896], [-122.07628038543699, 37.32308288748661], [-122.07625449061014, 37.32303200671274], [-122.07637986037474, 37.32299499821626], [-122.0765068758523, 37.322961756562364], [-122.07663535558314, 37.322932327475435], [-122.0767651234972, 37.32290675239368], [-122.07689599633878, 37.322885067753724], [-122.0770277935461, 37.32286730213346], [-122.07716033006642, 37.322853481967584], [-122.07729341905001, 37.32284362654584], [-122.07742687724068, 37.32283774801429], [-122.07756051599232, 37.32283585637503], [-122.07769415115024, 37.32283795305722], [-122.07796065969333, 37.322854095667196], [-122.07811642484327, 37.32287179130269], [-122.07842536799394, 37.32291932396188], [-122.07891352236985, 37.322536838931924], [-122.07905495132259, 37.3224259969471], [-122.07907068351719, 37.322413652586], [-122.07912544944817, 37.32237350915091], [-122.07918279415503, 37.3223314753804], [-122.07954543592885, 37.3220347682964], [-122.07955820188657, 37.32202432411256], [-122.08165386711478, 37.32030966662586], [-122.08161291472747, 37.32027680597249], [-122.080943791274, 37.31973989180894], [-122.0805039393856, 37.31938694676172], [-122.07984577447787, 37.31885876557888], [-122.07971332420819, 37.31876209842749], [-122.0784414879277, 37.31783370137748], [-122.07781869506891, 37.31737908250778], [-122.07766693282404, 37.3172470795778], [-122.07757645632748, 37.31716992052892], [-122.07757640347475, 37.31584357519911], [-122.07757036236258, 37.31532928360162], [-122.08581292037988, 37.3153504894838], [-122.08656921729319, 37.315352435672196], [-122.08650085672697, 37.31222281473242], [-122.08650053965343, 37.31220829884904], [-122.08642246299046, 37.30863362393049], [-122.08153976173134, 37.308621051172985], [-122.0775697297984, 37.308610828482195], [-122.07756985652202, 37.30806154505033], [-122.07544003844181, 37.30805593671554], [-122.07373571721327, 37.3080514487612], [-122.0727466659469, 37.30804884430431], [-122.07179890124445, 37.308046319160624], [-122.07173616291443, 37.30804614838853], [-122.07173257055176, 37.30805103277467], [-122.07165288798922, 37.30815323187829], [-122.07156677990129, 37.308252049700506], [-122.07147447066102, 37.30834722872173], [-122.07137620080432, 37.30843852090408], [-122.0712661922221, 37.30853556428288], [-122.07101547872769, 37.308756798196164], [-122.07092457497392, 37.30884113687315], [-122.07083904512179, 37.30892898884324], [-122.07078886074001, 37.30898329447119], [-122.0707255558145, 37.30905661172143], [-122.07066809777805, 37.309132939501964], [-122.07061671029449, 37.309211980719816], [-122.07060554423508, 37.309230907777916], [-122.0705947240269, 37.30924996201171], [-122.0705558251759, 37.30932581593481], [-122.07052420000814, 37.30940095069138], [-122.07049858143954, 37.3094775314434], [-122.07047907186964, 37.309555252146865], [-122.07046574928506, 37.30963380220118], [-122.0704527120263, 37.309733321192816], [-122.07043658276396, 37.309856436876], [-122.07042393284975, 37.30992206619286], [-122.0704033961425, 37.3099864106996], [-122.07037516514964, 37.31004886717941], [-122.07033950451282, 37.31010885011393], [-122.07030207004502, 37.31015935307172], [-122.07025936670571, 37.31020711454407], [-122.07021578904961, 37.31024825270314], [-122.07016830125086, 37.31028653020528], [-122.07011719664264, 37.310321710604924], [-122.0697016162626, 37.310585781230124], [-122.06966824195815, 37.31060945883086], [-122.06963827122749, 37.31063588197943], [-122.06961205603014, 37.310664740380446], [-122.06958820039783, 37.310698461962794], [-122.06956946869785, 37.31073418824273], [-122.06955278248978, 37.31077209017282], [-122.06954635773637, 37.31080319306251], [-122.06952675020285, 37.31088124602591], [-122.06950014572246, 37.31095886091163], [-122.06946685142982, 37.311034811013904], [-122.06944696542247, 37.31107936974795], [-122.0694303672485, 37.31112477912218], [-122.06936520793703, 37.31132445533941], [-122.0693564547525, 37.31134027602956], [-122.06934712305284, 37.311357133423776], [-122.0691884904178, 37.31190675429133], [-122.06918587002951, 37.311933501287555], [-122.06918504447702, 37.311941937063686], [-122.06877876423303, 37.313289997192534], [-122.06857267269076, 37.314016256846884], [-122.06857476392466, 37.31440951058266], [-122.06857546729069, 37.314541327012876], [-122.06858095408444, 37.31557565226399], [-122.06858281536263, 37.315852785059676], [-122.0685848760638, 37.316155805723405], [-122.0685871703228, 37.3164959376242], [-122.06858906932972, 37.316777569342456], [-122.06859218187167, 37.317854456614626], [-122.0685961568326, 37.31860507497369], [-122.06860040218106, 37.31940372006442], [-122.06860265959968, 37.31982846126497], [-122.06860748256457, 37.320629050784056], [-122.06861548999764, 37.32195827276232], [-122.06871250620995, 37.322202382920146], [-122.06871506631154, 37.32306854746849], [-122.06871564931734, 37.32307449099884], [-122.06852310624505, 37.32307503176058], [-122.06719541262463, 37.323078490629364], [-122.06710200429889, 37.323079906152124], [-122.06700869782055, 37.32308366548695], [-122.06687573636057, 37.32308897893698], [-122.06674262944921, 37.3230908634246], [-122.06507339551129, 37.3230930499817], [-122.06401854805071, 37.32308451965678], [-122.06392669712343, 37.32308375384938], [-122.06387036737407, 37.323082033651055], [-122.06378675467845, 37.32307470222973], [-122.06370421976247, 37.323061742359464], [-122.06362335559412, 37.32304324714988], [-122.06354474313686, 37.32301934947898], [-122.06346894717538, 37.3229902210383], [-122.06325172470122, 37.32289750536518], [-122.0632034833835, 37.322876907264224], [-122.06318795331183, 37.32287026935122], [-122.06282942407194, 37.32274597267048], [-122.0627883924336, 37.32272948561861], [-122.06274995801199, 37.322709399359354], [-122.0627146137001, 37.322685971485306], [-122.06268281276114, 37.32265950244273], [-122.06263495861968, 37.32261484069467], [-122.06252494824822, 37.32264620299412], [-122.06203399295288, 37.32278620019019], [-122.06193201531586, 37.32281383769869], [-122.06182906839696, 37.32283892489992], [-122.06172514950148, 37.32286141393429], [-122.06162040235972, 37.32288128265853], [-122.06160320860748, 37.322884097983184], [-122.06151494105768, 37.32289855250565], [-122.06140882218916, 37.32291315061232], [-122.06066905246749, 37.32300552615905], [-122.06031148980055, 37.323006584111525], [-122.06018952914624, 37.32300694485838], [-122.058473610668, 37.32301199602696], [-122.05749619078564, 37.323014873428406], [-122.05734030436125, 37.32301531989687], [-122.05709285896245, 37.32301114654619], [-122.05684567138057, 37.32300138398616], [-122.05664326301292, 37.32298878681776], [-122.05658371370217, 37.32298499280844], [-122.05558537296608, 37.32291703778949], [-122.05557188835745, 37.322916392714134], [-122.05486494218697, 37.322882604474394], [-122.05447549292565, 37.32288337667902], [-122.05335538736011, 37.32288587045933], [-122.05284783211596, 37.322874812714204], [-122.05284293629843, 37.32287470484424], [-122.05284281322878, 37.322878238825076], [-122.0529764654207, 37.323185831688605], [-122.0539461864851, 37.32549097467413], [-122.05451241507167, 37.3265028892102], [-122.05519673257751, 37.32748610999808], [-122.0556676904009, 37.32805086012053], [-122.0563105704634, 37.3286947005194], [-122.05666066091332, 37.328976223690695], [-122.05843936696876, 37.330406539799064], [-122.05875221776901, 37.33064547532062], [-122.06030781560578, 37.331836135114486], [-122.06071081861172, 37.332143700613464], [-122.06085185228143, 37.332251335454835], [-122.0608485859807, 37.332491475786526], [-122.06107319937931, 37.332557511123795], [-122.06129657393366, 37.3326261740658], [-122.06335434526248, 37.33334524362695], [-122.06129657393366, 37.33262617406585], [-122.06107319937931, 37.33255751112386], [-122.0608485859807, 37.33249147578666], [-122.06064963612708, 37.332435464810914], [-122.06044979515237, 37.332381514867066], [-122.05903140228841, 37.331995617885056], [-122.05896163105122, 37.33197663512538], [-122.05728291993174, 37.33159159675923], [-122.05708760915559, 37.33154680888104], [-122.0568285072298, 37.33148368120514], [-122.05657214173777, 37.33141379231208], [-122.05631878930494, 37.33133721761602], [-122.05606872330289, 37.33125403974523], [-122.05582221355446, 37.331164348452916], [-122.05557952604234, 37.33106824052023], [-122.0553409226218, 37.33096581965182], [-122.0551066607382, 37.33085719636381], [-122.05487699314892, 37.3307424878645], [-122.05465216765064, 37.33062181792778], [-122.0544324268117, 37.33049531675951], [-122.0542180077105, 37.33036312085688], [-122.05400914167959, 37.33022537286114], [-122.05384307106931, 37.33010902494489], [-122.05258449560954, 37.33014676701427], [-122.05280261366757, 37.33056434955748], [-122.05336854490375, 37.33164778359521], [-122.0533769980474, 37.33166396286538], [-122.05332297427061, 37.331682947124], [-122.05325100215636, 37.33170954064957], [-122.05322349754199, 37.331720005629045], [-122.05318971370428, 37.33173329417254], [-122.05304092026871, 37.331795520956085], [-122.05289565741249, 37.33186285734919], [-122.05278440168269, 37.33191915109185], [-122.05267561832316, 37.33197844599256], [-122.05256943424645, 37.332040672877994], [-122.05100951617274, 37.33299839152103], [-122.05097735109828, 37.333018139000856], [-122.05097563980779, 37.33301908898261], [-122.05086062662856, 37.33308051663822], [-122.05074288558764, 37.33313855569274], [-122.05062257318892, 37.333193128996406], [-122.05049837804872, 37.3332447508359], [-122.05037188575416, 37.33329268458426], [-122.05024326800113, 37.333336865176406], [-122.05011269937158, 37.33337723264173], [-122.04846872689983, 37.33386645209377], [-122.04770799589124, 37.33397165590862], [-122.04730535396752, 37.33402733837351], [-122.046846710179, 37.33408386647883], [-122.04638597691083, 37.334128082103064], [-122.04592692978164, 37.33415968456379], [-122.04482521811637, 37.334167717780716], [-122.0448241131887, 37.33416772563751], [-122.0448142937058, 37.33416779563438], [-122.04369743105727, 37.33417574885211], [-122.04369031729959, 37.334175798135796], [-122.0436865973311, 37.33458251655917], [-122.04368671857482, 37.33484236644254], [-122.0436865973311, 37.3345825165593], [-122.04369031729959, 37.334175798135796], [-122.04152411475918, 37.33419086388849], [-122.04144359259301, 37.334191432268796], [-122.04144207035374, 37.33419145224665], [-122.04136242611722, 37.33419201455124], [-122.0375714589328, 37.33421872549146], [-122.03256803309685, 37.33425380532458], [-122.03245611111409, 37.33425458743166], [-122.03241591330777, 37.33425486884725], [-122.03231450430721, 37.334255553815595], [-122.03221642176773, 37.33425628663968], [-122.03220859115453, 37.33425634235144], [-122.03206301379471, 37.33425735730505], [-122.02724104402583, 37.33429090433089], [-122.02702887007239, 37.334293184947846], [-122.02680870380898, 37.334295551275346], [-122.02501193157636, 37.334314864018765], [-122.0246969594143, 37.33430823492085], [-122.02438234075747, 37.33429460281637], [-122.02406831978948, 37.33427397828556], [-122.02389057072108, 37.33425917860511], [-122.02371313676308, 37.33424213796625], [-122.02364378863115, 37.33423484250498], [-122.02357371466064, 37.334227148485645], [-122.02356455813444, 37.334226103521736], [-122.02325007597169, 37.33418691558332], [-122.02299242603745, 37.3341493898888], [-122.02273593224014, 37.33410711535061], [-122.0224807318512, 37.334060114593804], [-122.02222696144918, 37.33400841277271], [-122.02197475684638, 37.33395203755764], [-122.02168591765266, 37.33388123365668], [-122.02139955061966, 37.33380429363874], [-122.0211158601682, 37.333721272428896], [-122.02083504880629, 37.333632229293244], [-122.02055731698475, 37.33353722779647], [-122.0202828629537, 37.33343633575647], [-122.02001188262106, 37.33332962519594], [-122.01998322906391, 37.33331953185674], [-122.01980786916363, 37.33325483149041], [-122.01963501556153, 37.333185965179645], [-122.01946482343294, 37.333112994750415], [-122.0192974455626, 37.333035985713046], [-122.01913303220724, 37.33295500720338], [-122.01908302390414, 37.33292928409436], [-122.01813021605926, 37.332941796658226], [-122.01798913117348, 37.3329410480903], [-122.01771585651925, 37.332939597382804], [-122.01755659961638, 37.33293875238664], [-122.01748426638244, 37.332938361674294], [-122.01739063319809, 37.33293785667688], [-122.01737070766967, 37.332937749534565], [-122.01723690901834, 37.332937055251705], [-122.01719000528952, 37.33293679311027], [-122.01701790427688, 37.332935884543005], [-122.01699932622131, 37.3329357816865], [-122.01684580236599, 37.33293495383314], [-122.01667714190036, 37.33293404669468], [-122.01648864124635, 37.33293305241364], [-122.01645420613181, 37.33293244456477], [-122.01645963105392, 37.332960416199896], [-122.01646238169079, 37.33299707408968], [-122.01646468673397, 37.333297089265265], [-122.01647321862691, 37.33602691874425], [-122.01647018403987, 37.33673049023901], [-122.01646601215708, 37.337691706768474], [-122.01483016949174, 37.33769487068054], [-122.01423613614212, 37.337696024115715], [-122.01423703352387, 37.33800984148535], [-122.01424671518672, 37.34139657669857], [-122.01424649149477, 37.341499815278944], [-122.01424583299581, 37.34180421303545], [-122.01423930819617, 37.344820589739584], [-122.01423891201883, 37.3450036836679], [-122.01423800287701, 37.34542402379452], [-122.01424401245542, 37.346767328459805], [-122.0142536377352, 37.3482634474387], [-122.0142672326078, 37.350313344782606], [-122.014267943127, 37.35074362478368], [-122.01426891324175, 37.35133129822836], [-122.01426790354866, 37.35142724580955], [-122.01426456088345, 37.35152315966201], [-122.01425428025976, 37.35167746474206], [-122.01423796263576, 37.35183143786948], [-122.01419521896648, 37.352171406840434], [-122.01418572915628, 37.35225076932126], [-122.0144594547655, 37.352248246463674], [-122.01418572915631, 37.35225076932135], [-122.01413913440443, 37.352640429615114], [-122.01413843102299, 37.352646310822365], [-122.01413801959424, 37.352649750571494], [-122.01413407672361, 37.3526938437939], [-122.01413278420358, 37.35273803717552], [-122.01413304468221, 37.35303242507847], [-122.01413680141718, 37.35320217639078], [-122.01432107557129, 37.35329837953949], [-122.01450233685958, 37.35339816399515], [-122.01468047608456, 37.35350146965117], [-122.01484910857964, 37.35359178628892], [-122.01501282737976, 37.35368769168979], [-122.01517134202162, 37.353789015713645], [-122.01532437127088, 37.353895578606675], [-122.01545490688113, 37.35399403463506], [-122.01558075036439, 37.35409630985564], [-122.0157017264809, 37.35420226186384], [-122.0169839409808, 37.35526370465994], [-122.01737356088594, 37.35558623654665], [-122.01751442387464, 37.35570284418421], [-122.01770024666736, 37.35555839903657], [-122.0177257067176, 37.355538521097834], [-122.01869475977752, 37.35477482739195], [-122.01869481098103, 37.354778951831946], [-122.01869475977752, 37.354774827392], [-122.0177257067176, 37.355538521097834], [-122.01770024666736, 37.35555839903653], [-122.01751442387464, 37.35570284418421], [-122.01751716553224, 37.35570511416942], [-122.01776604192446, 37.355911136279936], [-122.01817566550922, 37.35625089258471], [-122.01834513534119, 37.35639145556479], [-122.01963031517883, 37.35745741583648], [-122.02038897998072, 37.358086002324136], [-122.02226822545258, 37.35964301447659], [-122.0223100141711, 37.35967763724425], [-122.0247939694154, 37.36170646640928], [-122.02492494644704, 37.361813443412885], [-122.02495359012124, 37.361837619389085], [-122.02501356612649, 37.36188823968853], [-122.02503710649381, 37.36171813388649], [-122.02508697917236, 37.36155670637879], [-122.02519210004904, 37.36121644576638], [-122.0252288294739, 37.36109752619136], [-122.02535736494332, 37.36068136438606], [-122.02537533843903, 37.36062623288064], [-122.02541940117527, 37.360510363108574], [-122.02547131181025, 37.36039658303757], [-122.02553091592073, 37.360285231061894], [-122.02559803620443, 37.36017663835288], [-122.02567591998769, 37.36006655686784], [-122.02576152780438, 37.35996019283134], [-122.02585458199272, 37.35985789118594], [-122.02595478074585, 37.35975998369841], [-122.02606179909077, 37.359666787883775], [-122.0261752899423, 37.359578605976004], [-122.02629488522895, 37.35949572394788], [-122.02642019708647, 37.35941841058384], [-122.02655081911587, 37.359346916608445], [-122.02668632770109, 37.35928147387353], [-122.02682628338287, 37.359222294606425], [-122.02697023228359, 37.359169570721896], [-122.02711770757894, 37.35912347319988], [-122.0272682310116, 37.359084151531235], [-122.0274213144419, 37.35905173323296], [-122.0275764614304, 37.35902632343487], [-122.02773316884743, 37.35900800453865], [-122.02784335988446, 37.35899944525441], [-122.02795389036999, 37.358994393485574], [-122.02806458515524, 37.35899285723724], [-122.02895960438515, 37.35899462379883], [-122.03065684509345, 37.358997998401875], [-122.03172137190015, 37.35900090884336], [-122.03217103342875, 37.35900213842613], [-122.03228376659013, 37.35900247331183], [-122.03238889910685, 37.359002747505045], [-122.03356404264439, 37.35900516599084], [-122.03685368888648, 37.35901338250908], [-122.03769434837123, 37.35901970954252], [-122.03784880688067, 37.35902428374707], [-122.0380027116119, 37.35903567382506], [-122.0381555909094, 37.35905384487056], [-122.03830697625939, 37.35907874119668], [-122.03845640372515, 37.35911028650623], [-122.0386034153686, 37.35914838412542], [-122.03874756065325, 37.359192917300085], [-122.03888839782466, 37.359243749553436], [-122.03900805462976, 37.35928691528584], [-122.0391305395156, 37.35932469038015], [-122.03925547168353, 37.35935695739453], [-122.03938246272484, 37.35938361601148], [-122.03951111782833, 37.35940458334981], [-122.03964103700817, 37.35941979422235], [-122.03977181634762, 37.35942920133864], [-122.03990304925517, 37.359432775452106], [-122.04150223796628, 37.359440714763025], [-122.04593586159967, 37.3594568333813], [-122.04639064801643, 37.35945848708527], [-122.04756581670668, 37.35946300834715], [-122.04847868456, 37.359466435710665], [-122.05016964155362, 37.35947278418713], [-122.05036534310183, 37.35947377097735], [-122.05042590571263, 37.3594740765824], [-122.0504259443408, 37.359469206962984], [-122.05043426633219, 37.35946924909064], [-122.05278939263032, 37.359481119847864], [-122.05417400978527, 37.35948808450069], [-122.05426681562166, 37.359488551476566], [-122.05426516721273, 37.35949341252662], [-122.05427992832732, 37.35949348678569], [-122.0542857961218, 37.3594935174889], [-122.05436178100689, 37.3594939130615], [-122.05545255298945, 37.35949407165169], [-122.05822726073386, 37.35950633443196], [-122.05823269733708, 37.35950635870889], [-122.0594630468319, 37.35951179677378], [-122.05952818366292, 37.3595151191136], [-122.05957675735901, 37.35951905051122], [-122.05960716083514, 37.35952070632575], [-122.06005431875774, 37.35954016482774], [-122.06023906445398, 37.35954480239931], [-122.06081824236571, 37.35954881237543], [-122.06137444317305, 37.359549692087356], [-122.06140203509219, 37.35954797122416], [-122.06142893136108, 37.359542764212065], [-122.06145444521943, 37.35953420400519], [-122.06147792520558, 37.35952250917699], [-122.0614987717908, 37.35950797833915], [-122.06152994242497, 37.359536995398834], [-122.06154604023239, 37.35953682546323], [-122.0620232054763, 37.359537588070474], [-122.06209537251908, 37.359563535551516], [-122.06209709728412, 37.359564155320676], [-122.06211971057049, 37.35957228586263], [-122.06212301098117, 37.35956463514357], [-122.06213580748387, 37.35953496833967], [-122.06214818267652, 37.3595062797317], [-122.06231541842529, 37.35940939857485], [-122.06234314941571, 37.35939333381551], [-122.06237036207825, 37.35937756894185], [-122.06266007861387, 37.359209733059046], [-122.06266101647041, 37.35907059984724], [-122.06265792088415, 37.35900106955998], [-122.0626462760584, 37.358700742932676], [-122.06210763824339, 37.35840812516897], [-122.06179855410234, 37.35795633451047], [-122.06156647080145, 37.357856595181275], [-122.0615440237038, 37.35784694855495], [-122.06103172717556, 37.35762678593352], [-122.06101850307891, 37.357621102189874], [-122.06091487169708, 37.35717117545739], [-122.06091699531606, 37.35715338366247], [-122.0609199741319, 37.357128318624554], [-122.06095616189322, 37.356823811624444], [-122.06096266929443, 37.35676888007333], [-122.06083854909038, 37.356768860071384], [-122.06080136962292, 37.356768853642315], [-122.06080139747692, 37.356713892774636], [-122.06081635712748, 37.35663801813622], [-122.06087387624679, 37.35663610092303], [-122.06096272949674, 37.35663313977469], [-122.06112460145243, 37.35611786209365], [-122.0611407738258, 37.356066381758204], [-122.06115330353005, 37.356026569018134], [-122.06120638766832, 37.356015827518256], [-122.06165740386673, 37.35592456148278], [-122.0616912452319, 37.35559425999431], [-122.06152386400585, 37.35524557926111], [-122.0610344269001, 37.3550542328623], [-122.06076092230164, 37.35483167209197], [-122.06067442264478, 37.35476753763294], [-122.06066099103779, 37.35475757856393], [-122.06066320628314, 37.354756278251244], [-122.06068739521675, 37.35474207906288], [-122.06102723235121, 37.35454259321431], [-122.0610876997445, 37.354507098350865], [-122.06117869907497, 37.35445368107731], [-122.06119328232316, 37.354453097684384], [-122.06126187317967, 37.354422432738716], [-122.0612751853126, 37.35441648097857], [-122.06151473183525, 37.35434050477792], [-122.06151960519382, 37.35435038892449], [-122.06154675406809, 37.35440545220827], [-122.06198468888878, 37.35532230792852], [-122.06208402421255, 37.355562705314945], [-122.06217766309845, 37.35580455533331], [-122.06227941753957, 37.35608773243415], [-122.06237336703488, 37.35637262303021], [-122.0624594662927, 37.35665909005137], [-122.06253767379687, 37.356946995667535], [-122.06260795182699, 37.357236201354766], [-122.06267026647656, 37.35752656796206], [-122.06272458766958, 37.3578179557782], [-122.06277088917525, 37.358110224598995], [-122.0628091486206, 37.35840323379466], [-122.06283934750155, 37.35869684237758], [-122.06286147119201, 37.35899090907001], [-122.062875508951, 37.359285292372164], [-122.06287078288831, 37.35952515561674], [-122.06287070653103, 37.35952901203825], [-122.06323267453503, 37.35952966110802], [-122.06345024376925, 37.359529712533124], [-122.0639007272566, 37.359529838232746], [-122.06406028419674, 37.35952986109276], [-122.06418735087448, 37.35952992821963], [-122.06448736747281, 37.35952999892889], [-122.06478706786399, 37.35953009677093], [-122.06508674040784, 37.35953019389898], [-122.06517135450822, 37.35953020961343], [-122.06529814450487, 37.35953023318518], [-122.06538644079922, 37.35953026675034], [-122.06571109009718, 37.35953034888577], [-122.0657135488223, 37.359203028600795], [-122.0657145989682, 37.35906571828071], [-122.06571663008829, 37.35880007077706], [-122.06571844022027, 37.35855946762274], [-122.06572027909829, 37.35831888726052], [-122.06572209012852, 37.35807830755494], [-122.06572392990485, 37.35783772779253], [-122.06572522439653, 37.357662828041505], [-122.06572571129074, 37.35759712512326], [-122.06572757981301, 37.35735654453222], [-122.06572938994503, 37.357115964598385], [-122.06573134830052, 37.35685913079573], [-122.0657292884728, 37.35678167040667], [-122.06863868779553, 37.35678085088884], [-122.06870777362107, 37.35677429452263], [-122.06870491960245, 37.35741126022575], [-122.06870520706191, 37.357424990500775], [-122.0687055035044, 37.35743906422605], [-122.06870591403207, 37.357458630341874], [-122.06870728032558, 37.357851411075245], [-122.06870755431036, 37.35786445650967], [-122.0687078426679, 37.357878186701456], [-122.068708254094, 37.35789775270276], [-122.06870810766658, 37.35791670748495], [-122.06870809778495, 37.35791780638518], [-122.06870809509006, 37.357918145552006], [-122.06878092688885, 37.35791822267277], [-122.06883838043103, 37.35791759075575], [-122.06913353085658, 37.3579143497707], [-122.06941735801972, 37.357911236597104], [-122.06965818014152, 37.357908608250455], [-122.06989900226355, 37.35790595562616], [-122.07018280068044, 37.35790281817515], [-122.07048382878222, 37.357899541487974], [-122.07048648867612, 37.35805332956284], [-122.0704905948482, 37.35829087757033], [-122.0704966099271, 37.35864106645386], [-122.07050071430248, 37.3588786147432], [-122.07050334634884, 37.359032403667996], [-122.07097810231156, 37.3590319017424], [-122.07126566287212, 37.3590315954463], [-122.0715381973151, 37.35903130771381], [-122.07157260817526, 37.35903125844852], [-122.071851250263, 37.35903095572204], [-122.0720551965479, 37.35903073510299], [-122.07214636295892, 37.35903063657413], [-122.07233770678056, 37.35903042952055], [-122.07247457587331, 37.35903028815326], [-122.07279998784097, 37.359029928308196], [-122.07287397128003, 37.35902985191269], [-122.07287488306977, 37.359029851198784], [-122.07294798436342, 37.35902977408925], [-122.07295827815669, 37.35902977266194], [-122.07324256974847, 37.359029459939435], [-122.07328065202258, 37.35902940710423], [-122.07351791501965, 37.35902915292854], [-122.0735732018253, 37.359029097952366], [-122.0738657516283, 37.35902878665849], [-122.07394211560232, 37.35902867741819], [-122.07403261995515, 37.35902858174545], [-122.07408540315689, 37.3590285260551], [-122.07414746146227, 37.35902846036933], [-122.0741546030677, 37.359028478934455], [-122.07441796122158, 37.35902817049453], [-122.07448835948485, 37.35902809481292], [-122.07479298264332, 37.35902775638711], [-122.07482383707365, 37.359027731398406], [-122.0750489422735, 37.35902747722151], [-122.07516791872511, 37.359027342993414], [-122.075317489994, 37.359027164498144], [-122.07541567673798, 37.35902708167792], [-122.07558328617499, 37.35902688890339], [-122.07567717088791, 37.35902679394461], [-122.07583491682466, 37.35902659688503], [-122.07590081363053, 37.35902653476974], [-122.07609543540431, 37.35902632200406], [-122.0761244842213, 37.35902627488061], [-122.07635099528409, 37.35902604569475], [-122.07646856497433, 37.35902590646836], [-122.07660996427018, 37.35902574368074], [-122.07676791142968, 37.35902556518579], [-122.07686813285738, 37.35902545380528], [-122.07702596413426, 37.359025276024425], [-122.07713358408564, 37.35902515607573], [-122.07739163679008, 37.35902486620001], [-122.07766250845195, 37.35902456275882], [-122.0777141229454, 37.35902444066448], [-122.07783050955443, 37.35902455991481], [-122.07783050685936, 37.35902491549906], [-122.07783035683873, 37.35904275111988], [-122.07782996427011, 37.3590866136341], [-122.07782643116995, 37.3593252950936], [-122.07782712017402, 37.35935790517823], [-122.07782654704275, 37.359413536003366], [-122.07782774268325, 37.359565193197525], [-122.07782770043676, 37.35979396114635], [-122.07782656765842, 37.35982178782659], [-122.07782061899219, 37.36002891319682], [-122.07781803632355, 37.360142873498155], [-122.07781527219413, 37.36026452782993], [-122.07781150104167, 37.36049325509027], [-122.0778077936691, 37.36072507045444], [-122.07780941420287, 37.360964712753784], [-122.07780810981974, 37.36122877107706], [-122.07780933511505, 37.36128678171621], [-122.07781245315051, 37.361434384593245], [-122.07782667164386, 37.36178166997135], [-122.07782871706023, 37.36220431518001], [-122.07782947882745, 37.36224035761157], [-122.07783141673738, 37.362404044933385], [-122.07783254263471, 37.36242744901122], [-122.0778341266853, 37.36246038742605], [-122.07782610829396, 37.36273243431215], [-122.07782711439249, 37.36286152348993], [-122.07782514437044, 37.36301262680221], [-122.07782589086644, 37.3630479819903], [-122.07782872502662, 37.363263572737836], [-122.07782934126752, 37.363292749703845], [-122.07782837376836, 37.36341615461355], [-122.0778270128014, 37.3635897850636], [-122.07783597343868, 37.36409405691712], [-122.07783276732322, 37.3643495572463], [-122.07783238013332, 37.36449411543111], [-122.07784416148232, 37.36497880206447], [-122.077845296049, 37.36502545914836], [-122.07784216002112, 37.365113172159475], [-122.07783720120442, 37.36616001578487], [-122.07783719581445, 37.3661611488342], [-122.07794965409111, 37.36616108744195], [-122.07858934520645, 37.366163897621455], [-122.07893415808624, 37.36616538910185], [-122.07925634061081, 37.366166795619385], [-122.07928513789942, 37.36616693412908], [-122.07979794020349, 37.36616915885496], [-122.08026577015615, 37.36617120865801], [-122.08055542738416, 37.36617245453321], [-122.08059308655177, 37.36617263373879], [-122.08059120814377, 37.366449771224765], [-122.08058868383678, 37.36681969204233], [-122.08095523953648, 37.3668212513363], [-122.08110669097864, 37.36682234511914], [-122.08147801134204, 37.366822715685956], [-122.08179116849433, 37.36682302342097], [-122.08192238089651, 37.36682315265563], [-122.08225598729491, 37.36682348038248], [-122.0823808881348, 37.36682360390488], [-122.08237444905377, 37.36644927015603], [-122.08283258618586, 37.36645260863781], [-122.0832065359173, 37.36645531883388], [-122.08321780797583, 37.36645539594168], [-122.08365153519041, 37.366458557360936], [-122.08409897338917, 37.36646180588332], [-122.08420602111377, 37.36646257981709], [-122.08462339809438, 37.366465614864794], [-122.08469390235881, 37.36646612677471], [-122.084968806557, 37.366468088025755], [-122.08503813582514, 37.36646861492871], [-122.08503729231515, 37.36639773426801], [-122.08535067314791, 37.366397846381226], [-122.0856500860786, 37.366397941358734], [-122.08586842427039, 37.3663980099139], [-122.08595288475895, 37.36639803419434], [-122.08604377089571, 37.36639806347288], [-122.08617454851337, 37.36639810346365], [-122.08625918237682, 37.36639812488828], [-122.08629084439254, 37.3663981548766], [-122.08652142841646, 37.36639821700726], [-122.08656198015892, 37.36639823985664], [-122.08675201154205, 37.366398300556206], [-122.0868596458665, 37.366398331977884], [-122.08689408996418, 37.36639834625939], [-122.08701038045358, 37.366397797236644], [-122.08701029511496, 37.36638636539566], [-122.08700542179977, 37.36598829606253], [-122.08700557721615, 37.36591800610638], [-122.08706126377223, 37.36591801467786], [-122.08714639440387, 37.36591848732506], [-122.08775919535339, 37.36592184154848], [-122.08830163936229, 37.36592481736854], [-122.08867866941651, 37.36592687431149], [-122.08914869035988, 37.36592945387872], [-122.08914878377537, 37.36601204104171], [-122.08914895173697, 37.366220777860946], [-122.08914909185488, 37.366393118844904], [-122.08914911700433, 37.3664226701336], [-122.08914911969848, 37.36642953765991], [-122.08914931460903, 37.366643515869065], [-122.08914947897777, 37.3668480857456], [-122.08931051364623, 37.36684803149707], [-122.08969295155788, 37.36684786017606], [-122.08975102673385, 37.36684783376419], [-122.0897918964798, 37.36684781806012], [-122.08986519899605, 37.36684779022124], [-122.09008369439303, 37.36684767957446], [-122.0901071538932, 37.36684766743903], [-122.09019308851684, 37.36684762389422], [-122.09031494586519, 37.36684757321237], [-122.09077829232723, 37.366847361202346], [-122.09078121274979, 37.366847359774475], [-122.09080065857789, 37.36684734763885], [-122.09090024129127, 37.36685480625831], [-122.09090507513653, 37.366855168257246], [-122.09097298147303, 37.366860254443004], [-122.09098766712896, 37.36686037510176], [-122.09101648328235, 37.366860595000254], [-122.09128793345866, 37.366862664761065], [-122.09147354872455, 37.366864059118896], [-122.09157853301916, 37.366864876599294], [-122.09186904634144, 37.36686709057922], [-122.09195630328502, 37.36686773671022], [-122.0921595021715, 37.366869280998806], [-122.09216280168299, 37.36686932811966], [-122.09244995889979, 37.366871494264636], [-122.09263247497825, 37.366872860063964], [-122.09273048924571, 37.36687363470693], [-122.093020917228, 37.36687584583082], [-122.09310966537468, 37.36687651694999], [-122.0933113165062, 37.36687805055339], [-122.09331610628047, 37.366878083370935], [-122.09360154142722, 37.36688024737364], [-122.09379249358325, 37.36688170384526], [-122.09389182657729, 37.36688245921147], [-122.09392981363146, 37.366882746808216], [-122.09418819062604, 37.366884701749235], [-122.09430454310107, 37.36686614191314], [-122.09491268359244, 37.36686302128042], [-122.09516561050903, 37.366878938100854], [-122.09551362498355, 37.366883748006636], [-122.09592455206116, 37.36688941751195], [-122.09604666003916, 37.366889536750485], [-122.09604665375097, 37.366890654795924], [-122.09604655313757, 37.36690969369432], [-122.09603149892814, 37.369092077615626], [-122.09602912193172, 37.36957984582793], [-122.09602874283402, 37.36965757357888], [-122.09602330790254, 37.37077290446255], [-122.09601652192649, 37.37169788574342], [-122.096015381947, 37.37185329536921], [-122.09601385927962, 37.37206076375526], [-122.09600822585197, 37.37289634555913], [-122.09600156479058, 37.37338322737381], [-122.09600096201662, 37.37342262327685], [-122.0959964686114, 37.37371644531531], [-122.09599034115838, 37.374122263513755], [-122.09600186284591, 37.3750392481039], [-122.09601265151468, 37.375897949490074], [-122.09601849232806, 37.37636307137094], [-122.09602383903184, 37.37678829341261], [-122.09602389203202, 37.37679252015189], [-122.09602391179473, 37.37679412418537], [-122.09602394952347, 37.37679708525848], [-122.09593758370873, 37.37679587027024], [-122.09588136265522, 37.37679476093445], [-122.09562786351037, 37.37679369370226], [-122.09542795335571, 37.376792289533974], [-122.09542334410045, 37.376792256696284], [-122.09532639972645, 37.37679157281586], [-122.09531308669594, 37.37679148001348], [-122.09511601881044, 37.376790095833464], [-122.09495817136424, 37.37678898220742], [-122.09483037345794, 37.37678808559554], [-122.0946203779192, 37.37678660575761], [-122.0946140340176, 37.37678656435376], [-122.09443118466417, 37.376785276544794], [-122.09422470063899, 37.37678382240616], [-122.09420912834594, 37.37678371175732], [-122.09401822110577, 37.37678236683968], [-122.09381174157248, 37.37678091769761], [-122.09363619462282, 37.376779679145486], [-122.09360525844579, 37.376779462131296], [-122.09339877981076, 37.376778005850625], [-122.09319611452341, 37.3767765752693], [-122.09318453434294, 37.3767764938888], [-122.0931823379307, 37.37705950647637], [-122.09318160040317, 37.37715538259566], [-122.09317951538304, 37.377430028151], [-122.09317857303658, 37.377553901649], [-122.09317783640701, 37.37765250117821], [-122.09317612239691, 37.377874676586046], [-122.09317602447898, 37.37788893850035], [-122.09317834749864, 37.37809662647517], [-122.09317797019837, 37.37816754819306], [-122.09317716888438, 37.37831834870602], [-122.09317650950716, 37.37844219075559], [-122.09317602171174, 37.37853414470337], [-122.0931749535926, 37.37873443839399], [-122.09317486016553, 37.37875530884771], [-122.0931738414514, 37.37897604118388], [-122.0931730769666, 37.379140881886784], [-122.09317282453395, 37.37919657085557], [-122.09317181120981, 37.379416922848606], [-122.09317079429249, 37.37963692227699], [-122.09317077452906, 37.379640738404305], [-122.09327185564437, 37.37964112887576], [-122.09390166619153, 37.379643561648216], [-122.0942539090359, 37.37964499289943], [-122.09427953527215, 37.37964508427121], [-122.09435071327286, 37.37964536124182], [-122.09437750192897, 37.37964548616372], [-122.09474130968245, 37.379647150123645], [-122.09503384690868, 37.37964832010937], [-122.09532638503347, 37.37964949080893], [-122.09561914863518, 37.37965066222222], [-122.09585883618477, 37.37965162091096], [-122.09591145050298, 37.37965183006641], [-122.09600813795893, 37.37965212916741], [-122.09600771395412, 37.37965354111988], [-122.09599992915118, 37.37968838164783], [-122.09599736625455, 37.37971879143092], [-122.09599127115426, 37.3800053499058], [-122.09599125402993, 37.38050784322396], [-122.0959948853163, 37.38057216752633], [-122.0960057537204, 37.38063597028441], [-122.09601858895864, 37.38070918904149], [-122.09602384038116, 37.3807830018749], [-122.09602147870328, 37.38084900999111], [-122.09601448529799, 37.38104449280948], [-122.09602324027588, 37.38105820020122], [-122.09602862066605, 37.381070479724784], [-122.09603166760171, 37.38108325897394], [-122.09603231415285, 37.381096257240365], [-122.09603617127952, 37.381134452381175], [-122.09603762139022, 37.38117275386441], [-122.0960390442978, 37.381383916147335], [-122.09592270170626, 37.38138414741405], [-122.09588055904766, 37.38138391970508], [-122.09557849878256, 37.38138235358016], [-122.09557749446613, 37.38138234358671], [-122.09529873020772, 37.38138089524259], [-122.0952343255032, 37.381380558318575], [-122.09501996594925, 37.38137942262858], [-122.09489700726654, 37.38137878233043], [-122.09474117294471, 37.38137799427079], [-122.09455283398728, 37.38137698492735], [-122.09446240868621, 37.381376498100956], [-122.0942086310637, 37.381375163968436], [-122.09406992401838, 37.381374462995204], [-122.09406154633128, 37.381374393754776], [-122.09392613789909, 37.38137369420935], [-122.09378852050996, 37.38137297753223], [-122.09354071039492, 37.38137167623505], [-122.09352025575895, 37.381371564879075], [-122.09329292902594, 37.381370372796546], [-122.09317608158136, 37.38136976319285], [-122.09304511891088, 37.381369070785865], [-122.09295272540128, 37.38136857039686], [-122.09290658973168, 37.38136832055935], [-122.09283187865763, 37.381367915822516], [-122.09279730879575, 37.38136776663363], [-122.09254436480967, 37.38136644106626], [-122.09249459096394, 37.38136620193587], [-122.09229867741318, 37.381365131203545], [-122.0921503979217, 37.38136345873118], [-122.09206590150066, 37.38136249864786], [-122.09183380471426, 37.38135986252323], [-122.0918061788286, 37.38135954773001], [-122.09174086233422, 37.38135879679503], [-122.09162420982415, 37.38135745624741], [-122.09146198758322, 37.38135558961712], [-122.09139544399038, 37.381354834398856], [-122.09116996149848, 37.38135227322468], [-122.0911177702866, 37.38135167647377], [-122.09078451153661, 37.38134786683411], [-122.09077358173629, 37.38134783185643], [-122.09050575266811, 37.381346634774104], [-122.0904293851007, 37.38134629713564], [-122.09019328452361, 37.38134521783456], [-122.09008521810958, 37.3813447381449], [-122.08989728339405, 37.38134389868837], [-122.08974102147404, 37.38134320199649], [-122.08960131190877, 37.38134257740054], [-122.08930533952542, 37.381341256112755], [-122.08900933929431, 37.38133993339747], [-122.08883072819168, 37.381339126062905], [-122.08875416030008, 37.38133879056559], [-122.08876553027336, 37.38135218382673], [-122.08891065935464, 37.38152313596035], [-122.08917183188483, 37.38172641254529], [-122.08927174068816, 37.38182470108621], [-122.08932899120445, 37.38188105975875], [-122.08941167481669, 37.38196252796314], [-122.0896366371595, 37.382184103157726], [-122.08992221421984, 37.38236527791401], [-122.09005795231747, 37.38251199776023], [-122.09007749335481, 37.38261872238415], [-122.09007744754066, 37.382620646075836], [-122.09009123937335, 37.382616789414435], [-122.09008447502127, 37.3829668012349], [-122.09008357131107, 37.383013288668415], [-122.09006605954247, 37.383129323322954], [-122.09006156706512, 37.383159090722664], [-122.0900469326021, 37.38325606542423], [-122.09004550697486, 37.383265521053886], [-122.09004544948259, 37.38326590864398], [-122.09002892137008, 37.383375437398904], [-122.08997532337249, 37.383591890518005], [-122.08996604287447, 37.38362938951349], [-122.08996452472114, 37.38363552739818], [-122.08994538970143, 37.38371375022853], [-122.08986749677992, 37.383847073181414], [-122.08981060737587, 37.38388362128016], [-122.08988405631501, 37.3839039499687], [-122.09037037717191, 37.3840385481603], [-122.09045314073639, 37.38409833848182], [-122.0907682921483, 37.3841005298274], [-122.09077078137962, 37.384100546958656], [-122.09077010314448, 37.3841643736814], [-122.09076743691702, 37.384416228175056], [-122.09076507342476, 37.38463925935405], [-122.09092183840113, 37.384640337174574], [-122.09112227047706, 37.38464169265874], [-122.09112746363692, 37.38464173619981], [-122.0912890489725, 37.38464286327133], [-122.09138949587737, 37.384643539943056], [-122.09141298053035, 37.384643698403984], [-122.09147163511958, 37.38464409384281], [-122.0914760539317, 37.384644124535676], [-122.09165976027784, 37.384645408640566], [-122.0918158362466, 37.384646472185004], [-122.09184679218662, 37.38464666990458], [-122.09203201938023, 37.384647954723405], [-122.09215997898295, 37.38464882768646], [-122.09221756098407, 37.38464921313219], [-122.09240198508392, 37.38465050937158], [-122.09248908841559, 37.38465108825385], [-122.09258933319967, 37.38465178705255], [-122.09277404386208, 37.38465305545425], [-122.09283325989823, 37.38465344161378], [-122.092959269259, 37.38465431743173], [-122.09315359099519, 37.38465563722638], [-122.09317743227929, 37.38465581710088], [-122.09322721780306, 37.38465615757787], [-122.09335895841444, 37.38465705837854], [-122.09352160376169, 37.38465816760539], [-122.09352306801553, 37.38465817117436], [-122.09370611320162, 37.38465941459372], [-122.09386577614285, 37.38466051739628], [-122.09389311905927, 37.384660695843486], [-122.0940785456789, 37.38466197495169], [-122.09420994762537, 37.384662867186876], [-122.09426497751315, 37.384663240498256], [-122.09444939981641, 37.38466451032719], [-122.09455414965075, 37.384665260518275], [-122.0946455568103, 37.384665848679894], [-122.09485402341687, 37.38466729410087], [-122.09504975011795, 37.384668615322795], [-122.09538359277293, 37.38467089516185], [-122.09541544163818, 37.38467111143988], [-122.09541842404454, 37.384671131425726], [-122.09592019234334, 37.384674558322295], [-122.09603478771203, 37.38467459544714], [-122.09603475986408, 37.38467600016726], [-122.09603402683486, 37.384712755575855], [-122.09603334411146, 37.38474659731692], [-122.09603022391885, 37.38480184503205], [-122.0960220487285, 37.38485676273117], [-122.09600886231036, 37.384911056310514], [-122.09599322832543, 37.3849756202769], [-122.09598365525959, 37.38504093324995], [-122.0959801961537, 37.38510663346311], [-122.09597763680527, 37.38553982601858], [-122.09598631806058, 37.38609496327724], [-122.0959899840611, 37.386306751233], [-122.09599573503752, 37.386638897501996], [-122.09600104135085, 37.38694349763105], [-122.09599576999848, 37.38729283331349], [-122.09599813695976, 37.3881778872717], [-122.09600097201844, 37.38839105044069], [-122.0959988986837, 37.388600114689766], [-122.09599847287777, 37.38864045687408], [-122.09610577392715, 37.38864060890892], [-122.09612740805106, 37.38864071597195], [-122.09645591740903, 37.38864234404277], [-122.09659808386616, 37.388643109898844], [-122.09668759917403, 37.38864356170452], [-122.09680161692592, 37.388644115577144], [-122.09695508598399, 37.388644887143855], [-122.0971458234429, 37.38864586141637], [-122.09719918785427, 37.388646118367625], [-122.09734064733705, 37.38864683069314], [-122.0973724117609, 37.388646990573704], [-122.09749000031545, 37.38864758298873], [-122.09761222417625, 37.388648206808654], [-122.09781874233725, 37.3886492388954], [-122.09783420683249, 37.38864932525933], [-122.09798675691432, 37.38865008612004], [-122.09817841245119, 37.388651044690135], [-122.09838946351039, 37.38865210604066], [-122.09852261806986, 37.38865278624701], [-122.09868541074101, 37.388653587791886], [-122.09886679584076, 37.388654503536436], [-122.099057161397, 37.388655456396584], [-122.09921100235778, 37.3886562422383], [-122.09938248892281, 37.38865710873431], [-122.0995552376207, 37.388657957386584], [-122.09970552035523, 37.388658722529364], [-122.09994563550269, 37.38865991092804], [-122.09998881571532, 37.3886601464662], [-122.10027262670816, 37.388661561124486], [-122.10051409112509, 37.3886627759316], [-122.1005633250834, 37.38866301932144], [-122.10075609992091, 37.38866398217407], [-122.1009936036664, 37.38866518056477], [-122.10111004417544, 37.3886545807809], [-122.10223370167931, 37.38865228260952], [-122.10281070566919, 37.3886511056889], [-122.103420067869, 37.388649848831186], [-122.10343139921625, 37.38864983170231], [-122.10429276912322, 37.388645150151135], [-122.10447867478018, 37.38864413682333], [-122.10580057965805, 37.388636953809694], [-122.10580344079193, 37.388636938107524], [-122.10580566142694, 37.38863692597398], [-122.10580678791412, 37.38863691955051], [-122.10581501109108, 37.38863687458526], [-122.10595705088578, 37.388636103039374], [-122.1063870330253, 37.38863376199323], [-122.10668748620492, 37.388632622167194], [-122.1073553745351, 37.388630084858605], [-122.10755551376043, 37.38862933330168], [-122.10871645763154, 37.38862394319762], [-122.10990132453307, 37.38862382194572], [-122.1108827643759, 37.38862187563852], [-122.1110897307964, 37.38862146525123], [-122.11208703039314, 37.388619663835044], [-122.1120830775761, 37.38870281822969], [-122.11207144744408, 37.38878551336552], [-122.11205220335226, 37.38886729858013], [-122.1120254501504, 37.3889477281685], [-122.111991333612, 37.38902636381193], [-122.11195003964026, 37.38910277696683], [-122.11190179325553, 37.389176551200336], [-122.11143500168136, 37.389830244301436], [-122.11296936976963, 37.38982951140867], [-122.1136977443535, 37.38982916387342], [-122.11413711119106, 37.38982895335388], [-122.11426101669795, 37.389828415209195], [-122.11426479225513, 37.39037647980348], [-122.11426361068759, 37.390512699657556], [-122.11425820218462, 37.39064885440167], [-122.11424728761783, 37.39098531300312], [-122.11423585561087, 37.391417232580274], [-122.11422865468674, 37.39168398432787], [-122.11422950353615, 37.39220489443829], [-122.11423094078576, 37.392692032019], [-122.11422815502365, 37.39346680325042], [-122.11423873891795, 37.39395372351912], [-122.1142541976661, 37.39416676794647], [-122.11427634843164, 37.39437943602797], [-122.11430517733662, 37.39459159397391], [-122.1143297043997, 37.394782027348704], [-122.11434988786223, 37.39497278503449], [-122.11436572101852, 37.395163803968906], [-122.11436887595396, 37.39529482986582], [-122.11436894953381, 37.39542587992485], [-122.1143608016637, 37.39677930639606], [-122.11545671200138, 37.396847996733506], [-122.11621286877809, 37.39684533981376], [-122.11795827804475, 37.396839220976716], [-122.1193428089633, 37.39683435174062], [-122.12016159178046, 37.39683144504204], [-122.12022062815423, 37.39682834060394], [-122.12034978611034, 37.39682257348721], [-122.12056529371205, 37.3968150407687], [-122.12061133204554, 37.396815461790645], [-122.1206570322716, 37.39681992507151], [-122.12070183851142, 37.39682837632176], [-122.12075234464015, 37.396837762011906], [-122.12080387992428, 37.39684237129621], [-122.12084084289765, 37.396842707434836], [-122.12130143422876, 37.39682736866953], [-122.12130912470484, 37.39682744503233], [-122.12130032570306, 37.39687149384353], [-122.12126607369031, 37.398248426865976], [-122.12126780546255, 37.398320390437824], [-122.12127657259856, 37.39839202661048], [-122.12129232162243, 37.398462898268626], [-122.12131495645494, 37.39853257296069], [-122.12134433899931, 37.398600625537654], [-122.12138028998343, 37.39866664074739], [-122.12142259005341, 37.39873021576855], [-122.12147098111157, 37.398790962668706], [-122.12151578547164, 37.39884622455873], [-122.12151911103386, 37.3988506448804], [-122.1215433942852, 37.39888450022334], [-122.1215893253851, 37.398958031085684], [-122.12162796175453, 37.39903418514048], [-122.1216590701008, 37.3991125026017], [-122.12168246258038, 37.39919251062013], [-122.12169799793344, 37.39927372613813], [-122.12170558233748, 37.39935565880603], [-122.12171323506459, 37.39953094092004], [-122.1217155706486, 37.399845937012756], [-122.12171571797002, 37.39986581891361], [-122.1217165390245, 37.39991578340547], [-122.12171654800751, 37.39991618018686], [-122.12171654890591, 37.39991625654584], [-122.12171785505153, 37.399956299335834], [-122.12172648877507, 37.40009067442689], [-122.12174161815226, 37.40022468346082], [-122.1217451107972, 37.40026265726656], [-122.12174911368, 37.40034784563337], [-122.12174996617827, 37.40037253299325], [-122.12175025363645, 37.400397041223364], [-122.1217491053613, 37.400446011974495], [-122.1217456623367, 37.40049491421082], [-122.12173366287472, 37.40058272693066], [-122.12171427730587, 37.40066969550669], [-122.12168759364052, 37.40075542498712], [-122.12165373303324, 37.400839526045935], [-122.12161284923276, 37.40092161675108], [-122.12156512788445, 37.4010013242989], [-122.12152051227257, 37.40106539120081], [-122.1214714891972, 37.40112737425486], [-122.12141821111598, 37.401187080685375], [-122.12129294195175, 37.401319404175574], [-122.12080461687917, 37.401850668951695], [-122.11986136250341, 37.40286106462385], [-122.1197701188258, 37.40296167035413], [-122.11929047147761, 37.403490496529265], [-122.11862238633718, 37.40419908723733], [-122.11830144255083, 37.40453948752522], [-122.11827796709909, 37.404564605026025], [-122.11825829916337, 37.404591723826016], [-122.11820737187485, 37.404646219316945], [-122.11819949634507, 37.404654367091446], [-122.1187299118636, 37.405107708288476], [-122.11893058724482, 37.40527487246401], [-122.11912642515682, 37.40544564903067], [-122.1193173234212, 37.40561994891487], [-122.11950318243393, 37.40579768120481], [-122.11968390521719, 37.40597875319772], [-122.11985939747017, 37.406163070448216], [-122.12002170867193, 37.40634167687921], [-122.1200306837791, 37.40635179568246], [-122.12003375873935, 37.406072673782276], [-122.12003437670914, 37.405937175671994], [-122.12042663047919, 37.40563170751614], [-122.12060804528659, 37.405569938163936], [-122.12077320326402, 37.405515396400794], [-122.12090869018542, 37.405507092396654], [-122.12107533832567, 37.40538639931368], [-122.12110082007469, 37.40536794108497], [-122.12132059652707, 37.4054091274329], [-122.12148398272993, 37.40518984393554], [-122.12165751504335, 37.40495689016032], [-122.12169742216432, 37.40493273863315], [-122.12197177257555, 37.404783702931105], [-122.12197760014962, 37.40448545016333], [-122.12203933821897, 37.40440296904992], [-122.1221678892932, 37.4043502823724], [-122.12224517406545, 37.40432172234414], [-122.12239576929116, 37.404260032125265], [-122.1224754908977, 37.404146971128526], [-122.12254037586976, 37.40405494662319], [-122.1227175811557, 37.40397668154817], [-122.12274302657376, 37.40397462626904], [-122.12272969702323, 37.40395845302133], [-122.12275555143593, 37.40391949061721], [-122.12280829601877, 37.40384000510955], [-122.1227748023478, 37.40375641417677], [-122.12275689444031, 37.40371172217567], [-122.12273890927763, 37.40366683676238], [-122.12270904030754, 37.40359228766908], [-122.12270674870621, 37.40358656887445], [-122.12270016585455, 37.40357015605988], [-122.12278913230446, 37.40345866087093], [-122.12284538480243, 37.403427621333215], [-122.12286233151896, 37.40341781858233], [-122.12303474246166, 37.40331837664333], [-122.12312803069933, 37.40326452885534], [-122.12330264878322, 37.4033352483783], [-122.12335439893366, 37.403234339865044], [-122.12341542508821, 37.40311535631721], [-122.1234440777546, 37.40305938183424], [-122.12354267774508, 37.4028671776478], [-122.12354576076348, 37.40286116051031], [-122.1235579553942, 37.40283741450627], [-122.12356233829911, 37.40261279687977], [-122.12356266259279, 37.402596036324354], [-122.12356513387182, 37.40246955456024], [-122.12369824262653, 37.402387777539445], [-122.12388356954642, 37.40227020989165], [-122.12392121164889, 37.402246317411404], [-122.12394812696922, 37.40222923493647], [-122.12406218247737, 37.401989180701214], [-122.12421105489227, 37.40167587634107], [-122.12430626014567, 37.40152164748206], [-122.12434525242222, 37.40143960752134], [-122.12439471725916, 37.401335535109816], [-122.12440179418759, 37.40132058116035], [-122.12441526442655, 37.401292170432505], [-122.12476829960917, 37.401077191406515], [-122.12484197493585, 37.400989803767445], [-122.1248896287765, 37.4008234839419], [-122.12489266957743, 37.40078642457714], [-122.12489551634212, 37.400751725874], [-122.12491634201061, 37.400497906687626], [-122.12495101698303, 37.40042999121092], [-122.12499588424376, 37.40032022618498], [-122.12511552996092, 37.40013427710765], [-122.12509173719687, 37.40003640507439], [-122.12494922849483, 37.399919440304345], [-122.12486464675766, 37.39970601161156], [-122.12490017605917, 37.39935705562923], [-122.12481432050515, 37.39919718706539], [-122.12503776923013, 37.39903477190129], [-122.12532813793092, 37.398971737159094], [-122.1253618283453, 37.39894391358529], [-122.1254920346467, 37.398836379386324], [-122.12552342538135, 37.39874557290497], [-122.12540178096238, 37.39849166127592], [-122.12524341428936, 37.398494862694], [-122.12540178096238, 37.39849166127595], [-122.12550700511805, 37.398395916638165], [-122.12592470370984, 37.398270957882474], [-122.12600520532632, 37.398246882862765], [-122.12622805756318, 37.39814563780236], [-122.12640740889563, 37.39798488602427], [-122.1266895921634, 37.397791391391564], [-122.12675562192643, 37.39773553425592], [-122.12695429871343, 37.39756746660709], [-122.12706748104932, 37.3974144517928], [-122.12708599175396, 37.397213283810565], [-122.12709380710534, 37.39712820535369], [-122.12736916137194, 37.39701780605736], [-122.12743277916357, 37.39691954743656], [-122.12761049914829, 37.3968250832514], [-122.12769047344273, 37.39689930651296], [-122.1276746936143, 37.39711646065815], [-122.12775903103085, 37.397143422101436], [-122.12782609387628, 37.39690836648934], [-122.12791575831734, 37.39679408737193], [-122.12792402551784, 37.39673903521762], [-122.12794481344434, 37.39660025850519], [-122.12821513533657, 37.39660525062536], [-122.12823786091461, 37.396592231912294], [-122.12848459216917, 37.39645088859253], [-122.12825648570909, 37.39635688481822], [-122.1282281447899, 37.39612956221869], [-122.12804673095798, 37.39600455682127], [-122.12797198665177, 37.39595303747711], [-122.12809497410136, 37.39576708327367], [-122.12823841436729, 37.3957848466524], [-122.12831948371517, 37.39579486879313], [-122.12855680329217, 37.39591934928043], [-122.12874977396595, 37.39588890326093], [-122.12878637222387, 37.39588313035568], [-122.12909192511833, 37.39606565153901], [-122.12912495254784, 37.39629068844764], [-122.1294862540186, 37.39614585328718], [-122.12940516043179, 37.39599803038067], [-122.12955419362706, 37.395844836087], [-122.1294753251682, 37.395684552522916], [-122.12947019130492, 37.39561368591118], [-122.12946660613486, 37.39556378777748], [-122.12956297111553, 37.39538861771794], [-122.12962438803709, 37.39527118253081], [-122.12964123505489, 37.39513344364726], [-122.12964195280932, 37.39512816883072], [-122.12964271188625, 37.3951222302901], [-122.12943066908333, 37.39515417891792], [-122.12932199629756, 37.39523413467222], [-122.1292745886098, 37.39526901434666], [-122.12911333833249, 37.395387653506255], [-122.12892346595409, 37.39536142579913], [-122.12890067390248, 37.39535826277282], [-122.12884516702898, 37.39518252341868], [-122.12851883249675, 37.39513747372386], [-122.1285026807907, 37.395135254888466], [-122.12849129284977, 37.395133690498696], [-122.1284193737643, 37.39490651477344], [-122.12839500427953, 37.39482964320246], [-122.1284173642419, 37.39483011066693], [-122.128551223095, 37.39470203285118], [-122.12865419517475, 37.39460352426178], [-122.12864733833845, 37.39457589889562], [-122.12862934060259, 37.394503173507786], [-122.12851070192674, 37.39442140704529], [-122.12839423625509, 37.394518180900086], [-122.1282473042364, 37.39451651228986], [-122.12813892699431, 37.39461317326013], [-122.12801269394845, 37.39465420590174], [-122.12798186646856, 37.394644355610374], [-122.1279404936676, 37.394631149566294], [-122.12781654863917, 37.39459155283083], [-122.12756292194399, 37.394497924263284], [-122.12754644146601, 37.394393406143614], [-122.12752537239737, 37.39425999417059], [-122.12758815026275, 37.39417591509973], [-122.12768744644094, 37.39404298448965], [-122.12781160348752, 37.39393974182786], [-122.12783721805283, 37.39387625315474], [-122.12785403900864, 37.39383456562273], [-122.1277363067365, 37.3937193418682], [-122.12755937458388, 37.39372717679298], [-122.1274473933186, 37.39367173270006], [-122.1273819888093, 37.39349308607291], [-122.12738997573189, 37.393469925186345], [-122.12753237400055, 37.39305713035573], [-122.12760172305431, 37.39285603489919], [-122.12792764618267, 37.392684043076976], [-122.12814797956399, 37.392402381996384], [-122.12838901099401, 37.392395007278466], [-122.12838491378103, 37.39237283810476], [-122.12838014552736, 37.39234495426815], [-122.12835553979203, 37.3922125528291], [-122.12835105181121, 37.39219750713137], [-122.12830931430854, 37.3920570119559], [-122.12831294799773, 37.39201708627661], [-122.12833517323972, 37.39177594516937], [-122.12823600194905, 37.39171579126583], [-122.12796794559517, 37.39182178834235], [-122.12788618544621, 37.3917838259558], [-122.12784277528738, 37.39158234952033], [-122.12740432471499, 37.391728754384964], [-122.12728167324396, 37.39183776760212], [-122.12720925018827, 37.39174908663682], [-122.12722453143036, 37.391720947773806], [-122.12732220615499, 37.39154141221607], [-122.12732736428157, 37.39153190909779], [-122.12741825403035, 37.39136485171427], [-122.12733689006218, 37.391114664251155], [-122.12729365776214, 37.390981834546594], [-122.12727436646183, 37.390826864954136], [-122.12727821125077, 37.39082603846438], [-122.12733201044651, 37.39082812896], [-122.12726549383275, 37.39056234197232], [-122.12721066786779, 37.390515687921095], [-122.12715594970068, 37.39046912591133], [-122.12704027097513, 37.390370690253654], [-122.12701820656034, 37.390351917818506], [-122.12698382624632, 37.39032267000969], [-122.12694469204905, 37.39028952452545], [-122.1268576507093, 37.39021580217838], [-122.12684738925621, 37.39020711111323], [-122.1269094799294, 37.38995445385831], [-122.12703406727185, 37.389825288549005], [-122.12703351031624, 37.3898252892629], [-122.12696302491653, 37.3898252685595], [-122.1269619280794, 37.3897753415921], [-122.12695952150543, 37.38966577365084], [-122.12679757146107, 37.38959995314514], [-122.12659401234137, 37.389677969894805], [-122.12625971246823, 37.38945751384799], [-122.12618593744388, 37.38940879855339], [-122.12628943415227, 37.389199101340445], [-122.1265530941617, 37.38900553192232], [-122.12670507921598, 37.388893955115144], [-122.12648010071833, 37.38853847155023], [-122.12637855609023, 37.38837801390932], [-122.1262110230171, 37.388313034492946], [-122.1261218679312, 37.38833393582055], [-122.12609850724517, 37.38833941024865], [-122.1261218679312, 37.3883339358206], [-122.1262110230171, 37.388313034492946], [-122.12637289401458, 37.38833591077299], [-122.12648115176805, 37.38835121063303], [-122.12651815067339, 37.38835755511995], [-122.12656028977254, 37.38836366320512], [-122.12660609572495, 37.388370302620494], [-122.12670840034404, 37.38838513211505], [-122.12676244657581, 37.388392966186736], [-122.12686229789604, 37.38840843376463], [-122.12705683806347, 37.388688283392575], [-122.1272471355717, 37.38896998447417], [-122.12743316270539, 37.38925349605304], [-122.12778736561295, 37.38979455460142], [-122.12957565834121, 37.39252610881988], [-122.12969293159311, 37.39247560056162], [-122.12957565834121, 37.392526108819965], [-122.13031021658416, 37.393648052966995], [-122.13032459782326, 37.39367001831351], [-122.13034755047268, 37.39370507411051], [-122.13046566484411, 37.39370424199141], [-122.13049721726252, 37.393704019756356], [-122.13049828895501, 37.393682167851], [-122.13096067152371, 37.393692014017276], [-122.13196979833548, 37.393713524846284], [-122.13296727040633, 37.39373477873811], [-122.13308387889865, 37.393738821110915], [-122.13308389776327, 37.39373854419768], [-122.13311792419934, 37.39324978975535], [-122.13315120502247, 37.392861581479195], [-122.13315226969722, 37.39281126603781], [-122.13314685539169, 37.392761129189324], [-122.13313323375968, 37.39270601244109], [-122.13311178829126, 37.392652503575206], [-122.13308280136414, 37.39260130711491], [-122.13304665464827, 37.392553097135824], [-122.1328802831115, 37.39235766143795], [-122.1322140226237, 37.39150839823257], [-122.13217868602737, 37.39145756208414], [-122.13215028330544, 37.39140403009115], [-122.1321291327864, 37.3913484022515], [-122.13211547151293, 37.39129130205245], [-122.13210945258542, 37.39123336948227], [-122.1321111434471, 37.391175253857156], [-122.13212052512866, 37.39111760654346], [-122.13214804772346, 37.390981460903454], [-122.13220336956324, 37.39098282839606], [-122.13271343559867, 37.3909935370948], [-122.133018510609, 37.39099993419257], [-122.13338994505737, 37.39100771733945], [-122.13394309428719, 37.39101933174862], [-122.1343114870406, 37.39102701782753], [-122.13516276640632, 37.39104488729689], [-122.13485435141459, 37.39144544797002], [-122.1349218023026, 37.39147309733297], [-122.13524592068168, 37.39160612816842], [-122.13522104987067, 37.39212236330618], [-122.13523068250421, 37.3921202642866], [-122.13523556394888, 37.39211942567823], [-122.13524048042774, 37.39211872909774], [-122.13524542565268, 37.392118174545665], [-122.13525039243726, 37.39211776344933], [-122.13525537539128, 37.39211749580839], [-122.13526036643037, 37.39211737305059], [-122.13526535926596, 37.392117394462375], [-122.1352703485083, 37.392117560043474], [-122.13527532697083, 37.39211787050752], [-122.13528028746698, 37.39211832371335], [-122.13528522550529, 37.39211892108893], [-122.13529013210253, 37.39211965977867], [-122.1353135467413, 37.39163386882796], [-122.13632138084411, 37.39195238894506], [-122.1363213772522, 37.391940463541815], [-122.1363222235766, 37.39094621695806], [-122.13631675209358, 37.38956690009517], [-122.13505993284912, 37.38951816194775], [-122.13505518895698, 37.3885351411196], [-122.13507287768047, 37.38853587841842], [-122.1358784867025, 37.388566899204385], [-122.13631608924726, 37.388583730734005], [-122.13634140466411, 37.38860517015662], [-122.13693975975139, 37.38911190616295], [-122.13701639501649, 37.38911488888106], [-122.13822856620163, 37.38916212415555], [-122.13822263996778, 37.38959595919279], [-122.13822202731204, 37.38964081377699], [-122.13832135580101, 37.38964538043117], [-122.13847913858656, 37.38965263456897], [-122.13859205320131, 37.389657825635446], [-122.13877409407034, 37.38966622343235], [-122.13877495367407, 37.390415172646634], [-122.13877498241698, 37.3904426421692], [-122.13877570863414, 37.39107176017699], [-122.13923448940939, 37.39107363408094], [-122.1394595182525, 37.39107460832428], [-122.14012198075868, 37.391077363329316], [-122.14016097392435, 37.391077528201315], [-122.14064136217422, 37.39240618480531], [-122.14067475074137, 37.392498585540665], [-122.14054489928962, 37.39247107786535], [-122.1405452864631, 37.39247328892757], [-122.14056038443626, 37.392559518167445], [-122.14061452046573, 37.392868906741626], [-122.14071731729722, 37.3934564237055], [-122.14081368129821, 37.39400706247458], [-122.14070049269002, 37.39401727468108], [-122.14074392978651, 37.39432143446368], [-122.14075932599778, 37.39442935411918], [-122.14081811528825, 37.39484067906903], [-122.14137712058115, 37.395327309976466], [-122.14140081004756, 37.395347934589836], [-122.14141511391837, 37.39536039185671], [-122.14149510078968, 37.39542880722833], [-122.1414959793421, 37.39542834405125], [-122.14155337000524, 37.3953980741014], [-122.14157385159201, 37.39538727115026], [-122.14184888696074, 37.395242208714876], [-122.14193247968178, 37.39519811969891], [-122.14224491191251, 37.395033330732964], [-122.14231829492759, 37.39499706866755], [-122.14239421998279, 37.39496430695873], [-122.14254880099304, 37.39489855581125], [-122.14269934972081, 37.39482709678564], [-122.14284553531185, 37.39475008692988], [-122.14298703650377, 37.39466769549069], [-122.14312354233232, 37.39458010354148], [-122.14323065564169, 37.3945115325384], [-122.14333679710208, 37.39445006011156], [-122.14344644893788, 37.3943926437702], [-122.14355936785572, 37.39433941090458], [-122.1436753033151, 37.39429047962269], [-122.14379399808445, 37.39424595848846], [-122.14388383589116, 37.394214299222845], [-122.14394791900139, 37.39419171593839], [-122.14441357594862, 37.394027615623834], [-122.1448419941379, 37.39387851891648], [-122.14572931753675, 37.39357366511815], [-122.14625671927958, 37.3933898675441], [-122.14689745156855, 37.39315956414771], [-122.14713043769642, 37.39307741013264], [-122.14805844039998, 37.392758942752245], [-122.14859599310425, 37.39257153468651], [-122.14957704940286, 37.3922474104483], [-122.14966528552362, 37.39221507438153], [-122.14975019283551, 37.39217749070278], [-122.14983128198982, 37.3921348760215], [-122.14990808564558, 37.392087475942354], [-122.14998016116331, 37.392035563649635], [-122.15013822242253, 37.39191272826943], [-122.15020399167364, 37.39186088852095], [-122.15040183302655, 37.39170043729889], [-122.15059450996543, 37.39154596024313], [-122.15063999348561, 37.39150607773577], [-122.15068083161337, 37.391463113839784], [-122.15071669804539, 37.39141741185243], [-122.15074730620555, 37.39136933694864], [-122.15084594571981, 37.39119574082834], [-122.15088627065467, 37.39111975364815], [-122.15092179457665, 37.391042256047356], [-122.150952429045, 37.39096344099756], [-122.15097809779476, 37.39088350475026], [-122.1510681772797, 37.39057067069486], [-122.15118145306933, 37.39015994969312], [-122.15123098079809, 37.389969762253486], [-122.15130526341014, 37.38966655906733], [-122.1513114186683, 37.38964005601278], [-122.15147690547091, 37.3888908685282], [-122.15151489439933, 37.38871051709534], [-122.15154930162755, 37.38852970856455], [-122.15156894856952, 37.38843653344411], [-122.15159415293952, 37.3883442138542], [-122.15162485713465, 37.38825296071], [-122.15166099098775, 37.38816298248951], [-122.15170542435956, 37.388077106498244], [-122.15175920829587, 37.387973162564165], [-122.1518027029281, 37.38788906716186], [-122.15182966586381, 37.387830521796985], [-122.1518842609821, 37.38769577342539], [-122.15188974224299, 37.387679081063006], [-122.15189283809892, 37.387662002963715], [-122.15189304740665, 37.3876597796258], [-122.1518983204602, 37.387633368280014], [-122.15190911557558, 37.38760804899185], [-122.15199388240696, 37.38745353280407], [-122.15203402006325, 37.38738700242055], [-122.1520800294906, 37.38732293816404], [-122.15213167410062, 37.38726166944344], [-122.15218868833158, 37.38720351129257], [-122.15225077901407, 37.387148762750506], [-122.15241749554126, 37.387011930414666], [-122.15245983493419, 37.3869819190144], [-122.1524709623647, 37.386975329595124], [-122.15283251806548, 37.38676957411775], [-122.15291954471307, 37.38671882334719], [-122.15300508711209, 37.38666649060351], [-122.15309328172343, 37.38661370813443], [-122.15318433531972, 37.386564112854245], [-122.15327806713631, 37.38651780321935], [-122.15336036987605, 37.386480691819614], [-122.15336779085786, 37.38647772541931], [-122.15338627908275, 37.38647055209795], [-122.15347428562173, 37.38644096209955], [-122.15356521264208, 37.38641766318859], [-122.15365835539286, 37.38640083594808], [-122.15371640579463, 37.3863937716467], [-122.15377485249606, 37.38638924299799], [-122.15386717290308, 37.38638719480788], [-122.1539593770348, 37.38639142046912], [-122.15405079648907, 37.3864018893492], [-122.15414076855147, 37.38641852555758], [-122.15422864099877, 37.386441208495654], [-122.15431377682673, 37.38646977373102], [-122.15439555886744, 37.38650401418925], [-122.15447339426284, 37.38654368165498], [-122.1545467187623, 37.38658848857096], [-122.15461500081281, 37.38663811012259], [-122.15478776269285, 37.38677096087509], [-122.15496524685882, 37.38689978754662], [-122.1551473061679, 37.38702448331636], [-122.15533378968135, 37.38714494478824], [-122.15552454278964, 37.38726107207671], [-122.15571940734074, 37.3873727688897], [-122.15585428202701, 37.387444022174], [-122.15599323786286, 37.387510094288594], [-122.1561359624876, 37.38757083670418], [-122.15628213506591, 37.38762611287226], [-122.15643142700931, 37.3876757985321], [-122.15658350271482, 37.387719781990214], [-122.15673802031966, 37.38775796437148], [-122.15703838905013, 37.3878254381233], [-122.15869592957934, 37.38819007326915], [-122.15891024431349, 37.38823416465855], [-122.15912627833936, 37.3882725444677], [-122.15934379263334, 37.388305170232115], [-122.15956254653291, 37.388332005853705], [-122.15978229800322, 37.388353021640754], [-122.16094900186, 37.38844892123345], [-122.1610236626281, 37.38845505801493], [-122.16147802862963, 37.38849240472501], [-122.16160715064468, 37.38849945644042], [-122.16173657474694, 37.38849941856168], [-122.16186569024393, 37.388492291267546], [-122.1621146457133, 37.38847166335949], [-122.16222798011898, 37.388459020865426], [-122.16233990787063, 37.38844000589938], [-122.16244986690921, 37.38841471394758], [-122.16255730506327, 37.388383272016874], [-122.16266168282222, 37.388345837996766], [-122.16309981449585, 37.388173553190285], [-122.1631611293964, 37.38815247197852], [-122.1632248168724, 37.3881364847326], [-122.16329021419376, 37.388125757815004], [-122.16335665703578, 37.3881204061204], [-122.1634234374652, 37.3881204846721], [-122.16348986024403, 37.38812599265229], [-122.16356468721467, 37.38813542261722], [-122.1635970193256, 37.3881394969313], [-122.16370945248066, 37.38815366609042], [-122.16383611940661, 37.3881669082552], [-122.16358983000498, 37.38936299009368], [-122.16358329206403, 37.38939226682332], [-122.16357495569518, 37.38942959590369], [-122.16356628155984, 37.38946843879743], [-122.16354301788074, 37.389572612624164], [-122.1635319659038, 37.389622107917084], [-122.16348033970633, 37.38985328797956], [-122.1634608947669, 37.389940366715166], [-122.16344724126807, 37.39000150769659], [-122.16344077519237, 37.39003046157087], [-122.1634307185493, 37.390075495754175], [-122.16316866371913, 37.391248964393036], [-122.16308762397514, 37.391600937881975], [-122.1630730604826, 37.3916658116608], [-122.1629901639263, 37.39197240830744], [-122.1629860415564, 37.39198765388883], [-122.16294267087528, 37.392215986096424], [-122.162928410324, 37.392292054366514], [-122.1629064130624, 37.39236693963664], [-122.16288607158032, 37.39266837904656], [-122.16288164403902, 37.39272175428971], [-122.16287039064645, 37.392774487370275], [-122.16285242966028, 37.39282602406926], [-122.16273999470963, 37.39309437662237], [-122.16272897866796, 37.3931206686275], [-122.16257129197777, 37.39349702462193], [-122.16254078159393, 37.393569883730294], [-122.1625225980421, 37.39361961272147], [-122.16250930731479, 37.3936703178047], [-122.16250698427055, 37.393681933189306], [-122.16249402337283, 37.393741563796524], [-122.16243159672955, 37.39399555216917], [-122.16241287282536, 37.39408915762425], [-122.16240251294026, 37.39418358660927], [-122.16240056923453, 37.39427836397969], [-122.16240705152052, 37.394373012836255], [-122.16242192721252, 37.39446705692452], [-122.16250884005352, 37.39489395138629], [-122.162514703351, 37.394943381789886], [-122.16251282476823, 37.394989043074844], [-122.16250398644112, 37.39503418146063], [-122.16246364398974, 37.39518091075968], [-122.16244646467416, 37.39523501629844], [-122.16242497933337, 37.39528813342192], [-122.16239927609813, 37.39534004422644], [-122.16229664536777, 37.395529294539024], [-122.16219818821047, 37.395710857375306], [-122.16219037376534, 37.395725267909725], [-122.1622646213039, 37.39577123430574], [-122.16496041539072, 37.39815843706706], [-122.16716958243036, 37.39920439002716], [-122.16752946561708, 37.39767331630756], [-122.16759669645326, 37.39738728924], [-122.16772865721502, 37.396825869006285], [-122.16796669018177, 37.395813067472346], [-122.1680932394905, 37.3952746608972], [-122.16822484182437, 37.39471475783386], [-122.1684072708535, 37.39393861209613], [-122.16850879129358, 37.3935066363975], [-122.16865246429381, 37.39289523936834], [-122.16873205774924, 37.392554155254004], [-122.1690166288286, 37.39155941294696], [-122.16919637099576, 37.39079344576358], [-122.16931798945049, 37.39027525229172], [-122.16931990016778, 37.390267029439364], [-122.16944253551556, 37.38974440290602], [-122.16956092722059, 37.38923989737215], [-122.16968355897508, 37.38871722513625], [-122.16981122039842, 37.38817326031928], [-122.16985172544776, 37.38800062606465], [-122.16988596564455, 37.38785469067565], [-122.16993570807303, 37.387642685832745], [-122.17007947090492, 37.387029957640266], [-122.17019096444459, 37.38655475807191], [-122.17021199580874, 37.386465092293676], [-122.17037518651173, 37.38576951935369], [-122.17043631568163, 37.38570149729117], [-122.17049686061895, 37.38563412560216], [-122.17074989097097, 37.384497332441555], [-122.17096699229215, 37.38352181341653], [-122.17107972640862, 37.38301544011843], [-122.17116998736364, 37.38260978639395], [-122.17135580394563, 37.38177489599392], [-122.1715008774237, 37.38112307135635], [-122.17166156003361, 37.38040106888569], [-122.17181082505219, 37.37973043579929], [-122.17119694524284, 37.37957558638772], [-122.1699056711514, 37.37924986392406], [-122.16969342808906, 37.37870309425898], [-122.169457478444, 37.37856752925063], [-122.1693147478541, 37.37848552839853], [-122.16882076797874, 37.37820168596109], [-122.16871590047164, 37.3781414183724], [-122.16836311147947, 37.37788967198466], [-122.16820226726674, 37.377774874157716], [-122.16798499090069, 37.37761981229326], [-122.16780701042936, 37.37749280438031], [-122.16792827152605, 37.37717380036], [-122.16798575001569, 37.37702258988558], [-122.16811290569231, 37.37668807457834], [-122.16811791829237, 37.37667493247705], [-122.16817896960225, 37.37653294124261], [-122.16818471522811, 37.37651534820811], [-122.16820428952182, 37.37645555470359], [-122.16821658925704, 37.37641808995531], [-122.1682407045355, 37.376344541722354], [-122.16834840627051, 37.37601569288305], [-122.16856204275372, 37.37536358261681], [-122.16861714362715, 37.37519542054082], [-122.1688100173457, 37.374606624008194], [-122.1688189834322, 37.37457918830468], [-122.16899867347286, 37.37403075196951], [-122.16900952063193, 37.37399763498088], [-122.16914045190643, 37.373597906992835], [-122.16916250914402, 37.373530568236156], [-122.1691935531296, 37.37343579258358], [-122.16928779809896, 37.37314808535088], [-122.16937642949519, 37.37287751258701], [-122.16943705770358, 37.37269246989833], [-122.16952413231913, 37.37242663362674], [-122.16961117818836, 37.37216093633756], [-122.1697552796657, 37.371721005070405], [-122.16980033198246, 37.37158347635952], [-122.17012181752459, 37.37060198380528], [-122.17013026707978, 37.370576170079545], [-122.17014775189183, 37.3705227556708], [-122.17029823410246, 37.370074766068555], [-122.17052602264545, 37.36939658298433], [-122.17072378768985, 37.36880778091501], [-122.17083713803147, 37.368470303259905], [-122.17133582168296, 37.36698555260602], [-122.17005185444839, 37.36700389528907], [-122.16888560871968, 37.36702043239964], [-122.16879375245844, 37.367020253953264], [-122.16875032342718, 37.366975929469454], [-122.16870049722966, 37.36693612218563], [-122.16864500525786, 37.36690141641987], [-122.16858466206631, 37.366872321605975], [-122.16852035341556, 37.36684926481601], [-122.16845302327077, 37.36683258449174], [-122.16838365994617, 37.366822525477076], [-122.1684425130051, 37.366757680250615], [-122.1686334795559, 37.36656712004071], [-122.16796485914702, 37.36613655729963], [-122.16782693186562, 37.365899973687085], [-122.1682769078238, 37.365734022266544], [-122.16910999093852, 37.3655672630146], [-122.16958836619229, 37.36575465725413], [-122.17000096950296, 37.36596592366049], [-122.17021002363668, 37.36570849044547], [-122.1704511439853, 37.36583086401121], [-122.17064808609587, 37.36593083691396], [-122.17067774307067, 37.365944699856726], [-122.17069302880061, 37.36595097127218], [-122.17070859300817, 37.365956792179155], [-122.17072441233725, 37.36596215329627], [-122.1707404688218, 37.36596704891202], [-122.17075673820683, 37.365971471887114], [-122.17077319983159, 37.36597541650936], [-122.17078983123781, 37.36597887706771], [-122.17080660996794, 37.36598184856425], [-122.1708235153605, 37.36598432814327], [-122.17084052136413, 37.365986311521155], [-122.17085760731823, 37.36598779655597], [-122.17087475166281, 37.365988780391994], [-122.17089192834668, 37.365989263029036], [-122.17090911491208, 37.365989242325526], [-122.17153035189082, 37.366427812192406], [-122.17167157246737, 37.366022987617846], [-122.1718829433949, 37.365416961827684], [-122.17189304674854, 37.36538799559396], [-122.1719668613281, 37.36517632420434], [-122.171338866304, 37.36492107225027], [-122.17086241973392, 37.364723722467104], [-122.17038641064272, 37.36453169839866], [-122.16994111045372, 37.36435207699871], [-122.16993252076466, 37.36434883412787], [-122.16977926102011, 37.36429115784325], [-122.16926930189021, 37.36422745839419], [-122.16916698828744, 37.36421646245414], [-122.16889637894822, 37.364085762001075], [-122.16877942640718, 37.36402926143708], [-122.16871792680921, 37.36399685185366], [-122.16875364108887, 37.36396490214863], [-122.16878374648026, 37.363929462320115], [-122.16880771386349, 37.36389115525363], [-122.16882512200146, 37.36385065422788], [-122.16883566494293, 37.36380867108109], [-122.16883915739916, 37.363765943699796], [-122.16883553799971, 37.36372322304974], [-122.16877890435784, 37.363384625853634], [-122.16877456951225, 37.36333665552817], [-122.16877753694412, 37.36328861894065], [-122.16878776305182, 37.36324122168498], [-122.16880509761407, 37.363195159962814], [-122.16882928599713, 37.36315111035737], [-122.16885997289596, 37.363109719895455], [-122.16889112755126, 37.36307294868864], [-122.16893355544784, 37.363027940614266], [-122.16898141359565, 37.3629865477799], [-122.16903422143221, 37.362949185819794], [-122.16909144869665, 37.36291622989284], [-122.16915252075407, 37.362888010915526], [-122.16921682436556, 37.36286481223943], [-122.1692245139294, 37.362862413811754], [-122.16922664996432, 37.362861742650274], [-122.1693036608958, 37.36284054970198], [-122.16938255153839, 37.36282434989212], [-122.16946281465111, 37.362813247379954], [-122.16954393416937, 37.362807313550825], [-122.16962538852268, 37.3628065865572], [-122.16970665398783, 37.36281107107337], [-122.17013365010392, 37.362848411981474], [-122.17036771668948, 37.36287245536262], [-122.17038088189253, 37.362873847265256], [-122.17079638841425, 37.362912907099584], [-122.17091006492389, 37.36292298370901], [-122.17139600663914, 37.362963349713546], [-122.17147257471653, 37.362970197600625], [-122.17154959570797, 37.36297180228735], [-122.17162650709291, 37.36296815205389], [-122.17170274715144, 37.36295927355965], [-122.17173635770139, 37.36295196152732], [-122.17176811549918, 37.3629405323203], [-122.17179910843325, 37.36292410231098], [-122.17182621741611, 37.36290376224572], [-122.17184867708619, 37.362880086383434], [-122.1718658533473, 37.36285374316156], [-122.17187726127067, 37.36282547632403], [-122.17188257878517, 37.36279608392304], [-122.17188165576988, 37.36276639578765], [-122.1718745182914, 37.36273725009535], [-122.17186136786717, 37.362709469707994], [-122.17184092964123, 37.362675286878435], [-122.17181134645537, 37.36263357568871], [-122.17177479322316, 37.36259554767936], [-122.17173197826331, 37.362561939736516], [-122.1716837312275, 37.3625334030957], [-122.17163098702376, 37.36251049072303], [-122.17152293393225, 37.362471056878846], [-122.17144289291825, 37.36244503151771], [-122.17136040124923, 37.36242445129653], [-122.17127603918094, 37.362409460978526], [-122.17119040012437, 37.3624001660069], [-122.1710901564072, 37.36238922211743], [-122.17099145011518, 37.36237148395957], [-122.17089500267491, 37.36234708117853], [-122.17077905129229, 37.36231576162084], [-122.17066138390115, 37.36228882666583], [-122.17054226057205, 37.3622663358452], [-122.1705011321817, 37.36225936714612], [-122.17047012138403, 37.36225411265901], [-122.17037751149688, 37.36223842151315], [-122.1703186059949, 37.3622252261967], [-122.17026232679993, 37.36220607283389], [-122.17020961533468, 37.36218128181762], [-122.17016135333928, 37.36215126784571], [-122.17011834812155, 37.36211653298378], [-122.17008131905239, 37.36207765826644], [-122.1700508855326, 37.362035293977634], [-122.17004877271614, 37.36203184538327], [-122.17002072302454, 37.361980802103375], [-122.16999820958326, 37.36192804069196], [-122.16998139528606, 37.36187394292687], [-122.16997040178732, 37.3618189002549], [-122.16996530862194, 37.36176331095921], [-122.16995965551781, 37.36161565372329], [-122.16995351050879, 37.36157197753367], [-122.16993858047766, 37.361529673305355], [-122.16991526003959, 37.36148985913927], [-122.16984347184837, 37.361389452718484], [-122.16982304871942, 37.361355253428776], [-122.16980915115349, 37.36131902794787], [-122.16980208158559, 37.36128156463007], [-122.16980199385617, 37.36124367876686], [-122.16980888986387, 37.36120619484409], [-122.16982261952518, 37.361169928599196], [-122.16990560595896, 37.36099775199316], [-122.16993309278867, 37.360947779527095], [-122.16996626509987, 37.360900056252746], [-122.17000483717486, 37.36085499320206], [-122.17004847679056, 37.36081297849421], [-122.17005443965422, 37.360807789080695], [-122.17013112076235, 37.36074221313219], [-122.17016946635658, 37.36074585875134], [-122.17020803532193, 37.36074738980046], [-122.17027726308054, 37.36074821519918], [-122.17034446244341, 37.36074901632119], [-122.1704109837607, 37.360752027156956], [-122.17047695674006, 37.36075946726934], [-122.1706957710356, 37.360791691896274], [-122.17076902775028, 37.36079903617474], [-122.17084285615061, 37.360799639053255], [-122.17091628576958, 37.36079349260709], [-122.17098835138249, 37.36078067763058], [-122.17105338989664, 37.36076957963493], [-122.17111969125295, 37.3607653979021], [-122.17118610622734, 37.36076820491551], [-122.17125148362643, 37.360777952020214], [-122.17131469024068, 37.36079447026634], [-122.17137463048573, 37.36081747333722], [-122.17162281518594, 37.360929328281685], [-122.1716436053229, 37.360937083408224], [-122.17166563531339, 37.360942213286755], [-122.17168838835111, 37.3609445975743], [-122.17171133066742, 37.360944180337306], [-122.17192617531367, 37.360927107028566], [-122.1719856381934, 37.36092537270108], [-122.17204490693156, 37.36092957919634], [-122.17210305362319, 37.360939660657884], [-122.17215916792927, 37.36095545925139], [-122.1722123713281, 37.360976727635666], [-122.17245133212852, 37.36108768198176], [-122.17251068790605, 37.36111143994815], [-122.17257326874876, 37.361129156734535], [-122.17263811398918, 37.361140560373094], [-122.17270422819769, 37.36114547580818], [-122.17277059646392, 37.36114382758357], [-122.1728361999773, 37.36113564100095], [-122.17288987430851, 37.361126199006925], [-122.17294537247002, 37.36111361783886], [-122.17299860240809, 37.361095857873565], [-122.17304880866139, 37.361073171168414], [-122.17309527868397, 37.36104587970302], [-122.17313735295805, 37.36101437080937], [-122.17337333408182, 37.36081529147211], [-122.17352666481408, 37.36068593745823], [-122.17356940509883, 37.36065431719726], [-122.1736169622139, 37.36062743385692], [-122.1736685180608, 37.36060574989366], [-122.17372318575582, 37.360589638322125], [-122.17378002488645, 37.36057937629866], [-122.17383805768797, 37.36057514035372], [-122.17412794129233, 37.36056921551955], [-122.17418434249049, 37.36056489998972], [-122.17423943509436, 37.36055433667271], [-122.1742921383446, 37.360537732790704], [-122.17434141835587, 37.36051541406444], [-122.17438630839935, 37.3604878183232], [-122.17442592786746, 37.360455486915654], [-122.17445949954904, 37.36041905408975], [-122.1745350528025, 37.36032970176441], [-122.17461710968811, 37.360244082130606], [-122.17470538150343, 37.36016249640296], [-122.17479955768452, 37.360085231603655], [-122.1749981176889, 37.359931726886906], [-122.17505668022399, 37.359882146421526], [-122.17510936641601, 37.35982852967913], [-122.17515574178276, 37.35977131882911], [-122.17519542388911, 37.35971098567992], [-122.1752280855005, 37.35964802778797], [-122.17527385466849, 37.359547041906076], [-122.17534707668145, 37.35939362359208], [-122.17541323728169, 37.359238174907496], [-122.17544947243351, 37.35916554988576], [-122.17549153986356, 37.3590949566435], [-122.17553926193753, 37.359026693241056], [-122.17556647880353, 37.35897671162826], [-122.17558608564306, 37.35892450812067], [-122.1755978062929, 37.35887081805014], [-122.17560147567492, 37.35881639768643], [-122.17559705052754, 37.35876618303175], [-122.17558666341316, 37.3587165318289], [-122.17557040848413, 37.35866789407757], [-122.1755484330735, 37.358620710591424], [-122.17552093635896, 37.35857540900301], [-122.17549348037375, 37.35854060157285], [-122.17546160341273, 37.35850828412966], [-122.17542565693961, 37.35847881298821], [-122.17538603728497, 37.35845251308107], [-122.17533602702203, 37.35842971095131], [-122.17528310722399, 37.35841156949341], [-122.17522795682557, 37.358398321452654], [-122.1751712833776, 37.35839013679425], [-122.1750768502553, 37.358378102839474], [-122.17498206587045, 37.35836798040361], [-122.17477636158547, 37.358343427716456], [-122.17468689738662, 37.35834080971705], [-122.17459750434423, 37.358344677972326], [-122.17449719741421, 37.35836056514568], [-122.1743962709678, 37.3583737168862], [-122.17433972702977, 37.35837443812666], [-122.17428347718251, 37.358369784460024], [-122.17422832041886, 37.358359821988614], [-122.17417504020443, 37.35834469222289], [-122.17414624381513, 37.35833400888575], [-122.17415263263901, 37.35827523052263], [-122.17390733781252, 37.358218045101744], [-122.17375922810629, 37.35818351661948], [-122.17286850374309, 37.35797772633543], [-122.17263395635884, 37.3579235367803], [-122.17212957827363, 37.3595356352159], [-122.17211290553841, 37.35958893392095], [-122.17209147892595, 37.359584844730605], [-122.17175716645879, 37.3595210541886], [-122.171408462089, 37.359418966373354], [-122.17123239232261, 37.35939366359626], [-122.17096420213578, 37.3593551157048], [-122.17079276946896, 37.35935891000316], [-122.17073153402002, 37.359360266639676], [-122.17071170640808, 37.35936070576148], [-122.170418919449, 37.35936719119775], [-122.17016372608806, 37.35930963888681], [-122.17013049741098, 37.35930613018036], [-122.16983594706366, 37.359275004504575], [-122.16982259899879, 37.3592755764357], [-122.1698041278427, 37.359276368285094], [-122.16973836758024, 37.35927918724028], [-122.16940293849862, 37.35929360261089], [-122.1689158091485, 37.359242642084396], [-122.16850456049144, 37.359079918977216], [-122.16850297137205, 37.35907955768089], [-122.16849143071774, 37.35907499149507], [-122.16817186768812, 37.3590023751734], [-122.16759805183666, 37.35884189429104], [-122.16759697206187, 37.35884136234094], [-122.16763205935855, 37.358793231947296], [-122.16903029339073, 37.35687499281364], [-122.16664949967739, 37.3555671182905], [-122.16588305637028, 37.35488538364366], [-122.16579603389532, 37.35480797905068], [-122.1656688872802, 37.35469488394215], [-122.16550810415592, 37.35455186996295], [-122.16531666692856, 37.35438158899376], [-122.16531008139552, 37.35424436053942], [-122.16527367636044, 37.35348730451137], [-122.16496707606305, 37.353518239028716], [-122.16478061550207, 37.35353705151019], [-122.16422538928211, 37.353593069219585], [-122.16379497235346, 37.353636513583055], [-122.16375586974885, 37.35224395470626], [-122.16451228344525, 37.352230422768116], [-122.16772951561425, 37.35217281238954], [-122.16764409336969, 37.349134989689674], [-122.15984315610714, 37.34868763951563], [-122.15076582613398, 37.348849390312935], [-122.1506843259242, 37.345927863233], [-122.14672704017627, 37.34598352872505], [-122.14151625894236, 37.34605662215813], [-122.14157909127361, 37.34891612655895], [-122.14099431338629, 37.34892395382593], [-122.1405007913751, 37.34893056020272], [-122.13873636481209, 37.348945719516045], [-122.13836892159699, 37.348948876395745], [-122.13720967670531, 37.348958836152555], [-122.13583941039775, 37.34622654673307], [-122.13188757115937, 37.344644832462556], [-122.12855059912678, 37.34330903698142], [-122.1279901879413, 37.34308468735319], [-122.1279393073724, 37.34307501383064], [-122.12620309778843, 37.342744922068654], [-122.12605566900437, 37.342716891933534], [-122.12569901813501, 37.34264908478833], [-122.12511179043518, 37.34251855743932], [-122.12501071740691, 37.342496998425695], [-122.1241650076134, 37.34231669149714], [-122.12406500088521, 37.34229536953471], [-122.12374836097244, 37.34222785768421], [-122.12372278324578, 37.34222239702748]], [[-122.08700488132165, 37.363237832108496], [-122.08699750978086, 37.36293943163904], [-122.08700372974873, 37.36263652327702], [-122.08709373463839, 37.36263727225917], [-122.08712812304063, 37.36263747075102], [-122.08809735657626, 37.362643229865675], [-122.08849109619054, 37.362645540366294], [-122.08866315677905, 37.36264657352266], [-122.08922299127087, 37.36264988219319], [-122.08922367307383, 37.362812670357464], [-122.08922461987343, 37.363032383625345], [-122.08922553792699, 37.363252143373195], [-122.08914253989542, 37.363251939881685], [-122.08888795828099, 37.36324895897818], [-122.08863332007273, 37.36324600020823], [-122.08837865221993, 37.36324304143806], [-122.08818459638503, 37.36324077166724], [-122.08812399694351, 37.363240631722086], [-122.08786935065018, 37.3632399834058], [-122.08761473220444, 37.363239357937346], [-122.08736696969999, 37.36323875246064], [-122.08728702504175, 37.36323855539507], [-122.08712955937938, 37.363238166976465], [-122.08709514402773, 37.36323808343758], [-122.08700491815245, 37.36323932148047], [-122.08700488132165, 37.363237832108496]]], [[[-122.14609869105945, 37.33103564466562], [-122.150042735641, 37.33098990388581], [-122.15007385866765, 37.33098953388502], [-122.1501251779718, 37.32779524439012], [-122.14609808145968, 37.32784192787034], [-122.14609869105945, 37.33103564466562]]], [[[-122.12268921091818, 37.33844714308824], [-122.12271336683261, 37.33844796036697], [-122.12273746644134, 37.33844951110168], [-122.12279125556404, 37.33845820194291], [-122.12281842894481, 37.33846127549537], [-122.12284573277788, 37.33846349559472], [-122.12287312519594, 37.33846485741328], [-122.12290056326204, 37.33846535884191], [-122.1233601714023, 37.33848732285239], [-122.12351350638205, 37.338494650668885], [-122.12381977687626, 37.33851179856781], [-122.12406982892165, 37.33852288908405], [-122.12419422610243, 37.338534500321195], [-122.12431793306631, 37.33855013226606], [-122.12444074160847, 37.33856975986963], [-122.12469170913884, 37.33861634483861], [-122.12477539529144, 37.33863187953217], [-122.12494418264914, 37.33865747952153], [-122.12508387259757, 37.33867935251402], [-122.12515289147439, 37.33869327619017], [-122.12522123986157, 37.338709168348586], [-122.12528882926252, 37.33872700768781], [-122.12535557341738, 37.338746771973845], [-122.1254213882444, 37.338768435338345], [-122.1254861862372, 37.33879197015798], [-122.12554988434376, 37.338817346044046], [-122.12561240398567, 37.33884453074385], [-122.12567365860761, 37.33887348851012], [-122.12573357517408, 37.33890418250779], [-122.12579207267245, 37.338936572406645], [-122.12584907798824, 37.338970617768055], [-122.12629350110261, 37.3391569972074], [-122.12644174592545, 37.339219167239506], [-122.12674751953023, 37.33932804113711], [-122.12675132115989, 37.339329396055064], [-122.12682346421369, 37.33935654387304], [-122.12690074952638, 37.33938264696018], [-122.12697925717065, 37.339406308779736], [-122.12705886787687, 37.33942749493694], [-122.12713945673312, 37.33944617111541], [-122.12722090234945, 37.33946230925854], [-122.12730307890058, 37.33947588497643], [-122.12738585725411, 37.33948687753052], [-122.12765743363948, 37.33950270381698], [-122.12779245962781, 37.33951679067071], [-122.12792671806348, 37.33953496599605], [-122.12813526857957, 37.3395869335807], [-122.12824114842466, 37.33960843801979], [-122.12834792291119, 37.33962691629517], [-122.1284554515989, 37.339642346924144], [-122.12856360200432, 37.33965471101771], [-122.12867223376476, 37.339663990697936], [-122.1289478043951, 37.33967525606557], [-122.12908486844863, 37.33968805592569], [-122.1292211060709, 37.33970560566595], [-122.1296599452209, 37.339777841851756], [-122.1298063421959, 37.33980194021629], [-122.13010239453048, 37.339834490267016], [-122.13023114953536, 37.339844445697125], [-122.13029507046004, 37.339852396487466], [-122.13035855576797, 37.3398623152331], [-122.13042151484055, 37.3398741869739], [-122.13048385246665, 37.33988799320831], [-122.13054547343498, 37.339903715435916], [-122.13060628910786, 37.33992132605223], [-122.13066620419471, 37.339940802952945], [-122.13072745101636, 37.3399699420715], [-122.13075901003725, 37.33998318779307], [-122.13079114073085, 37.3399955270471], [-122.1308238010121, 37.340006945098196], [-122.13085694992417, 37.34001742719519], [-122.1308905465497, 37.34002696038899], [-122.1309245443096, 37.34003553090812], [-122.13095890464143, 37.34004313027646], [-122.13099358328158, 37.34004974739451], [-122.13102853264056, 37.340055373911554], [-122.13106371193817, 37.340060003185684], [-122.13109907592023, 37.34006363043889], [-122.13113457927317, 37.340066248191135], [-122.1311701768018, 37.34006785436747], [-122.13120582222162, 37.34006844871095], [-122.13133084161551, 37.34007829451874], [-122.13139290086534, 37.34008610750944], [-122.13151564777245, 37.34010745983856], [-122.13175488150169, 37.34015572611417], [-122.13183464730156, 37.3401718186751], [-122.13199519832092, 37.34020049365318], [-122.13221326575072, 37.331195558371846], [-122.13223689108234, 37.33025062011781], [-122.13257418114927, 37.316758322580675], [-122.13274050660493, 37.3101044480556], [-122.1327553977678, 37.30950858152715], [-122.132822696752, 37.309270265831884], [-122.13282689774307, 37.309255259816055], [-122.1328483120371, 37.309179446284915], [-122.13284935396483, 37.30917575302485], [-122.13287006817471, 37.30910234285944], [-122.13287451067605, 37.30908666928396], [-122.13316781487876, 37.30804764323018], [-122.13352084958113, 37.30679698232081], [-122.13410318836173, 37.3047340243751], [-122.13497595687846, 37.30164189112721], [-122.13505312069309, 37.2972622414555], [-122.13508975687768, 37.2951829503567], [-122.13511641292583, 37.29367006861337], [-122.15192478290369, 37.29441089444469], [-122.15247027731809, 37.28838015474688], [-122.15262866204802, 37.28821086193618], [-122.15242467812088, 37.28690310436298], [-122.15225817100284, 37.28689650001305], [-122.14792453186642, 37.286705713207645], [-122.14371924493831, 37.286520452263254], [-122.14364619062583, 37.28402349233903], [-122.1435363051245, 37.28026649748684], [-122.14342960754745, 37.276618852123256], [-122.1433679742399, 37.274510371956445], [-122.14330298048556, 37.272287965226965], [-122.1359171149869, 37.272416614346405], [-122.1358610267705, 37.272417594416154], [-122.13584527661398, 37.27241786942971], [-122.13577297940667, 37.27241913087895], [-122.13431614881945, 37.272444441146995], [-122.13437992948828, 37.275107193159364], [-122.13447822900592, 37.27920872204347], [-122.12325731168727, 37.27901429799885], [-122.12326857060391, 37.28294002026822], [-122.12210533585089, 37.28295178907416], [-122.12199180209866, 37.28295294975148], [-122.12131532503271, 37.282959799219434], [-122.12110721872472, 37.28296190151914], [-122.12095189444872, 37.28296336480685], [-122.12052709249001, 37.2823903148695], [-122.12034913862735, 37.282143599449185], [-122.12034866202123, 37.28214315273594], [-122.12031142611315, 37.28209135369996], [-122.12023591180946, 37.2820579453053], [-122.12003317832315, 37.28196825272687], [-122.1190982052711, 37.28155460711935], [-122.11906371297502, 37.28152581005566], [-122.11904747053252, 37.28151067893006], [-122.11903192529977, 37.28149508846039], [-122.11901709800074, 37.281479058186925], [-122.11900300821216, 37.28146260676462], [-122.1189896756474, 37.2814457591551], [-122.11897711541219, 37.28142853587746], [-122.11896534830815, 37.281410960076045], [-122.11895438495047, 37.28139305323293], [-122.11894424281684, 37.28137484124207], [-122.11893493366928, 37.28135634647118], [-122.11891886503615, 37.28131861062678], [-122.11889099234102, 37.2812445552556], [-122.1188782123897, 37.28121452433245], [-122.11887081210286, 37.28119980536575], [-122.11886275009654, 37.28118530913236], [-122.11885404033023, 37.28117105526598], [-122.11884468995912, 37.28115706169147], [-122.11883471183452, 37.281143348958885], [-122.11882412320038, 37.28112993215037], [-122.11881293344759, 37.281116828258874], [-122.11880115768213, 37.281104057803134], [-122.11878881314814, 37.28109163586507], [-122.11877591259908, 37.28107957849013], [-122.11876247891622, 37.28106790068231], [-122.1187485237257, 37.28105661850252], [-122.1187340676537, 37.281045746985704], [-122.11871913019917, 37.28103530118315], [-122.11870372850824, 37.28102529167171], [-122.11867162164812, 37.28100663976876], [-122.11863736374802, 37.28098953702559], [-122.11861966455469, 37.280981760910635], [-122.11860161479288, 37.28097451414187], [-122.11856456822758, 37.280961650452575], [-122.11819669325092, 37.28084674217652], [-122.11816707144952, 37.280837483335375], [-122.1181612974333, 37.280835678694665], [-122.11815608888101, 37.28083405008665], [-122.1181427581078, 37.280829883257304], [-122.1181619612695, 37.28076280054811], [-122.11812922674838, 37.28075395961197], [-122.11801861064681, 37.28072426567018], [-122.11801968399385, 37.28080039750518], [-122.11801968584264, 37.28080043082434], [-122.11782879899602, 37.280728283168585], [-122.11745915517821, 37.280420336688614], [-122.11730150397304, 37.28018277926113], [-122.11721776664166, 37.279901829713495], [-122.11718714526849, 37.279878035335976], [-122.11716421520566, 37.27986022239552], [-122.11707325171729, 37.27978948734738], [-122.11703270406915, 37.27975794803704], [-122.11660698960384, 37.279715831029996], [-122.11659033920543, 37.27971418366993], [-122.11658512375652, 37.27971003981802], [-122.11657028647585, 37.27969825407236], [-122.1164216686391, 37.27958026651925], [-122.11624405041543, 37.279439238633906], [-122.11616862058234, 37.279379367954235], [-122.11601523062434, 37.2793148954881], [-122.1159897902711, 37.27930416711314], [-122.11597669766076, 37.27929920819906], [-122.11601332058905, 37.27923716114354], [-122.11588822986124, 37.27918976339006], [-122.11587032562414, 37.279183320782295], [-122.11585211674249, 37.279177445630275], [-122.11583363389086, 37.279172148325046], [-122.11581490319521, 37.279167437518105], [-122.1157959552326, 37.27916331909583], [-122.11577681838392, 37.27915980167852], [-122.11575752316779, 37.27915688844996], [-122.11520249728814, 37.27908216135056], [-122.1151747213331, 37.27907471567163], [-122.11511884055956, 37.27903258893157], [-122.11497534274206, 37.278898185575876], [-122.11491016469962, 37.27885005243943], [-122.11490244460275, 37.278844551590616], [-122.11489448457782, 37.27883927304341], [-122.11488629603556, 37.27883422294897], [-122.11487788925915, 37.27882940747372], [-122.11486927340438, 37.27882483280007], [-122.11486046100951, 37.27882050506322], [-122.11485146231861, 37.27881642862796], [-122.11484228874258, 37.278812609645506], [-122.11483295165306, 37.27880905246491], [-122.11482346244125, 37.278805762336255], [-122.11481383469479, 37.278802741775955], [-122.11480407755002, 37.27879999606494], [-122.11479420572203, 37.27879752770417], [-122.11478423056316, 37.278795340141734], [-122.11473175977281, 37.278784508393585], [-122.11470558147202, 37.27877891598805], [-122.11467936626288, 37.27877344214381], [-122.11462705003393, 37.27876214139244], [-122.11462723267528, 37.27877456922848], [-122.11401610833808, 37.278626237906025], [-122.11348593397477, 37.27858650376442], [-122.11324220792373, 37.27856358337495], [-122.1129445976812, 37.27840378494227], [-122.11293666340164, 37.275492791286034], [-122.10929715184038, 37.27552929253046], [-122.11155223193983, 37.271881067942495], [-122.10579890931979, 37.27193866174036], [-122.10581574051288, 37.27301463595201], [-122.10580782818394, 37.27300553233214], [-122.1057995170767, 37.27299665858095], [-122.10579081758914, 37.27298802627125], [-122.10578173786433, 37.272979647007126], [-122.10577229275168, 37.27297152959679], [-122.1057624937761, 37.27296368559781], [-122.10575235127754, 37.272956123880526], [-122.10574188014382, 37.27294885505485], [-122.10573109296939, 37.27294188796027], [-122.10572000347611, 37.2729352314207], [-122.10570862536625, 37.27292889335863], [-122.10569697234247, 37.2729228816973], [-122.1056850581264, 37.272917205260256], [-122.10567290201845, 37.27291187009139], [-122.10566051430038, 37.27290688235809], [-122.10564791543872, 37.272902249890244], [-122.10563511569556, 37.27289797795449], [-122.10562213546015, 37.27289407077723], [-122.10560899067006, 37.27289053534933], [-122.10559569716649, 37.272887374157435], [-122.10558227197563, 37.272884592374965], [-122.1055687298304, 37.27288219340482], [-122.1055550899539, 37.272880179686986], [-122.10550064107576, 37.272866929632364], [-122.10544681868943, 37.2728521317031], [-122.1053936941894, 37.2728358020441], [-122.1053413357426, 37.27281796405426], [-122.10528981033, 37.27279863844547], [-122.10523918279415, 37.27277785136606], [-122.10518952137858, 37.27275562981897], [-122.10514088418013, 37.27273200094644], [-122.10509333728396, 37.27270699628755], [-122.10504694339232, 37.2726806474272], [-122.10500175733553, 37.272652986960075], [-122.10495783969635, 37.27262405280911], [-122.104915245362, 37.27259388027147], [-122.10487403155189, 37.27256250821757], [-122.10483424875939, 37.27252997741229], [-122.10479594975182, 37.272496329490345], [-122.10475918167845, 37.272461607065296], [-122.10472399285469, 37.27242585453635], [-122.10469042827114, 37.27238911905252], [-122.10465853175214, 37.27235144597588], [-122.10459990051493, 37.27227348495784], [-122.10456787230254, 37.272229249278496], [-122.10453374137806, 37.272186030126385], [-122.10449755646485, 37.272143890817496], [-122.10445937081514, 37.272102895507466], [-122.1044192409461, 37.272063102899274], [-122.10437722790391, 37.27202457253516], [-122.10433339154844, 37.27198736127042], [-122.104287798465, 37.2719515240654], [-122.10419218577591, 37.271951740862306], [-122.10418560494944, 37.27195175622134], [-122.10412803366775, 37.271951875350624], [-122.10407728007206, 37.27195198126173], [-122.1039584165139, 37.271952236111225], [-122.10398499263042, 37.271846506679324], [-122.10399481004464, 37.27180743469515], [-122.10399586683737, 37.27180323591978], [-122.1039770585081, 37.271788999473344], [-122.1038795805132, 37.271756986527485], [-122.103779423686, 37.27173078170967], [-122.10367712905263, 37.27171052657217], [-122.10357324918552, 37.27169633052831], [-122.10346834521897, 37.27168827026171], [-122.10336298381854, 37.27168638931189], [-122.10314685513481, 37.271711003687514], [-122.10308835945531, 37.271721044770096], [-122.10302875264757, 37.27172516944285], [-122.10296896791502, 37.271723313129954], [-122.10290994124688, 37.27171550489383], [-122.1028525967635, 37.27170186698009], [-122.10279783224786, 37.271682612903675], [-122.1025250312567, 37.27146323172423], [-122.10248555069337, 37.27143607996726], [-122.10244209437067, 37.271413131717175], [-122.10239535862316, 37.271394754689894], [-122.10216301343573, 37.27131751954001], [-122.10211445488217, 37.271297597209], [-122.10207048948381, 37.27127174528933], [-122.10090502629522, 37.2704643769165], [-122.10084326845862, 37.27042501621663], [-122.10077768319687, 37.27038983147977], [-122.10070871147806, 37.27035905927077], [-122.10063681703744, 37.27033290648655], [-122.10056248325942, 37.27031154896518], [-122.1004642559966, 37.27028320505088], [-122.10036938680885, 37.270248312027256], [-122.10027855792114, 37.270207120819514], [-122.10019242250047, 37.27015992764437], [-122.10011159995864, 37.27010707187964], [-122.0995951511012, 37.269739018883875], [-122.09938293229962, 37.26959143927691], [-122.09916628278962, 37.26944803090429], [-122.09888087468232, 37.26926367588223], [-122.09884270507791, 37.269242735250096], [-122.09880092309946, 37.26922679662821], [-122.09875654669231, 37.26921624833274], [-122.09871065700891, 37.26921134735396], [-122.09866437206894, 37.26921221309542], [-122.09861881952146, 37.26921882446487], [-122.09857510917261, 37.2692310203882], [-122.09824459708311, 37.269347124038696], [-122.09782370864252, 37.26938905807362], [-122.09760415839379, 37.26937124690982], [-122.09739489350365, 37.26931875183608], [-122.0970852119776, 37.26915898859467], [-122.09690141773436, 37.268936433956576], [-122.09603045944272, 37.2687184417755], [-122.09574077945676, 37.26870389466845], [-122.0954572127951, 37.26875839313986], [-122.09530323924716, 37.268711618801795], [-122.09527270700522, 37.26868722644124], [-122.09514198695926, 37.268582790529905], [-122.09510416148574, 37.26824759096315], [-122.09478657401046, 37.26779051128866], [-122.0945762437642, 37.26765410922697], [-122.0942999536683, 37.26761314310159], [-122.0938424210991, 37.26780068912234], [-122.0936215840545, 37.267914417037396], [-122.09351718329191, 37.267968074459915], [-122.09340316337001, 37.26824378692521], [-122.09345026314837, 37.26852534181162], [-122.0931946746959, 37.268669734855614], [-122.09178724986818, 37.26823140800965], [-122.09155029451846, 37.26823803933217], [-122.09112754373291, 37.268479032543915], [-122.09083554876152, 37.268820087341695], [-122.09065441346641, 37.26887107626059], [-122.09044622457276, 37.268841880090925], [-122.09007789936909, 37.268927228537905], [-122.08934343993882, 37.269494930895966], [-122.08905106716803, 37.2696974523071], [-122.0888584679743, 37.269877719305526], [-122.08853086360017, 37.270136891259234], [-122.08805287974722, 37.270350031731226], [-122.08802550285571, 37.270544515002655], [-122.088085767382, 37.270845350208006], [-122.0878888797853, 37.271269002169575], [-122.08747409068827, 37.271651657397214], [-122.08700445315729, 37.271757963393874], [-122.08654275375363, 37.27194418675494], [-122.08641100574229, 37.27199733766793], [-122.08630853758669, 37.2720386248588], [-122.08627984844432, 37.27204862755438], [-122.08592452101058, 37.27215349497303], [-122.08568889557742, 37.272210440639256], [-122.085451423232, 37.27226225585814], [-122.08521227886324, 37.27230890246905], [-122.08497163859248, 37.27235034611785], [-122.08447240634982, 37.27235398992081], [-122.08430394481113, 37.27234340073738], [-122.08413638599441, 37.27232591215097], [-122.08397017205726, 37.27230157031087], [-122.08380574160724, 37.27227043945088], [-122.0837427357879, 37.27224957645833], [-122.08367721105675, 37.272234460507384], [-122.08360998533392, 37.27222528028441], [-122.0835418977712, 37.27222215038239], [-122.08347379827768, 37.272225109870604], [-122.08340653691141, 37.27223412180699], [-122.0833409532691, 37.27224907369921], [-122.08311318078599, 37.27232217610062], [-122.08288351804148, 37.27239139887765], [-122.0826520684976, 37.272456710844224], [-122.08241233134689, 37.272494735429326], [-122.082171818915, 37.272529493372176], [-122.0819306009009, 37.27256097459997], [-122.08160298507296, 37.27259895968206], [-122.0812745393097, 37.27263205335271], [-122.08120889029222, 37.27263109346296], [-122.08114341201059, 37.27263499471757], [-122.08107866686441, 37.27264372360822], [-122.08101521095676, 37.27265720516157], [-122.08095358931797, 37.272675323583144], [-122.0808466664501, 37.27269392488359], [-122.08074161533386, 37.272718407663874], [-122.08063894188119, 37.27274865401871], [-122.08053914055516, 37.27278451828619], [-122.08044269198909, 37.272825827749145], [-122.08035006067203, 37.27287238346683], [-122.08026169271211, 37.27292396123285], [-122.08020086207534, 37.27297038776509], [-122.08013422077778, 37.273011404601796], [-122.08006251842454, 37.27304655036548], [-122.08000360079734, 37.27307599146508], [-122.07994993472265, 37.27311126714332], [-122.07990241917261, 37.27315178649482], [-122.07987820167499, 37.273194718323545], [-122.07984620518891, 37.27323426412694], [-122.07980715269748, 37.27326953032538], [-122.07976192662538, 37.27329972004038], [-122.07971154889994, 37.273324151101214], [-122.07965715785956, 37.27334227145989], [-122.07929540553958, 37.27347730716755], [-122.07921489172803, 37.27349575036691], [-122.07913729819971, 37.27352095008395], [-122.07906350992631, 37.27355261891129], [-122.07899436848291, 37.27359039565974], [-122.07893066244985, 37.27363384947753], [-122.07887311841917, 37.27368248476382], [-122.07882239270752, 37.27373574682097], [-122.0787790638707, 37.27379302818065], [-122.07874362610455, 37.27385367553177], [-122.07871716911392, 37.27389971381769], [-122.07868541006727, 37.27394355900979], [-122.07864863062703, 37.273984822244365], [-122.07860715698313, 37.274023137556576], [-122.07856135696026, 37.27405816512624], [-122.07825453268772, 37.27427165734603], [-122.0777573527443, 37.27464421279265], [-122.07769963963608, 37.27468746042483], [-122.07765276278359, 37.274722586397516], [-122.07759528711152, 37.27476565504326], [-122.07755307509986, 37.274797285450724], [-122.07748198639408, 37.274850555191335], [-122.07679307004413, 37.27525426094739], [-122.07657162943983, 37.27536025509778], [-122.07635488165795, 37.275472273155174], [-122.07614308320275, 37.27559018256601], [-122.07593648472532, 37.27571384380473], [-122.07573533072697, 37.27584311053871], [-122.07553985927011, 37.27597782980145], [-122.07546190755815, 37.27603338247063], [-122.07538963338098, 37.2760936383578], [-122.07532347979705, 37.276158228091454], [-122.07526385234841, 37.276226755732296], [-122.07521111657454, 37.27629880120042], [-122.07516559577121, 37.27637392285004], [-122.07512756900834, 37.27645166017671], [-122.07509726941875, 37.276531536640185], [-122.07507488276863, 37.276613062585426], [-122.07506054631807, 37.27669573824422], [-122.07505434797906, 37.27677905679881], [-122.07505632577598, 37.27686250748853], [-122.07506646761176, 37.276945578741135], [-122.07507561425875, 37.27703774287905], [-122.0750760782719, 37.27713019565164], [-122.07506785700117, 37.27722241545224], [-122.07505099679805, 37.277313881986714], [-122.07502559275495, 37.277404079208864], [-122.07499178816911, 37.27749249823194], [-122.07494977373509, 37.27757864020001], [-122.07489978646926, 37.27766201910239], [-122.07484210837326, 37.27774216451595], [-122.07477706484335, 37.27781862425943], [-122.07470502283503, 37.2778909669448], [-122.07462638879285, 37.277958784411396], [-122.07454160635761, 37.278021694028915], [-122.07447393211714, 37.278060249104875], [-122.07441044966797, 37.2781031159508], [-122.07435158806283, 37.27815000485174], [-122.07429774512683, 37.278200598909116], [-122.07424928476854, 37.27825455618247], [-122.07420653452051, 37.278311512000165], [-122.07416978332533, 37.278371081424034], [-122.0737345535565, 37.27916102366898], [-122.07309641603942, 37.28021107202666], [-122.07294510547712, 37.28053515123644], [-122.07292217820341, 37.28059882285329], [-122.07290761724838, 37.280664048149006], [-122.0729015788919, 37.2807301271718], [-122.07290412795612, 37.2807963508064], [-122.07291523710886, 37.280862008383835], [-122.07293478715587, 37.28092639530777], [-122.07296256831911, 37.280988820616], [-122.0729982824871, 37.28104861439551], [-122.07304154641314, 37.28110513497176], [-122.07310276940497, 37.281137284881886], [-122.07316820263144, 37.28116361228224], [-122.07323698266849, 37.28118376976811], [-122.07330820192666, 37.28119749134993], [-122.0733809206276, 37.2812045959635], [-122.07345417920577, 37.28120498985926], [-122.07352701097122, 37.28119866783957], [-122.07401680847903, 37.28113327951351], [-122.07410312046655, 37.281126755964344], [-122.07418981386408, 37.28112610516172], [-122.07427626399675, 37.28113133179511], [-122.0743618479423, 37.2811423982036], [-122.07446037123461, 37.28116448527798], [-122.07455625553006, 37.28119304091198], [-122.07464883697259, 37.2812278674013], [-122.07473747457091, 37.28126872362524], [-122.07482155463609, 37.28131532671591], [-122.07490049503008, 37.281367354016446], [-122.07497374919615, 37.28142444531467], [-122.07503295554983, 37.28147286903822], [-122.07508599667388, 37.2815256584726], [-122.07513237109494, 37.28158231453754], [-122.07517164036474, 37.281642301595745], [-122.07520343320583, 37.281705052516784], [-122.07522744902195, 37.281769974038596], [-122.07524346074091, 37.281836452376204], [-122.07525131696183, 37.28190385902443], [-122.07525094338746, 37.2819715566999], [-122.07524234352746, 37.28203890536603], [-122.07522559866598, 37.2821052682842], [-122.07520086709393, 37.28217001803368], [-122.0751683826135, 37.28223254244373], [-122.075142613195, 37.28227827006972], [-122.07512486842523, 37.282326373790546], [-122.07511547824723, 37.282375959216836], [-122.07511461726895, 37.282426104408216], [-122.0751223015157, 37.2824758770147], [-122.07513838813075, 37.28252435161198], [-122.07516257803023, 37.28257062690791], [-122.07519442146312, 37.28261384250055], [-122.07523332637238, 37.28265319487589], [-122.07527856940246, 37.28268795234814], [-122.07532930934855, 37.2827174686644], [-122.07538460279694, 37.282741195020975], [-122.0754434216665, 37.28275869026775], [-122.07549361655381, 37.28277187000185], [-122.07554089503228, 37.28279071697948], [-122.07558426111544, 37.28281483416396], [-122.07562280123418, 37.28284371349438], [-122.07565570348217, 37.28287674658812], [-122.07568227471984, 37.28291323755703], [-122.07570195517667, 37.282952417666905], [-122.07571433024411, 37.28299346153173], [-122.0757191392108, 37.28303550450145], [-122.07571628075576, 37.2830776608768], [-122.07570581508398, 37.28311904256809], [-122.07568796265916, 37.28315877780405], [-122.07564602021795, 37.283244107670164], [-122.0756116857008, 37.28333158166769], [-122.0755851288908, 37.28342076730932], [-122.07556648111807, 37.28351122364347], [-122.07555583461006, 37.28360250343448], [-122.07555324203496, 37.28369415537362], [-122.07555871624072, 37.283785726310526], [-122.0755722301909, 37.28387676349372], [-122.07558921055583, 37.28393229893584], [-122.07561445816906, 37.28398578999051], [-122.0756476036612, 37.28403645405374], [-122.07568816210963, 37.28408354988048], [-122.07573554013263, 37.28412638842969], [-122.07578904457024, 37.28416434294585], [-122.07584789262557, 37.284196858129086], [-122.07591122331743, 37.2842234582599], [-122.07597811007743, 37.284243754159625], [-122.07609222860067, 37.28425750683354], [-122.0762072260667, 37.28426528926656], [-122.07632261378201, 37.28426706838642], [-122.07643790139448, 37.284262836632585], [-122.07655259897741, 37.28425261198832], [-122.07666621911191, 37.2842364379043], [-122.07676090592895, 37.28423910669418], [-122.0768549228356, 37.284248478649474], [-122.07694752805796, 37.28426447982744], [-122.07703799095879, 37.28428698398211], [-122.07712559780174, 37.28431581356016], [-122.07720965738197, 37.28435074110179], [-122.07728950647937, 37.28439149103505], [-122.07736451509078, 37.28443774184992], [-122.0779189160855, 37.28482232026716], [-122.07802941946777, 37.28490049773237], [-122.0781451917303, 37.2849736452958], [-122.07844649691643, 37.28515339551675], [-122.07852078727659, 37.28520142616894], [-122.0785901698183, 37.28525393450205], [-122.07865422294819, 37.285310601464666], [-122.07871255745283, 37.28537108273582], [-122.07876481886389, 37.285435010817174], [-122.07881068961203, 37.28550199726577], [-122.07884989095695, 37.28557163505419], [-122.07888218468132, 37.285643501043616], [-122.07890737453864, 37.28571715855482], [-122.07900167445017, 37.28604223744739], [-122.07901021776605, 37.2860777855046], [-122.07903804484845, 37.28622336078872], [-122.07905650630101, 37.28630264203338], [-122.07908137936312, 37.286380796591246], [-122.07911255881895, 37.286457493797336], [-122.07914991276976, 37.286532409151675], [-122.07952426787539, 37.2872174189234], [-122.07955842788182, 37.28727378593794], [-122.07959801767389, 37.2873278377219], [-122.07964279317487, 37.287379241022606], [-122.0796924783342, 37.287427678915776], [-122.07974676682925, 37.2874728527596], [-122.08045260983062, 37.28801579336778], [-122.08052045233687, 37.28807227513407], [-122.08058250434004, 37.28813285865219], [-122.08063837874157, 37.28819716599856], [-122.08068772697642, 37.288264796019135], [-122.08073024118772, 37.2883353268317], [-122.08076565614758, 37.28840831845742], [-122.08079375091194, 37.288483315565294], [-122.08081435019932, 37.28855985031252], [-122.08083792240461, 37.288667964723395], [-122.08087690154643, 37.28882789939011], [-122.08092384393152, 37.28898646267511], [-122.08097867470833, 37.289143401572765], [-122.08126212778745, 37.289896291452216], [-122.0813179578051, 37.2900342346911], [-122.08138083838409, 37.29017022754155], [-122.0814506632462, 37.29030404007147], [-122.08152731437029, 37.29043544603398], [-122.08157843013058, 37.29052660224985], [-122.08162132703553, 37.290620424935035], [-122.08165578909097, 37.290716441742575], [-122.08168164276549, 37.29081416927748], [-122.08183147000626, 37.29150003040452], [-122.0818519012365, 37.291584077618744], [-122.08187632531065, 37.29166744193805], [-122.08220488454727, 37.29270008348375], [-122.08222220559433, 37.29276857558526], [-122.08223097148114, 37.29283809986125], [-122.082231096397, 37.292907975917174], [-122.08222257909529, 37.29297751991391], [-122.08220550290653, 37.293046051260134], [-122.08218003492387, 37.293112899272955], [-122.08214642436856, 37.29317740974171], [-122.0819908193557, 37.293438724214305], [-122.08195820678152, 37.29349995610273], [-122.0819321227767, 37.29356315375948], [-122.08183765414255, 37.29356339415524], [-122.08171137657531, 37.293562924918966], [-122.081701737772, 37.29370863880213], [-122.08111907050449, 37.29427569957623], [-122.0808311971584, 37.294523141276315], [-122.08119655238565, 37.294962835432315], [-122.08193731535422, 37.294978996704245], [-122.08311141574193, 37.294996713984794], [-122.08324623726577, 37.29499612179506], [-122.08370675631171, 37.29522723200059], [-122.08372012230713, 37.29523330111246], [-122.08428580973305, 37.29546366654098], [-122.08428343368388, 37.29547715602437], [-122.08428339543346, 37.295490778381655], [-122.08428569570576, 37.29550427624584], [-122.08430663510852, 37.295585117420856], [-122.08431667535118, 37.2956401771327], [-122.08431849041641, 37.29569579916113], [-122.08431205478462, 37.29575120202863], [-122.08429745885711, 37.295805607335076], [-122.08427490768692, 37.29585825069428], [-122.08424471809882, 37.29590839247353], [-122.08420731423881, 37.29595532818555], [-122.08416322161557, 37.295998398386764], [-122.08411305971765, 37.29603699794266], [-122.08405753330996, 37.29607058453022], [-122.08397707050484, 37.29611351728375], [-122.08390959835225, 37.29614533855888], [-122.08383813072514, 37.29617099557535], [-122.08376354654321, 37.29619017279798], [-122.0836867630567, 37.296202634381196], [-122.08360872456512, 37.29620822706966], [-122.08353039080328, 37.29620688208326], [-122.08345272513762, 37.29619861596295], [-122.08337668271761, 37.296183530367294], [-122.08267375767471, 37.29601050105972], [-122.08259401036463, 37.29599362718426], [-122.08251283176652, 37.29598189194158], [-122.08243073978862, 37.2959753702008], [-122.08234825816587, 37.29597410356969], [-122.08226591311885, 37.295978100129176], [-122.08218422999686, 37.29598733438179], [-122.08083511190195, 37.296183981987575], [-122.08081570889986, 37.29618779188635], [-122.08035167511596, 37.296301204704854], [-122.08029457881116, 37.29631501424721], [-122.0802404305136, 37.29633501470402], [-122.08019027615428, 37.29636081974655], [-122.08014508452017, 37.296391930924216], [-122.08010572854118, 37.29642774729238], [-122.08007296842872, 37.29646757701984], [-122.08004743699101, 37.29651065075197], [-122.08002962740935, 37.29655613647125], [-122.08001988371065, 37.29660315556841], [-122.0800183941214, 37.29665079981351], [-122.08002518743055, 37.29669814889939], [-122.08004013243226, 37.29674428821857], [-122.08018729436908, 37.297111710806455], [-122.08020744531098, 37.29717246834391], [-122.08021980017146, 37.297234542644624], [-122.08022423219636, 37.29729729695791], [-122.08022069590245, 37.29736008755599], [-122.08020922754483, 37.29742227033722], [-122.0801899447458, 37.29748320743338], [-122.08016304528921, 37.29754227375286], [-122.08012880509216, 37.297598863393], [-122.08008757537542, 37.29765239585557], [-122.08003977906105, 37.29770232200181], [-122.07998590643457, 37.29774812968561], [-122.07984565841048, 37.29786001840431], [-122.07971053747264, 37.29797586395472], [-122.07958071843586, 37.298095516480615], [-122.0794563692589, 37.29821882120035], [-122.07933765082717, 37.29834561860704], [-122.07922471674443, 37.29847574467487], [-122.07911771313415, 37.29860903107117], [-122.07867926614219, 37.299146597396216], [-122.07862950168892, 37.29921388675626], [-122.0785872919022, 37.29928439423134], [-122.07855296006439, 37.29935757984492], [-122.07852676912772, 37.2994328831085], [-122.07850891969964, 37.299509727313946], [-122.07849954850582, 37.299587523950095], [-122.07855065966118, 37.29967436431693], [-122.0786013292784, 37.299758987350316], [-122.07861196089581, 37.299772149402116], [-122.07862318260388, 37.299784995289755], [-122.07863497936118, 37.29979750719162], [-122.07864733620235, 37.299809670890205], [-122.07866023692003, 37.29982146677723], [-122.07867366431219, 37.299832881566324], [-122.07868760003005, 37.299843901085346], [-122.07870202685253, 37.29985451114707], [-122.07871692637376, 37.299864694876774], [-122.07873227579057, 37.2998744408655], [-122.0787480601565, 37.29988373579681], [-122.0787642543939, 37.29989256739182], [-122.07878083908297, 37.29990092419629], [-122.07894895660688, 37.29998447142076], [-122.0789914394195, 37.30000945141565], [-122.07900959084033, 37.300023243841125], [-122.07901819286988, 37.300030519535376], [-122.07902646604511, 37.30003803487554], [-122.07903439777013, 37.30004578101932], [-122.07904197885146, 37.30005374998012], [-122.07904919885344, 37.3000619283807], [-122.07905604967247, 37.30007030641691], [-122.07906252324254, 37.300078876086864], [-122.07906860908999, 37.30008762221145], [-122.07907430031499, 37.300096538575204], [-122.0790795920826, 37.30010560992313], [-122.07908447403341, 37.30011482648163], [-122.07908894255561, 37.30012417748498], [-122.07909298945012, 37.3001336486245], [-122.07909661223279, 37.30014322911955], [-122.0790998049981, 37.30015290643267], [-122.07910256409629, 37.30016266799643], [-122.0791048859343, 37.300172503946065], [-122.07910676678613, 37.30018239811024], [-122.07910820414865, 37.30019233880709], [-122.0791091977933, 37.30020231522529], [-122.07910974632566, 37.300212314766895], [-122.07910984716644, 37.300222322146084], [-122.07910950232373, 37.30023232562021], [-122.07910870933232, 37.300242315309404], [-122.07910747232256, 37.30025227313401], [-122.07910579337859, 37.300262190954946], [-122.07910367106794, 37.30027205437236], [-122.07910110965412, 37.30028185161314], [-122.07909811334366, 37.30029156820122], [-122.07909082979876, 37.300310716877526], [-122.07908146805192, 37.30032884006479], [-122.07907619392465, 37.30033769426859], [-122.07907053407082, 37.30034639235689], [-122.07906449284891, 37.30035492706139], [-122.07905807901467, 37.300363285647144], [-122.07905130029138, 37.300371459899075], [-122.07904416654354, 37.30037943616619], [-122.07903668329566, 37.3003872089668], [-122.07902886379594, 37.30039476460425], [-122.07902071582447, 37.30040209756624], [-122.07901224924598, 37.30040919420203], [-122.07900347524303, 37.300416049854476], [-122.07899440375641, 37.30042265447629], [-122.07898504698241, 37.30042899798999], [-122.07897541612297, 37.30043507663962], [-122.0789655233361, 37.30044087854564], [-122.0789553809516, 37.300446399936924], [-122.07894500231258, 37.300451631621684], [-122.07893439745511, 37.30045656805714], [-122.07892358316269, 37.3004612027088], [-122.07891257061826, 37.3004655309197], [-122.0789013743309, 37.30046954528467], [-122.07889000663032, 37.30047324203267], [-122.07887848437612, 37.300476618232985], [-122.07886681984112, 37.30047966741135], [-122.07885502873823, 37.30048238575139], [-122.07884312454401, 37.30048477036789], [-122.07883112188168, 37.300486819261224], [-122.07881903763028, 37.30048853040129], [-122.07880688408143, 37.30048989821544], [-122.07879467931788, 37.30049092426232], [-122.07878243570737, 37.30049160657247], [-122.07877017012892, 37.3004919431164], [-122.07875789726288, 37.300491934597346], [-122.07874563177066, 37.300491580817656], [-122.07873339055025, 37.300490880648304], [-122.07872118721126, 37.30048983751079], [-122.0780087517628, 37.300412702957445], [-122.07797446001412, 37.30041037209181], [-122.0779572568759, 37.30040996758953], [-122.07794004640016, 37.300410070559636], [-122.0779228522889, 37.30041068158407], [-122.07790569818745, 37.30041179854192], [-122.07788860781683, 37.30041342291593], [-122.07787160476529, 37.300415549882466], [-122.07785471038417, 37.30041817554924], [-122.07783795063135, 37.300421300467825], [-122.07782134563551, 37.30042491625607], [-122.07780491902271, 37.30042901989269], [-122.0777886943433, 37.30043360475169], [-122.0777726918208, 37.30043866695606], [-122.07774144389332, 37.300450188836145], [-122.07755285011922, 37.30046568094806], [-122.07745432081431, 37.30050949857243], [-122.07689250924491, 37.30075928499965], [-122.07688547376867, 37.30076241315163], [-122.07683406724648, 37.300785268393625], [-122.0767537330549, 37.30082098561952], [-122.07675294512559, 37.30082133597814], [-122.0767537330549, 37.30082098561944], [-122.07658432199658, 37.300822690020105], [-122.07439951682126, 37.30086338282882], [-122.0741914309546, 37.30116097644671], [-122.0742642552485, 37.30147980757602], [-122.07427378179165, 37.30152151596258], [-122.07428120227854, 37.30180310798761], [-122.07408128174141, 37.30244141830984], [-122.07414415892173, 37.30273576959628], [-122.07414191923084, 37.30293831198262], [-122.07402964597571, 37.303161332943866], [-122.07389933182321, 37.30341478908976], [-122.07389260076185, 37.3036408770767], [-122.07384583844029, 37.303999008717184], [-122.07408218688934, 37.30449297108652], [-122.07394676633139, 37.30467418266686], [-122.07379253202156, 37.30491049387242], [-122.07385107983984, 37.304939327028436], [-122.07347196331187, 37.30538570328572], [-122.07331506221458, 37.30563031364015], [-122.07325692774542, 37.305894884624635], [-122.07341594810667, 37.30628458881093], [-122.07371884971937, 37.306712189458594], [-122.07409480501535, 37.307081604104276], [-122.0741525225463, 37.30705110336625], [-122.07421001129903, 37.30702072373059], [-122.07451906928388, 37.30680710881723], [-122.07457267658144, 37.30671400915269], [-122.07463338818623, 37.30662373552263], [-122.0747009717135, 37.306536633428216], [-122.07477516848061, 37.30645303623112], [-122.07485569449712, 37.30637326387776], [-122.0748685414884, 37.306361440453074], [-122.07534276504023, 37.30592863609603], [-122.07540262321334, 37.30586950971402], [-122.07545651848793, 37.3058068300543], [-122.07550412172502, 37.3057409799201], [-122.0755451422152, 37.305672361476674], [-122.07557932945397, 37.30560139379499], [-122.07578250918839, 37.30512468899539], [-122.07582371246245, 37.30501816729862], [-122.0758572572701, 37.304909944594], [-122.07588303483737, 37.30480037191719], [-122.07590096158579, 37.30468980468115], [-122.0759109794028, 37.30457860152323], [-122.07594237797714, 37.30400193266409], [-122.07594972682924, 37.3039327318894], [-122.07596417771029, 37.30386424866546], [-122.07598563262545, 37.30379694730158], [-122.07601394609433, 37.30373128409279], [-122.07604892613776, 37.30366770422658], [-122.07609033557989, 37.30360663876446], [-122.07613789365647, 37.303548501719696], [-122.07619127791887, 37.30349368725045], [-122.07641399518565, 37.30328348536741], [-122.07645967412287, 37.30323548269388], [-122.07649881639514, 37.30318392626215], [-122.07653099250838, 37.30312938180066], [-122.0765558494106, 37.30307244782425], [-122.07657311436526, 37.30301374906641], [-122.07658259794343, 37.30295392962403], [-122.07658419610152, 37.30289364588964], [-122.07657789132217, 37.30283355934881], [-122.07656375280563, 37.30277432932171], [-122.07654193570964, 37.30271660572862], [-122.07651267944611, 37.30266102195848], [-122.07611348132541, 37.30200156109141], [-122.07607600211865, 37.301931645858566], [-122.07604668824453, 37.30185928440766], [-122.07602578561642, 37.30178508383636], [-122.07601346957735, 37.30170966667041], [-122.07600984342965, 37.30163366564057], [-122.07601493756925, 37.30155771837416], [-122.0760287092314, 37.30148246204557], [-122.07605104285047, 37.30140852803039], [-122.0760817510303, 37.30133653660874], [-122.07612057611722, 37.301267091761176], [-122.076143200997, 37.30123308423962], [-122.07614321740104, 37.301233059686446], [-122.07618804427536, 37.30117503061035], [-122.07623868430584, 37.301120137878506], [-122.07629479548118, 37.301068752210526], [-122.07635599884297, 37.30102122064026], [-122.07639984693546, 37.30099155422173], [-122.07646982252348, 37.30095052738623], [-122.07654383826733, 37.300914306620825], [-122.07669538373064, 37.30084692804259], [-122.07675294512559, 37.30082133597814], [-122.07669538373064, 37.30084692804263], [-122.07654383826733, 37.30091430662091], [-122.07646982252348, 37.3009505273863], [-122.07639984693546, 37.30099155422182], [-122.07635599882397, 37.30102121973931], [-122.076432238652, 37.30102226739778], [-122.07644108676844, 37.30102238894078], [-122.07664930822024, 37.301021404235215], [-122.07667555686288, 37.30102128073789], [-122.07860292798506, 37.301012152403686], [-122.07859929703663, 37.300858694375144], [-122.07859802344042, 37.30080484766045], [-122.07878566191856, 37.30080284781557], [-122.08624971828068, 37.30072327195329], [-122.08671150757657, 37.30071815220044], [-122.08802680838973, 37.30070354448289], [-122.0903858408515, 37.3006773440276], [-122.0906375411053, 37.30067517816323], [-122.0907225153311, 37.30067444690881], [-122.09104719111971, 37.3006716523186], [-122.09104718801913, 37.30067187766149], [-122.09099019980785, 37.304294349139255], [-122.09099190032306, 37.30437127705058], [-122.09107202963239, 37.3080310547407], [-122.08640970029462, 37.30804923290853], [-122.07756985635737, 37.30806154517228], [-122.0775697293049, 37.30861082860523], [-122.08153976150768, 37.308621050808476], [-122.08642246330108, 37.30863362382959], [-122.08650053991131, 37.31220829868567], [-122.08650085705452, 37.312222814555206], [-122.08656921706697, 37.31535243591557], [-122.08581292023825, 37.315350489094435], [-122.08581283854295, 37.315350680353724], [-122.08581269228331, 37.31535096621198], [-122.08576472650877, 37.31544449508075], [-122.08571157210932, 37.315562574394306], [-122.085650258248, 37.31569569161429], [-122.08559840552716, 37.31581360816026], [-122.08553207997737, 37.31591708502718], [-122.0854957878908, 37.315990481563446], [-122.08542856268578, 37.31607496600349], [-122.0853458713336, 37.316164993892215], [-122.08529090586471, 37.3161977456066], [-122.08519979332034, 37.316240105628864], [-122.08506550911137, 37.31631572451218], [-122.08496336999916, 37.316369201144646], [-122.08486730755374, 37.316452984900295], [-122.08483608466621, 37.31651852626613], [-122.08480513669096, 37.3165970880672], [-122.08483359482527, 37.316657481048544], [-122.08491169503961, 37.31675193210252], [-122.08505463545895, 37.3168281415734], [-122.08519785118737, 37.3169173704115], [-122.08531398948718, 37.317011307451345], [-122.08540259106461, 37.317088251746654], [-122.08542533990969, 37.31713569768351], [-122.08538997123911, 37.31726207322834], [-122.08532752564994, 37.31739315622594], [-122.08525393499366, 37.31751136672034], [-122.0851425814653, 37.317643111337006], [-122.08502551875402, 37.31776190981559], [-122.08492438891898, 37.317863126491666], [-122.08476366867299, 37.317973832185615], [-122.08465120933376, 37.31805349642352], [-122.08460451116369, 37.318158318598456], [-122.08456932579607, 37.31829337446112], [-122.08454998174155, 37.318406508836595], [-122.08452575588169, 37.31854575755133], [-122.08446238758575, 37.31863343985558], [-122.08433859915353, 37.3186915497445], [-122.08421877245809, 37.31868014674621], [-122.08402277742434, 37.31866543142297], [-122.08388176609739, 37.31868036190408], [-122.0837581622175, 37.318747151751026], [-122.08360324007563, 37.318875142670954], [-122.08336072699373, 37.3189739276957], [-122.08326466053222, 37.31905771011383], [-122.08308800015739, 37.31918599407678], [-122.08271837469113, 37.31944278142634], [-122.08258527810396, 37.31957481811311], [-122.082459085315, 37.31977622056064], [-122.08232626333252, 37.319921276482745], [-122.08211658891992, 37.3201107475118], [-122.08213107922428, 37.320692614956585], [-122.08165386717333, 37.32030966694907], [-122.07955820172846, 37.322024324199916], [-122.07954543646335, 37.322034768167256], [-122.07918279431443, 37.32233147575245], [-122.07912544947196, 37.32237350916099], [-122.07907068372957, 37.32241365221161], [-122.07905495120622, 37.32242599709054], [-122.07891352199815, 37.32253683915404], [-122.07842536758349, 37.322919323837326], [-122.07813032434538, 37.323150509460845], [-122.07811492978823, 37.323162574791056], [-122.07863311569584, 37.3232477513038], [-122.07980079582676, 37.32343972145525], [-122.0798116769669, 37.32344151052683], [-122.08137901310253, 37.323699162621295], [-122.08148634335582, 37.323714799901154], [-122.08149388794584, 37.32371574616806], [-122.08154332384757, 37.32372157567574], [-122.08163203262812, 37.32372986884452], [-122.08163985417094, 37.32373046440161], [-122.08172333069821, 37.32373573700952], [-122.08173116376476, 37.32373613053611], [-122.08174101213575, 37.32373662482772], [-122.08178069644056, 37.32373810690576], [-122.08182040488734, 37.32373907676251], [-122.08190981152299, 37.32373933961458], [-122.08191511594725, 37.323739264397005], [-122.08209819188696, 37.323731550331466], [-122.08245694204473, 37.323707432793256], [-122.0825487906138, 37.32370124652979], [-122.08263384691547, 37.323747916342874], [-122.08302468819048, 37.32396235307717], [-122.08441605888125, 37.32472572769982], [-122.08484013702872, 37.32495839729175], [-122.08861929927846, 37.32606024272376], [-122.08914565794666, 37.32649045330103], [-122.08940831630737, 37.3267051511458], [-122.08964345311445, 37.32689974917887], [-122.09012867796942, 37.327301319061185], [-122.09054936519114, 37.32764947371575], [-122.09344619757104, 37.330046817340516], [-122.09542027296517, 37.331804438722685], [-122.09569791752043, 37.332031922346374], [-122.09572872642342, 37.332057164570976], [-122.09573755983641, 37.33206440260576], [-122.09604460013348, 37.332315962711924], [-122.0960577664712, 37.33232675012578], [-122.09619193985247, 37.332436675381146], [-122.09649736446865, 37.332686898233106], [-122.09656316111885, 37.33264561803985], [-122.09662709261745, 37.33260251214989], [-122.09668907993427, 37.33255763211035], [-122.09674904983487, 37.33251103659942], [-122.09680692451478, 37.332462781653604], [-122.09686263188843, 37.33241292683647], [-122.0969161033136, 37.33236153436825], [-122.09696727471935, 37.33230866911062], [-122.0970160775224, 37.33225439598653], [-122.09706245673706, 37.33219878243746], [-122.0971063483906, 37.332141897829445], [-122.09714770321678, 37.33208381313094], [-122.09718646743697, 37.33202459937104], [-122.09725603641061, 37.33190308643532], [-122.0972883281926, 37.3318152124852], [-122.09730647948365, 37.33177177402377], [-122.0973609247049, 37.33164148216915], [-122.09736248402477, 37.33163412602332], [-122.09736437505866, 37.33162681852677], [-122.09736659241572, 37.33161957146878], [-122.09736913624994, 37.33161239205651], [-122.09737200000349, 37.331605290292906], [-122.09737518274069, 37.331598275202616], [-122.09737867899366, 37.33159135497116], [-122.09738248449946, 37.33158454137176], [-122.09738659486058, 37.331577839871905], [-122.09739100241056, 37.33157126139051], [-122.09739570393774, 37.331564814082014], [-122.0974006939741, 37.331558506131984], [-122.09740596251967, 37.331552344886056], [-122.09741150636263, 37.33154633849879], [-122.0974173166506, 37.331540495201835], [-122.0974233867871, 37.331534823195796], [-122.09742970784275, 37.331529327108356], [-122.09743627216982, 37.3315240187595], [-122.09744307192851, 37.33151890095946], [-122.09745009599042, 37.33151398106956], [-122.09745733774008, 37.331509266389794], [-122.09746478713869, 37.33150476246381], [-122.09747243529533, 37.331500475721555], [-122.09748026987617, 37.331496409935724], [-122.09749646504115, 37.331488968722915], [-122.09753635587073, 37.33147519345443], [-122.09757686253312, 37.33146261558595], [-122.0976179266501, 37.331451249431154], [-122.09765949328576, 37.33144111196002], [-122.09770150287585, 37.33143221479844], [-122.09774389824759, 37.33142457584837], [-122.0977866197022, 37.331418200429496], [-122.0978296098935, 37.331413098335396], [-122.09787280809093, 37.331409279405825], [-122.09791615228144, 37.33140674628882], [-122.09797473375073, 37.33140523191399], [-122.09803334449786, 37.33140540326165], [-122.09809191000427, 37.33140725864403], [-122.09815035347611, 37.33141079550434], [-122.0982086003756, 37.33141601125388], [-122.09821900086574, 37.331415038499316], [-122.0982294394406, 37.331414368929956], [-122.0982399014715, 37.33141400454731], [-122.09825037341963, 37.33141394553643], [-122.0982608405987, 37.33141419119638], [-122.09827128952755, 37.331414744414616], [-122.098281706571, 37.33141560087088], [-122.09829207704256, 37.33141675986465], [-122.09830238855098, 37.331418222465786], [-122.09831262405694, 37.3314199834997], [-122.09832277340642, 37.33142204310482], [-122.09833282183587, 37.33142439697665], [-122.0983427557293, 37.33142704169595], [-122.09835256263749, 37.331429975630215], [-122.09836222775847, 37.331433192673025], [-122.09837173977128, 37.331436691176336], [-122.09838108498279, 37.331440464117364], [-122.09839025201424, 37.331444507145356], [-122.09839922719185, 37.33144881413851], [-122.09841655757903, 37.331458201700364], [-122.09854294757584, 37.33150416933564], [-122.09860583207129, 37.33152775033047], [-122.09866888497159, 37.33155091894719], [-122.09879436519844, 37.331598447894926], [-122.09882736700874, 37.331610465784244], [-122.09885981205203, 37.33162341499394], [-122.09889165934594, 37.331637278961], [-122.09892286674112, 37.33165203933587], [-122.09895339662025, 37.33166767860797], [-122.09898321016081, 37.331684175678824], [-122.09901226855914, 37.33170151035087], [-122.09904053410162, 37.3317196606092], [-122.09907288785494, 37.33174310641935], [-122.09910629318746, 37.33176558980545], [-122.09914070662734, 37.33178708342237], [-122.09917608351657, 37.33180755723783], [-122.09921237359416, 37.331826983098026], [-122.09924953115066, 37.331845334590184], [-122.09932624239958, 37.331878719952115], [-122.09956009624578, 37.33196442373513], [-122.09979558967198, 37.332047243354886], [-122.0998367570903, 37.33206205046325], [-122.09987717727502, 37.33207811682677], [-122.09991679210769, 37.33209541620356], [-122.09995553788632, 37.33211392513178], [-122.09999336207561, 37.33213361458961], [-122.1000302053703, 37.33215445564837], [-122.10006601290117, 37.332176415713384], [-122.100100733241, 37.33219946484698], [-122.10021407370948, 37.332253720622894], [-122.10027253685399, 37.33227832269694], [-122.10033209047118, 37.332301195761794], [-122.10039265490428, 37.33232230936124], [-122.10045414714976, 37.33234163488783], [-122.100516486557, 37.332359148207715], [-122.10064336728952, 37.332388640122645], [-122.10069951188962, 37.33239535142234], [-122.10075528436377, 37.33240381521211], [-122.10081059867844, 37.33241401914964], [-122.10086536868361, 37.332425945487266], [-122.10091951276193, 37.332439577316535], [-122.10097294466664, 37.33245489238541], [-122.10107735060325, 37.332490480207895], [-122.10111327762365, 37.33250456361025], [-122.10114854490372, 37.33251966986964], [-122.10118310805602, 37.3325357815694], [-122.10121692259641, 37.33255287678788], [-122.10124994406007, 37.33257093450442], [-122.10128212790457, 37.332589930094564], [-122.1013134352289, 37.332609838856904], [-122.10134382372762, 37.33263063523529], [-122.10137325446071, 37.33265229272653], [-122.10140168844939, 37.33267478302548], [-122.10142908895196, 37.332698076895305], [-122.10148065029378, 37.33274695198506], [-122.10154668102194, 37.332835823888885], [-122.10161695443297, 37.33292259474345], [-122.10169136733835, 37.333007136178544], [-122.1018521586389, 37.33316903588166], [-122.1019162458059, 37.333229805785614], [-122.10197728513178, 37.333292543192336], [-122.10208984295598, 37.333423536370795], [-122.10223752460575, 37.33363847488898], [-122.10231335414497, 37.33374506525299], [-122.10254082200505, 37.334064807510636], [-122.10267167695335, 37.33421963731816], [-122.10281031739684, 37.33437008609445], [-122.10295651337697, 37.334515902818275], [-122.1032705921184, 37.33479268190281], [-122.10337977406306, 37.33489111002092], [-122.10343765957869, 37.334937876356925], [-122.1034976392464, 37.33498292876047], [-122.10355963617423, 37.335026207899396], [-122.1036235644042, 37.335067652764124], [-122.10368934270375, 37.335107212192995], [-122.10375688073574, 37.33514483154469], [-122.10382609053538, 37.335180461552206], [-122.10389687968143, 37.33521405571407], [-122.10396915462441, 37.33524556754381], [-122.10404281969241, 37.335274956892505], [-122.10411777582858, 37.33530218365837], [-122.10419392409133, 37.335327213144886], [-122.10427116441015, 37.3353500106713], [-122.10442850672906, 37.33538879294631], [-122.10449754007799, 37.33541008322032], [-122.10456559556167, 37.335433294691725], [-122.10463258907023, 37.33545839967541], [-122.10469843750607, 37.33548536506553], [-122.10476306006606, 37.33551415952697], [-122.10482637810692, 37.335544747189516], [-122.10488831292659, 37.33557708948005], [-122.1049487880792, 37.33561114779462], [-122.10500772927846, 37.33564687899417], [-122.10506506449396, 37.33568423990853], [-122.10512072163715, 37.33572318466459], [-122.10517463420206, 37.33576366460963], [-122.1052701265297, 37.33582675125398], [-122.10532006579395, 37.335856065568215], [-122.1053713703086, 37.33588383542118], [-122.10542396586052, 37.33591002127365], [-122.10547777487047, 37.33593458453336], [-122.10553271866901, 37.33595748842579], [-122.10558871870292, 37.3359787015825], [-122.10570355520795, 37.33601593046117], [-122.10573473532514, 37.336023337413], [-122.10576554596683, 37.33603167044983], [-122.10579594511516, 37.336040917530774], [-122.10582588962401, 37.33605106663056], [-122.10585533854574, 37.33606210299022], [-122.10588424865632, 37.33607401098058], [-122.10591258124524, 37.33608677491098], [-122.10594029637659, 37.33610037460151], [-122.1059673541919, 37.3361147934757], [-122.10599371812084, 37.336130010406336], [-122.10601935159266, 37.33614600426613], [-122.10604421686973, 37.336162752141696], [-122.1061425526395, 37.33623467057791], [-122.10619404566349, 37.33626850530249], [-122.10624700141118, 37.33630086721595], [-122.10630135693252, 37.33633171572336], [-122.10635704252682, 37.336361011224], [-122.1064139885896, 37.33638871862215], [-122.10653137926518, 37.33643923239254], [-122.10665768007307, 37.336483306452465], [-122.10678592981961, 37.336523635288394], [-122.10691595233862, 37.33656016273066], [-122.10704757278516, 37.336592841604784], [-122.10718061179927, 37.336621624798646], [-122.10731488910524, 37.33664647512639], [-122.10745022218897, 37.33666735633543], [-122.10758642651166, 37.3366842430158], [-122.10772331759163, 37.33669711246106], [-122.10786070987693, 37.336705944684375], [-122.10813624993632, 37.33671145725486], [-122.10841276142395, 37.336716741359425], [-122.10855101834639, 37.33671340816446], [-122.10868903268243, 37.336706094812016], [-122.10882662741805, 37.33669481094202], [-122.10896362343786, 37.336679573433955], [-122.109235104213, 37.336637314921155], [-122.10940703560016, 37.33659158795765], [-122.10949376069735, 37.33657052717462], [-122.10957994424972, 37.336548273359796], [-122.10975377626956, 37.33650738357986], [-122.10983340170573, 37.33649286097369], [-122.10991365940433, 37.33648075927561], [-122.1099944358004, 37.33647109806864], [-122.11007561038468, 37.33646388892077], [-122.11015707167466, 37.336459143276194], [-122.11023869908344, 37.33645686909994], [-122.1103203741647, 37.33645706892021], [-122.1104435097892, 37.336478130502975], [-122.11050470747077, 37.336489893773894], [-122.11056618442338, 37.33650084118922], [-122.11068836177404, 37.336525192467356], [-122.11077833476311, 37.336550466602695], [-122.11082410486033, 37.33656118006674], [-122.11087032087761, 37.3365705887472], [-122.11091692624107, 37.3365786862117], [-122.11096386083629, 37.33658545886682], [-122.11101106806989, 37.33659089937917], [-122.11105848570665, 37.33659500049326], [-122.11115372040655, 37.336599166082614], [-122.11138007606186, 37.33659485446278], [-122.11149326355996, 37.3365972552993], [-122.11160648487007, 37.33659661850044], [-122.11183269289702, 37.33660445628128], [-122.11196039548267, 37.33662042924846], [-122.11202461695552, 37.33662621660424], [-122.11221725878964, 37.33664357516722], [-122.11231009819527, 37.33663992777906], [-122.11240304350233, 37.33663899148804], [-122.11249596943803, 37.336640766215204], [-122.11258875294718, 37.33664525004926], [-122.11268126860125, 37.33665243570443], [-122.11283145661005, 37.336673687580664], [-122.11298215045896, 37.33669274868309], [-122.1139542843178, 37.336724550314585], [-122.11402521287594, 37.33672241002986], [-122.11406068083578, 37.33672088336012], [-122.1140961113873, 37.33671966270354], [-122.11416696524027, 37.336716311240494], [-122.11419558038328, 37.33671851347897], [-122.11422427761374, 37.336719865644206], [-122.11425301848992, 37.33672036466075], [-122.11428176349973, 37.33672001017171], [-122.11431047087474, 37.336718801851234], [-122.11433910114197, 37.33671674114412], [-122.11436761714366, 37.33671383216725], [-122.11439597718908, 37.33671007819856], [-122.1144241430115, 37.33670548427121], [-122.11445207523552, 37.33670005633525], [-122.11447973683947, 37.336693804813855], [-122.1146094915109, 37.336664518730466], [-122.11467537014506, 37.336653019212555], [-122.11474177204889, 37.336643641996275], [-122.11480859250779, 37.33663639843717], [-122.11487572351983, 37.3366313044418], [-122.1149487983434, 37.336627059446585], [-122.11502161791411, 37.33662061357436], [-122.11509408199956, 37.33661197721848], [-122.11516608818872, 37.33660116440834], [-122.11523752842884, 37.336588189250634], [-122.11530830600937, 37.336573068399744], [-122.11537831873407, 37.33655582579562], [-122.11544746555491, 37.33653648626394], [-122.1156250004743, 37.33650674047895], [-122.11571313691357, 37.33648964705221], [-122.11580171719984, 37.33647402992242], [-122.11597753591248, 37.336438370117726], [-122.11611351735786, 37.33641048528559], [-122.11618236123236, 37.33639948744993], [-122.11625165649134, 37.33639046960625], [-122.11632131085183, 37.33638344384081], [-122.11639123765302, 37.336378421261756], [-122.11646134447548, 37.33637540764949], [-122.11653154224604, 37.33637440693576], [-122.11660173959606, 37.336375421282256], [-122.11667184503952, 37.33637844744522], [-122.11674177047568, 37.33638348213388], [-122.1168114243602, 37.33639051940233], [-122.11688071507061, 37.33639954970049], [-122.11694955547809, 37.33641056251569], [-122.1170178571892, 37.33642354104429], [-122.117085529592, 37.33643847031584], [-122.117152487658, 37.33645533257939], [-122.11719017675453, 37.33646658675668], [-122.1172283661763, 37.33647670841126], [-122.11726700263726, 37.336485686562334], [-122.11730603053576, 37.33649350755744], [-122.11734539771393, 37.33650016040049], [-122.11738504753927, 37.33650563595918], [-122.117424925675, 37.33650992687231], [-122.11746497667542, 37.33651302669546], [-122.11750514509488, 37.33651492898379], [-122.11754537453464, 37.33651563541685], [-122.11758560847935, 37.33651514226872], [-122.11783087963116, 37.33653390013606], [-122.1179126589319, 37.33654015383971], [-122.11807543809562, 37.33655789252537], [-122.11815636043639, 37.33656710032978], [-122.11819645495397, 37.33657345716327], [-122.11823623370057, 37.3365809718873], [-122.11827564454101, 37.33658963440773], [-122.1183146353399, 37.33659943463044], [-122.11835315495351, 37.33661035613895], [-122.11839115237466, 37.33662238882399], [-122.11842857865743, 37.33663551353521], [-122.11846538267739, 37.33664971475771], [-122.11850151778414, 37.33666497511217], [-122.11853693491427, 37.336681270043066], [-122.11857158854559, 37.336698582155506], [-122.11860543185163, 37.33671688596212], [-122.11863842034037, 37.33673615954783], [-122.11867051167906, 37.33675637646194], [-122.11870166240594, 37.33677751026933], [-122.11887403102732, 37.33691410527597], [-122.11896471401222, 37.336978606392314], [-122.11905823943353, 37.33704046458655], [-122.11915448816548, 37.33709959948799], [-122.11921667988078, 37.33713250572812], [-122.11924665133051, 37.33715024822692], [-122.11927582137376, 37.33716882098794], [-122.11930415678148, 37.33718820103948], [-122.11933162204868, 37.337208364540075], [-122.11935818165017, 37.33722928674767], [-122.11938380340713, 37.33725094107118], [-122.11940845628806, 37.337273301805], [-122.11943210920288, 37.33729634054077], [-122.11945473331825, 37.33732002883892], [-122.11947629980031, 37.33734433825999], [-122.1194967831419, 37.33736923761465], [-122.1196260906074, 37.33751252506238], [-122.11969549490408, 37.337581294920504], [-122.11976794894247, 37.33764803092206], [-122.11984335822824, 37.33771264334561], [-122.11992162622381, 37.33777505241128], [-122.12000265181892, 37.33783517569901], [-122.12008632950544, 37.337892936256246], [-122.12017255268519, 37.33794825894885], [-122.12026120921455, 37.33800107322487], [-122.12035218473136, 37.33805131036589], [-122.12044536156519, 37.338098905304136], [-122.12067112916372, 37.33817676134749], [-122.12078677468517, 37.33821018384496], [-122.12090401065272, 37.338239861348164], [-122.12102264865034, 37.33826574599089], [-122.12114249586463, 37.338287795375486], [-122.12122855497515, 37.33829476984101], [-122.12127129742828, 37.33830008416301], [-122.12131377604004, 37.338306607032756], [-122.12139772887562, 37.33832324711618], [-122.12171008846158, 37.338401496489034], [-122.1218142731369, 37.3384275947551], [-122.122025040331, 37.338472993367716], [-122.12205137629115, 37.3384792428246], [-122.12207798316429, 37.33848471348842], [-122.12210482464683, 37.338489396849], [-122.12213186336555, 37.3384932871152], [-122.12215906422313, 37.33849637936552], [-122.1221863887376, 37.33849866872495], [-122.12221380072262, 37.33850015208962], [-122.12224126177405, 37.33850082818872], [-122.12226873572511, 37.338500694819075], [-122.12229618537863, 37.33849975429801], [-122.12232357233037, 37.33849800535491], [-122.12235086055067, 37.338495452092985], [-122.12237801171368, 37.33849209684576], [-122.12240498982872, 37.338487945518445], [-122.12243175775718, 37.33848300313138], [-122.12245827950855, 37.33847727559032], [-122.12250278001217, 37.338465875677976], [-122.12252539370951, 37.33846116381361], [-122.12254821039492, 37.33845711963238], [-122.12257119744461, 37.33845374809199], [-122.12259432336324, 37.3384510541343], [-122.12264087020205, 37.33844771236633], [-122.12268921091818, 37.33844714308824]]], [[[-122.14330298095354, 37.272287965404594], [-122.1433679738077, 37.27451037197028], [-122.14342960787428, 37.276618851969545], [-122.14353630485105, 37.28026649725508], [-122.14364619083425, 37.28402349224665], [-122.14371924513775, 37.286520451825815], [-122.14792453141708, 37.28670571360822], [-122.15225817076109, 37.28689650036958], [-122.15242467796475, 37.28690310430488], [-122.15239312556594, 37.28670081886148], [-122.1522218160908, 37.285602514002626], [-122.15219631294187, 37.28543890737646], [-122.15218195395505, 37.28532909930698], [-122.1521652797711, 37.28521950030455], [-122.15211531641779, 37.284886296313566], [-122.15211337426285, 37.28486579072273], [-122.15209432661797, 37.284717032634234], [-122.15206648080537, 37.284569162559805], [-122.1520298994033, 37.28442251253368], [-122.15198466460392, 37.28427741184852], [-122.15193087802834, 37.28413418631622], [-122.15191469937682, 37.2840956598586], [-122.15185904988103, 37.28397567981645], [-122.15179638506295, 37.283857928924235], [-122.1517268442407, 37.28374266890731], [-122.15165058201356, 37.28363015595334], [-122.15156776791828, 37.283520640142996], [-122.15147858605185, 37.28341436489416], [-122.1513832346623, 37.283311566421006], [-122.15128035499416, 37.2832095425001], [-122.15117135859597, 37.283111657842255], [-122.15105650595108, 37.283018146354465], [-122.1509360715339, 37.282929231492794], [-122.15081034315402, 37.28284512572824], [-122.15067962126841, 37.28276603003942], [-122.15054421826345, 37.282692133432185], [-122.15031066801629, 37.28257073869927], [-122.15011978391861, 37.28247650840576], [-122.14993263986602, 37.28237760436805], [-122.14974941502321, 37.28227412128116], [-122.14957028480035, 37.28216615822389], [-122.14946016195928, 37.28209009732971], [-122.14935598168671, 37.282008866964276], [-122.14925812339679, 37.281922762976045], [-122.14916694347485, 37.28183209896255], [-122.14908277397933, 37.281737205128174], [-122.14900592143282, 37.2816384270813], [-122.14893666570579, 37.28153612457539], [-122.14887525899765, 37.28143067019867], [-122.14882192491851, 37.281322448016944], [-122.1487768576754, 37.281211852174685], [-122.14874022136517, 37.28109928545948], [-122.14871214937756, 37.280985157835], [-122.1486927439098, 37.280869884947705], [-122.148682075595, 37.2807538866132], [-122.14868018324553, 37.280637585287124], [-122.14868707371221, 37.28052140452664], [-122.14870272186, 37.28040576744784], [-122.14872707066006, 37.28029109518484], [-122.14876003139807, 37.28017780535611], [-122.14880148399796, 37.28006631054365], [-122.14885127745956, 37.27995701679046], [-122.1489092304092, 37.27985032212198], [-122.14897513176064, 37.27974661509665], [-122.14904874148418, 37.279646273390874], [-122.14912979148126, 37.27954966242402], [-122.14921798656114, 37.27945713402756], [-122.14927896696364, 37.27939396112571], [-122.14933343809176, 37.27932709799869], [-122.14938105190392, 37.27925697188835], [-122.14942150417795, 37.27918403088516], [-122.14945453645473, 37.27910874106476], [-122.14947993768915, 37.27903158350976], [-122.14949754559818, 37.27895305123567], [-122.14950724769716, 37.27887364604043], [-122.14950723512077, 37.27887307421123], [-122.14951324656623, 37.278774461477326], [-122.14951130086804, 37.27867574405483], [-122.14950140613017, 37.27857733151024], [-122.14948360343567, 37.27847963214354], [-122.14945796667607, 37.27838305129424], [-122.1494246022439, 37.278287989659745], [-122.1493836485912, 37.27819484163296], [-122.14934523403618, 37.27813394468328], [-122.1493150335774, 37.27807016116879], [-122.14929338107667, 37.2780041962523], [-122.14928051589115, 37.27793677921139], [-122.14927658022813, 37.27786865537569], [-122.14928161757389, 37.277800577886694], [-122.14929557221394, 37.2777332993716], [-122.14931828985019, 37.27766756362242], [-122.14934951930762, 37.277604097373455], [-122.14938891531217, 37.2775436022669], [-122.14943604230872, 37.277486747096304], [-122.14949037927693, 37.27743416041303], [-122.1495513254917, 37.27738642357772], [-122.14971931799658, 37.277255323769424], [-122.14989075609056, 37.27712710420352], [-122.15006556244816, 37.277001822699084], [-122.15014716239348, 37.276940331320866], [-122.15022278966313, 37.276874143303885], [-122.15029202215055, 37.2768036280847], [-122.15035447344574, 37.27672917925164], [-122.1504097949918, 37.276651212347616], [-122.15045767803012, 37.27657016255077], [-122.15049785532335, 37.27648648224512], [-122.1505301026466, 37.2764006384955], [-122.15055424003833, 37.27631311044052], [-122.15057013280433, 37.27622438661798], [-122.15057769226895, 37.27613496223822], [-122.1505768762692, 37.27604533641986], [-122.15056768938956, 37.275956009404126], [-122.15055018293576, 37.27586747976266], [-122.15051921580059, 37.27578465395809], [-122.15048021952448, 37.275704022819184], [-122.15043343411395, 37.27562608254568], [-122.15037914750691, 37.27555131277637], [-122.15031769380008, 37.275480173637575], [-122.15024945119272, 37.275413102911756], [-122.15017483965886, 37.2753505133437], [-122.15009431836258, 37.2752927901007], [-122.15000838283237, 37.2752402884025], [-122.14991756191156, 37.275193331335615], [-122.14982241450419, 37.27515220786526], [-122.14972352613546, 37.27511717105726], [-122.14962150534916, 37.27508843652106], [-122.14951697996287, 37.275066181082906], [-122.14941059320499, 37.275050541697944], [-122.14930299975696, 37.27504161460746], [-122.14919486172488, 37.275039454746796], [-122.14909596741201, 37.27504123678284], [-122.14899704823725, 37.275041049502775], [-122.14888584892587, 37.27505118390057], [-122.14877400143287, 37.2750544056974], [-122.14866217764025, 37.275050695539534], [-122.14855104928756, 37.27504007571439], [-122.14844128393624, 37.27502261001653], [-122.14833354095884, 37.27499840336455], [-122.1482284675777, 37.27496760117056], [-122.14812669497641, 37.274930388466736], [-122.14802883450795, 37.27488698879354], [-122.14793547402182, 37.27483766285674], [-122.14784717433251, 37.27478270696119], [-122.14777919313886, 37.274736632929596], [-122.14771677450688, 37.274685779810916], [-122.14766044245772, 37.27463057454035], [-122.14761066990972, 37.274571480590446], [-122.14756787470844, 37.27450899407974], [-122.14745751761888, 37.274344538556335], [-122.14735174191696, 37.27417817165467], [-122.1460939230539, 37.27226959540849], [-122.1460684675014, 37.27223563576979], [-122.14592987274456, 37.272242119445615], [-122.14584394620553, 37.272243601322415], [-122.14462186763267, 37.27226494310538], [-122.14330298095354, 37.272287965404594]]], [[[-122.11812922689931, 37.280753959275174], [-122.11816196150244, 37.28076280096559], [-122.11814275821212, 37.28082988339803], [-122.11815608920843, 37.28083405049624], [-122.11816129763943, 37.28083567873795], [-122.118167072009, 37.28083748352731], [-122.1181966930518, 37.28084674191755], [-122.11856456836372, 37.28096165078862], [-122.11860161487913, 37.2809745137321], [-122.11861966472448, 37.28098176075152], [-122.11863736422711, 37.280989537412346], [-122.11867162147335, 37.281006639629794], [-122.11870372905128, 37.28102529145632], [-122.11871912976511, 37.28103530104142], [-122.11873406784657, 37.2810457473472], [-122.11874852353279, 37.28105661893725], [-122.11876247885722, 37.28106790080108], [-122.11877591315906, 37.28107957864329], [-122.11878881296329, 37.28109163602439], [-122.11880115760867, 37.28110405793346], [-122.1188129336205, 37.28111682864639], [-122.11882412303252, 37.28112993172231], [-122.11883471237003, 37.28114334857796], [-122.11884468995493, 37.281157062058725], [-122.11885404051573, 37.28117105500984], [-122.11886275057776, 37.2811853088474], [-122.11887081205634, 37.281199804987565], [-122.1188782123749, 37.28121452413119], [-122.11889099180287, 37.28124455494897], [-122.11891886471713, 37.281318610186844], [-122.11893493377434, 37.28135634682349], [-122.11894424301212, 37.281374841313735], [-122.1189543849881, 37.281393053468506], [-122.11896534802422, 37.28141095970034], [-122.1189771159508, 37.281428535708045], [-122.11898967529288, 37.28144575933377], [-122.11900300808429, 37.28146260699075], [-122.11901709815562, 37.28147905795135], [-122.11903192484553, 37.28149508862876], [-122.11904747018744, 37.28151067900957], [-122.11906371262187, 37.281525809795326], [-122.11909820522547, 37.28155460681292], [-122.12003317787467, 37.28196825299619], [-122.1202359114241, 37.28205794497462], [-122.12031142558837, 37.28209135339712], [-122.1203486625421, 37.28214315317838], [-122.12034913864917, 37.282143599185964], [-122.12052709305614, 37.28239031523798], [-122.12095189454821, 37.28296336499849], [-122.1211072186274, 37.28296190192092], [-122.12131532501012, 37.28295979914794], [-122.12199180213189, 37.28295294976789], [-122.12210533569201, 37.282951789025475], [-122.12326857026787, 37.28294002006941], [-122.12325731212009, 37.2790142983154], [-122.13447822950467, 37.27920872186864], [-122.1343799300283, 37.27510719314888], [-122.13431614905011, 37.27244444149612], [-122.13430822865506, 37.27221476061015], [-122.13428877747562, 37.27165069555245], [-122.12396445583141, 37.27175582205876], [-122.12327297145659, 37.27176286332244], [-122.12323651603121, 37.27176323218463], [-122.12069899851504, 37.27178892885989], [-122.11919186464554, 37.27180414798918], [-122.11809607107966, 37.27181522170903], [-122.11746305174974, 37.27182161031042], [-122.11733283917228, 37.27182292777628], [-122.11681476645239, 37.2718281368767], [-122.1129267803305, 37.27186726838402], [-122.11285382318314, 37.26812191123803], [-122.11280458681028, 37.26559442434546], [-122.11278340376141, 37.264505850458605], [-122.10748387438368, 37.26456048876638], [-122.10745740717368, 37.265919506194685], [-122.10401978147657, 37.26590471018157], [-122.10402304789554, 37.264596050900394], [-122.10363746138889, 37.26460000510718], [-122.10384709989245, 37.26824563270124], [-122.1038585408116, 37.268449202352336], [-122.10168670315798, 37.26829754694308], [-122.09963222319108, 37.26815404453882], [-122.0996207086835, 37.267288935319215], [-122.09959487335539, 37.26534584930486], [-122.09959409092944, 37.26528676799139], [-122.09959408284448, 37.265286160313046], [-122.09959329323223, 37.26522649486625], [-122.09958550939622, 37.26464160826917], [-122.09946055106411, 37.26464290369863], [-122.09818922851468, 37.26465607532417], [-122.0980362086138, 37.26465763741681], [-122.09802916941632, 37.264657710338334], [-122.0976249015478, 37.264661915478015], [-122.09759180851592, 37.26466226006768], [-122.09759117969537, 37.26466231511659], [-122.09743185811367, 37.26466391652959], [-122.09683635601775, 37.26467007053103], [-122.09538738715581, 37.26468504016633], [-122.09525426763057, 37.26468641924001], [-122.09525358311132, 37.264714721537445], [-122.09525347003151, 37.26471930632719], [-122.0952522311409, 37.26476956310658], [-122.09525201464596, 37.26477817217834], [-122.09527056267822, 37.26819489651269], [-122.09527297909676, 37.26863846173242], [-122.09527270690184, 37.268687226080765], [-122.09530323883436, 37.26871161861119], [-122.09545721274067, 37.26875839340534], [-122.0957407793981, 37.26870389433067], [-122.0960304590824, 37.2687184415062], [-122.09690141781567, 37.26893643409357], [-122.09708521217212, 37.2691589883576], [-122.0973948937255, 37.26931875218281], [-122.0976041580303, 37.26937124704782], [-122.0978237089456, 37.26938905821619], [-122.09824459744513, 37.26934712428733], [-122.09857510916066, 37.26923102033105], [-122.09861881956047, 37.26921882439648], [-122.09866437216166, 37.26921221302721], [-122.09871065715481, 37.26921134729767], [-122.09875654688756, 37.26921624829983], [-122.09880092333708, 37.269226796629404], [-122.09884270534809, 37.26924273529477], [-122.09888087497256, 37.2692636759781], [-122.09916628314946, 37.26944803060463], [-122.09938293260512, 37.26959143915499], [-122.09959515134551, 37.269739018940015], [-122.10011159987037, 37.270107072019435], [-122.10019242241151, 37.27015992772343], [-122.10027855782252, 37.27020712084104], [-122.10036938669232, 37.27024831199523], [-122.10046425585467, 37.27028320496993], [-122.1005624830855, 37.270311548840546], [-122.10063681681518, 37.270332906361546], [-122.10070871120926, 37.270359059139466], [-122.10077768288419, 37.270389831336516], [-122.10084326810554, 37.27042501605605], [-122.100905025906, 37.27046437673365], [-122.10207048911059, 37.271271745461476], [-122.10211445487663, 37.271297597201], [-122.1021630137692, 37.27131751928868], [-122.10239535848214, 37.27139475470117], [-122.10244209423774, 37.27141313168339], [-122.10248555057673, 37.27143607988824], [-122.10252503116475, 37.271463231600706], [-122.10279783238312, 37.27168261302495], [-122.10285259684352, 37.27170186701105], [-122.10290994125509, 37.27171550484844], [-122.10296896783846, 37.271723313023934], [-122.10302875247697, 37.27172516929319], [-122.10308835918549, 37.27172104459455], [-122.10314685476462, 37.271711003504095], [-122.10336298400215, 37.27168638964304], [-122.10346834538731, 37.27168827048781], [-122.10357324934843, 37.27169633064762], [-122.10367712922022, 37.271710526583476], [-122.10377942386852, 37.27173078161243], [-122.103879580721, 37.27175698632175], [-122.10397705875168, 37.271788999159824], [-122.10399586677451, 37.27180323547378], [-122.10399481035545, 37.27180743452403], [-122.10398499266482, 37.27184650698401], [-122.10395841689775, 37.27195223585244], [-122.10407728016142, 37.2719519813734], [-122.10412803406919, 37.27195187557904], [-122.1041856043921, 37.27195175620273], [-122.10419218544888, 37.27195174119122], [-122.10428779852013, 37.27195152388283], [-122.10433339160328, 37.271987361567014], [-122.10437722758171, 37.272024572463856], [-122.10441924087868, 37.27206310295762], [-122.10445937040855, 37.272102895858126], [-122.10449755598438, 37.27214389111597], [-122.10453374101203, 37.272186030111506], [-122.10456787249142, 37.27222924922077], [-122.1045999001165, 37.272273484820985], [-122.1046585322393, 37.27235144624136], [-122.10469042871104, 37.2723891187492], [-122.10472399335418, 37.272425854788075], [-122.10475918215134, 37.272461607178656], [-122.10479595018653, 37.272496329458065], [-122.10483424895064, 37.2725299773066], [-122.10487403173191, 37.272562507835254], [-122.10491524552913, 37.2725938802992], [-122.1049578391385, 37.272624052523966], [-122.10500175686458, 37.27265298662379], [-122.10504694301189, 37.27268064757339], [-122.10509333739301, 37.27270699605717], [-122.10514088431277, 37.2727320006233], [-122.10518952088903, 37.27275562982027], [-122.10523918334121, 37.27277785148144], [-122.10528981058398, 37.27279863844325], [-122.10534133614212, 37.27281796425868], [-122.10539369443866, 37.27283580176382], [-122.10544681899806, 37.27285213165975], [-122.10550064065028, 37.27286692964192], [-122.10555509022495, 37.27288017927056], [-122.10556873024184, 37.27288219298552], [-122.10558227144426, 37.272884592001056], [-122.10559569676383, 37.27288737417256], [-122.1056089909294, 37.272890535210976], [-122.1056221359745, 37.27289407082719], [-122.1056351157296, 37.27289797816159], [-122.10564791492345, 37.27290225006583], [-122.10566051469125, 37.27290688225087], [-122.10567290155828, 37.272911869712765], [-122.10568505845656, 37.272917205302875], [-122.10569697191137, 37.27292288187269], [-122.10570862485476, 37.2729288929884], [-122.10572000381204, 37.27293523150202], [-122.10573109351195, 37.27294188811979], [-122.1057418804794, 37.27294885497894], [-122.10575235124004, 37.272956123501025], [-122.10576249411552, 37.272963685822994], [-122.10577229293635, 37.272971529791675], [-122.10578173782088, 37.27297964682983], [-122.10579081709119, 37.27298802621394], [-122.1057995172724, 37.272996658651415], [-122.10580782848312, 37.27300553198948], [-122.1058157408419, 37.27301463550604], [-122.1057989092305, 37.27193866165174], [-122.11155223238742, 37.27188106780924], [-122.10929715193872, 37.27552929276591], [-122.11293666319149, 37.27549279153308], [-122.11294459768602, 37.27840378490389], [-122.11324220768046, 37.27856358343429], [-122.11348593405242, 37.278586503887986], [-122.11401610797078, 37.27862623762146], [-122.1146272326483, 37.278774569081946], [-122.1146270502917, 37.278762141070814], [-122.11467936636808, 37.27877344186583], [-122.11470558189848, 37.27877891642493], [-122.11473175969957, 37.27878450820888], [-122.11478423028623, 37.278795340100125], [-122.11479420607556, 37.27879752734978], [-122.11480407766065, 37.27879999622568], [-122.11481383426111, 37.27880274172426], [-122.1148234624025, 37.27880576241562], [-122.11483295130509, 37.278809052581764], [-122.11484228839231, 37.27881260936316], [-122.11485146198623, 37.278816428471494], [-122.1148604613069, 37.27882050490276], [-122.11486927377798, 37.27882483293879], [-122.11487788951816, 37.27882940757625], [-122.11488629595078, 37.27883422309655], [-122.11489448409286, 37.278839273066644], [-122.11490244496107, 37.278844551767996], [-122.11491016418249, 37.27885005205295], [-122.11497534233118, 37.27889818578378], [-122.11511884007642, 37.2790325890898], [-122.11517472156217, 37.27907471565315], [-122.1152024974658, 37.279082161566436], [-122.11575752326875, 37.279156888007115], [-122.11577681817947, 37.27915980146726], [-122.11579595498678, 37.279163318919764], [-122.11581490314767, 37.2791674375053], [-122.11583363391638, 37.279172147931455], [-122.1158521167498, 37.27917744519471], [-122.11587032559734, 37.279183320717536], [-122.11588822991587, 37.279189763778035], [-122.11601332029505, 37.2792371610691], [-122.11597669777625, 37.27929920778795], [-122.1159897907189, 37.279304166949814], [-122.1160152310028, 37.27931489583552], [-122.11616862100223, 37.279379367758224], [-122.11624405072193, 37.27943923857388], [-122.11642166827241, 37.279580266210864], [-122.11657028641584, 37.279698254122586], [-122.1165851238858, 37.2797100401091], [-122.11659033950316, 37.27971418368106], [-122.1166069897743, 37.279715831246925], [-122.11703270401362, 37.279757948161816], [-122.1170732512609, 37.27978948702939], [-122.11716421464494, 37.279860222133934], [-122.11718714503557, 37.279878035095514], [-122.11721776679977, 37.279901830020876], [-122.11730150411341, 37.2801827789519], [-122.11745915570066, 37.280420336625696], [-122.11782879887531, 37.280728283328365], [-122.11801968544657, 37.28080043065434], [-122.11801968454839, 37.280800397775046], [-122.11801861017187, 37.28072426562541], [-122.11812922689931, 37.280753959275174]]], [[[-122.07307234551081, 37.300888084598775], [-122.07439951631385, 37.30086338317602], [-122.07658432206617, 37.300822690265434], [-122.07675373352362, 37.3008209852939], [-122.07688547414156, 37.30076241274487], [-122.07689250884782, 37.30075928503443], [-122.07745432055953, 37.30050949868552], [-122.07755284956649, 37.30046568057035], [-122.07774144364714, 37.300450188456196], [-122.07777269154072, 37.30043866654398], [-122.07778869412743, 37.300433605162524], [-122.07780491859792, 37.30042901969252], [-122.07782134518921, 37.30042491585015], [-122.07783795054512, 37.30042130006716], [-122.07785471041099, 37.300418175916334], [-122.0778716050245, 37.300415549828934], [-122.0778886074355, 37.30041342251979], [-122.07790569788135, 37.30041179899077], [-122.07792285210759, 37.300410681385706], [-122.0779400467579, 37.3004100704193], [-122.07795725667951, 37.30040996752078], [-122.07797446031284, 37.300410371975396], [-122.0780087516968, 37.30041270294423], [-122.07872118746619, 37.30048983778998], [-122.07873339017912, 37.30049088107965], [-122.07874563151961, 37.30049158065533], [-122.07875789711464, 37.3004919343739], [-122.07877016989613, 37.300491942949755], [-122.0787824354913, 37.30049160638296], [-122.07879467952681, 37.300490923958655], [-122.0788068840365, 37.300489898535545], [-122.07881903734231, 37.300488530113284], [-122.0788311214779, 37.30048681940683], [-122.07884312476509, 37.30048477070308], [-122.07885502833949, 37.300482386146314], [-122.07886681962432, 37.30047966716524], [-122.07887848424686, 37.3004766180475], [-122.0788900069357, 37.300473242365875], [-122.07890137421597, 37.300469545122695], [-122.07891257081643, 37.300465530604896], [-122.07892358326224, 37.300461202385534], [-122.07893439718065, 37.30045656761059], [-122.07894500179145, 37.30045163128186], [-122.07895538092535, 37.30044639983065], [-122.07896552290377, 37.30044087897364], [-122.0789754160493, 37.30043507657087], [-122.07898504688674, 37.30042899833878], [-122.07899440373788, 37.300422654281874], [-122.07900347492514, 37.300416050116674], [-122.07901224876991, 37.300409194418016], [-122.07902071539093, 37.300402097189824], [-122.07902886400848, 37.30039476486384], [-122.07903668384269, 37.30038720887255], [-122.07904416680883, 37.30037943636212], [-122.07905130033029, 37.30037145948024], [-122.07905807901717, 37.30036328608732], [-122.07906449298835, 37.30035492690199], [-122.07907053415849, 37.30034639264305], [-122.07907619444329, 37.30033769402907], [-122.07908146755413, 37.30032884034977], [-122.0790908297968, 37.300310717100615], [-122.07909811333816, 37.30029156841999], [-122.07910110922029, 37.30028185151847], [-122.07910367121605, 37.300272054582265], [-122.07910579303751, 37.300262191188544], [-122.07910747288807, 37.300252273485384], [-122.07910870986896, 37.30024231504925], [-122.07910950218417, 37.30023232588469], [-122.07910984713826, 37.30022232242721], [-122.07910974652806, 37.30021231468095], [-122.07910919765868, 37.30020231550824], [-122.07910820412303, 37.30019233920087], [-122.07910676681998, 37.30018239790697], [-122.07910488574935, 37.300172503773894], [-122.07910256360572, 37.30016266823577], [-122.07909980488105, 37.300152906298266], [-122.07909661227004, 37.30014322868065], [-122.07909298936612, 37.30013364824505], [-122.07908894245747, 37.30012417713973], [-122.0790844742389, 37.30011482679809], [-122.07907959189707, 37.30010561008287], [-122.07907430082197, 37.30009653842672], [-122.07906860909812, 37.30008762254919], [-122.07906252301389, 37.300078876027364], [-122.0790560497559, 37.30007030672147], [-122.0790491983072, 37.300061928208926], [-122.07904197854931, 37.300053749779366], [-122.07903439766865, 37.30004578143696], [-122.07902646554665, 37.30003803532997], [-122.07901819296342, 37.30003051931834], [-122.0790095906984, 37.300023244121604], [-122.07899143934401, 37.300009451186675], [-122.07894895622677, 37.29998447140415], [-122.07878083925073, 37.2999009240913], [-122.07876425455757, 37.2998925669968], [-122.07874805973309, 37.29988373541558], [-122.07873227633684, 37.29987444078114], [-122.07871692592873, 37.2998646945263], [-122.07870202647489, 37.299854510943], [-122.07868759953467, 37.29984390146401], [-122.07867366397303, 37.29983288181055], [-122.0786602368578, 37.299821466988526], [-122.07864733615513, 37.29980967057512], [-122.0786349789334, 37.29979750757625], [-122.0786231822602, 37.299784995141835], [-122.07861196050894, 37.29977214970747], [-122.07860132895053, 37.29975898770851], [-122.078550659494, 37.299674363982554], [-122.078499548965, 37.29958752421876], [-122.07850892003553, 37.29950972756615], [-122.07852676934469, 37.299432883335975], [-122.07855296016758, 37.29935758003993], [-122.07858729189759, 37.29928439438663], [-122.07862950158318, 37.299213886865175], [-122.07867926594253, 37.29914659745273], [-122.0791177129652, 37.29860903080289], [-122.07922471666085, 37.29847574445908], [-122.0793376508263, 37.29834561844604], [-122.07945636933802, 37.29821882109634], [-122.07958071859211, 37.29809551643571], [-122.07971053770308, 37.297975863970954], [-122.07984565871212, 37.29786001848361], [-122.07998590680431, 37.297748129829806], [-122.08003977943346, 37.29770232212781], [-122.08008757574981, 37.29765239596426], [-122.08012880546814, 37.29759886348518], [-122.08016304566652, 37.2975422738292], [-122.08018994512439, 37.297483207494416], [-122.08020922792473, 37.297422270383336], [-122.08022069628387, 37.2973600875874], [-122.0802242325795, 37.29729729697464], [-122.08021980055652, 37.297234542646535], [-122.08020744569812, 37.29717246833066], [-122.08018729475837, 37.29711171077753], [-122.08004013281146, 37.29674428857332], [-122.08002518773382, 37.29669814927379], [-122.08001839434874, 37.29665080019866], [-122.08001988386359, 37.29660315595589], [-122.08002962749084, 37.296556136853155], [-122.08004743700533, 37.296510651121054], [-122.08007296838113, 37.29646757736971], [-122.0801057284379, 37.29642774761756], [-122.08014508436803, 37.29639193122018], [-122.08019027596055, 37.296360820009795], [-122.08024043028581, 37.29633501493204], [-122.08029457855692, 37.296315014438555], [-122.08035167484266, 37.296301204859006], [-122.0808157085283, 37.296187791592224], [-122.08083511213586, 37.2961839819431], [-122.08218422969584, 37.29598733420739], [-122.08226591284824, 37.29597809995338], [-122.0823482579258, 37.29597410339534], [-122.08243073957878, 37.295975370030746], [-122.08251283158627, 37.29598189177865], [-122.082594010213, 37.29599362703122], [-122.08267375755031, 37.296010500919245], [-122.0833766828467, 37.29618353048245], [-122.08345272528872, 37.29619861610302], [-122.08353039097966, 37.296206882246395], [-122.08360872476982, 37.29620822725371], [-122.0836867632925, 37.29620263458377], [-122.08376354681252, 37.296190173016456], [-122.08383813103005, 37.296170995806904], [-122.08390959869449, 37.29614533880048], [-122.0839770708857, 37.296113517532255], [-122.08405753297839, 37.29607058441723], [-122.08411305943169, 37.29603699783866], [-122.08416322137174, 37.295998398283665], [-122.08420731403194, 37.29595532807609], [-122.08424471792229, 37.295908392351514], [-122.08427490753284, 37.295858250554694], [-122.08429745871662, 37.29580560717426], [-122.08431205464818, 37.29575120184433], [-122.0843184902741, 37.29569579895267], [-122.08431667519301, 37.295640176900946], [-122.08430663492476, 37.29558511716821], [-122.08428569610591, 37.29550427628037], [-122.0842833955804, 37.29549077851605], [-122.0842834335507, 37.29547715622991], [-122.08428580929812, 37.29546366678497], [-122.08372012230838, 37.29523330145399], [-122.08370675627793, 37.29522723209041], [-122.08324623683929, 37.29499612210928], [-122.08311141590518, 37.29499671381619], [-122.08193731531287, 37.29497899653923], [-122.0811965520668, 37.29496283504655], [-122.08083119746328, 37.2945231410382], [-122.08111907066501, 37.29427569941897], [-122.0817017376964, 37.29370863885129], [-122.08171137663409, 37.29356292532167], [-122.08183765369284, 37.29356339413905], [-122.0819321232088, 37.29356315330995], [-122.08195820689696, 37.29349995572024], [-122.08199081913435, 37.29343872387262], [-122.08214642441516, 37.29317740945234], [-122.08218003488263, 37.29311289900173], [-122.08220550278293, 37.29304605101457], [-122.08222257889572, 37.29297751970081], [-122.08223109612877, 37.29290797574264], [-122.0822309711522, 37.292838099730474], [-122.0822222052133, 37.29276857550261], [-122.08220488412316, 37.29270008345262], [-122.0818763254722, 37.291667441700874], [-122.08185190128195, 37.29158407755496], [-122.08183146992062, 37.291500030511536], [-122.08168164270822, 37.29081416895755], [-122.08165578892591, 37.290716441554224], [-122.08162132678308, 37.290620424882086], [-122.08157842981112, 37.29052660233453], [-122.08152731400425, 37.290435446256886], [-122.08145066297939, 37.290304040235306], [-122.08138083822007, 37.290170227649405], [-122.08131795774733, 37.29003423474623], [-122.08126212783924, 37.28989629145798], [-122.08097867445915, 37.28914340177454], [-122.08092384362854, 37.288986462847255], [-122.08087690119261, 37.28882789953068], [-122.08083792200293, 37.28866796483058], [-122.08081435022544, 37.288559850202084], [-122.08079375089552, 37.288483315464916], [-122.08076565608951, 37.288408318369825], [-122.08073024108913, 37.288335326759565], [-122.08068772683869, 37.28826479596505], [-122.08063837856633, 37.28819716596506], [-122.08058250412921, 37.2881328586417], [-122.08052045209263, 37.28807227514894], [-122.08045260955534, 37.28801579341016], [-122.07974676657246, 37.28747285260247], [-122.07969247822327, 37.287427678737316], [-122.07964279320751, 37.28737924083458], [-122.07959801784648, 37.287327837535635], [-122.07955842818934, 37.287273785764256], [-122.07952426831166, 37.28721741877251], [-122.07914991261745, 37.286532409411265], [-122.07911255862084, 37.28645749399857], [-122.07908137912821, 37.286380796730754], [-122.07905650603861, 37.286302642108545], [-122.07903804456812, 37.28622336079761], [-122.07901021747591, 37.286077785717886], [-122.07900167450276, 37.28604223777302], [-122.07890737480447, 37.28571715880366], [-122.07888218493136, 37.28564350128112], [-122.07884989118892, 37.285571635281784], [-122.07881068982375, 37.28550199748502], [-122.07876481905343, 37.28543501102991], [-122.0787125576185, 37.285371082944025], [-122.07865422308852, 37.28531060167049], [-122.07859016993214, 37.28525393470783], [-122.07852078736308, 37.28520142637709], [-122.078446496975, 37.285153395729836], [-122.07814519131439, 37.28497364524897], [-122.07802941949471, 37.28490049785435], [-122.07791891652505, 37.2848223205935], [-122.07736451508546, 37.28443774191069], [-122.0772895064647, 37.28439149102777], [-122.07720965734839, 37.284350741029954], [-122.07712559774036, 37.28431581342804], [-122.07703799086161, 37.28428698379472], [-122.07694752791784, 37.284264479590455], [-122.07685492264643, 37.28424847836909], [-122.07676090568559, 37.28423910637707], [-122.07666621881042, 37.28423643755751], [-122.07655259877717, 37.28425261169378], [-122.07643790129158, 37.28426283639936], [-122.07632261377145, 37.284267068223336], [-122.07620722614246, 37.28426528918217], [-122.07609222875575, 37.284257506836084], [-122.07597811030384, 37.28424375425689], [-122.07591122351644, 37.28422345839273], [-122.0758478927915, 37.284196858295296], [-122.07578904469771, 37.284164343142685], [-122.07573554021663, 37.284126388653796], [-122.07568816214561, 37.28408355012801], [-122.07564760364511, 37.28403645432034], [-122.0756144580975, 37.283985790271394], [-122.07558921042612, 37.28393229922585], [-122.07557223000111, 37.28387676378739], [-122.07555871606212, 37.283785726567494], [-122.07555324187344, 37.283694155594524], [-122.07555583447144, 37.283602503620436], [-122.07556648100807, 37.28351122379603], [-122.07558512881495, 37.283420767430506], [-122.0756116856644, 37.28333158176003], [-122.07564602022599, 37.283244107736564], [-122.07568796271633, 37.283158777847845], [-122.07570581518092, 37.28311904257977], [-122.07571628088404, 37.283077660851745], [-122.0757191393612, 37.28303550443631], [-122.0757143304069, 37.28299346142455], [-122.07570195534193, 37.282952417517095], [-122.07568227487775, 37.28291323736543], [-122.07565570362326, 37.282876746356926], [-122.07562280134971, 37.28284371322705], [-122.07558426119762, 37.28281483386516], [-122.07554089507448, 37.282790716654866], [-122.07549361655076, 37.28277186965794], [-122.07544342161447, 37.28275868991163], [-122.07538460276382, 37.282741194669825], [-122.07532930933374, 37.28271746831953], [-122.07527856940534, 37.28268795201085], [-122.07523332639215, 37.282653194547464], [-122.0751944214989, 37.28261384218226], [-122.07516257808099, 37.28257062660099], [-122.0751383881953, 37.28252435131764], [-122.07512230159276, 37.28247587673414], [-122.07511461735699, 37.282426104142566], [-122.0751154783446, 37.282375958967165], [-122.07512486853012, 37.28232637355783], [-122.07514261330539, 37.28227826985484], [-122.07516838272716, 37.28223254224745], [-122.07520086715733, 37.28217001786716], [-122.07522559868737, 37.282105268152236], [-122.07524234351581, 37.282038905272486], [-122.07525094335217, 37.28197155664751], [-122.0752513169126, 37.28190385901486], [-122.07524346068766, 37.281836452409976], [-122.07522744897447, 37.28176997411514], [-122.07520343317374, 37.28170505263439], [-122.07517164035725, 37.28164230175167], [-122.07513237112063, 37.281582314727956], [-122.0750859967407, 37.28152565869276], [-122.07503295566481, 37.281472869282446], [-122.07497374936528, 37.28142444557657], [-122.07490049515343, 37.281367354237496], [-122.07482155470514, 37.28131532690362], [-122.07473747457844, 37.28126872378785], [-122.07464883691273, 37.2812278675478], [-122.07455625539843, 37.28119304105193], [-122.07446037102837, 37.281164485421364], [-122.07436184766014, 37.281142398360664], [-122.07427626377834, 37.28113133188588], [-122.07418981370246, 37.281126105178934], [-122.07410312035367, 37.28112675590112], [-122.0740168084058, 37.281133279363665], [-122.07352701104676, 37.28119866815558], [-122.0734541792152, 37.281204990115], [-122.07338092058005, 37.28120459614911], [-122.07330820183319, 37.2811974914565], [-122.07323698254197, 37.281183769787866], [-122.07316820248634, 37.28116361220882], [-122.07310276925719, 37.281137284710425], [-122.07304154627965, 37.28110513469913], [-122.07299828246586, 37.2810486141485], [-122.07296256840112, 37.28098882040573], [-122.07293478733042, 37.28092639514408], [-122.07291523736392, 37.28086200827518], [-122.07290412827851, 37.28079635075976], [-122.07290157926754, 37.280730127192555], [-122.07290761766261, 37.28066404824085], [-122.07292217864124, 37.28059882301826], [-122.07294510592347, 37.280535151474815], [-122.07309641636641, 37.28021107228989], [-122.07373455351338, 37.27916102362584], [-122.07416978369746, 37.27837108117337], [-122.0742065348488, 37.27831151179608], [-122.07424928504352, 37.278254556019654], [-122.07429774533992, 37.278200598781325], [-122.07435158820635, 37.27815000475189], [-122.07441044973537, 37.278103115871076], [-122.07447393210299, 37.27806024903678], [-122.07454160625775, 37.27802169396341], [-122.07462638870473, 37.27795878435303], [-122.07470502275905, 37.27789096689265], [-122.07477706477975, 37.27781862421254], [-122.07484210832216, 37.27774216447338], [-122.07489978643072, 37.27766201906323], [-122.07494977370902, 37.27757864016339], [-122.0749917881554, 37.27749249819698], [-122.07502559275329, 37.2774040791747], [-122.07505099680813, 37.27731388195257], [-122.07506785702257, 37.27722241541738], [-122.07507607830415, 37.277130195615335], [-122.0750756143013, 37.27703774284069], [-122.07506646766397, 37.27694557870012], [-122.07505632581427, 37.27686250744425], [-122.07505434800382, 37.27677905675042], [-122.07506054632981, 37.27669573819091], [-122.0750748827679, 37.27661306252637], [-122.0750972694062, 37.27653153657463], [-122.07512756898467, 37.27645166010397], [-122.07516559573723, 37.276373922769444], [-122.07521111653108, 37.276298801111366], [-122.07526385229636, 37.27622675563423], [-122.07532347973735, 37.27615822798386], [-122.07538963331461, 37.276093638240305], [-122.07546190748617, 37.27603338234283], [-122.07553985919355, 37.27597782966306], [-122.07573533065329, 37.275843110391016], [-122.07593648465499, 37.27571384364783], [-122.07614308313622, 37.27559018240007], [-122.07635488159566, 37.27547227298037], [-122.0765716293822, 37.27536025491428], [-122.0767930699916, 37.275254260755425], [-122.07748198612707, 37.27485055531355], [-122.07755307520065, 37.27479728584427], [-122.07759528703305, 37.27476565482267], [-122.07765276303773, 37.27472258657439], [-122.07769963982099, 37.2746874600213], [-122.07775735298085, 37.27464421302182], [-122.07825453272766, 37.27427165731861], [-122.07856135678178, 37.2740581651196], [-122.0786071567805, 37.27402313756917], [-122.07864863040399, 37.273984822278905], [-122.07868540982801, 37.273943559068535], [-122.07871716886295, 37.27389971390252], [-122.07874362584668, 37.27385367564404], [-122.07877906361573, 37.273793028310536], [-122.07882239245127, 37.273735746967795], [-122.07887311815777, 37.27368248492635], [-122.07893066217976, 37.273633849654104], [-122.07899436820094, 37.27359039584831], [-122.07906350962976, 37.273552619109395], [-122.07913729788639, 37.27352095028883], [-122.07921489139639, 37.273495750575606], [-122.07929540518865, 37.27347730737686], [-122.07965715761225, 37.27334227156253], [-122.07971154869007, 37.273324151242335], [-122.07976192645968, 37.27329972021497], [-122.07980715258171, 37.27326953052772], [-122.07984620512755, 37.273234264350634], [-122.0798782016713, 37.27319471856181], [-122.07990241922862, 37.27315178674051], [-122.07994993486588, 37.27311126738803], [-122.08000360103605, 37.27307599172644], [-122.08006251876267, 37.273046550662635], [-122.08013422089581, 37.273011404670214], [-122.0802008619464, 37.272970387627005], [-122.08026169231272, 37.27292396091238], [-122.08035006031555, 37.27287238323062], [-122.0804426916667, 37.27282582759754], [-122.08053914025822, 37.27278451821907], [-122.08063894160122, 37.27274865403537], [-122.08074161506265, 37.27271840776308], [-122.08084666617975, 37.27269392506364], [-122.08095358904086, 37.27267532384186], [-122.08101521068471, 37.272657205400705], [-122.08107866660048, 37.272643723830654], [-122.08114341175718, 37.27263499492648], [-122.08120889005112, 37.27263109366168], [-122.08127453908195, 37.27263205354468], [-122.08160298506222, 37.27259895962808], [-122.08193060110072, 37.27256097429308], [-122.08217181906207, 37.27252949323477], [-122.08241233144508, 37.27249473546325], [-122.08265206855084, 37.272456711051234], [-122.08288351806716, 37.27239139890083], [-122.0831131807788, 37.272322175939586], [-122.08334095322373, 37.27224907335374], [-122.08340653688067, 37.27223412152874], [-122.0834737982516, 37.27222510965823], [-122.0835418977404, 37.27222215023362], [-122.08360998528977, 37.27222528019619], [-122.08367721099133, 37.272234460475914], [-122.0837427356942, 37.272249576479176], [-122.0838057414792, 37.27227043951913], [-122.08397017195495, 37.2723015703013], [-122.08413638591287, 37.27232591206234], [-122.08430394474527, 37.27234340056865], [-122.08447240629455, 37.272353989671096], [-122.08497163865076, 37.27235034612378], [-122.08521227891983, 37.272308902540644], [-122.0854514232893, 37.27226225599591], [-122.08568889563784, 37.27221044084369], [-122.08592452107659, 37.2721534952445], [-122.0862798487469, 37.27204862736306], [-122.08630853734061, 37.2720386251643], [-122.0864110054593, 37.27199733748463], [-122.08625397727727, 37.271988913658795], [-122.07830401307577, 37.27200449972523], [-122.07769541444402, 37.27200569276966], [-122.07753916240546, 37.272005999430164], [-122.07530850036399, 37.27201025692906], [-122.07530636602758, 37.271465632305606], [-122.07530319686131, 37.27065708406829], [-122.07572063315993, 37.270398778779466], [-122.07596998386964, 37.27054238043316], [-122.0775229946931, 37.27053076040109], [-122.07750351043444, 37.268755767799064], [-122.0775018467717, 37.26860354625791], [-122.0774955819851, 37.26803225878381], [-122.07749474476398, 37.26795588424098], [-122.07748676511697, 37.26717629170685], [-122.0774848894553, 37.26699303319783], [-122.07746331215982, 37.26487967882079], [-122.07565774273722, 37.264800374069374], [-122.07561169150978, 37.26479835155696], [-122.07557197879387, 37.26479660571882], [-122.07366349479514, 37.26471277971232], [-122.07183381189937, 37.264632405260606], [-122.06822442387086, 37.264473692919395], [-122.06778232885236, 37.26445425126195], [-122.06794609873378, 37.265867127673545], [-122.06827135677814, 37.26867319315211], [-122.06831748701372, 37.269071161977905], [-122.06833254994766, 37.26920110696716], [-122.0684963674397, 37.270614045867035], [-122.06849899411071, 37.27063670064971], [-122.06864891557876, 37.27193013583312], [-122.06857585830345, 37.271925231225], [-122.0685739547322, 37.2722978621965], [-122.06856422846285, 37.274201574641246], [-122.06855984189485, 37.27505899800602], [-122.06855928223221, 37.27516887976795], [-122.06855917173648, 37.27519637323637], [-122.06855496932747, 37.27601478861948], [-122.068548368364, 37.277308741119924], [-122.06854074329966, 37.27879837538186], [-122.06851561328554, 37.28371685812596], [-122.06850521146835, 37.28575220228502], [-122.06850262156951, 37.28625908873217], [-122.06857362128069, 37.29006805771522], [-122.06846665671645, 37.293512979113665], [-122.06846461841512, 37.29372991719783], [-122.06840487146768, 37.29372854527077], [-122.06819938097121, 37.29372382668627], [-122.06786561828125, 37.29371616240318], [-122.06785852024522, 37.29371599943346], [-122.06707836812589, 37.29369807963825], [-122.0668532063328, 37.29369290773062], [-122.06685297815709, 37.29372575856166], [-122.06684944233452, 37.29421325883154], [-122.06684390144156, 37.29497828798094], [-122.06764662058767, 37.294971896354895], [-122.06841533563781, 37.29651853495695], [-122.0684377997997, 37.29656373173541], [-122.06840055433793, 37.30031685460869], [-122.06859540428354, 37.300317376982534], [-122.06912261646089, 37.300318790464786], [-122.0698217185468, 37.30032066843822], [-122.06983411978742, 37.300320701309886], [-122.06987701613237, 37.30032081636066], [-122.07005964899194, 37.30032130514834], [-122.07006246700672, 37.30032131300893], [-122.07013753740708, 37.300321513812165], [-122.07044191532528, 37.30032232917269], [-122.07091203059186, 37.30032357400951], [-122.07138135893436, 37.30032481670206], [-122.07307776151494, 37.300329308689825], [-122.07307234551081, 37.300888084598775]]]]}}, {"type": "Feature", "properties": {"TRUSTEE_AREA": 4}, "geometry": {"type": "Polygon", "coordinates": [[[-122.041443592484, 37.334191432434324], [-122.04152411475918, 37.33419086388849], [-122.04369031729959, 37.334175798135796], [-122.04369743105727, 37.33417574885211], [-122.0448142937058, 37.33416779563438], [-122.0448241131887, 37.33416772563751], [-122.04482521811637, 37.334167717780716], [-122.04592692978164, 37.33415968456379], [-122.04638597691083, 37.334128082103064], [-122.046846710179, 37.33408386647883], [-122.04730535396752, 37.33402733837351], [-122.04770799589124, 37.33397165590862], [-122.04846872689983, 37.33386645209377], [-122.05011269937158, 37.33337723264173], [-122.05024326800113, 37.333336865176406], [-122.05037188575416, 37.33329268458426], [-122.05049837804872, 37.3332447508359], [-122.05062257318892, 37.333193128996406], [-122.05074288558764, 37.33313855569274], [-122.05086062662856, 37.33308051663822], [-122.05097563980779, 37.33301908898261], [-122.05097735109828, 37.333018139000856], [-122.05100951617274, 37.33299839152103], [-122.05256943424645, 37.332040672877994], [-122.05267561832316, 37.33197844599256], [-122.05278440168269, 37.33191915109185], [-122.05289565741249, 37.33186285734919], [-122.05304092026871, 37.331795520956085], [-122.05318971370428, 37.33173329417254], [-122.05322349754199, 37.331720005629045], [-122.05325100215636, 37.33170954064957], [-122.05332297427061, 37.331682947124], [-122.0533769980474, 37.33166396286538], [-122.05336854490375, 37.33164778359521], [-122.05280261366757, 37.33056434955748], [-122.05258449560954, 37.33014676701427], [-122.05384307106931, 37.33010902494489], [-122.05400914167959, 37.33022537286114], [-122.0542180077105, 37.33036312085688], [-122.0544324268117, 37.33049531675951], [-122.05465216765064, 37.33062181792778], [-122.05487699314892, 37.3307424878645], [-122.0551066607382, 37.33085719636381], [-122.0553409226218, 37.33096581965182], [-122.05557952604234, 37.33106824052023], [-122.05582221355446, 37.331164348452916], [-122.05606872330289, 37.33125403974523], [-122.05631878930494, 37.33133721761602], [-122.05657214173777, 37.33141379231208], [-122.0568285072298, 37.33148368120514], [-122.05708760915559, 37.33154680888104], [-122.05728291993174, 37.33159159675923], [-122.05896163105122, 37.331976635125415], [-122.05903140228841, 37.331995617885084], [-122.06044979515237, 37.33238151486701], [-122.06064963612708, 37.332435464810864], [-122.0608485859807, 37.332491475786526], [-122.06085185228143, 37.332251335454835], [-122.06071081861172, 37.332143700613464], [-122.06030781560578, 37.331836135114486], [-122.05875221776901, 37.33064547532062], [-122.05843936696876, 37.330406539799064], [-122.05666066091332, 37.328976223690695], [-122.0563105704634, 37.3286947005194], [-122.0556676904009, 37.32805086012053], [-122.05519673257751, 37.32748610999808], [-122.05451241507167, 37.3265028892102], [-122.0539461864851, 37.32549097467413], [-122.0529764654207, 37.323185831688605], [-122.05284281322878, 37.322878238825076], [-122.05284293629843, 37.32287470484424], [-122.05284783211596, 37.322874812714204], [-122.05335538736011, 37.32288587045933], [-122.05447549292565, 37.32288337667902], [-122.05486494218697, 37.322882604474394], [-122.05557188835745, 37.322916392714134], [-122.05558537296608, 37.32291703778949], [-122.05658371370217, 37.32298499280844], [-122.05664326301292, 37.32298878681776], [-122.05684567138057, 37.32300138398616], [-122.05709285896245, 37.32301114654619], [-122.05734030436125, 37.32301531989687], [-122.05749619078564, 37.323014873428406], [-122.058473610668, 37.32301199602696], [-122.06018952914624, 37.32300694485838], [-122.06031148980055, 37.323006584111525], [-122.06066905246749, 37.32300552615905], [-122.06140882218916, 37.32291315061232], [-122.06151494105768, 37.32289855250565], [-122.06160320860748, 37.322884097983184], [-122.06162040235972, 37.32288128265853], [-122.06172514950148, 37.32286141393429], [-122.06182906839696, 37.32283892489992], [-122.06193201531586, 37.32281383769869], [-122.06203399295288, 37.32278620019019], [-122.06252494824822, 37.32264620299412], [-122.06263495861968, 37.32261484069467], [-122.06268281276114, 37.32265950244273], [-122.0627146137001, 37.322685971485306], [-122.06274995801199, 37.322709399359354], [-122.0627883924336, 37.32272948561861], [-122.06282942407194, 37.32274597267048], [-122.06318795331183, 37.32287026935122], [-122.0632034833835, 37.322876907264224], [-122.06325172470122, 37.32289750536518], [-122.06346894717538, 37.3229902210383], [-122.06354474313686, 37.32301934947897], [-122.06362335559412, 37.32304324714987], [-122.06370421976247, 37.323061742359435], [-122.06378675467845, 37.32307470222969], [-122.06387036737407, 37.32308203365101], [-122.06392669712343, 37.32308375384938], [-122.06401854805071, 37.32308451965678], [-122.06507339551129, 37.3230930499817], [-122.06674262944921, 37.3230908634246], [-122.06687573636057, 37.32308897893698], [-122.06700869782055, 37.32308366548695], [-122.06710200429889, 37.32307990615211], [-122.06719541262463, 37.32307849062933], [-122.06852310624505, 37.32307503176058], [-122.06871564931734, 37.32307449099884], [-122.06871506631154, 37.32306854746849], [-122.06871250620995, 37.322202382920146], [-122.06861548999764, 37.32195827276232], [-122.06860748256457, 37.320629050784056], [-122.06860265959968, 37.31982846126497], [-122.06860040218106, 37.31940372006442], [-122.0685961568326, 37.31860507497369], [-122.06859218187167, 37.31785445661466], [-122.06858906932972, 37.316777569342456], [-122.0685871703228, 37.3164959376242], [-122.0685848760638, 37.316155805723405], [-122.06858281536263, 37.315852785059676], [-122.06858095408444, 37.31557565226405], [-122.06857546729069, 37.31454132701291], [-122.06857476392466, 37.31440951058266], [-122.06857267269076, 37.314016256846884], [-122.06877876423303, 37.31328999719249], [-122.06918504447702, 37.311941937063686], [-122.06918587002951, 37.311933501287555], [-122.0691884904178, 37.31190675429133], [-122.06934712305284, 37.31135713342381], [-122.0693564547525, 37.31134027602956], [-122.06936520793703, 37.31132445533941], [-122.0694303672485, 37.31112477912224], [-122.06944696542247, 37.311079369747965], [-122.06946685142982, 37.311034811013904], [-122.06950014572246, 37.31095886091163], [-122.06952675020285, 37.31088124602591], [-122.06954635773637, 37.31080319306251], [-122.06955278248978, 37.31077209017282], [-122.06956946869785, 37.31073418824273], [-122.06958820039783, 37.310698461962794], [-122.06961205603014, 37.310664740380446], [-122.06963827122749, 37.3106358819794], [-122.06966824195815, 37.31060945883085], [-122.0697016162626, 37.31058578123008], [-122.07011719664264, 37.310321710604924], [-122.07016830125086, 37.310286530205275], [-122.07021578904961, 37.310248252703104], [-122.07025936670571, 37.31020711454402], [-122.07030207004502, 37.31015935307169], [-122.07033950451282, 37.31010885011393], [-122.07037516514964, 37.31004886717941], [-122.0704033961425, 37.3099864106996], [-122.07042393284975, 37.30992206619286], [-122.07043658276396, 37.309856436876], [-122.0704527120263, 37.309733321192816], [-122.07046574928506, 37.30963380220118], [-122.07047907186964, 37.309555252146865], [-122.07049858143954, 37.3094775314434], [-122.07052420000814, 37.30940095069138], [-122.0705558251759, 37.30932581593481], [-122.0705947240269, 37.30924996201171], [-122.07060554423508, 37.309230907777916], [-122.07061671029449, 37.309211980719816], [-122.07066809777805, 37.309132939501964], [-122.0707255558145, 37.30905661172143], [-122.07078886074001, 37.30898329447119], [-122.07083904512179, 37.30892898884324], [-122.07092457497392, 37.30884113687315], [-122.07101547872769, 37.308756798196164], [-122.0712661922221, 37.30853556428292], [-122.07137620080432, 37.30843852090408], [-122.07147447066102, 37.30834722872173], [-122.07156677990129, 37.308252049700506], [-122.07165288798922, 37.30815323187829], [-122.07173257055176, 37.30805103277467], [-122.07173616291443, 37.30804614838853], [-122.07171946054105, 37.30804610265866], [-122.07163961829067, 37.30804589258738], [-122.07146099101774, 37.3080509670204], [-122.07142507817453, 37.30805199805489], [-122.07087227299675, 37.30806769792833], [-122.07142507817453, 37.30805199805495], [-122.07146099101774, 37.30805096702037], [-122.07150456472093, 37.307794054734345], [-122.0716112279758, 37.30771239242702], [-122.07175009672979, 37.30760603358936], [-122.07220449239037, 37.307510000073265], [-122.07245953394121, 37.3075221647004], [-122.07262820608737, 37.30750165671697], [-122.07275194181595, 37.30747154278735], [-122.07279140030988, 37.30746192541913], [-122.07397536713299, 37.3071592970776], [-122.07409480532712, 37.307081603947374], [-122.07371884969865, 37.30671218975674], [-122.07341594865794, 37.30628458919896], [-122.07325692805546, 37.30589488489372], [-122.07331506254982, 37.30563031402928], [-122.07347196319918, 37.305385703485385], [-122.0738510800894, 37.30493932735532], [-122.0737925315044, 37.30491049426989], [-122.07394676685173, 37.30467418292767], [-122.07408218698227, 37.30449297071578], [-122.07384583852505, 37.303999008943165], [-122.07389260035998, 37.303640876695304], [-122.0738993314605, 37.30341478875665], [-122.07402964647406, 37.30316133337807], [-122.0741419197228, 37.30293831231701], [-122.07414415924504, 37.30273576987617], [-122.07408128170884, 37.30244141849843], [-122.07428120271456, 37.30180310767864], [-122.07427378176448, 37.301521516330666], [-122.07426425513692, 37.30147980749888], [-122.07419143055988, 37.301160976305894], [-122.07439951631385, 37.30086338317602], [-122.07307234551081, 37.300888084598775], [-122.07307776151494, 37.300329308689825], [-122.07138135893436, 37.30032481670206], [-122.07091203059186, 37.30032357400951], [-122.07044191532528, 37.30032232917269], [-122.07013753740708, 37.300321513812165], [-122.07006246700672, 37.30032131300893], [-122.07005964899194, 37.30032130514829], [-122.06987701613237, 37.30032081636066], [-122.06983411978742, 37.300320701309886], [-122.0698217185468, 37.30032066843817], [-122.06912261646089, 37.300318790464736], [-122.06859540428354, 37.300317376982534], [-122.06840055433793, 37.300316854608646], [-122.0684377997997, 37.29656373173541], [-122.06841533563781, 37.29651853495695], [-122.06764662058767, 37.294971896354895], [-122.06684390144156, 37.29497828798094], [-122.06684944233452, 37.29421325883154], [-122.06685297815709, 37.2937257585617], [-122.0668532063328, 37.29369290773062], [-122.06707836812589, 37.29369807963829], [-122.06785852024522, 37.29371599943346], [-122.06786561828125, 37.293716162403136], [-122.06819938097121, 37.29372382668627], [-122.06840487146768, 37.29372854527077], [-122.06846461841512, 37.29372991719783], [-122.06846665671645, 37.293512979113665], [-122.06857362128069, 37.29006805771522], [-122.06850262156951, 37.28625908873217], [-122.06612913011115, 37.28629233501974], [-122.06600921671682, 37.28629401316465], [-122.063988890673, 37.286322247874686], [-122.06395491819084, 37.2863227231583], [-122.06389001884418, 37.28335638897134], [-122.063876092335, 37.28271978168381], [-122.06173600381607, 37.28273168998132], [-122.05936587116044, 37.282744832633554], [-122.0593728547834, 37.2816542344898], [-122.05937860679511, 37.280756168747615], [-122.05938592369867, 37.279613258541296], [-122.05938914960443, 37.279109673950906], [-122.05856926815011, 37.27911508076675], [-122.05855934715504, 37.27911514628056], [-122.05816961133095, 37.279117713043306], [-122.05771953388171, 37.27912068222492], [-122.05769221611784, 37.279120862348606], [-122.05557897015375, 37.279134771898164], [-122.05522170393064, 37.27913712351233], [-122.05489009987659, 37.279139305724506], [-122.053136248244, 37.2791507914639], [-122.05023034246614, 37.279176827257665], [-122.04900402820063, 37.279193353682174], [-122.04877910266347, 37.27919638506312], [-122.04791161768968, 37.279208075999605], [-122.04718190641202, 37.27921790135944], [-122.04704672704987, 37.27921972047313], [-122.04578106837727, 37.279236746518805], [-122.04577519876719, 37.27940868382379], [-122.04568425244335, 37.279407590916314], [-122.04568111910996, 37.279499120058645], [-122.04569794992408, 37.27966528849931], [-122.0457018252392, 37.27981258287093], [-122.04570818977531, 37.28005489996201], [-122.0457116626469, 37.28018710469191], [-122.04572898927628, 37.28084675750717], [-122.04572978068845, 37.28087668768865], [-122.04573476272334, 37.28106640676579], [-122.04574113803912, 37.281308297395036], [-122.04574528284773, 37.281465888986304], [-122.04575229596429, 37.28173306509379], [-122.04577168242163, 37.28247127713031], [-122.04577327512774, 37.282531709420375], [-122.04577628267401, 37.28264671718772], [-122.04578123506472, 37.2828336206953], [-122.0458049980948, 37.2837391263985], [-122.04542348904087, 37.28374134635496], [-122.04389963123931, 37.283750275497226], [-122.04264508292988, 37.28375758291218], [-122.042369901152, 37.28375923823092], [-122.04125725609325, 37.28376569225516], [-122.0411312494273, 37.283766423425334], [-122.04103164514193, 37.28376700092826], [-122.04079061550935, 37.28376839894278], [-122.04076758720042, 37.2837685418892], [-122.04073244062025, 37.28376875273509], [-122.03998508194204, 37.283773091868746], [-122.03993406392982, 37.283773387767674], [-122.03991406294308, 37.283773503554144], [-122.03986942656165, 37.2837737622868], [-122.03986728138919, 37.28373634277849], [-122.03971953011211, 37.283688268600606], [-122.03926312492993, 37.283700998816194], [-122.03884595096305, 37.28374832389803], [-122.03879456104771, 37.28375415331572], [-122.03877039457322, 37.28375689434258], [-122.03876038824066, 37.28375708875116], [-122.03875792595834, 37.28376232136363], [-122.0387353917176, 37.283810251819496], [-122.03834413594376, 37.28381770366716], [-122.03686541668202, 37.2838247351701], [-122.03619375273358, 37.28382771058313], [-122.03505697264183, 37.28383357494002], [-122.03486656037302, 37.28383331976454], [-122.03480843938304, 37.28383324185368], [-122.03374927012754, 37.28383182373571], [-122.03367479344844, 37.28382949169651], [-122.03360094679856, 37.283821423173265], [-122.03352842059952, 37.28380769360187], [-122.03345789292676, 37.28378843134555], [-122.03339002316923, 37.28376381649467], [-122.03332544586443, 37.28373407918284], [-122.03326476476536, 37.28369949743532], [-122.03323913673421, 37.28368335215366], [-122.03313277890452, 37.2837829676599], [-122.03303394806248, 37.283837368633506], [-122.03248602702578, 37.283839573565686], [-122.03229557343465, 37.28383839852064], [-122.03230039651966, 37.28355907498544], [-122.03230288486681, 37.28343168068345], [-122.0318525810442, 37.28341649378517], [-122.03176806935183, 37.28341364338249], [-122.03116239563671, 37.28339321668403], [-122.03028948664065, 37.283363767034686], [-122.029219458556, 37.2833246611652], [-122.02797155958089, 37.28328120604148], [-122.02688239918002, 37.283242145871185], [-122.0268824081633, 37.283242603307976], [-122.02468422561407, 37.28316372670507], [-122.02362117564113, 37.28312788998102], [-122.02323832360783, 37.28311324337433], [-122.0231755385658, 37.283110841107565], [-122.02310701149347, 37.28310821941328], [-122.02311243281765, 37.28317825380067], [-122.02310977465223, 37.283338801945824], [-122.02310863563028, 37.28340759460943], [-122.02310432816384, 37.283667754358], [-122.02309955897684, 37.283955410624024], [-122.02309651456645, 37.28413921392753], [-122.02305435035055, 37.28411980167755], [-122.02294268430715, 37.284068406482746], [-122.02285622577527, 37.2840286130272], [-122.02258127336304, 37.28390206321696], [-122.02221568786224, 37.283733809916505], [-122.02165074378269, 37.28347381546134], [-122.02136911211664, 37.28334420743264], [-122.02108889619511, 37.28321522029433], [-122.0209136366385, 37.28313458063388], [-122.02086226836273, 37.28311094529646], [-122.02061517601238, 37.283012083648664], [-122.01995842409852, 37.28298655139666], [-122.01933636691203, 37.28296236786713], [-122.01859726195704, 37.28293496366749], [-122.01523197312153, 37.282625997255195], [-122.0151992555858, 37.28262301030855], [-122.01486185290767, 37.282623002422454], [-122.01482883443603, 37.28262354420148], [-122.01484678905943, 37.282637343182884], [-122.0149392858674, 37.28270850660536], [-122.01512766433447, 37.28285343493398], [-122.01513366148598, 37.2828580486374], [-122.01542733415752, 37.28308400111475], [-122.01544041182835, 37.28309406260245], [-122.01715326241307, 37.284411896439565], [-122.01731014325881, 37.28453259705033], [-122.01812596695571, 37.28516026712506], [-122.01833019389099, 37.28532318046856], [-122.01852943478089, 37.28548998940976], [-122.01872357324606, 37.285660596541504], [-122.01891249588452, 37.28583490223803], [-122.01909609233756, 37.28601280471309], [-122.01927425535457, 37.28619420007943], [-122.0194468808555, 37.28637898240927], [-122.01943770187138, 37.2863783520298], [-122.01941302156119, 37.28637665815274], [-122.01940923246796, 37.28637639799619], [-122.01937629933654, 37.286374138778854], [-122.01932681564693, 37.28637074316284], [-122.01925561698545, 37.28636585807817], [-122.01898735313473, 37.286347454849974], [-122.01894411902364, 37.28634446733581], [-122.01887558386646, 37.286339770934696], [-122.018765606737, 37.28633221709688], [-122.01869110586912, 37.28632710044167], [-122.01841525125543, 37.28630815401954], [-122.01829823223348, 37.28630012632115], [-122.0180464641438, 37.28628281159102], [-122.01774403287668, 37.28626210195051], [-122.01770094339427, 37.286259112288725], [-122.01738009397184, 37.28623708255883], [-122.01705904422512, 37.286215032810546], [-122.01699472486087, 37.2862106237176], [-122.01672347950229, 37.286192001748255], [-122.01667588496935, 37.286188726911085], [-122.01639402422083, 37.28616937163554], [-122.0163676586712, 37.28616753838378], [-122.0160398679677, 37.286145024048096], [-122.01586937314462, 37.28612614834477], [-122.01542958769532, 37.286100319841836], [-122.01511594635322, 37.28608189939249], [-122.0145115823832, 37.28604640858492], [-122.01434041741648, 37.286031225807605], [-122.01389678807688, 37.28600370052928], [-122.01389024744428, 37.28600328170379], [-122.01344406599132, 37.28597558345309], [-122.01327277885358, 37.28596287216057], [-122.01280618588429, 37.28593021588417], [-122.0127785869481, 37.28592828328082], [-122.01230820758049, 37.28589537540781], [-122.01221810208027, 37.285889476818255], [-122.01213856346104, 37.285884270792536], [-122.01209908610385, 37.28588168636218], [-122.01165647365663, 37.2858561779698], [-122.01159265824717, 37.28585253789502], [-122.01138116162501, 37.285840366192815], [-122.01128570935292, 37.28583486784189], [-122.01088371152998, 37.285811739456406], [-122.01055751803038, 37.285792965863486], [-122.01052711545273, 37.285791206218704], [-122.01013174360229, 37.28576844733097], [-122.01011456242668, 37.285767456011605], [-122.01005417767874, 37.28580071197175], [-122.00902268552069, 37.28573297635194], [-122.00795267899856, 37.28566886287965], [-122.00689704551922, 37.28559997715062], [-122.00680664268064, 37.28555747543381], [-122.00676419190037, 37.285554660851304], [-122.0059037209789, 37.28549848853667], [-122.00586174450878, 37.28549582761755], [-122.00612635847634, 37.28577438352003], [-122.00612922859163, 37.285788680083385], [-122.00617979562712, 37.28598996451447], [-122.00546015798503, 37.28663681379528], [-122.0054424468018, 37.286652714723324], [-122.00519515949235, 37.28677632773445], [-122.00512008729127, 37.28681385364674], [-122.0049592304655, 37.28702702450777], [-122.00492289630738, 37.28707572333916], [-122.00486558469065, 37.287152537323344], [-122.00479000942605, 37.287253829944845], [-122.00543553147003, 37.28756868848125], [-122.0055145607416, 37.287601549853385], [-122.00559871311948, 37.28749882686179], [-122.00564810788262, 37.287441287402665], [-122.00570663490745, 37.28747434608768], [-122.00607164368509, 37.28768468417662], [-122.00609115868575, 37.2876628843079], [-122.00610113537499, 37.28765210229738], [-122.00611095935066, 37.287641249529436], [-122.00613104388312, 37.28761978127064], [-122.00615963366432, 37.28759000957828], [-122.00617435435622, 37.28757536315359], [-122.00618877141774, 37.2875605773587], [-122.00621844816015, 37.287531491759204], [-122.0062521331851, 37.287499508736246], [-122.00626948234738, 37.28748383669272], [-122.00628647218363, 37.287467971675895], [-122.00632145347716, 37.28743688915455], [-122.00665492060931, 37.28768274451452], [-122.0067284593768, 37.28773259645905], [-122.00679280854568, 37.28767817939405], [-122.00685951728067, 37.28762560758475], [-122.00696049150527, 37.28754569155601], [-122.00701040009425, 37.28758354299873], [-122.00733955621104, 37.28783705090239], [-122.00738596587098, 37.28779781450204], [-122.00743184821998, 37.28775815068929], [-122.00748262728541, 37.287712121000254], [-122.00753271554659, 37.28766554239081], [-122.00755296716544, 37.28764607602286], [-122.00756299505863, 37.28763620311246], [-122.00757302744327, 37.287626482432394], [-122.00759289637992, 37.287606764478646], [-122.00794927144986, 37.28782341086773], [-122.00802708080747, 37.28787363579332], [-122.00809614884817, 37.28780195225627], [-122.00816186672347, 37.287728285475524], [-122.00824909942355, 37.28762871164027], [-122.00869147738666, 37.28786928974323], [-122.00873159434171, 37.287894085582415], [-122.00877437301169, 37.28785542883435], [-122.00907880665552, 37.287586299758075], [-122.00938418977215, 37.28773330277336], [-122.00983051585499, 37.28775069222732], [-122.00992992251092, 37.2877516034797], [-122.00988833853128, 37.288409972859164], [-122.00983752165227, 37.2892145239751], [-122.0098136165422, 37.2896251234532], [-122.00971448297456, 37.28962040081122], [-122.00943647240366, 37.289609243136404], [-122.00917899013054, 37.289598895913905], [-122.00916755098541, 37.28959844709112], [-122.0089214818062, 37.289588547975356], [-122.00888996980925, 37.289587282981], [-122.00866397258346, 37.28957822290526], [-122.0086158588244, 37.28957627895896], [-122.00840651995482, 37.289567873534615], [-122.00834868732416, 37.28956555080438], [-122.0081458567477, 37.28955740409524], [-122.00792183581525, 37.28954838546751], [-122.00788126431003, 37.28954675669735], [-122.00762375508748, 37.28953640660736], [-122.00761067290057, 37.289747233466166], [-122.00760710209155, 37.28980457391287], [-122.00759789075154, 37.28995297549147], [-122.00758712442513, 37.29012662284095], [-122.00758510590742, 37.29015869551391], [-122.00757361913111, 37.290343474922544], [-122.00757232286, 37.29036443712861], [-122.00755999525903, 37.29056291707786], [-122.00755953981266, 37.2905701788954], [-122.00754668939129, 37.2907768834796], [-122.00754626358919, 37.290784145276774], [-122.00753347964346, 37.29098986374111], [-122.00753306551954, 37.29099634795499], [-122.0075210424479, 37.29119010798897], [-122.00751978749952, 37.29121029096955], [-122.00750825940064, 37.29139585035666], [-122.00750613937313, 37.291429961434005], [-122.00749515655247, 37.29160706650033], [-122.0074912973837, 37.29166862205327], [-122.00748269061084, 37.29180731124958], [-122.00747683178888, 37.29190178615873], [-122.00746955901657, 37.292018528382116], [-122.0074623374481, 37.292134950256255], [-122.00745677507078, 37.29222427062833], [-122.00744784310729, 37.292368113631], [-122.00744401987117, 37.29242998944272], [-122.00743337661432, 37.29260127628333], [-122.00742952463199, 37.29266315333244], [-122.00741673978801, 37.292868895245114], [-122.00740646933251, 37.29303445529434], [-122.00739815810594, 37.29316787499639], [-122.00737747078334, 37.2933748368631], [-122.00758395121383, 37.29338624481601], [-122.00766310625262, 37.29339061847145], [-122.00773062631379, 37.29339439539455], [-122.0076521628935, 37.294146550024855], [-122.00762982895876, 37.294358892578174], [-122.00745758942328, 37.295997901051805], [-122.00745025108229, 37.2960389004424], [-122.00744035612884, 37.29614777968632], [-122.00742229727895, 37.29633211847108], [-122.00742018533684, 37.296359544894536], [-122.00741643756291, 37.29638685553976], [-122.00741244185507, 37.296406917069795], [-122.0074120771389, 37.29640874792616], [-122.00728009847474, 37.29640143092235], [-122.0072342745208, 37.2963995028741], [-122.00722564261078, 37.29639915628266], [-122.00698972349436, 37.296389303798115], [-122.00696497581036, 37.296388272599444], [-122.00678205099932, 37.29638064473017], [-122.00668690325587, 37.296376673578514], [-122.00657429226607, 37.29637196422258], [-122.00640880105696, 37.2963650509734], [-122.00636833914612, 37.29636337518559], [-122.00619215349532, 37.29635600243374], [-122.00616545467082, 37.29635488119217], [-122.00613069975634, 37.29635345123404], [-122.00595342355088, 37.29634604918182], [-122.00585262720162, 37.296341827196265], [-122.00574907751671, 37.296337505162995], [-122.00558057695183, 37.29633044541323], [-122.00557452590118, 37.29633022602421], [-122.00555643203757, 37.29632947424186], [-122.005348672406, 37.29632079158437], [-122.00534236264025, 37.29632050573562], [-122.00529642460049, 37.29631860055326], [-122.00514564599679, 37.29631232116892], [-122.00501835204602, 37.29630699794838], [-122.0049383750487, 37.2963036549459], [-122.00474025164374, 37.29629537247392], [-122.0047311032022, 37.29629498657784], [-122.00452652809783, 37.29628644398253], [-122.00446217908915, 37.29628376843633], [-122.00431816749352, 37.29627774345473], [-122.00409896691995, 37.296268586281926], [-122.00392312532391, 37.29626125353975], [-122.00346875213425, 37.29624225148399], [-122.003416703744, 37.29633681467411], [-122.00338385145099, 37.29642437995109], [-122.00334841739954, 37.29651884548721], [-122.00333668001053, 37.29654785972496], [-122.00332000368353, 37.296589093209924], [-122.00331780011578, 37.29659491306075], [-122.00329101953673, 37.29666514070326], [-122.0032697429363, 37.29672131176495], [-122.00325307379546, 37.29676579451689], [-122.00323262364505, 37.29682039906491], [-122.00322854888627, 37.29683141558537], [-122.00319335648145, 37.296926608803055], [-122.00318979735576, 37.29693622394791], [-122.00317243471532, 37.29698323416426], [-122.0031248527449, 37.29710633070228], [-122.00309488134953, 37.29718465585787], [-122.00307805680023, 37.29722850161609], [-122.00305888135964, 37.297278030656024], [-122.00303937444062, 37.297328249263266], [-122.00302545594167, 37.29736415989882], [-122.00299415953074, 37.29744927786981], [-122.00292686492598, 37.29763221068517], [-122.00289689173341, 37.297717236168396], [-122.00286225269286, 37.2977932482197], [-122.00278212205919, 37.29801038261939], [-122.00275594065533, 37.29808918776227], [-122.00243362249809, 37.29797346824653], [-122.00237859171462, 37.297951124680594], [-122.00218623999136, 37.29788095967936], [-122.00215324667376, 37.297868930712966], [-122.0019139912235, 37.29778165079708], [-122.00187170842962, 37.29776637678361], [-122.00172595410776, 37.29771365089921], [-122.00167241003562, 37.29769259283565], [-122.00159006238744, 37.29766400565383], [-122.00150446014378, 37.297633239620254], [-122.00131302470191, 37.297561528623135], [-122.00131054265746, 37.297560576049165], [-122.00098897279764, 37.297436306123686], [-122.00084902159156, 37.29738435393163], [-122.0008253509884, 37.29737554563767], [-122.00056557083457, 37.29727909667979], [-122.000491423007, 37.29725209649495], [-122.00022888502552, 37.297156619252064], [-121.99997192558264, 37.29704925857475], [-121.99989850000144, 37.29701268247677], [-121.99970405159951, 37.297041930189835], [-121.99945572584737, 37.29707926231185], [-121.99920297678979, 37.29713033785636], [-121.99851501647706, 37.29739667937102], [-121.99804075904206, 37.297732617035706], [-121.99795222108673, 37.297861224102064], [-121.99784610306573, 37.29833370808068], [-121.9977544291082, 37.29831886865337], [-121.99769590567391, 37.298309395886676], [-121.99766457244208, 37.2983043022014], [-121.99755429797145, 37.29828657720403], [-121.99757949747774, 37.298559080954725], [-121.99758373751627, 37.298639211105694], [-121.99758467445635, 37.29866240840862], [-121.99758697683184, 37.29871937690112], [-121.99758912738936, 37.298799511168696], [-121.997590217935, 37.298879704662724], [-121.9975902493673, 37.29895853819497], [-121.99758878330879, 37.299032675325854], [-121.99758837277197, 37.299092309689776], [-121.99758397820781, 37.29915183538823], [-121.99757568136232, 37.29921108877863], [-121.99754902024321, 37.29942639187902], [-121.99754343002319, 37.29946915372619], [-121.9975358527285, 37.29952718634664], [-121.9975218129529, 37.299601507280414], [-121.997506678131, 37.299675612334795], [-121.99749042490673, 37.29974966443637], [-121.9974808803036, 37.29979098906336], [-121.99746614613188, 37.299852225644266], [-121.99745031062561, 37.299914163184944], [-121.99743381934935, 37.29997489588227], [-121.9974162312302, 37.30003527624008], [-121.99741494394408, 37.300039641642776], [-121.99734131082464, 37.300251653854865], [-121.99731792228462, 37.30031284075415], [-121.9972933300023, 37.30037392827637], [-121.99726768219962, 37.300435373039825], [-121.99724111811544, 37.3004967384347], [-121.99721385873566, 37.300557767926136], [-121.99718593190757, 37.30061834932685], [-121.99715703400092, 37.30067770731834], [-121.99714130899079, 37.30070951895818], [-121.99708383657044, 37.300832876649146], [-121.9970269435637, 37.300955151554255], [-121.99697032005125, 37.30107804008084], [-121.9969578541289, 37.301105163937265], [-121.99691305604048, 37.3011975720503], [-121.99686836485151, 37.30129098545521], [-121.9968242773303, 37.30138457452903], [-121.9967935082324, 37.3014506624707], [-121.99672781263364, 37.30158838610717], [-121.99666287251783, 37.30172676332261], [-121.99659870854644, 37.30186517529732], [-121.99658374171402, 37.30189764169344], [-121.99655045463814, 37.30197113281471], [-121.99651855995053, 37.30204396503389], [-121.996487204252, 37.3021194224973], [-121.99645742868992, 37.30219369227801], [-121.99642869068171, 37.30226822351588], [-121.99640123097586, 37.302342212326195], [-121.99639990326585, 37.30234598379277], [-121.99637319185618, 37.30242447212883], [-121.99634754674659, 37.30250319904701], [-121.99632288080045, 37.30258223385884], [-121.99629963419234, 37.302660586182334], [-121.99627721223735, 37.302740026698594], [-121.99626200824727, 37.30279641616662], [-121.99624647187996, 37.30285770889423], [-121.99623159667236, 37.30292052643906], [-121.99621839951782, 37.30298130815715], [-121.99620586531965, 37.30304366113718], [-121.99619450791444, 37.303104716430894], [-121.99619424740281, 37.30310600263234], [-121.99618030464508, 37.303179635484994], [-121.99616729074545, 37.30325382776243], [-121.99615566114939, 37.3033270417419], [-121.99614517870162, 37.30340179837156], [-121.99613595299681, 37.303476241237874], [-121.99612795978021, 37.30355082694148], [-121.99612781425309, 37.30355211170607], [-121.9961212349846, 37.30362713749807], [-121.99611490095603, 37.30370291635144], [-121.99611008597857, 37.30377730247091], [-121.99610676579731, 37.303853409151344], [-121.99610487573544, 37.30391506258004], [-121.99610445981399, 37.303928610421835], [-121.99610436728713, 37.30393261761014], [-121.99610391901587, 37.30404048220324], [-121.99610507872869, 37.30414708904029], [-121.99610735864071, 37.30425526200982], [-121.99611043446168, 37.30434591419272], [-121.99611720505348, 37.30443086420704], [-121.99612558003602, 37.30451714531957], [-121.99613485513036, 37.304602567453166], [-121.99614474916397, 37.30468743214751], [-121.99615496299786, 37.30477110346371], [-121.99615979682716, 37.304812175243285], [-121.9961727729785, 37.304909315486405], [-121.99618649562993, 37.30500647060964], [-121.99620111749486, 37.30510418508976], [-121.99621658197947, 37.30519966866037], [-121.99622163050613, 37.305240027813554], [-121.99622938206146, 37.30529513996259], [-121.99623895090919, 37.30534228571954], [-121.99624456267819, 37.305393602185404], [-121.99625232052212, 37.30544473212312], [-121.99626225139048, 37.305495604794196], [-121.99627663161007, 37.30557844349511], [-121.99623321693129, 37.30563247359046], [-121.99618358411396, 37.30569424345497], [-121.99621414658967, 37.30571666188806], [-121.99631614218151, 37.30579148188684], [-121.99639036632824, 37.30615819680786], [-121.99645348910332, 37.306461349440475], [-121.99654823433643, 37.30705153077891], [-121.99656160842228, 37.30732157841724], [-121.99655524203251, 37.307593298474906], [-121.99655454224407, 37.3076027936473], [-121.99655369602984, 37.307614250158146], [-121.99653493379137, 37.30786860653934], [-121.99649617505408, 37.30815550363599], [-121.99645252859095, 37.308380087573155], [-121.99641971132742, 37.30851125722829], [-121.99607285927227, 37.3085114079642], [-121.99567635554153, 37.308518095702766], [-121.99509066753842, 37.308527998698864], [-121.99460957126662, 37.30853608257215], [-121.99388660633566, 37.30854827983077], [-121.99368178149834, 37.30855173873313], [-121.99314994479347, 37.30856204328043], [-121.9930118468054, 37.3085647183753], [-121.9929325534137, 37.30867186467315], [-121.99289928970381, 37.3086559726827], [-121.99282192141662, 37.308626057118715], [-121.99274156892606, 37.30860167251958], [-121.99265883679793, 37.308583041101365], [-121.99257438978549, 37.30857029147922], [-121.99248885581105, 37.308563506538654], [-121.99230529139903, 37.30856113008346], [-121.99203797796389, 37.30856089499263], [-121.99186943607548, 37.30856171380267], [-121.99138041037698, 37.30856171376793], [-121.99116772618095, 37.30856057554722], [-121.99099946456711, 37.30855967311599], [-121.99053825879022, 37.30856075770131], [-121.99008620414993, 37.30855955015656], [-121.9899483882332, 37.308559265773994], [-121.98961459947672, 37.30855948224507], [-121.98948234053746, 37.308560431097646], [-121.98931019101558, 37.30856145211238], [-121.9890793662432, 37.30856308188077], [-121.98870598244982, 37.30856517178018], [-121.9883451094917, 37.3085665979054], [-121.98819093435746, 37.30857079989505], [-121.9877961895264, 37.308589547746735], [-121.98776985182442, 37.308590843855704], [-121.98753799937944, 37.308592712267775], [-121.9872141558701, 37.30859295589063], [-121.98685761099469, 37.3085915983072], [-121.98649567712648, 37.30859159042201], [-121.98609254562746, 37.308590662252556], [-121.9859719306492, 37.308590777993516], [-121.98587736231856, 37.30859086801456], [-121.98587908886618, 37.308717275856374], [-121.98588460628734, 37.3089919338988], [-121.98587383009875, 37.30899191031932], [-121.98587860281661, 37.30926655449743], [-121.9858773891745, 37.309431836954644], [-121.98587952354056, 37.30970646952272], [-121.9858816785682, 37.3099791783922], [-121.9858873100884, 37.310138445424904], [-121.9858842468017, 37.31042550391065], [-121.98567828829, 37.310434249928576], [-121.98588009208035, 37.31054948370339], [-121.98587358554722, 37.310878132086906], [-121.98593320311022, 37.31105873447659], [-121.98585271673866, 37.311321802267045], [-121.98586856481414, 37.31132476020832], [-121.98578823654496, 37.311597164551266], [-121.98576273336846, 37.31168242859953], [-121.98582270129316, 37.311693802328335], [-121.98604834996866, 37.31173688087322], [-121.98623126489545, 37.3117710706195], [-121.98659811164144, 37.31184010023643], [-121.98686721631084, 37.311895238288685], [-121.98723901457014, 37.31196385911373], [-121.98757997007833, 37.31202033742925], [-121.98766538906743, 37.31203448683055], [-121.98766783338309, 37.31203491337021], [-121.9879805458645, 37.31207707148694], [-121.98800564299289, 37.312080455223935], [-121.98802841977282, 37.3120844469755], [-121.98807668534675, 37.31209143879213], [-121.98805524974229, 37.31216774853944], [-121.98800750067772, 37.31235740442625], [-121.98798664897679, 37.312444400911126], [-121.98798560962574, 37.31244835120246], [-121.98796234864412, 37.31253082214955], [-121.98791660102953, 37.31268591058135], [-121.98787318723726, 37.31284726668424], [-121.98785800211164, 37.312903630711105], [-121.98785389591112, 37.312921972409406], [-121.98783425783394, 37.31300941120775], [-121.9878171044974, 37.31308782196952], [-121.98781304321285, 37.31310405596181], [-121.98779461067664, 37.313171427493046], [-121.98778878150718, 37.31319391156806], [-121.98778835301086, 37.313195426224254], [-121.98778784007256, 37.31319730954188], [-121.98778637312343, 37.31320245722933], [-121.98778040651203, 37.313222355663456], [-121.98778021966241, 37.313223043688836], [-121.98777167219087, 37.31324860707059], [-121.98775976231974, 37.31332839363178], [-121.98773868784055, 37.313381125703735], [-121.98773136746712, 37.31341076930422], [-121.98771208422549, 37.31348872668111], [-121.98770235367134, 37.31352822117711], [-121.98769234733449, 37.31356838295549], [-121.98767113630807, 37.31365023324021], [-121.98766014272266, 37.31369255903988], [-121.98765168777611, 37.31373137469626], [-121.98764188535704, 37.31376876356626], [-121.98763700570723, 37.31378564970872], [-121.98763074265126, 37.313810725641616], [-121.98762061863498, 37.31385214828064], [-121.98760999066353, 37.31389414817538], [-121.98760837279747, 37.31390064684734], [-121.98758982886993, 37.31397115554259], [-121.9875797084472, 37.31400985388495], [-121.98756956017598, 37.314054343558325], [-121.9875643670136, 37.3140770945744], [-121.9875502032725, 37.314132897549015], [-121.98752881168447, 37.314217267801716], [-121.98751993542852, 37.314252196577065], [-121.98750942693326, 37.314294424158064], [-121.98750319531808, 37.31432112386545], [-121.98750285305974, 37.31432266207561], [-121.9875013888056, 37.314328289796144], [-121.98749941969785, 37.3143359365512], [-121.987499206797, 37.31433671815894], [-121.98749699514431, 37.31434512365838], [-121.98749550124553, 37.31435077281084], [-121.98748728884529, 37.31437871206735], [-121.98746838828632, 37.31445426003441], [-121.9874463481144, 37.31454211857454], [-121.98742837371856, 37.31461380979251], [-121.98740548463827, 37.314705020327374], [-121.98738732339304, 37.31477744583995], [-121.98736364559265, 37.31486500322084], [-121.98734690458409, 37.314931095748065], [-121.98734512502094, 37.314938098727694], [-121.98730972779538, 37.31507767521871], [-121.98730430466443, 37.3150989398849], [-121.98728847005646, 37.31516151643849], [-121.9872773623847, 37.315205377436115], [-121.98726712518122, 37.31524249765736], [-121.98726242160119, 37.315259634237684], [-121.98722181774002, 37.31540687535281], [-121.98721818225722, 37.3154200146079], [-121.98719436611638, 37.31550640813436], [-121.98717833836922, 37.31558095761304], [-121.98714166732921, 37.31575158802936], [-121.98712972242583, 37.31581305809364], [-121.98711633392922, 37.31588195323016], [-121.98705999339977, 37.31588204538831], [-121.98672057849545, 37.31588484166262], [-121.98667152869194, 37.31588129734734], [-121.98657022928565, 37.315884780924925], [-121.98649960015521, 37.31588709640346], [-121.98617401481286, 37.31588781581648], [-121.98576962118074, 37.31588877884594], [-121.98528637793655, 37.315890854244756], [-121.98487414111466, 37.31589230237503], [-121.98438752379877, 37.31589476142529], [-121.9842641213484, 37.315894962887214], [-121.98425887608637, 37.315894971460104], [-121.98424998276664, 37.315893070348416], [-121.98424092954674, 37.31589178793709], [-121.98423177481715, 37.31589114851711], [-121.98422257517169, 37.31589115065983], [-121.98421341684868, 37.315891792936036], [-121.9842043573402, 37.31589307606043], [-121.98419548198633, 37.31589499574637], [-121.98400077666953, 37.315895356522034], [-121.98383442217857, 37.31589746337842], [-121.98332397435836, 37.3158991894167], [-121.9830281978074, 37.31590146844261], [-121.98281858495072, 37.31590160345586], [-121.98251400131808, 37.315903465965775], [-121.98227103222311, 37.315905167017625], [-121.9818985431521, 37.31590360666564], [-121.98162404319562, 37.315903622363685], [-121.98150769611253, 37.315904131747395], [-121.98144155406659, 37.315904373221855], [-121.98127505674361, 37.31590503691987], [-121.98098187003535, 37.315906430761046], [-121.98090280842077, 37.31590694943523], [-121.98086925185835, 37.31590709874948], [-121.98064203741453, 37.31590843686961], [-121.98035931248435, 37.31590990286951], [-121.98002652355281, 37.31591156676444], [-121.9798738108758, 37.315912236893205], [-121.9798120553026, 37.31591251337492], [-121.97974296408792, 37.315912837009144], [-121.97940591983733, 37.31591526249082], [-121.97896769924996, 37.315917223582595], [-121.97887383160494, 37.31591829379895], [-121.978817041918, 37.31591894250165], [-121.97743515474167, 37.31592559950494], [-121.97743387642647, 37.3160398560763], [-121.97743620662413, 37.31632590897217], [-121.9774364446742, 37.31635534279831], [-121.97743671326667, 37.31639065923066], [-121.97743917910849, 37.316689412595], [-121.97743987708978, 37.316775424589515], [-121.97744144283166, 37.31696768150618], [-121.97744224501645, 37.31706339791476], [-121.9772610656306, 37.31706645992191], [-121.97646045842293, 37.31707998533326], [-121.97620883765426, 37.31708658444577], [-121.97551274765226, 37.3167871817682], [-121.97533349336354, 37.31672049931359], [-121.97507186353342, 37.31703288684618], [-121.97500512409887, 37.31711257436831], [-121.9749445048863, 37.31718495254974], [-121.97503078984988, 37.31721250997261], [-121.9749445048863, 37.31718495254978], [-121.97487479651996, 37.31726818272833], [-121.97475629705801, 37.31740966881924], [-121.97455948696265, 37.31764465846505], [-121.97393266592714, 37.31837578187924], [-121.97392731556148, 37.31838202940507], [-121.97371646839233, 37.318628026480255], [-121.97351977687521, 37.31885798146534], [-121.9733446125848, 37.31906344881653], [-121.97309859188076, 37.31935871168849], [-121.97267851900062, 37.31985781046411], [-121.97243162154119, 37.32015114992321], [-121.9724358049948, 37.32015109777248], [-121.9729431715945, 37.320145424088174], [-121.97299672016034, 37.32014482542956], [-121.97318542383394, 37.32014301016667], [-121.97312901412074, 37.32026457356796], [-121.97292647994455, 37.32064920120712], [-121.97248052037183, 37.320654582672574], [-121.97224146882911, 37.32065746736048], [-121.97200198070466, 37.32066587856578], [-121.97177355620005, 37.32093953565922], [-121.97164680211898, 37.321091006234155], [-121.97188261164288, 37.3210843903268], [-121.97209124892946, 37.321082980144595], [-121.97265175176817, 37.321079188940566], [-121.97265642471989, 37.32183120813707], [-121.97266344043418, 37.3229697429571], [-121.97266345840033, 37.322972144660895], [-121.97266372609369, 37.32301334365571], [-121.9726635841413, 37.323180906861], [-121.97282746646877, 37.32317970173779], [-121.97282805215251, 37.32333945371593], [-121.9728293223521, 37.323501316295754], [-121.97282940230107, 37.32350978434868], [-121.97283053416191, 37.323655878471705], [-121.97283072370384, 37.323680047445485], [-121.97283178370068, 37.32381524582651], [-121.9728319992934, 37.323839324025386], [-121.97283313744256, 37.323984295251236], [-121.97283329823891, 37.32400411653839], [-121.97283442291335, 37.324148424523635], [-121.97283461874305, 37.32417440208891], [-121.9728358054008, 37.32432473032917], [-121.97283597518074, 37.32433919386737], [-121.9728379047431, 37.32450395528129], [-121.97283811315064, 37.324520388256104], [-121.97283986215359, 37.324668739907764], [-121.97284182046234, 37.324833524172774], [-121.97284377787257, 37.32499830736225], [-121.97284570653696, 37.32516309304757], [-121.97284659226717, 37.325238550169544], [-121.97284766484557, 37.32532787622849], [-121.9728495944082, 37.325492661905834], [-121.97285155181861, 37.32565742221917], [-121.97285351012727, 37.325822206459144], [-121.9728554378932, 37.32598699105207], [-121.97285731715066, 37.326146282743785], [-121.97286123286975, 37.32647585086122], [-121.97286333041573, 37.32665354272548], [-121.97286318757531, 37.32672727109645], [-121.97170858850447, 37.32673697306902], [-121.97172130955528, 37.32664664433453], [-121.97136802915625, 37.326652849002315], [-121.9712775032436, 37.32665398621339], [-121.97101952060703, 37.32666219244716], [-121.97092675968626, 37.3266633568024], [-121.97083213655834, 37.32666454473053], [-121.97078860779958, 37.32666509047748], [-121.97069401251926, 37.32666627840571], [-121.97060125159868, 37.326667442046514], [-121.97059998767652, 37.32660320638938], [-121.97057203660047, 37.32660442575387], [-121.96988217907486, 37.326613060562025], [-121.96982215545323, 37.326613812036], [-121.9685591252523, 37.32662239608476], [-121.96855979628685, 37.326684254427825], [-121.96840505162093, 37.32668619382903], [-121.96841087264313, 37.32722460983634], [-121.96844641178703, 37.32722437125347], [-121.96844956483962, 37.327525179523924], [-121.96844988463644, 37.32755573045273], [-121.96850767233613, 37.327692941254774], [-121.96850995492132, 37.32799432910568], [-121.96830673447538, 37.327994678393495], [-121.96838561010918, 37.32825836838163], [-121.96839534335408, 37.328256731881346], [-121.96840025803637, 37.32825612614068], [-121.96840519787136, 37.32825566112047], [-121.96841015477439, 37.3282553403922], [-121.96841512335544, 37.32825516252762], [-121.96842009552991, 37.32825512752637], [-121.96842506770425, 37.328255237531785], [-121.96843003089529, 37.32825548968613], [-121.96843497971346, 37.32825588541817], [-121.96843990787033, 37.32825642401369], [-121.9684448072809, 37.32825710404433], [-121.96844967345416, 37.32825792479521], [-121.96845449920306, 37.32825888626655], [-121.96845927823928, 37.328259985601406], [-121.96846400427538, 37.32826122279907], [-121.96846867102235, 37.3282625950028], [-121.96847327219237, 37.328264102212685], [-121.96847780329382, 37.32826573942819], [-121.96848225714018, 37.32826750736368], [-121.96848662744313, 37.328269403161734], [-121.96849090971116, 37.32827142325123], [-121.96849509765619, 37.328273565488765], [-121.96849918588815, 37.32827582773151], [-121.96850316811891, 37.32827820640782], [-121.9685070407553, 37.328280698660535], [-121.96851442041353, 37.328285993893246], [-121.96851792563902, 37.32828879830211], [-121.96852130240534, 37.328291700572365], [-121.96852454442441, 37.328294699989556], [-121.96852765169614, 37.32829778869647], [-121.9685306152374, 37.328300965978144], [-121.96853343415006, 37.3283042268351], [-121.96853610394221, 37.328307566266446], [-121.96853862102093, 37.328310980701254], [-121.96854098179273, 37.328314465852785], [-121.96854318446107, 37.328318016007245], [-121.96854522543269, 37.32832162687839], [-121.96854710201265, 37.328325295609055], [-121.96854881150594, 37.32832901434172], [-121.96855035211604, 37.328332780219064], [-121.96855172114776, 37.3283365889554], [-121.96855291860156, 37.32834043340689], [-121.96855393998543, 37.32834431071706], [-121.96855478619793, 37.32834821517116], [-121.96855545634052, 37.328352140339746], [-121.96855594771849, 37.32835608336642], [-121.96855626123003, 37.32836003710731], [-121.9685563968751, 37.3283639979914], [-121.96855635285726, 37.32836796030371], [-121.96855612917628, 37.328371918330284], [-121.96855517965643, 37.32837960080066], [-121.96855445291905, 37.32838341882062], [-121.96855355729824, 37.32838721183895], [-121.96855249548945, 37.328390979141766], [-121.96855126839058, 37.32839471358571], [-121.96854987869663, 37.32839841159956], [-121.96854832640756, 37.32840206818293], [-121.96854661421857, 37.32840567904971], [-121.96854474482427, 37.32840923919999], [-121.9685427200216, 37.32841274506213], [-121.96854054070857, 37.328416192350055], [-121.96853821317366, 37.328419576063986], [-121.96853573651835, 37.32842289191738], [-121.96853311613273, 37.328426136339274], [-121.96853035471167, 37.32842930575767], [-121.96852745495013, 37.3284323958873], [-121.96852442133941, 37.32843540101287], [-121.96852125747326, 37.32843832113478], [-121.96851796694459, 37.32844114982432], [-121.96851455424499, 37.328443884223965], [-121.96851102296789, 37.328446522191], [-121.96850737760468, 37.328449058725326], [-121.96850362354539, 37.32845149096928], [-121.96849976348486, 37.32845381678011], [-121.96849580550824, 37.328456032586274], [-121.96849175141168, 37.3284581362447], [-121.96848760748357, 37.32846012489872], [-121.96847853000864, 37.32846395648555], [-121.96847386415965, 37.32846566584181], [-121.96846912105549, 37.32846723519227], [-121.96846430878087, 37.328468661679864], [-121.96845943272628, 37.32846994530383], [-121.96845450007766, 37.32847108177919], [-121.96844951802183, 37.32847207110566], [-121.9684395251638, 37.328473588310395], [-121.96843448381912, 37.32847412476094], [-121.96842942091499, 37.32847451263363], [-121.9684243427393, 37.32847475050026], [-121.96841925737738, 37.32847483836079], [-121.96841417201527, 37.328474775500545], [-121.9684090920431, 37.328474562634234], [-121.96840402644415, 37.32847420119061], [-121.96839897970963, 37.328473689026154], [-121.96839396082298, 37.32847302828398], [-121.96838897607236, 37.328472220393074], [-121.96838403264407, 37.32847126606747], [-121.96837420238163, 37.328469520994545], [-121.9683692338007, 37.32846886453844], [-121.9683642382702, 37.32846835523131], [-121.9683592229768, 37.3284679909304], [-121.96835419420859, 37.32846777449217], [-121.96834915825384, 37.328467704488915], [-121.96834412319747, 37.32846778163464], [-121.96833909442927, 37.32846800592942], [-121.96833408003405, 37.32846837737292], [-121.96832908540185, 37.328468894536954], [-121.96832411861728, 37.32846955813532], [-121.96831918417207, 37.3284703660258], [-121.96831429194766, 37.3284713174933], [-121.96830944643548, 37.32847241182389], [-121.96830465302587, 37.32847364616035], [-121.9682999198032, 37.32847502050273], [-121.9682866427048, 37.32847910138452], [-121.96828101745511, 37.32848101360592], [-121.96827827130565, 37.328482087935775], [-121.96827557725841, 37.328483238697416], [-121.9682729344151, 37.328484465890575], [-121.96827034726726, 37.3284857673726], [-121.96826782030644, 37.32848714171472], [-121.96826535622803, 37.328488586774256], [-121.96826295862472, 37.328490101121986], [-121.96826063019168, 37.328491681901255], [-121.96825837272551, 37.32849332839718], [-121.96825618981944, 37.328495037753065], [-121.9682540832703, 37.32849680782552], [-121.96825205846768, 37.32849863718612], [-121.96825011631016, 37.328500522977826], [-121.9682482594926, 37.32850246162852], [-121.96824648981146, 37.32850445242414], [-121.96824480996193, 37.32850649179323], [-121.96824322174061, 37.32850857830703], [-121.96824172784221, 37.32851070767984], [-121.96824032916528, 37.328512878482634], [-121.96823902840467, 37.328515087858534], [-121.96823782645879, 37.32851733223562], [-121.96823672512417, 37.32851961018578], [-121.96823572619749, 37.328521917422556], [-121.96823483057698, 37.32852425108887], [-121.9682340400594, 37.32852660975603], [-121.9682333546447, 37.32852898842408], [-121.9682327752312, 37.32853138566413], [-121.96823230271718, 37.3285337979051], [-121.96823193800088, 37.328536221574595], [-121.96823168108246, 37.32853865453049], [-121.96823153375857, 37.3285410924863], [-121.9682314933339, 37.3285435340135], [-121.96823156340241, 37.32854597482637], [-121.96823174037023, 37.328548412067725], [-121.96823202783082, 37.328550842165896], [-121.96823242219082, 37.32855326369199], [-121.96823292345047, 37.32855567164622], [-121.96823353250784, 37.3285580638854], [-121.96823424756637, 37.32856043755233], [-121.96823506772792, 37.32856278907544], [-121.96823599209398, 37.32856511631204], [-121.96829184392429, 37.32870581468971], [-121.96831737133793, 37.32877674523013], [-121.96835698522575, 37.328897958945866], [-121.9683750413535, 37.328958914670714], [-121.96840916383995, 37.32908759334026], [-121.96842427259529, 37.32915224545938], [-121.96844353874992, 37.32924481625395], [-121.96845217155345, 37.329291227683655], [-121.96845325941254, 37.32929605568777], [-121.96845396369129, 37.329298443617546], [-121.96845477576798, 37.329300810118184], [-121.96845569204915, 37.32930315090356], [-121.96844868248624, 37.329391599247465], [-121.9684757548632, 37.329405711845425], [-121.96850543099966, 37.32941595595737], [-121.9685368521146, 37.32942203513443], [-121.96856549309632, 37.329423759471716], [-121.96932197057072, 37.32942334094218], [-121.97029142329536, 37.329422786709245], [-121.97124691710115, 37.32942226247644], [-121.97124854846398, 37.32921931494153], [-121.97133568054181, 37.32922008211483], [-121.97172756962686, 37.329219555697456], [-121.97172854069932, 37.329274640266036], [-121.97205882334612, 37.32914422974379], [-121.97205896258464, 37.32914760913907], [-121.97205924914655, 37.32915098210552], [-121.97205968393088, 37.32915434435703], [-121.97206026783543, 37.329157693036805], [-121.97206099816518, 37.32916102385847], [-121.97206187492041, 37.329164331107684], [-121.97206289630437, 37.32916761192761], [-121.97206406231713, 37.32917086203193], [-121.97206536936505, 37.329174077135114], [-121.9720668183472, 37.32917725509422], [-121.97206840566977, 37.32918038805166], [-121.97207013043459, 37.32918347600751], [-121.97207198994649, 37.32918651324734], [-121.97207398240914, 37.32918949619966], [-121.97207610333092, 37.32919242200718], [-121.97207835361007, 37.329195285669805], [-121.9720807278566, 37.32919808504454], [-121.97208322517253, 37.32920081584563], [-121.97208583926933, 37.32920347450133], [-121.97208857014701, 37.329206058154796], [-121.97209141331412, 37.32920856323407], [-121.97209436427913, 37.32921098759646], [-121.97209742034704, 37.329213326956214], [-121.97210057702628, 37.32921557988469], [-121.97210383162181, 37.329217742095786], [-121.97210717874367, 37.329219811446684], [-121.97211061569732, 37.32922178650898], [-121.97211413709257, 37.32922366228243], [-121.97211773933604, 37.32922543948144], [-121.97212141793638, 37.32922711381974], [-121.9721251675036, 37.329228683869246], [-121.9721289835463, 37.32923014748685], [-121.97213286157255, 37.3292315032439], [-121.97213679619276, 37.32923274899721], [-121.97214078471188, 37.32923388403306], [-121.97214482084175, 37.32923490692224], [-121.9721488982941, 37.32923581409385], [-121.97215301347572, 37.329236606976146], [-121.9721613372638, 37.32923784415806], [-121.97216552520892, 37.32923828560071], [-121.97216972932384, 37.3292386091826], [-121.97217394511675, 37.32923881490359], [-121.97217816719792, 37.32923890276367], [-121.97218239197403, 37.32923887204891], [-121.97218661136039, 37.329238722758866], [-121.97219082176345, 37.3292384556078], [-121.97219501779344, 37.32923806988175], [-121.97219919495909, 37.32923756772363], [-121.97220334697175, 37.329236949133325], [-121.9722074693401, 37.329236213396165], [-121.97221155757234, 37.32923536336992], [-121.97221560448226, 37.329234399768836], [-121.97221960737471, 37.32923332187815], [-121.97222356085976, 37.32923213398425], [-121.97222745954765, 37.32923083537255], [-121.9722312980484, 37.32922942890007], [-121.97223507187039, 37.32922791528151], [-121.97223877921726, 37.329226296659606], [-121.97224241200402, 37.32922457589158], [-121.97224596573875, 37.329222754406096], [-121.9722494386254, 37.32922083363179], [-121.97225282437554, 37.32921881714002], [-121.97225611939567, 37.329216707073996], [-121.9722593209912, 37.32921450557629], [-121.97226242197524, 37.32921221621868], [-121.97226831492317, 37.32920738392363], [-121.97227174558911, 37.32920447311776], [-121.97227530561229, 37.32920166445747], [-121.97227899229792, 37.329198961514926], [-121.97228279845946, 37.32919636643286], [-121.97228672140201, 37.32919388349718], [-121.9722907548374, 37.32919151699373], [-121.9722948933755, 37.32918926906519], [-121.9722991307281, 37.329187142569225], [-121.97230346330247, 37.32918514107734], [-121.97230788301316, 37.32918326601772], [-121.97231238626709, 37.32918152024789], [-121.97231696408126, 37.329179907339565], [-121.97232161376084, 37.329178428721214], [-121.97232632811878, 37.3291770858214], [-121.97233110086717, 37.32917588006892], [-121.97233592481987, 37.32917481503518], [-121.97234079278968, 37.329173889291624], [-121.9723457011838, 37.32917310640964], [-121.97235064191713, 37.329172467103874], [-121.97235560870159, 37.32917196994533], [-121.97236059435083, 37.32917161922013], [-121.97237059709, 37.329171352069416], [-121.97239057741544, 37.329171398500876], [-121.97239531779444, 37.32944160311134], [-121.97239570496575, 37.3294636865942], [-121.97242401267282, 37.32946302014899], [-121.97246522198205, 37.32946205655323], [-121.97247173113206, 37.32983480400093], [-121.97247490845996, 37.32994941014932], [-121.97265184869582, 37.32995441241342], [-121.97284079320558, 37.32996574191679], [-121.97302885199356, 37.32998421618843], [-121.97321560163218, 37.330009793632264], [-121.97337141383827, 37.3300320283072], [-121.97352807294608, 37.33005007381265], [-121.97368540237153, 37.33006390980791], [-121.97384322477471, 37.33007352069716], [-121.9740178787024, 37.33007921397933], [-121.97419267688278, 37.330079734002275], [-121.97436737908684, 37.33007508005134], [-121.97449612291987, 37.33006832778215], [-121.97465332487971, 37.330056234159414], [-121.9748099304554, 37.33003993722713], [-121.97492391975476, 37.33002540782634], [-121.97503742697344, 37.33000864373763], [-121.97505428745075, 37.330006005826405], [-121.97508969813627, 37.33000068500293], [-121.97526792898894, 37.32997774918167], [-121.97544726338968, 37.32996118351713], [-121.97562734449262, 37.32995102097219], [-121.97580781396657, 37.32994728176862], [-121.97747976351073, 37.32994242035286], [-121.97893823025647, 37.32993816822077], [-121.97982414955406, 37.329935590370226], [-121.98009052573016, 37.32993843948411], [-121.9803566604736, 37.32994793199801], [-121.98062229404297, 37.32996405864746], [-121.98088716718551, 37.32998680369316], [-121.98181153526139, 37.330062627472486], [-121.98266484301614, 37.33013261391539], [-121.98331813371905, 37.33018117916831], [-121.98351681677377, 37.330195948741995], [-121.98437653580272, 37.33027394520083], [-121.98502857155779, 37.33033728203698], [-121.98509524360918, 37.33034375857737], [-121.98519264163137, 37.33035321945388], [-121.98522849877851, 37.330356702370445], [-121.9854791421768, 37.33038147635928], [-121.98549040884527, 37.330382589949366], [-121.98612601441627, 37.33044539954192], [-121.98703591063327, 37.33053530591215], [-121.98713700607509, 37.33054714299813], [-121.98723733804886, 37.33056257611403], [-121.9873367060654, 37.33058157442064], [-121.98784143340903, 37.33063282512126], [-121.98916564514315, 37.330773786862615], [-121.98921295760479, 37.330778816205594], [-121.98966025746684, 37.33074618945324], [-121.99011211716322, 37.330831547528696], [-121.99020788564033, 37.330855389198256], [-121.99023305802918, 37.33079140257293], [-121.99026125365911, 37.33072822500832], [-121.99032764455418, 37.33058796757518], [-121.99039448818209, 37.330608302846], [-121.99073204176594, 37.33070854910157], [-121.99078460579088, 37.33059754844796], [-121.99110532315177, 37.33070101689756], [-121.99120037926393, 37.33073389442497], [-121.99127945167687, 37.33056657878549], [-121.9913365728402, 37.33058418545409], [-121.99167985587754, 37.33068991823585], [-121.99173252500538, 37.33057848183473], [-121.99207666413733, 37.33068115815977], [-121.99215931631431, 37.33070999136279], [-121.9921923563531, 37.33064010766486], [-121.99238079411784, 37.330704342027055], [-121.99244695081583, 37.33072406524025], [-121.99251510458296, 37.33073882899477], [-121.99258467373924, 37.33074850728451], [-121.99265506452379, 37.33075301750682], [-121.99272567616268, 37.3307523211677], [-121.99370029689958, 37.330706665719326], [-121.99426727838983, 37.33068009544554], [-121.99426928255835, 37.33043430923785], [-121.99434210986543, 37.33043657427755], [-121.99435095377807, 37.330437003570474], [-121.99525454472625, 37.33048083286093], [-121.99546745170476, 37.33047916928039], [-121.99544059648761, 37.33124857662634], [-121.99543916187156, 37.33130969044354], [-121.9954391447967, 37.33137078206828], [-121.9954443352463, 37.33150842375693], [-121.9954590370443, 37.33175543287725], [-121.99546922032516, 37.33193391082414], [-121.99548308219785, 37.332187875632236], [-121.99548532798099, 37.33223036027743], [-121.99551434529111, 37.33282030072383], [-121.99583439701273, 37.33281432013049], [-121.99759050431511, 37.33279434058062], [-121.9975901710445, 37.33275627904264], [-121.99793412962673, 37.3327546069503], [-121.99810598989285, 37.33273785150815], [-121.99838880824768, 37.33273641012184], [-121.99840170625667, 37.33273633726675], [-121.99860206107758, 37.332735309439805], [-121.99861495908648, 37.33273523515592], [-121.99881531300903, 37.33273420661452], [-121.9988453814135, 37.33273405090482], [-121.99905863334516, 37.33273294807977], [-121.99913694666894, 37.33268142742886], [-121.9991657493496, 37.33266247342032], [-121.99942531299305, 37.33290514598326], [-121.99948455417412, 37.33297660397989], [-121.99953701522207, 37.33293898559183], [-121.99958389540629, 37.3328969303204], [-121.99962460990962, 37.33285096280221], [-121.999658650834, 37.33280165647788], [-121.99968559353641, 37.3327496264382], [-121.99968894694757, 37.332741994413844], [-121.99975734376288, 37.33275896201185], [-122.00006568863122, 37.33284531705911], [-122.00014195201344, 37.33267168049965], [-122.00047004454298, 37.33276359627562], [-122.00063525098263, 37.33280238566675], [-122.00096347107323, 37.332893427726596], [-122.00101941995175, 37.332763244177336], [-122.00129353901735, 37.33280961059577], [-122.00131040758369, 37.33277032051473], [-122.0013396028334, 37.33270246656029], [-122.0016486331166, 37.3327872066983], [-122.00174286277937, 37.332814938397554], [-122.00182117971084, 37.332632873315056], [-122.00189402588211, 37.33263948679871], [-122.00222073591033, 37.332681011225624], [-122.00242707261181, 37.33267955697578], [-122.00263343805948, 37.33267810129755], [-122.00283980260878, 37.33267664561919], [-122.00304616895458, 37.332675189226386], [-122.00325253440226, 37.33267373211963], [-122.00345889984989, 37.33267227501237], [-122.00366523655131, 37.332670817905466], [-122.00387160289725, 37.33266936008434], [-122.004137126889, 37.33266748655855], [-122.00422936319416, 37.33266142236691], [-122.00422981323396, 37.33280395232559], [-122.00429586455058, 37.33280207950348], [-122.00466429413565, 37.33280135596984], [-122.00466408303427, 37.3327780563448], [-122.00466270503605, 37.332622810085745], [-122.00466043322587, 37.33236477393386], [-122.00466178520087, 37.33226813416553], [-122.00467498684043, 37.332268059881386], [-122.00564544298382, 37.33226257285754], [-122.00582438286995, 37.33226156073642], [-122.00582836414833, 37.33227683958638], [-122.00582950595772, 37.3322924190224], [-122.00582070690866, 37.332759928141975], [-122.00594510648882, 37.33275952172873], [-122.00594466361687, 37.33278196637343], [-122.00756764510515, 37.33276945668755], [-122.01093676529115, 37.332750420082824], [-122.01104400884843, 37.33274981295706], [-122.01114784689321, 37.33274922511649], [-122.01136778588379, 37.332737802451824], [-122.01154550675713, 37.33272857260581], [-122.01412682701404, 37.33272729566592], [-122.01412675424979, 37.33273279201064], [-122.01422590758095, 37.33273246773691], [-122.01422482779691, 37.332815097139616], [-122.014221693921, 37.33286131237522], [-122.01421351214013, 37.33290713187655], [-122.01420034510065, 37.33295220476106], [-122.01419113618692, 37.33298713789834], [-122.01418772825657, 37.33302273272562], [-122.01417607880627, 37.33391484816771], [-122.01417242981888, 37.33419454538713], [-122.0141705487228, 37.334411477527254], [-122.0141476611558, 37.33704369866486], [-122.01414354771805, 37.33751682205474], [-122.01423613614212, 37.337696024115715], [-122.01483016949177, 37.33769487068064], [-122.01646601215708, 37.337691706768474], [-122.01647018403987, 37.33673049023912], [-122.01647321862691, 37.33602691874425], [-122.01646468673397, 37.333297089265216], [-122.01646238169079, 37.33299707408968], [-122.01645963105392, 37.332960416199896], [-122.01645420613181, 37.33293244456477], [-122.01648864124635, 37.33293305241367], [-122.01667714190036, 37.33293404669468], [-122.01684580236599, 37.33293495383314], [-122.01699932622131, 37.332935781686544], [-122.01701790427688, 37.332935884543005], [-122.01719000528952, 37.33293679311027], [-122.01723690901834, 37.332937055251705], [-122.01737070766967, 37.332937749534615], [-122.01739063319809, 37.33293785667688], [-122.01748426638244, 37.332938361674245], [-122.01755659961638, 37.33293875238664], [-122.01771585651925, 37.33293959738284], [-122.01798913117348, 37.33294104809034], [-122.01813021605926, 37.332941796658226], [-122.01908302390414, 37.33292928409436], [-122.01913303220724, 37.33295500720338], [-122.0192974455626, 37.333035985713046], [-122.01946482343294, 37.333112994750415], [-122.01963501556153, 37.333185965179645], [-122.01980786916363, 37.33325483149041], [-122.01998322906391, 37.33331953185674], [-122.02001188262106, 37.33332962519594], [-122.0202828629537, 37.33343633575647], [-122.02055731698475, 37.33353722779647], [-122.02083504880629, 37.333632229293244], [-122.0211158601682, 37.333721272428896], [-122.02139955061966, 37.33380429363874], [-122.02168591765266, 37.33388123365668], [-122.02197475684638, 37.33395203755764], [-122.02222696144918, 37.33400841277271], [-122.0224807318512, 37.334060114593804], [-122.02273593224014, 37.33410711535061], [-122.02299242603745, 37.3341493898888], [-122.02325007597169, 37.33418691558332], [-122.02356455813444, 37.334226103521736], [-122.02357371466064, 37.334227148485645], [-122.02364378863115, 37.33423484250498], [-122.02371313676308, 37.33424213796625], [-122.02389057072108, 37.33425917860511], [-122.02406831978948, 37.33427397828556], [-122.02438234075747, 37.33429460281637], [-122.0246969594143, 37.33430823492085], [-122.02501193157636, 37.334314864018765], [-122.02680870380898, 37.334295551275346], [-122.02702887007239, 37.334293184947846], [-122.02724104402583, 37.33429090433089], [-122.03206301379471, 37.33425735730505], [-122.03220859115453, 37.33425634235144], [-122.03221642176773, 37.33425628663968], [-122.03231450430721, 37.334255553815595], [-122.03241591330777, 37.33425486884725], [-122.03245611111409, 37.33425458743166], [-122.03256803309685, 37.33425380532458], [-122.0375714589328, 37.33421872549146], [-122.04136242611722, 37.33419201455124], [-122.04144207433157, 37.33419145243357], [-122.041443592484, 37.334191432434324]]]}}, {"type": "Feature", "properties": {"TRUSTEE_AREA": 5}, "geometry": {"type": "Polygon", "coordinates": [[[-122.17172847973906, 37.44687650966337], [-122.17188354601602, 37.446750705335305], [-122.17191272688808, 37.44672606321825], [-122.17208617003323, 37.44628715942619], [-122.17279807494158, 37.44598226998708], [-122.17300471441506, 37.44562964766496], [-122.17330959631127, 37.445426445336444], [-122.17381252348825, 37.44497441237749], [-122.17446875531903, 37.44463589262101], [-122.17489088624414, 37.44410011355691], [-122.17489589714728, 37.44320259188817], [-122.17522754435039, 37.442937370881985], [-122.17544107388107, 37.442760467914816], [-122.1756164025766, 37.44243966758918], [-122.17561218143547, 37.44206892097635], [-122.17574186943756, 37.44170766001927], [-122.1764687186743, 37.441779251233804], [-122.17681826661119, 37.44144536304354], [-122.1775641134569, 37.44116049528126], [-122.17785761549858, 37.44094030131429], [-122.17813639683371, 37.44086723152474], [-122.17847201275339, 37.44095465825838], [-122.17853559549819, 37.4409671628643], [-122.17890288241858, 37.441039440188895], [-122.17960575383181, 37.44107262389481], [-122.17980693691119, 37.440966506057244], [-122.17976066113478, 37.440698820675635], [-122.17959176173937, 37.44050082875648], [-122.17927938434373, 37.44032851332454], [-122.179311001467, 37.44012227238887], [-122.1794453723744, 37.43986413234433], [-122.17963481987861, 37.439633451816164], [-122.18009984443303, 37.439284691853686], [-122.18035476831216, 37.43922976651984], [-122.18077155779454, 37.43923531286661], [-122.1810918385751, 37.4393341679309], [-122.18143624718356, 37.43959785826779], [-122.18159815680337, 37.43966652282812], [-122.18186682939411, 37.439628084002806], [-122.18207619612888, 37.4394828397575], [-122.18213207762376, 37.43944406273804], [-122.1823421603233, 37.439232653229176], [-122.18252473931965, 37.43891679853054], [-122.18260745262211, 37.43858994534091], [-122.18262127595153, 37.438092878587675], [-122.18277628027872, 37.43766445210392], [-122.18294039169788, 37.43747574404875], [-122.18334463536388, 37.43701082468677], [-122.18344798385192, 37.43678833099336], [-122.18336191724632, 37.43616212830947], [-122.18338949017347, 37.435788657912944], [-122.18351006655676, 37.435500243461], [-122.18384361911302, 37.43499835997173], [-122.18466077699631, 37.43394839601651], [-122.18488706799123, 37.43377950869701], [-122.1851527357252, 37.43367506536964], [-122.18536706024196, 37.4337021121027], [-122.18574558329767, 37.43368980746882], [-122.18607530089481, 37.433646773261714], [-122.18632356377022, 37.433564965374465], [-122.18655323062633, 37.433459228503494], [-122.18750186041235, 37.433410726638144], [-122.1877234523143, 37.433299633248396], [-122.18787615422775, 37.433154460174926], [-122.18790886013514, 37.4327158127404], [-122.1879773836402, 37.43248884870716], [-122.18821995032265, 37.432198582588946], [-122.1886784818432, 37.431954880862214], [-122.18914981793426, 37.43183178923526], [-122.18984902693117, 37.431735972403445], [-122.19023176758647, 37.431635416753174], [-122.19053377038867, 37.43137935820735], [-122.19051173746615, 37.430907300356274], [-122.19038348596247, 37.43044608806722], [-122.19038214118501, 37.43044120878937], [-122.19044363804635, 37.430417638454585], [-122.1901585371945, 37.42933374149034], [-122.19001368392315, 37.428919940072696], [-122.1899944402223, 37.4288649664511], [-122.18973715107575, 37.42895178226082], [-122.18289057422649, 37.43399492017693], [-122.18973715107575, 37.42895178226076], [-122.18985068288414, 37.4285527674738], [-122.18984638536587, 37.42836299563471], [-122.18926582863558, 37.427508529844594], [-122.18981472891502, 37.42680522390003], [-122.1898685649498, 37.426736302866395], [-122.1905825755381, 37.426172218380174], [-122.19114546525098, 37.4257224732431], [-122.19133173452549, 37.42541041741757], [-122.1911924669862, 37.42492141583155], [-122.19087706229813, 37.42448716675966], [-122.19078192624552, 37.424368769843475], [-122.19069769215362, 37.42418010601078], [-122.19058872745137, 37.423938895752045], [-122.19012346761279, 37.42362833060639], [-122.18917082424998, 37.42282949298847], [-122.18866066031183, 37.42269905591224], [-122.18829562460704, 37.42229007621416], [-122.18808342193145, 37.422077589465175], [-122.18801772280027, 37.42167267935609], [-122.18790796848732, 37.42135795195327], [-122.1879491724643, 37.4208448090627], [-122.18787867182186, 37.42058791239113], [-122.1877892850111, 37.42024979523836], [-122.18782331770683, 37.420016002135206], [-122.18815841266077, 37.41959678769057], [-122.1883894782137, 37.419311286664346], [-122.18840166565698, 37.41929684998812], [-122.18859005313529, 37.419191541722434], [-122.18869543449169, 37.41913552218019], [-122.18884838523199, 37.419049608914115], [-122.18895356446825, 37.41898718173688], [-122.18917048512164, 37.41896077824795], [-122.18930689877185, 37.41893301704035], [-122.18987160662293, 37.41894086222457], [-122.19009604708423, 37.41881307961619], [-122.19021175188425, 37.4187047869902], [-122.19026931053514, 37.418650919579974], [-122.19024692812147, 37.418592778514586], [-122.19016709936903, 37.418385575867156], [-122.19005988997878, 37.41810734751422], [-122.19001275719339, 37.4179840504357], [-122.18996251534023, 37.417852738805976], [-122.18989578581527, 37.41768151493857], [-122.18983670723088, 37.4175946482243], [-122.18974267520976, 37.41745593296084], [-122.18974006201158, 37.41745205668678], [-122.18965057456649, 37.41731755705209], [-122.1896068427948, 37.41726079908214], [-122.18940584928794, 37.417117008269116], [-122.18935862755926, 37.41708353502188], [-122.18932188377609, 37.41707172634363], [-122.18911274613475, 37.41700936099415], [-122.18884372231307, 37.416958776458266], [-122.18874217497404, 37.41694064424186], [-122.1886074645325, 37.41694082046017], [-122.18846265253724, 37.41694100452598], [-122.18823630766236, 37.4169413084496], [-122.18807496487169, 37.41694152533396], [-122.18794174743003, 37.41694170155233], [-122.18774174744354, 37.416941946259215], [-122.18734805545789, 37.416778400130184], [-122.18730028755445, 37.416737219772145], [-122.18724956239788, 37.41669345018826], [-122.1871697435112, 37.41662459689278], [-122.18700981378602, 37.416486690338594], [-122.18699492066568, 37.41607283148308], [-122.18703114254691, 37.41591424932942], [-122.18720837028741, 37.41553139189804], [-122.18725784053929, 37.41520489679459], [-122.18729441816431, 37.41494911452303], [-122.1873195611096, 37.41492510693157], [-122.18760151800416, 37.414714163300125], [-122.18789457446871, 37.41460959348738], [-122.18818706229901, 37.414510365477184], [-122.18834226151237, 37.41451026060435], [-122.18867263397632, 37.414511410784435], [-122.18867645091736, 37.41451142434103], [-122.1888052711063, 37.41451238685714], [-122.1892016886119, 37.414392270372126], [-122.18920308639036, 37.414391884370026], [-122.18950166569454, 37.414303231546796], [-122.18978747365188, 37.41421837942856], [-122.18989098201843, 37.41418765615111], [-122.19006414394204, 37.41418245974604], [-122.19033263327304, 37.41417438009519], [-122.1905883566557, 37.41409295762526], [-122.19084709747901, 37.4140105304574], [-122.19093001107179, 37.41398413162601], [-122.19118305926091, 37.41400133844429], [-122.19138236035674, 37.41401490069071], [-122.19160020356881, 37.41408812373182], [-122.19181003560665, 37.41415866893589], [-122.19188957602779, 37.414117669089244], [-122.19210749022761, 37.41400535909032], [-122.19234954755196, 37.413832726556286], [-122.19259496277384, 37.41370312578745], [-122.19272831675661, 37.413725672525516], [-122.19306013550198, 37.41378184241425], [-122.19325173622519, 37.41392912651423], [-122.19383899277075, 37.413173146656014], [-122.19384111099828, 37.41317039179708], [-122.19384089540273, 37.41316844962496], [-122.19381701102692, 37.41292660883346], [-122.19381395586046, 37.41289568095405], [-122.19393853516011, 37.412393739379596], [-122.19403715131648, 37.41223622185865], [-122.1940596379454, 37.412200256255865], [-122.19419193019407, 37.41156291671785], [-122.1942032615475, 37.41150836346477], [-122.19440847366945, 37.41051971729337], [-122.19423455924974, 37.40792360545749], [-122.19423090670152, 37.407914387698796], [-122.19415813153275, 37.40759061730397], [-122.19412123864844, 37.40740641950437], [-122.19408949311027, 37.40722146201855], [-122.19408343397902, 37.40718206317921], [-122.1940795317003, 37.40716186068752], [-122.19407745389849, 37.40715124638502], [-122.19407566535416, 37.407142001415814], [-122.19407174331235, 37.407122142852266], [-122.19406785720314, 37.40710262750967], [-122.19406224183749, 37.40708279391031], [-122.19405663455653, 37.40706330281851], [-122.19404930520535, 37.40704383669632], [-122.19404369792431, 37.40702434559396], [-122.19403636947169, 37.40700487946177], [-122.19402907695131, 37.40698575655073], [-122.19402172783735, 37.40696663434809], [-122.19401268539912, 37.40694753640188], [-122.19400365014752, 37.40692878239103], [-122.19399460770917, 37.40690966160075], [-122.19398558144063, 37.406891272927695], [-122.19397654708739, 37.40687251890272], [-122.19396579964713, 37.40685413236114], [-122.19395503154543, 37.40683608975564], [-122.19394432003759, 37.406818045718516], [-122.19393185951013, 37.406800027365804], [-122.19392112734103, 37.406782327974234], [-122.19391558294086, 37.406774441596674], [-122.19390867400021, 37.40676465284001], [-122.19389622874404, 37.406747320928936], [-122.1938820623161, 37.406730013988856], [-122.1938696251447, 37.406713025297215], [-122.19385546590323, 37.40669606157664], [-122.19384131564495, 37.40667944107992], [-122.19383760829959, 37.406667820573745], [-122.19383396293772, 37.406658945174556], [-122.19383204773071, 37.406650389454356], [-122.1938284104535, 37.40664185728093], [-122.19382477317664, 37.406633325820124], [-122.193819415626, 37.40662481933323], [-122.19381577745064, 37.4066162643227], [-122.19381214107169, 37.4066077564069], [-122.19380676285991, 37.406599593144946], [-122.19380315343072, 37.406591060965845], [-122.1937978030665, 37.40658289770227], [-122.19379245270244, 37.40657473301072], [-122.19378711042313, 37.40656691297354], [-122.19378176005898, 37.40655874970718], [-122.1937764177797, 37.40655092966843], [-122.19377107460211, 37.40654310891525], [-122.1937657323228, 37.40653528887495], [-122.1937586688716, 37.406527493808426], [-122.19375333377882, 37.40652001699475], [-122.19374627751412, 37.40651256444172], [-122.19374094331963, 37.40650508762658], [-122.19373388705503, 37.406497635785676], [-122.1937268388751, 37.40649052645906], [-122.19371979069503, 37.40648341784505], [-122.19371274251536, 37.40647630923051], [-122.19370569433555, 37.4064691999018], [-122.19369693306861, 37.40646245948962], [-122.19368989207526, 37.406455694101716], [-122.19368286006495, 37.406449271228624], [-122.1936741266458, 37.40644253010088], [-122.193667064991, 37.40643608581946], [-122.19365831989384, 37.40643005398261], [-122.19364956581352, 37.406423656795766], [-122.1936408207161, 37.406417602123696], [-122.19363208190708, 37.40641189139354], [-122.19362505708334, 37.406405812459205], [-122.19361459800066, 37.40640012598934], [-122.19360586817466, 37.406394758486876], [-122.19359712936549, 37.406389047041436], [-122.19358840672584, 37.4063840227673], [-122.19357967689993, 37.4063786552638], [-122.19356923308855, 37.40637365525022], [-122.19356051044899, 37.40636863097484], [-122.1935500747225, 37.406363974189794], [-122.19353963899586, 37.40635931811823], [-122.19353092354292, 37.40635463635749], [-122.1935204959011, 37.40635032351444], [-122.19351006736103, 37.40634601067084], [-122.19349437469464, 37.40633730934479], [-122.1934839156119, 37.406331623583554], [-122.19347345652932, 37.406325937108264], [-122.19346471861849, 37.406320226371164], [-122.19345425055283, 37.40631417311785], [-122.19344550545547, 37.406308142698414], [-122.19343503020326, 37.406301769762315], [-122.19342627522458, 37.40629537185087], [-122.19341752204244, 37.406288974652526], [-122.19340876077553, 37.406282234224136], [-122.19339997076263, 37.40627549379503], [-122.19339123734338, 37.406268752652025], [-122.19338246799163, 37.40626166827829], [-122.19337369864002, 37.40625458461804], [-122.1933649301867, 37.406247500243005], [-122.19335787392205, 37.40624004837665], [-122.1933490964856, 37.406232620770716], [-122.1933420330344, 37.40622482567281], [-122.19333325649619, 37.406217398065465], [-122.19332619214676, 37.40620960296599], [-122.1933191215092, 37.40620146392218], [-122.19331208680408, 37.40619366810766], [-122.19330498562381, 37.40618552977576], [-122.19329788624005, 37.406177392156835], [-122.19329256462207, 37.40616922813429], [-122.19328548500133, 37.40616074585617], [-122.19328012655244, 37.406152239315624], [-122.19327304782992, 37.40614375774919], [-122.19326771902547, 37.40613524977949], [-122.19326232374566, 37.40612640000573], [-122.19325695811017, 37.40611755023118], [-122.19325159157661, 37.40610869974176], [-122.19324622594118, 37.40609984996518], [-122.1932408603057, 37.40609100018701], [-122.1932372077574, 37.406081782202754], [-122.19323184212203, 37.40607293170918], [-122.19322818957363, 37.4060637137225], [-122.19322453702534, 37.406054495734914], [-122.19322087639212, 37.40604493451524], [-122.19321824792277, 37.40603830181563], [-122.19321722384373, 37.40603571652521], [-122.19321463759523, 37.40602920727344], [-122.19321357129544, 37.40602649853396], [-122.19320991156059, 37.40601693659746], [-122.19320800174367, 37.40600735039804], [-122.19320431146605, 37.40599778917251], [-122.19320238008962, 37.40598854620165], [-122.19319872035467, 37.40597898497365], [-122.19319677370677, 37.40596905553855], [-122.19319483424565, 37.40595946933313], [-122.1931928669365, 37.40594988383986], [-122.19319594815923, 37.40593267090909], [-122.1931973890583, 37.405920289612894], [-122.19319710159883, 37.40590761146611], [-122.19319854159933, 37.40589520733141], [-122.19319825324165, 37.40588250705926], [-122.1931979729688, 37.40587015001641], [-122.1931994066811, 37.405857424764974], [-122.19319740523633, 37.40584509269319], [-122.19319711687862, 37.405832392412776], [-122.19319683660567, 37.40582003536152], [-122.19319483516091, 37.40580770328354], [-122.19319282563121, 37.40579502725834], [-122.19319254535844, 37.405782647366685], [-122.1931905439137, 37.405770338117144], [-122.19318682129703, 37.40575803100592], [-122.19318481266582, 37.405745355686015], [-122.19318109004915, 37.40573304857071], [-122.19317909579088, 37.40572105899703], [-122.19317537407264, 37.40570875187794], [-122.193171651456, 37.40569644475684], [-122.19316793602596, 37.405684479438825], [-122.19316421340929, 37.40567217231371], [-122.19315877770568, 37.40566023339416], [-122.19315506317395, 37.40564826878393], [-122.19314963465683, 37.40563667309328], [-122.1931441989531, 37.40562473345443], [-122.19313867791004, 37.40560901896881], [-122.19313497864951, 37.40559774081567], [-122.19312956630195, 37.40558683158241], [-122.19312588231276, 37.40557624060506], [-122.1931204699652, 37.40556533136857], [-122.19311506480412, 37.405554764650034], [-122.1931096524565, 37.40554385541041], [-122.19310424819358, 37.40553331223677], [-122.19309884303267, 37.405522722678995], [-122.19309344595646, 37.40551249990059], [-122.1930863277084, 37.405502301382796], [-122.19308092344568, 37.40549173536873], [-122.19307381328233, 37.40548188079468], [-122.19306669503422, 37.40547168227271], [-122.19305958487095, 37.405461827696115], [-122.19305250255523, 37.405451972404755], [-122.19304536454425, 37.40544211782569], [-122.19303654039571, 37.405432630740066], [-122.19302943831718, 37.40542311939188], [-122.19302061416853, 37.40541363230427], [-122.19301351209005, 37.40540412095344], [-122.19300469602618, 37.4053949770967], [-122.1929958799624, 37.40538583395289], [-122.19298707198308, 37.405377033327525], [-122.19297654283223, 37.40536825767676], [-122.19296773485326, 37.40535945776285], [-122.19295893495908, 37.40535100036837], [-122.19294841389286, 37.40534256794818], [-122.19293961310046, 37.40533411126539], [-122.19292910011909, 37.40532602207722], [-122.19290652725716, 37.40531639011856], [-122.1928943110702, 37.40531038602124], [-122.19288382144502, 37.405303327246045], [-122.19287160974967, 37.40529629273197], [-122.19286110395485, 37.405288546773804], [-122.19285059007518, 37.405280457580695], [-122.19284178119788, 37.40527165765666], [-122.19283297321883, 37.4052628570183], [-122.1928241499685, 37.405253370623605], [-122.19281532581991, 37.405243883514395], [-122.19280820847005, 37.405233684246575], [-122.19280281139363, 37.40522346142876], [-122.19279568506082, 37.405212920350785], [-122.19279200196999, 37.40520232932055], [-122.1927865896224, 37.405191419316104], [-122.19278289036193, 37.40518014181372], [-122.19277919110137, 37.4051688643096], [-122.19277893418446, 37.405157536853295], [-122.19277870870839, 37.40514758304723], [-122.19277676206072, 37.40513765350188], [-122.1927782568582, 37.4051276740047], [-122.19277803138225, 37.405117720194745], [-122.19277952707809, 37.405107740694774], [-122.19278102187556, 37.405097761906745], [-122.1927825256563, 37.40508812563913], [-122.19278402045384, 37.405078146848574], [-122.19278721666005, 37.405068486316715], [-122.1927904694603, 37.40505882506964], [-122.19279369351459, 37.40504916453513], [-122.19279864682541, 37.405039822259], [-122.19280187896439, 37.40503050495741], [-122.19280683227501, 37.4050211626788], [-122.19281517313252, 37.405009367801036], [-122.19282014979943, 37.40500105522619], [-122.19282512646632, 37.4049927426505], [-122.19282834513044, 37.40498411252735], [-122.1928316212867, 37.404975480976], [-122.19283486151053, 37.40496650690173], [-122.19283638774888, 37.40495790032385], [-122.1928378996143, 37.40494860798736], [-122.19283941866614, 37.404939658885255], [-122.19283921654642, 37.404930734044065], [-122.19283900634169, 37.40492146667979], [-122.1928388033235, 37.40491254183614], [-122.19283688003175, 37.40490364196711], [-122.19283495584166, 37.404894742810654], [-122.1928330316516, 37.40488584293956], [-122.1928293880864, 37.40487699016399], [-122.19282572206322, 37.404868437094706], [-122.19282211353216, 37.4048599047182], [-122.19281982552391, 37.40485638958152], [-122.19281676316808, 37.40485174126611], [-122.1928114208887, 37.40484392104918], [-122.19280607860945, 37.404836100831254], [-122.19279902324311, 37.404828648824456], [-122.19279196787679, 37.404821196103235], [-122.1927849268834, 37.404814430567164], [-122.1927778867883, 37.40480766503046], [-122.19276914169106, 37.40480161094137], [-122.19276039569539, 37.40479555613823], [-122.19275165778465, 37.404789844570736], [-122.19274293604343, 37.4047848201892], [-122.19273249223203, 37.40477982006934], [-122.19272206459026, 37.40477550713583], [-122.19271164413503, 37.4047715367245], [-122.1927012398493, 37.40476825349965], [-122.19269083556365, 37.404764993109396], [-122.19268041780298, 37.40476237352208], [-122.19266830492212, 37.40475842808576], [-122.19265613275246, 37.404753109703], [-122.19264395249802, 37.40474744808363], [-122.19263005197001, 37.40474181143908], [-122.19261785554588, 37.40473546405888], [-122.1926056528335, 37.404728772728134], [-122.19259517039477, 37.4047220564213], [-122.19258295151312, 37.404714678616095], [-122.19257245290467, 37.404707276547946], [-122.19256022683648, 37.40469955550453], [-122.19255142604396, 37.40469109874895], [-122.19254091306257, 37.40468300949143], [-122.19253038391182, 37.404674233759366], [-122.19252154089838, 37.40466511407579], [-122.19251275268238, 37.40465594658032], [-122.19250392943205, 37.4046464601091], [-122.19249510528343, 37.404636972923036], [-122.19248798793369, 37.404626774999365], [-122.19248087777034, 37.4046169195983], [-122.1924737523358, 37.40460637843496], [-122.19246835525945, 37.40459615553164], [-122.19246122174005, 37.404585270414415], [-122.19245580939248, 37.40457436103375], [-122.19245211821688, 37.40456344951086], [-122.19244670497079, 37.40455249445715], [-122.19244300660878, 37.404541216858426], [-122.19243930734828, 37.4045299392582], [-122.19243732925955, 37.40451863596712], [-122.1924353448828, 37.404507036533644], [-122.19243335870925, 37.404495390714985], [-122.1924101749959, 37.40445999297987], [-122.192395907957, 37.40443822341798], [-122.19238336927667, 37.40441674927731], [-122.19237251583546, 37.4043949540138], [-122.19236420552362, 37.40438023972746], [-122.19229346683935, 37.40402045455764], [-122.19224313428622, 37.40362287825989], [-122.19224335799964, 37.403328955756805], [-122.19217027650258, 37.40303034513259], [-122.19217113978331, 37.4030292112128], [-122.19218293106948, 37.40301771002742], [-122.19219469810102, 37.40300517910666], [-122.19220646513249, 37.402992647470356], [-122.19221822497762, 37.40297977330095], [-122.19222825646435, 37.40296658086047], [-122.19223827986632, 37.40295304517313], [-122.19224830236996, 37.402939509483396], [-122.19225658932882, 37.402925312277326], [-122.19226487538923, 37.40291111435502], [-122.19227315426328, 37.40289657389864], [-122.19227971106713, 37.40288205770201], [-122.19228626068468, 37.40286719897098], [-122.19229108194385, 37.40285202125439], [-122.19229590230454, 37.40283684353463], [-122.19230543522895, 37.40280166052804], [-122.19231326225263, 37.40276721180774], [-122.19232108208989, 37.40273246406947], [-122.19232718075521, 37.40269767421213], [-122.19233324887807, 37.402662906460655], [-122.19233764793137, 37.402627820422644], [-122.19234201734018, 37.402592734368426], [-122.19234638674898, 37.40255764829772], [-122.19234903498595, 37.402522585759634], [-122.19234996294942, 37.40248754960892], [-122.19235088192978, 37.40245216948082], [-122.19235180989335, 37.402417133296844], [-122.19235100860021, 37.40238177882542], [-122.19235021449352, 37.40234676687127], [-122.19234769113018, 37.402311414507395], [-122.19234517675001, 37.40227645033263], [-122.19234265428507, 37.40224112005744], [-122.19233841873304, 37.402206157990435], [-122.19233246200922, 37.402171220883154], [-122.19232650528541, 37.40213628375987], [-122.19232052700188, 37.40210169058244], [-122.19231287785242, 37.40206677697589], [-122.19232289316955, 37.40205289787702], [-122.19232786983646, 37.40204458568773], [-122.19233112443315, 37.40203629776052], [-122.19233610109978, 37.40202798556952], [-122.19233762733845, 37.40201937936751], [-122.19234087564688, 37.40201074818825], [-122.19234239380053, 37.40200179873543], [-122.1923439119542, 37.40199282715927], [-122.19234543100606, 37.40198390054002], [-122.19234522888623, 37.40197497534665], [-122.19234502676629, 37.40196605086588], [-122.19234310347457, 37.401957151360705], [-122.19234290854112, 37.40194857012709], [-122.19234098524925, 37.401939670619804], [-122.1923373488706, 37.40193113862327], [-122.1923337124918, 37.40192260733972], [-122.19233010396084, 37.40191407534172], [-122.19232644692072, 37.40190588730555], [-122.19232109655658, 37.40189772353155], [-122.19231572553124, 37.401889903719855], [-122.19231042008286, 37.401882426443656], [-122.19230336471652, 37.40187497414274], [-122.19229632462144, 37.40186818621861], [-122.19228928542468, 37.40186144325171], [-122.19228053224253, 37.40185504496115], [-122.19221417102929, 37.401661659489], [-122.19216778205156, 37.40151399447047], [-122.1921230926862, 37.40136527656878], [-122.19208355964984, 37.40121614018931], [-122.19204573880226, 37.401066635282874], [-122.19204031926823, 37.40105538285004], [-122.19203669007597, 37.40104719400649], [-122.19203305369719, 37.401038662622476], [-122.19203113849025, 37.40103010626044], [-122.19203094355677, 37.40102152492069], [-122.19203074952168, 37.4010129435801], [-122.19203227576013, 37.4010043372618], [-122.19203380199849, 37.40099573165587], [-122.19203705749351, 37.40098744361258], [-122.19204203416045, 37.40097913130515], [-122.19204702609846, 37.40097150550459], [-122.19205198929039, 37.40096387970304], [-122.19205874641791, 37.40095691471823], [-122.19206551163006, 37.400950293700284], [-122.19207395489481, 37.40094433421292], [-122.19208244397355, 37.400939061233224], [-122.19209094023883, 37.40093413222052], [-122.1920994517753, 37.40092988900221], [-122.19210969975498, 37.40092630731461], [-122.19211996390419, 37.40092341213512], [-122.19213197168295, 37.40092152245457], [-122.19214226727308, 37.40092000029141], [-122.19215258532088, 37.40091950789006], [-122.19216291953836, 37.400919701997125], [-122.1921749901989, 37.40092055834917], [-122.19218535585719, 37.40092212547225], [-122.19219747322997, 37.400925041348565], [-122.19221128033365, 37.40092655851814], [-122.19222335099413, 37.40092741487002], [-122.19223540548516, 37.4009275840002], [-122.19224915869016, 37.40092669910539], [-122.19226116646902, 37.4009248087111], [-122.19244925210616, 37.400884416061544], [-122.19243351007852, 37.40046592304071], [-122.19205370967983, 37.39993332815965], [-122.19200703323195, 37.399867869213985], [-122.19187427035864, 37.39968164424566], [-122.19166537354528, 37.39891240947078], [-122.19152093261383, 37.3983804251553], [-122.19166127639129, 37.39836439158655], [-122.1917716362272, 37.39815849750124], [-122.1918132507399, 37.3975930180443], [-122.19192413247696, 37.39756335486809], [-122.19193876603124, 37.397559571768376], [-122.19193121394086, 37.39715794613352], [-122.1918495104292, 37.39673177323707], [-122.19174031575821, 37.396491482993255], [-122.191599637821, 37.396387435098056], [-122.19154230381376, 37.39586151979222], [-122.19139431718763, 37.395729947423646], [-122.19111612159013, 37.39548268632061], [-122.19098014274127, 37.39536181347565], [-122.1904497514546, 37.39510797599484], [-122.19011409333292, 37.394851857449076], [-122.18991068338772, 37.39444529284668], [-122.1901122635862, 37.393771019925644], [-122.19007779075746, 37.393635979618466], [-122.18998307691898, 37.39346460904467], [-122.19006766410726, 37.393132914819056], [-122.19004314641502, 37.392926814366646], [-122.18972354027686, 37.39275831909492], [-122.18969290865009, 37.39256730035136], [-122.18998100105247, 37.39221694653763], [-122.19002646847792, 37.39130413383771], [-122.1904246305624, 37.39072925863183], [-122.1905185665523, 37.39007835189087], [-122.19030265563464, 37.38984017079798], [-122.1900984802967, 37.389685737700624], [-122.19027889254002, 37.389517911085846], [-122.19005264201746, 37.38925888709543], [-122.19007266458182, 37.389096577426486], [-122.19024401192314, 37.388965597743585], [-122.19085666556187, 37.3888570992739], [-122.19111781755655, 37.38794135856092], [-122.1909890638615, 37.38777535593602], [-122.19041155234899, 37.38754763041019], [-122.19005604865417, 37.387245901296346], [-122.19012996116763, 37.38687764292068], [-122.19031953353883, 37.386637050593265], [-122.19068895218032, 37.38653732302367], [-122.1910522506147, 37.38631176008169], [-122.19113831013416, 37.38604562447723], [-122.19057786576029, 37.385380185988495], [-122.19072002956781, 37.38497683485955], [-122.19146785634372, 37.38430248823231], [-122.19249175873827, 37.38347414793604], [-122.19252931280565, 37.383452775574554], [-122.192573777613, 37.383416125192696], [-122.19261343373965, 37.38337611211403], [-122.1926478877237, 37.38333315247455], [-122.19267674610305, 37.383287640283676], [-122.1926998220278, 37.38324006020286], [-122.19271680917286, 37.383190896894334], [-122.19272754404436, 37.383140610753564], [-122.19273157029963, 37.38308150420481], [-122.19282756301689, 37.38303845834981], [-122.19292067373344, 37.38299155447689], [-122.19298602105157, 37.382955330332074], [-122.19304964754272, 37.38291720539282], [-122.19305887683917, 37.38285742841198], [-122.19306557827379, 37.382824429528334], [-122.19307799838607, 37.38276327626958], [-122.19309346827802, 37.382702860316144], [-122.19310351144473, 37.382673082028695], [-122.19311507096727, 37.38264365563298], [-122.19312812798125, 37.38261463109525], [-122.19329644891526, 37.382335906596204], [-122.1933224380757, 37.38229288568677], [-122.19358359269555, 37.381998101504664], [-122.19362404203488, 37.38195575780516], [-122.19364566627945, 37.38193548070298], [-122.19366818794072, 37.3819158353147], [-122.19369157737422, 37.38189684662386], [-122.19371580493593, 37.38187853890035], [-122.19374084008277, 37.3818609364138], [-122.1937666477805, 37.38184406057974], [-122.19379319838502, 37.38182793352587], [-122.19382045596335, 37.38181257666726], [-122.19384838548125, 37.38179800999109], [-122.19407406651543, 37.38167072722833], [-122.19431198350965, 37.381460744272054], [-122.19433828168917, 37.381427866836674], [-122.19435032450404, 37.38141089382565], [-122.19436161003924, 37.381393591743254], [-122.19437212392162, 37.38137598343164], [-122.1943818517784, 37.381358089590904], [-122.19439078372802, 37.381339933776694], [-122.19439890809232, 37.38132153668943], [-122.19440621229477, 37.38130292402614], [-122.19441269004751, 37.3812841164873], [-122.19441833326539, 37.38126513834244], [-122.19442313386355, 37.381246013146914], [-122.19442708555412, 37.3812267644569], [-122.19443018384527, 37.38120741725567], [-122.19443242694035, 37.38118799438513], [-122.19443380765296, 37.38116852082866], [-122.19443432867779, 37.381149020142054], [-122.19443398642201, 37.381129515881234], [-122.19443278178362, 37.38111003445729], [-122.19443071835582, 37.38109060014029], [-122.19442779524059, 37.38107123434424], [-122.194424019624, 37.38105196348035], [-122.19441716997825, 37.380988119117454], [-122.1944158629333, 37.38095609305562], [-122.19441596893816, 37.38092404913466], [-122.19441748889093, 37.38089202804248], [-122.19442042189343, 37.38086006975231], [-122.1944242594988, 37.38083190110429], [-122.19442476165757, 37.38082821423857], [-122.19443050548811, 37.38079649933322], [-122.1944376444021, 37.38076496572448], [-122.19425376828467, 37.38067255694099], [-122.1944376444021, 37.380764965724445], [-122.19445690159124, 37.38070018601689], [-122.19446874318507, 37.38066826048146], [-122.1944820418461, 37.38063670326304], [-122.19449677781134, 37.380605554336334], [-122.19451293221599, 37.38057485653065], [-122.19453048260254, 37.38054465124802], [-122.19454940651273, 37.38051497846344], [-122.19456967699728, 37.38048587815127], [-122.19459126980186, 37.38045738814448], [-122.19461415258681, 37.38042954770431], [-122.1946382975043, 37.380402395377494], [-122.19466367041859, 37.380375965428314], [-122.19469023809212, 37.38035029283465], [-122.19471796459196, 37.38032541471635], [-122.19502089266346, 37.380026406239686], [-122.19507331474857, 37.37997027175018], [-122.19509740756415, 37.37994101204376], [-122.19512003971924, 37.379911018512736], [-122.19514117438331, 37.379880337554894], [-122.19516077921664, 37.37984901628203], [-122.19498713131702, 37.379742107820555], [-122.19516077921664, 37.37984901628207], [-122.1951934105212, 37.379788518746864], [-122.19520760031085, 37.379757588612776], [-122.19522034381303, 37.37972626014981], [-122.19523162485821, 37.37969457690134], [-122.19524347094351, 37.379663312656504], [-122.19525042300624, 37.3796479503567], [-122.19525805329683, 37.37963279292215], [-122.19526634834057, 37.3796178617685], [-122.19527529825606, 37.37960317259992], [-122.19528489406004, 37.379588744690054], [-122.19529512227793, 37.37957459659854], [-122.19530597033328, 37.379560745456985], [-122.19531742475108, 37.379547208398044], [-122.19532947115879, 37.379534003981455], [-122.19534209338644, 37.379521145769665], [-122.19535527885763, 37.37950865232303], [-122.19536900691104, 37.37949653791774], [-122.19538326407196, 37.37948481825864], [-122.19539803057783, 37.379473507622386], [-122.19541328936016, 37.37946262028602], [-122.19542901975785, 37.37945216981194], [-122.19544520290637, 37.379442169049746], [-122.19546181724623, 37.379432630848434], [-122.19547884570915, 37.37942356734326], [-122.19566979607949, 37.37932862425963], [-122.19570702136323, 37.379308558456145], [-122.19572491400554, 37.37929771963643], [-122.19574229550659, 37.379286362572984], [-122.19575914071362, 37.37927450297024], [-122.19577542896528, 37.379262156532164], [-122.19579113690543, 37.37924934039013], [-122.19580624297438, 37.37923607167627], [-122.19583317177066, 37.379209719837895], [-122.19584575537066, 37.37919599711898], [-122.19585773170988, 37.3791819324718], [-122.19586908551668, 37.37916754231407], [-122.19587980241802, 37.379152845205326], [-122.19588987073594, 37.379137859704855], [-122.19589927699548, 37.37912260080317], [-122.19590800951885, 37.37910709062895], [-122.19591606022105, 37.379091346314226], [-122.1954235616464, 37.3789923917239], [-122.19591606022105, 37.379091346314205], [-122.19593328272356, 37.37905068990303], [-122.1959401952609, 37.379029947308304], [-122.19608119576172, 37.37852419184612], [-122.1961220107181, 37.37845707237938], [-122.19614013961997, 37.37842268314112], [-122.19615671982655, 37.37838780062306], [-122.19617172888002, 37.37835246694152], [-122.196185148814, 37.3783167284953], [-122.1961969598657, 37.37828063096941], [-122.19620715035683, 37.37824421933591], [-122.19621570501616, 37.37820754142125], [-122.19622997296614, 37.378113872423185], [-122.19639966741013, 37.377958659951794], [-122.19648176085933, 37.377771703842235], [-122.196580067084, 37.3777297075452], [-122.19666229795924, 37.377686838188474], [-122.19667539000494, 37.3776800138106], [-122.19669710318169, 37.37766869505047], [-122.19669903007248, 37.37762643456519], [-122.19672389639517, 37.3770809572907], [-122.19670398347203, 37.376824408831716], [-122.1967262967319, 37.37673518400317], [-122.19674053143878, 37.37669112478797], [-122.19675679184621, 37.376647514563345], [-122.19677505819125, 37.37660441329367], [-122.19679530262623, 37.3765618780888], [-122.19681750089651, 37.37651996819948], [-122.19684161886623, 37.376478740022144], [-122.19686762778935, 37.37643825066617], [-122.19686066046509, 37.376365591205996], [-122.19686762778935, 37.37643825066612], [-122.19693238733824, 37.37635072008443], [-122.19696810435323, 37.37630862804387], [-122.19700596654476, 37.376267748115254], [-122.1972811186966, 37.376104420929295], [-122.19761295455268, 37.37577744994658], [-122.19768212303424, 37.37567201982655], [-122.19769254709998, 37.37552360402241], [-122.19777589368394, 37.375469015258844], [-122.19824163326561, 37.37539872493824], [-122.19830339511597, 37.37549738370061], [-122.19879778557132, 37.37533614292122], [-122.19890554387503, 37.37523253326715], [-122.1992052937191, 37.37482952019749], [-122.19925003431185, 37.37476880587987], [-122.19930779239915, 37.37462217583816], [-122.19931805925853, 37.37448344527636], [-122.19926453049125, 37.374162991355654], [-122.19936420308453, 37.3738428130635], [-122.19943949807143, 37.37377359772861], [-122.19932748718169, 37.37354020000438], [-122.1992684625133, 37.3733008598607], [-122.19926512527569, 37.37327268337586], [-122.19924163076357, 37.37307336954787], [-122.19928522691667, 37.372888774237765], [-122.19929814020308, 37.372834095028864], [-122.19934488044635, 37.37276545415968], [-122.19942069466427, 37.37265234900476], [-122.19950581362431, 37.37259388812385], [-122.20013604638125, 37.372584911645276], [-122.20038064323536, 37.37247764519136], [-122.20063339232333, 37.372156435984216], [-122.20079250641108, 37.372004718580655], [-122.20087980650487, 37.37172857681266], [-122.20097595142, 37.37135969038434], [-122.2010280294509, 37.371298914717975], [-122.20103577472514, 37.37128986593515], [-122.20106806556566, 37.37125213874589], [-122.20111121343507, 37.37128655911861], [-122.20114597643166, 37.37131430229598], [-122.20119456720406, 37.371245245255594], [-122.20144949650604, 37.37089676077582], [-122.20154963980323, 37.37069352411353], [-122.20158094430866, 37.37052285214909], [-122.20163581341552, 37.37036559572384], [-122.20163870959973, 37.370222072609884], [-122.20165208822225, 37.37008792012944], [-122.20163294246655, 37.36977507212506], [-122.2016141317567, 37.36969094631519], [-122.2016249322141, 37.36956198168765], [-122.20153766181703, 37.36937215392941], [-122.201523322033, 37.36918715113578], [-122.20152011775237, 37.36910190594112], [-122.20142889566763, 37.36890480991834], [-122.20139937974069, 37.36878123840607], [-122.20140665610187, 37.368705317425224], [-122.20143231288665, 37.36865316534687], [-122.20138000761268, 37.368438245473385], [-122.20130419343306, 37.368209886541806], [-122.20124996485585, 37.368090586804854], [-122.20124054605849, 37.36776015466044], [-122.20178101283875, 37.368095515873556], [-122.20189467128483, 37.36791666696066], [-122.20158663903167, 37.36781201609807], [-122.20152078539563, 37.36735872352792], [-122.20134540554376, 37.367257983608816], [-122.20126708596557, 37.367006426321026], [-122.20150463645903, 37.36669010424726], [-122.20141903873518, 37.3664061479497], [-122.2014368873853, 37.36616990575585], [-122.20140094761916, 37.365934329652], [-122.20154230021652, 37.365811757087265], [-122.20173868541848, 37.36549399419395], [-122.2017299241651, 37.365366229664524], [-122.20183839752359, 37.36529859222738], [-122.20183090110251, 37.36513070388056], [-122.20204869942346, 37.36498371730449], [-122.20215840796953, 37.36487593305483], [-122.20220549316416, 37.36482280660358], [-122.20225074220589, 37.36473946703813], [-122.20215921202514, 37.36430968993175], [-122.20219462632748, 37.36409306121464], [-122.20218075998291, 37.36366453630348], [-122.20245940299151, 37.36346323851616], [-122.20238026684915, 37.36317461054007], [-122.2025120344422, 37.362887245941415], [-122.20256983566435, 37.36259846082364], [-122.20258021032512, 37.36242960254729], [-122.20268478949694, 37.36227688872622], [-122.20259600725568, 37.36190473425618], [-122.20264603444616, 37.36172790690714], [-122.20255034953541, 37.361498280905316], [-122.20257467683497, 37.36125709092408], [-122.20267700842751, 37.36105743744661], [-122.20286406280972, 37.36091984564403], [-122.202856322039, 37.36082306054849], [-122.20266586218095, 37.36063015471306], [-122.20267167969227, 37.360429934063994], [-122.20256240775936, 37.36024960670665], [-122.2024073900143, 37.36017217408254], [-122.20239491690911, 37.36016594573897], [-122.20236733684364, 37.36011092666582], [-122.20234162796795, 37.36005995530285], [-122.20234153454737, 37.36002193543017], [-122.20252023279322, 37.35996442435123], [-122.20262607407118, 37.360049644233854], [-122.20274336887965, 37.36002463729234], [-122.2027115613602, 37.35981690499302], [-122.20254461757904, 37.359776043195374], [-122.20236661193996, 37.359783413271785], [-122.20244606704124, 37.359562756558994], [-122.20240370881406, 37.35932113907967], [-122.20224919053369, 37.359230285441], [-122.20210892043282, 37.35911406671425], [-122.20200316539362, 37.359023763341504], [-122.20180439165331, 37.358612848834284], [-122.20173527529882, 37.35849559666936], [-122.20160148026305, 37.35829470126794], [-122.2016891217085, 37.358089722500736], [-122.20156121690862, 37.35803654839054], [-122.20132735942623, 37.35801773857118], [-122.20104279745483, 37.357896700359575], [-122.2010454528841, 37.35781195073177], [-122.20104717945193, 37.357756829255955], [-122.2010508679471, 37.3576391052081], [-122.20089305734449, 37.35752437635773], [-122.20050757863756, 37.35750760426673], [-122.2004781238026, 37.35732602460644], [-122.2007182578598, 37.35692542734993], [-122.20065003622433, 37.356833389071944], [-122.2002971924251, 37.35667044081875], [-122.20063461401287, 37.356270676223886], [-122.20022420613883, 37.356463557519476], [-122.2001032022138, 37.356251053350555], [-122.19999823142764, 37.35594789591353], [-122.200213829781, 37.355745639867706], [-122.19995904515481, 37.35567384078027], [-122.19985190042671, 37.35554349677087], [-122.19952122793343, 37.35547110267414], [-122.19925551708546, 37.35553030522291], [-122.19894860144812, 37.35533747860295], [-122.19874615536703, 37.35518125214217], [-122.19884147381664, 37.35495057073121], [-122.19903261732681, 37.354836779647194], [-122.19887663119854, 37.354753977379815], [-122.19852471983985, 37.35468555129895], [-122.19837057346673, 37.35455247569095], [-122.19820428996573, 37.354345820761864], [-122.19806488134225, 37.35429072743531], [-122.19799961337431, 37.35413420603666], [-122.1980706719119, 37.35402073575317], [-122.19805070328022, 37.353880245464076], [-122.19785952297234, 37.353697139606716], [-122.1978646613548, 37.353519523141244], [-122.19777666780956, 37.353367290316875], [-122.19779934759578, 37.35315778367137], [-122.19750482063002, 37.35289875692224], [-122.19739323013196, 37.352841222512545], [-122.19723689364812, 37.35287267216139], [-122.19720123325463, 37.352666162575275], [-122.1972995152385, 37.35250271758652], [-122.19716111004522, 37.352338943744144], [-122.19721067550842, 37.352101098408106], [-122.1970387883003, 37.35204883194643], [-122.19673969876129, 37.352064584772464], [-122.19651241066191, 37.35200707542213], [-122.19633564021822, 37.351905113790714], [-122.19622728456652, 37.351728520658774], [-122.1963338157778, 37.35156841345438], [-122.19614020732674, 37.35136256437957], [-122.19616765626549, 37.35117349823606], [-122.19596965235512, 37.350996279966445], [-122.19585552231548, 37.350980786819676], [-122.19586202972076, 37.350888487037594], [-122.19594721516032, 37.35079227957605], [-122.19598997590384, 37.35039859997921], [-122.1958586045207, 37.350212176454846], [-122.19590767409946, 37.35010394751861], [-122.1960708593466, 37.34999550920012], [-122.19608500784538, 37.349680301549796], [-122.19590099699364, 37.34947005477373], [-122.19594498750338, 37.34932003107994], [-122.19579927004162, 37.34900551185038], [-122.19587577057787, 37.34884256520209], [-122.19609997568128, 37.3487066213433], [-122.19614750824749, 37.34855730310757], [-122.19616193881032, 37.34830378213468], [-122.19622794882821, 37.348088064152286], [-122.19593099818357, 37.348049577580916], [-122.19574449719947, 37.347864568625916], [-122.1957810469616, 37.34774297061079], [-122.19558603445259, 37.347458280611804], [-122.1953816363244, 37.34737530380875], [-122.19526179214859, 37.34694348194847], [-122.19507104840606, 37.34690242746487], [-122.19485461019437, 37.34651107627107], [-122.19481658993037, 37.34627465861086], [-122.19430179609103, 37.34600729469454], [-122.1942257061166, 37.34588366190763], [-122.19390700099272, 37.34567941122011], [-122.19369748876565, 37.345513457175194], [-122.19366531473302, 37.34530838350828], [-122.19336296883992, 37.34498190887928], [-122.19300912970749, 37.34481863495301], [-122.1928658313867, 37.3446972762354], [-122.19259094697341, 37.344498110734314], [-122.19243771598731, 37.34432932813391], [-122.19215301837653, 37.34415507248997], [-122.19184665521834, 37.343824187850096], [-122.19155971000237, 37.34383416691663], [-122.19127565648655, 37.34363369005004], [-122.19124341058965, 37.34342133668229], [-122.19107265257232, 37.3432924525922], [-122.19095660645812, 37.342992858702196], [-122.1910476453229, 37.34286530155307], [-122.19077675840654, 37.34271430621062], [-122.19056191377834, 37.342570468807246], [-122.19036573344319, 37.34243297592776], [-122.19014050610802, 37.34211398846569], [-122.18997738467459, 37.34192199513295], [-122.18980461535305, 37.34158473936781], [-122.1896618946475, 37.3414757295116], [-122.18930841573959, 37.34131204944205], [-122.18914952355291, 37.34130818207433], [-122.18904773013645, 37.3407457535123], [-122.18881592619117, 37.340829143274554], [-122.1885568485258, 37.34067753819804], [-122.18830304487527, 37.34046746189928], [-122.18786148166332, 37.34041082568969], [-122.18777180199801, 37.34010366116374], [-122.18748980202744, 37.339929584264624], [-122.1872608852986, 37.33973075251297], [-122.18702471106624, 37.33966882204729], [-122.18666788323641, 37.33953141526262], [-122.18638166925402, 37.339496871747464], [-122.18602402306865, 37.33927351921335], [-122.1860143796712, 37.339133268444776], [-122.18580305285235, 37.33892468125466], [-122.18564721047012, 37.338702499064844], [-122.18578120497672, 37.33850274846046], [-122.18577908316716, 37.33840489741333], [-122.18550630800405, 37.33814994655022], [-122.18544510132268, 37.337959412251735], [-122.18488624244159, 37.33758878633914], [-122.18479378790958, 37.33702441077719], [-122.18465351422309, 37.336840071755724], [-122.18445925448223, 37.33673447548874], [-122.18428490592434, 37.33638020322999], [-122.18421569436326, 37.336130655895595], [-122.18400837492891, 37.335916102853936], [-122.18376070944882, 37.335856230552835], [-122.18360801297496, 37.33555550776788], [-122.18338977452275, 37.33531805922482], [-122.18333444193269, 37.3350507084725], [-122.18321253967596, 37.33498424436132], [-122.18326840682803, 37.33467475846118], [-122.18330054945426, 37.33456815134942], [-122.1830988112454, 37.334411407403444], [-122.18307055835898, 37.33420325352635], [-122.18295813961792, 37.33411357802308], [-122.18284390719745, 37.33385549769943], [-122.18269031687882, 37.33374517166157], [-122.18259942896717, 37.333549866312524], [-122.18258951785846, 37.33352853615322], [-122.18259078988342, 37.33343223930204], [-122.18259203585684, 37.3333399472334], [-122.18279613761855, 37.332728551929144], [-122.18269661508971, 37.33263983679566], [-122.18266270908558, 37.33261389786845], [-122.18264491885375, 37.33260166089167], [-122.18262660041255, 37.33258993104862], [-122.18260777442319, 37.3325787247685], [-122.18258846693693, 37.33256805490789], [-122.18256870041141, 37.332557934324484], [-122.18254849910153, 37.33254837658948], [-122.18252788815974, 37.332539392417495], [-122.18250689453565, 37.33253099537975], [-122.18246385985164, 37.33251599627902], [-122.18229499637503, 37.33244143858609], [-122.1819804477442, 37.33233367400573], [-122.18181838720841, 37.332256956866146], [-122.18180574791498, 37.33225085191999], [-122.1817933996756, 37.33224437911924], [-122.18178135865999, 37.33223754775001], [-122.18176964013966, 37.33223036638305], [-122.18175826118255, 37.3322228443038], [-122.18174723885664, 37.332214992226845], [-122.18173658483994, 37.332206821580165], [-122.18172631620038, 37.33219834307817], [-122.18171644551444, 37.33218956743473], [-122.18170698715534, 37.33218050822112], [-122.1816979536992, 37.332171176151306], [-122.18168935682436, 37.33216158408268], [-122.18168120820872, 37.332151745585875], [-122.18167352042877, 37.33214167351848], [-122.18163068247972, 37.33209260600811], [-122.1816076245291, 37.332069031163066], [-122.1815835155497, 37.33204613773535], [-122.1815583860841, 37.33202395501006], [-122.18153226847193, 37.332002512274286], [-122.18150519774726, 37.33198183738547], [-122.18147720714774, 37.33196195820105], [-122.18144833530083, 37.331942899007494], [-122.1814186199361, 37.33192468623355], [-122.18135681495939, 37.33189089280455], [-122.181347414092, 37.331885308541004], [-122.18133827193934, 37.33187945713524], [-122.18132939928137, 37.331873347873035], [-122.1813208059993, 37.33186698789665], [-122.18131250466979, 37.33186038577816], [-122.18130450607241, 37.331853550802705], [-122.18129682008885, 37.33184648939863], [-122.18128945570203, 37.33183921228072], [-122.18128242459022, 37.331831728733945], [-122.1812757339397, 37.33182404947302], [-122.18126939363238, 37.33181618164056], [-122.18126341085433, 37.33180813737905], [-122.18125779369055, 37.3317999274029], [-122.18125254932764, 37.33179156099785], [-122.18124768585047, 37.33178304959215], [-122.18124320775041, 37.331774404614606], [-122.18123912041732, 37.33176563677914], [-122.18123543103816, 37.331756756800196], [-122.18123214320576, 37.33174777753461], [-122.18122926231003, 37.33173870898253], [-122.18122679014776, 37.33172956400092], [-122.1812247312105, 37.3317203540185], [-122.18122308819302, 37.33171109046338], [-122.1812218628923, 37.331701786193136], [-122.18122105620631, 37.33169245263592], [-122.18122022346982, 37.33167820479856], [-122.18121874304794, 37.331663990529634], [-122.18121661853421, 37.33164982768655], [-122.18121385352171, 37.33163573555494], [-122.18121044980724, 37.33162173342072], [-122.1812064136788, 37.33160783842666], [-122.18120174872969, 37.33159406985846], [-122.18119646214663, 37.331580444859135], [-122.18119056111588, 37.33156698200015], [-122.18118405282414, 37.33155369913882], [-122.18117694535611, 37.33154061341809], [-122.18116924859332, 37.331527741981], [-122.18116097241739, 37.331515101256116], [-122.1811521285061, 37.33150270838612], [-122.18114272763943, 37.33149057908607], [-122.18113399871227, 37.33148054692993], [-122.18112573870559, 37.331470264771866], [-122.18111795750092, 37.33145974618359], [-122.18111066677623, 37.33144900759344], [-122.18110387461681, 37.33143806114428], [-122.18109759180186, 37.3314269225506], [-122.18109182641652, 37.331415607526125], [-122.1810865865455, 37.33140412964215], [-122.18108187847704, 37.331392506756345], [-122.18107770849952, 37.33138075315414], [-122.18107408290088, 37.331368885264], [-122.18107100707115, 37.33135691880044], [-122.18106547524819, 37.33134178518208], [-122.18105922836627, 37.331326830132376], [-122.18105227540867, 37.33131207508047], [-122.18104462895175, 37.33129754216917], [-122.18103629797862, 37.33128324925614], [-122.18102195368517, 37.33125762843463], [-122.18100874755712, 37.3312316204601], [-122.1809966975606, 37.3312052574746], [-122.18098581806869, 37.331178570192606], [-122.18097612165812, 37.3311515957567], [-122.18096762180322, 37.33112436416701], [-122.1809530385588, 37.33109075681089], [-122.18094816520045, 37.33107952673638], [-122.1809376270678, 37.33105734158418], [-122.18091214456751, 37.33100817979495], [-122.18088405695303, 37.330959931551966], [-122.18085341273375, 37.33091268614405], [-122.18077873041719, 37.33080792084763], [-122.18057708034964, 37.329697819059604], [-122.1799946828893, 37.329574318677366], [-122.17927738006551, 37.32934081202522], [-122.17866426202261, 37.32922770138026], [-122.17815167892418, 37.329072632754404], [-122.177550556101, 37.3288041446949], [-122.1772260379796, 37.328598651080206], [-122.17707108222741, 37.32843811380989], [-122.1770149483331, 37.3282359893635], [-122.17686889219631, 37.32801214619521], [-122.17644340526351, 37.32767555727822], [-122.17623425146806, 37.3274756201748], [-122.17602590346578, 37.32723481232885], [-122.17586833362103, 37.32703413758306], [-122.17576416051824, 37.32691373304922], [-122.17560830286233, 37.32671269099396], [-122.17555308254988, 37.32655106891435], [-122.17544800305153, 37.32639016081879], [-122.1751374168991, 37.326191672535046], [-122.17493089965394, 37.32603221376958], [-122.17482582195241, 37.325871304563], [-122.1747715116286, 37.32575018597108], [-122.17461929841913, 37.32571150151962], [-122.17460656037369, 37.325143072818314], [-122.17460486166539, 37.325092332738976], [-122.17482344599226, 37.325123278992315], [-122.17482435059551, 37.32512340686035], [-122.1750298177247, 37.325152514371055], [-122.17505669351692, 37.325156321841426], [-122.17525233667249, 37.32517856804037], [-122.17765716941497, 37.325452319611806], [-122.17839232802659, 37.32588537231303], [-122.17844823736137, 37.32591824337309], [-122.1784560122785, 37.32592282514749], [-122.1786700618997, 37.32604895527032], [-122.17901643872382, 37.32625298718409], [-122.1797260466288, 37.32604984612509], [-122.18007552087718, 37.32594979300319], [-122.18009530267587, 37.32594412972278], [-122.18012817023148, 37.32593473044779], [-122.18014945401131, 37.32594431474033], [-122.1801602849965, 37.32594919296402], [-122.18050901990306, 37.32610626174182], [-122.18223170260814, 37.326882200829566], [-122.18245983607794, 37.32643751886051], [-122.18248376809711, 37.32639079779175], [-122.18248657982414, 37.32638530955556], [-122.18253353566539, 37.32629378103056], [-122.18300596599322, 37.325372822751184], [-122.1835467921331, 37.32540937008658], [-122.18372749541054, 37.32542158110147], [-122.18438061094318, 37.32546571618161], [-122.18526412384522, 37.323761185317714], [-122.185570635303, 37.32339702227089], [-122.18655007010709, 37.32339233683016], [-122.18666586023443, 37.32339676660673], [-122.18668253700683, 37.323366535239764], [-122.18669425986408, 37.32333485456359], [-122.18670083811503, 37.32330223993281], [-122.18670216475708, 37.32326922189418], [-122.18669669294694, 37.32320509678235], [-122.186687495285, 37.3231412440555], [-122.18668425811275, 37.32310215876243], [-122.18668830267801, 37.32306312146728], [-122.18669953981835, 37.32302499263838], [-122.18671772183195, 37.32298861271825], [-122.18674244793843, 37.32295478359834], [-122.18677765329676, 37.32292284526029], [-122.18681691497147, 37.3228940806397], [-122.18685978697376, 37.322868816482], [-122.18690578230564, 37.32284733976956], [-122.18703549908248, 37.32280147465633], [-122.18716829338368, 37.32276162079343], [-122.18730372886581, 37.32272790913375], [-122.18744136050894, 37.32270045044774], [-122.18749975099658, 37.3226861306321], [-122.18755492439958, 37.32266520045344], [-122.18760571451031, 37.32263810231695], [-122.18765104777492, 37.3226054090005], [-122.18768996598527, 37.32256781154747], [-122.1877216465329, 37.32252610465957], [-122.18839998598038, 37.321460256563384], [-122.18855593530012, 37.32134123402062], [-122.18929406833148, 37.320895527013576], [-122.18935114727519, 37.3209037010367], [-122.1897742339455, 37.32092145144424], [-122.19012425438503, 37.320682961544804], [-122.19028177845426, 37.3205370702555], [-122.1904721089889, 37.32042609530547], [-122.19061660837988, 37.3203418320455], [-122.19055670964724, 37.32013299194372], [-122.19147626192665, 37.31957766106865], [-122.19251373514541, 37.31895109916144], [-122.1925948413554, 37.31868127904861], [-122.1937242948689, 37.317964834158644], [-122.19248229251016, 37.31723236921507], [-122.18995181956323, 37.31741526159012], [-122.18949884684238, 37.31743191398094], [-122.18940242439872, 37.317345936308406], [-122.18925838137658, 37.31720798075391], [-122.18782617523503, 37.315785893074356], [-122.18699892049911, 37.314964415161], [-122.18683380929474, 37.31479932275191], [-122.18667518841659, 37.31464111724781], [-122.18651997753962, 37.31451082704232], [-122.18643818325722, 37.31444901725802], [-122.1863537290634, 37.314389532954415], [-122.18626671736604, 37.31433244844036], [-122.18617725686147, 37.31427783373685], [-122.18608545624564, 37.31422575386488], [-122.1859914287061, 37.31417627384448], [-122.18589528922732, 37.31412945512344], [-122.18579715548887, 37.31408535343433], [-122.1857526907145, 37.31382622266171], [-122.18576482430998, 37.31335250354616], [-122.18599766050784, 37.31247469125147], [-122.18496236134924, 37.3118672357314], [-122.1843199583033, 37.31111927364102], [-122.18294423007028, 37.3102639922709], [-122.18108726990592, 37.30953818279135], [-122.17892091448584, 37.31103040186826], [-122.17892148483958, 37.311715428903014], [-122.17835828792059, 37.31201176517439], [-122.17611038894026, 37.312615073247365], [-122.1759661356926, 37.31265378871093], [-122.17572074383519, 37.31271185400795], [-122.17497794773654, 37.31238160746232], [-122.17404745229538, 37.3119199651961], [-122.17254148900741, 37.31124011917692], [-122.1716196335525, 37.310858522729745], [-122.17002153547404, 37.31013953452411], [-122.16933852583962, 37.30982904883613], [-122.16933798413712, 37.30999487164108], [-122.16933750711578, 37.31013809263576], [-122.16931672569655, 37.316375057562546], [-122.16478534558507, 37.316575666134796], [-122.15029519607283, 37.31721595736711], [-122.15025652513418, 37.31962205450231], [-122.15029519607283, 37.317215957367154], [-122.16478534558507, 37.316575666134796], [-122.164688087086, 37.3059466497695], [-122.16469095003558, 37.305775324722426], [-122.16445473448462, 37.30567907588885], [-122.16445258571486, 37.30567820058718], [-122.16409618009396, 37.3055329789528], [-122.16403735630878, 37.30551150395823], [-122.16398082213931, 37.30548640992588], [-122.16392692585019, 37.30545785144234], [-122.16378298467332, 37.30538646805677], [-122.1636436025072, 37.305309527998716], [-122.16350911522798, 37.30522721668253], [-122.16337984691275, 37.3051397324658], [-122.16325610905842, 37.305047286171366], [-122.16324405366998, 37.30503777852818], [-122.16323725612003, 37.30503237519114], [-122.16314637843381, 37.30495713861337], [-122.163059145964, 37.304879197482066], [-122.16297568474094, 37.30479866441416], [-122.16287808219464, 37.30469284844999], [-122.16278728537587, 37.30458323467964], [-122.16270352539442, 37.30447010214528], [-122.16262701544352, 37.304353738845464], [-122.16253759099857, 37.30419542533485], [-122.16245411788123, 37.30403505155694], [-122.16237667033637, 37.303872760229766], [-122.16227622525281, 37.303649521181825], [-122.16236136758297, 37.303467048169324], [-122.16299054676216, 37.3021450029047], [-122.16331179151085, 37.3015613028331], [-122.16362768497672, 37.301151922561104], [-122.16305509723362, 37.29998973244097], [-122.1638778058368, 37.29865291676485], [-122.16409280948885, 37.29859950265381], [-122.16491160765783, 37.2978772417002], [-122.16525318123301, 37.297702168756125], [-122.16528853359607, 37.2970831765866], [-122.16545405994323, 37.29615957788312], [-122.16681987545098, 37.29537543306435], [-122.1662682165521, 37.29512930696805], [-122.16449208858894, 37.29433687494478], [-122.16444741358535, 37.29428820439046], [-122.16442425951496, 37.294264358987526], [-122.16431712466488, 37.294164410026106], [-122.1642599549957, 37.294117032146225], [-122.16367418885598, 37.2939725799958], [-122.16291854325817, 37.29363477451735], [-122.1616317912702, 37.29344143303924], [-122.16140402707447, 37.29328881688926], [-122.16139306224078, 37.293281469575206], [-122.1610633877922, 37.29306060244785], [-122.16044290983078, 37.293149632958425], [-122.16011282751694, 37.29319893240064], [-122.15991138656128, 37.29314268237858], [-122.15971242164927, 37.29308106376449], [-122.15951615687032, 37.293014145959894], [-122.15932281327093, 37.29294200433459], [-122.15927448571468, 37.29292295668418], [-122.1569200278642, 37.29199001826154], [-122.1567376368562, 37.29191298932387], [-122.15655862615887, 37.29183105506471], [-122.15638320237025, 37.291744310050426], [-122.15621156794634, 37.291652854399466], [-122.15604392096753, 37.29155679366678], [-122.15588045490972, 37.291456238721906], [-122.15572135842119, 37.29135130562101], [-122.15381135910087, 37.29003855675486], [-122.15369456380557, 37.2899544962052], [-122.15358270085146, 37.2898662572641], [-122.15347600416351, 37.28977402446862], [-122.15337469685986, 37.28967799070766], [-122.1532789907852, 37.28957835681839], [-122.15318908606784, 37.28947533116615], [-122.15310517070144, 37.28936912920875], [-122.15302742015167, 37.289259973045525], [-122.15295599698979, 37.28914809095308], [-122.15289003960845, 37.28903182804227], [-122.15283091491541, 37.288913242034226], [-122.15277875060067, 37.28879258910181], [-122.15273365931662, 37.28867012988161], [-122.15269573843477, 37.288546128910944], [-122.15266506983589, 37.288420854056234], [-122.15264171973321, 37.288294575934515], [-122.15262866183348, 37.28821086198877], [-122.15247027717565, 37.28838015513085], [-122.15192478271594, 37.294410894250696], [-122.13511641253886, 37.29367006820417], [-122.13508975666521, 37.29518295002751], [-122.13505312044732, 37.29726224138562], [-122.13497595648525, 37.30164189152912], [-122.13410318817691, 37.30473402430712], [-122.13352084976214, 37.30679698272142], [-122.13316781536268, 37.308047643218416], [-122.13287451085937, 37.309086669172615], [-122.13287006779079, 37.309102343147046], [-122.13284935353346, 37.30917575292035], [-122.13284831148768, 37.30917944616386], [-122.13282689744273, 37.30925526014755], [-122.13282269691922, 37.30927026603142], [-122.13275539781688, 37.309508581385856], [-122.13274050638013, 37.310104448287774], [-122.13257418169093, 37.316758322951706], [-122.13223689069638, 37.33025062030403], [-122.13221326580087, 37.331195558240786], [-122.13248073913671, 37.33119249395831], [-122.13772184119988, 37.33113230970977], [-122.13913383181743, 37.331116059711185], [-122.14097657263406, 37.33109482256486], [-122.14207995786154, 37.33108209327413], [-122.1435606713846, 37.331064988263954], [-122.1437465013481, 37.33106284397665], [-122.14429115701013, 37.33105654397155], [-122.1444814489048, 37.331054342541265], [-122.14607470334992, 37.33103591252312], [-122.14609869105945, 37.33103564466562], [-122.14609808145968, 37.327841927870395], [-122.1501251779718, 37.32779524439012], [-122.15016773145565, 37.32514771290667], [-122.15017532316956, 37.32467534883303], [-122.15019347195647, 37.323546179425286], [-122.16010686742295, 37.323430614826144], [-122.16005988740561, 37.330873147874016], [-122.16270785816009, 37.33084209419161], [-122.16313598348258, 37.33083707345826], [-122.16713300170885, 37.33079019969207], [-122.16788398868286, 37.33078137108058], [-122.16852875887342, 37.33077379104546], [-122.16830155392798, 37.33420589952563], [-122.16803782881674, 37.33818996893919], [-122.17073757486742, 37.33812301284929], [-122.17233992385759, 37.33808392850004], [-122.17231994167419, 37.33863213118313], [-122.17230408815998, 37.33906636916505], [-122.17227662927674, 37.33981984886953], [-122.17212339420938, 37.344021738268005], [-122.17205998015196, 37.3457604515498], [-122.17204657365572, 37.34612866041221], [-122.17214871437815, 37.34975307584035], [-122.17223415458973, 37.352784718125484], [-122.16527367636044, 37.35348730451137], [-122.16531008139552, 37.35424436053942], [-122.16531666692856, 37.35438158899376], [-122.16550810415592, 37.35455186996295], [-122.1656688872802, 37.35469488394215], [-122.16579603389532, 37.35480797905068], [-122.16588305637028, 37.35488538364366], [-122.16664949967739, 37.3555671182905], [-122.16903029339073, 37.35687499281364], [-122.1700778698575, 37.357164068514685], [-122.17102363039032, 37.35742504777147], [-122.17122163251693, 37.35748634094756], [-122.17263395635884, 37.3579235367803], [-122.17286850374309, 37.35797772633543], [-122.17375922810629, 37.35818351661948], [-122.17390733781252, 37.358218045101744], [-122.17415263263901, 37.35827523052263], [-122.17414624381513, 37.35833400888575], [-122.17417504020443, 37.35834469222289], [-122.17422832041886, 37.358359821988614], [-122.17428347718251, 37.358369784460024], [-122.17433972702977, 37.35837443812666], [-122.1743962709678, 37.3583737168862], [-122.17449719741421, 37.35836056514568], [-122.17459750434423, 37.358344677972326], [-122.17468689738662, 37.35834080971705], [-122.17477636158547, 37.358343427716456], [-122.17498206587045, 37.35836798040361], [-122.1750768502553, 37.358378102839474], [-122.1751712833776, 37.35839013679425], [-122.17522795682557, 37.358398321452654], [-122.17528310722399, 37.35841156949341], [-122.17533602702203, 37.35842971095131], [-122.17538603728497, 37.35845251308107], [-122.17542565693961, 37.35847881298821], [-122.17546160341273, 37.35850828412966], [-122.17549348037375, 37.35854060157285], [-122.17552093635896, 37.35857540900301], [-122.1755484330735, 37.358620710591424], [-122.17557040848413, 37.35866789407757], [-122.17558666341316, 37.3587165318289], [-122.17559705052754, 37.35876618303175], [-122.17560147567492, 37.35881639768643], [-122.1755978062929, 37.35887081805014], [-122.17558608564306, 37.35892450812067], [-122.17556647880353, 37.35897671162826], [-122.17553926193753, 37.359026693241056], [-122.17549153986356, 37.3590949566435], [-122.17544947243351, 37.35916554988576], [-122.17541323728169, 37.359238174907496], [-122.17534707668145, 37.35939362359208], [-122.17527385466849, 37.359547041906076], [-122.1752280855005, 37.35964802778797], [-122.17519542388911, 37.35971098567992], [-122.17515574178276, 37.35977131882911], [-122.17510936641601, 37.35982852967913], [-122.17505668022399, 37.359882146421526], [-122.1749981176889, 37.359931726886906], [-122.17479955768452, 37.360085231603655], [-122.17470538150343, 37.36016249640297], [-122.17461710968811, 37.360244082130606], [-122.1745350528025, 37.36032970176441], [-122.17445949954904, 37.36041905408975], [-122.17442592786746, 37.360455486915654], [-122.17438630839935, 37.3604878183232], [-122.17434141835587, 37.36051541406444], [-122.1742921383446, 37.360537732790704], [-122.17423943509436, 37.36055433667271], [-122.17418434249049, 37.36056489998972], [-122.17412794129233, 37.36056921551955], [-122.17383805768797, 37.36057514035372], [-122.17378002488645, 37.360579376298645], [-122.17372318575582, 37.360589638322125], [-122.1736685180608, 37.36060574989366], [-122.1736169622139, 37.36062743385692], [-122.17356940509883, 37.36065431719726], [-122.17352666481408, 37.36068593745823], [-122.17337333408182, 37.36081529147211], [-122.17313735295805, 37.36101437080937], [-122.17309527868397, 37.36104587970302], [-122.17304880866139, 37.361073171168414], [-122.17299860240809, 37.361095857873565], [-122.17294537247002, 37.36111361783886], [-122.17288987430851, 37.361126199006925], [-122.1728361999773, 37.36113564100095], [-122.17277059646392, 37.36114382758357], [-122.17270422819769, 37.36114547580818], [-122.17263811398918, 37.361140560373094], [-122.17257326874876, 37.361129156734535], [-122.17251068790605, 37.36111143994815], [-122.17245133212852, 37.36108768198176], [-122.1722123713281, 37.360976727635666], [-122.17215916792927, 37.36095545925139], [-122.17210305362319, 37.360939660657884], [-122.17204490693156, 37.36092957919634], [-122.1719856381934, 37.36092537270108], [-122.17192617531367, 37.360927107028566], [-122.17171133066742, 37.360944180337306], [-122.17168838835111, 37.3609445975743], [-122.17166563531339, 37.360942213286755], [-122.1716436053229, 37.360937083408224], [-122.17162281518594, 37.360929328281685], [-122.17137463048573, 37.36081747333722], [-122.17131469024068, 37.36079447026634], [-122.17125148362643, 37.360777952020214], [-122.17118610622734, 37.36076820491551], [-122.17111969125295, 37.3607653979021], [-122.17105338989664, 37.36076957963493], [-122.17098835138249, 37.36078067763058], [-122.17091628576958, 37.36079349260709], [-122.17084285615061, 37.360799639053255], [-122.17076902775028, 37.36079903617474], [-122.1706957710356, 37.360791691896274], [-122.17047695674006, 37.36075946726934], [-122.1704109837607, 37.360752027156956], [-122.17034446244341, 37.36074901632119], [-122.17027726308054, 37.36074821519918], [-122.17020803532193, 37.36074738980046], [-122.17016946635658, 37.36074585875136], [-122.17013112076235, 37.36074221313219], [-122.17005443965422, 37.360807789080695], [-122.17004847679056, 37.36081297849421], [-122.17000483717486, 37.36085499320205], [-122.16996626509987, 37.360900056252724], [-122.16993309278867, 37.36094777952707], [-122.16990560595896, 37.36099775199314], [-122.16982261952518, 37.361169928599196], [-122.16980888986387, 37.36120619484409], [-122.16980199385617, 37.36124367876686], [-122.16980208158559, 37.36128156463007], [-122.16980915115349, 37.36131902794787], [-122.16982304871942, 37.361355253428776], [-122.16984347184837, 37.361389452718484], [-122.16991526003959, 37.36148985913923], [-122.16993858047766, 37.36152967330533], [-122.16995351050879, 37.361571977533664], [-122.16995965551781, 37.36161565372329], [-122.16996530862194, 37.36176331095921], [-122.16997040178732, 37.361818900254924], [-122.16998139528606, 37.36187394292693], [-122.16999820958326, 37.361928040692035], [-122.17002072302454, 37.36198080210347], [-122.17004877271614, 37.3620318453834], [-122.1700508855326, 37.362035293977634], [-122.17008131905239, 37.36207765826644], [-122.17011834812152, 37.36211653298379], [-122.17016135333928, 37.36215126784572], [-122.17020961533468, 37.36218128181764], [-122.17026232679993, 37.36220607283392], [-122.1703186059949, 37.36222522619674], [-122.17037751149688, 37.36223842151318], [-122.17047012138403, 37.36225411265901], [-122.1705011321817, 37.36225936714607], [-122.17054226057205, 37.36226633584525], [-122.17066138390115, 37.36228882666586], [-122.17077905129229, 37.36231576162087], [-122.17089500267491, 37.36234708117853], [-122.17099145011518, 37.36237148395957], [-122.1710901564072, 37.36238922211743], [-122.17119040012437, 37.3624001660069], [-122.17127603918094, 37.362409460978526], [-122.17136040124923, 37.36242445129653], [-122.17144289291825, 37.36244503151771], [-122.17152293393225, 37.362471056878846], [-122.17163098702376, 37.36251049072303], [-122.1716837312275, 37.36253340309572], [-122.17173197826331, 37.36256193973653], [-122.17177479322316, 37.36259554767939], [-122.17181134645537, 37.36263357568874], [-122.17184092964123, 37.36267528687848], [-122.17186136786717, 37.36270946970812], [-122.1718745182914, 37.362737250095456], [-122.17188165576987, 37.362766395787745], [-122.17188257878514, 37.36279608392313], [-122.17187726127064, 37.36282547632411], [-122.17186585334728, 37.362853743161615], [-122.17184867708616, 37.36288008638348], [-122.17182621741608, 37.36290376224575], [-122.17179910843325, 37.36292410231098], [-122.17176811549918, 37.3629405323203], [-122.17173635770142, 37.36295196152737], [-122.17170274715144, 37.36295927355975], [-122.17162650709291, 37.36296815205395], [-122.17154959570797, 37.362971802287376], [-122.17147257471653, 37.362970197600646], [-122.17139600663914, 37.362963349713546], [-122.17091006492389, 37.36292298370914], [-122.17079638841425, 37.362912907099584], [-122.17038088189253, 37.36287384726529], [-122.17036771668948, 37.36287245536262], [-122.17013365010392, 37.362848411981474], [-122.16970665398783, 37.36281107107337], [-122.16962538852268, 37.3628065865572], [-122.16954393416937, 37.362807313550825], [-122.16946281465111, 37.362813247379954], [-122.16938255153839, 37.36282434989212], [-122.1693036608958, 37.36284054970198], [-122.16922664996432, 37.362861742650274], [-122.1692245139294, 37.362862413811754], [-122.16921682436556, 37.36286481223952], [-122.1691525207541, 37.362888010915604], [-122.16909144869665, 37.36291622989289], [-122.16903422143221, 37.36294918581985], [-122.16898141359565, 37.36298654777992], [-122.16893355544784, 37.363027940614266], [-122.16889112755126, 37.36307294868864], [-122.16885997289596, 37.363109719895455], [-122.16882928599713, 37.36315111035737], [-122.16880509761407, 37.363195159962814], [-122.16878776305182, 37.36324122168498], [-122.16877753694412, 37.36328861894065], [-122.16877456951225, 37.36333665552817], [-122.16877890435784, 37.363384625853634], [-122.16883553799971, 37.36372322304974], [-122.16883915739916, 37.363765943699796], [-122.16883566494293, 37.36380867108109], [-122.16882512200146, 37.36385065422788], [-122.16880771386349, 37.36389115525363], [-122.16878374648026, 37.363929462320115], [-122.16875364108887, 37.36396490214863], [-122.16871792680921, 37.36399685185366], [-122.16877942640718, 37.36402926143708], [-122.16889637894822, 37.364085762001075], [-122.16916698828744, 37.36421646245414], [-122.16926930189021, 37.36422745839419], [-122.16977926102011, 37.36429115784325], [-122.16993252076466, 37.36434883412787], [-122.16994111045372, 37.36435207699871], [-122.17038641064272, 37.36453169839866], [-122.17086241973392, 37.364723722467104], [-122.171338866304, 37.36492107225027], [-122.1719668613281, 37.36517632420434], [-122.17189304674854, 37.36538799559396], [-122.1718829433949, 37.365416961827684], [-122.17167157246737, 37.366022987617846], [-122.17153035189082, 37.366427812192285], [-122.17133582168296, 37.36698555260602], [-122.17083713803147, 37.368470303259905], [-122.17072378768985, 37.36880778091501], [-122.17052602264545, 37.36939658298433], [-122.17029823410246, 37.370074766068555], [-122.17014775189183, 37.3705227556708], [-122.17013026707978, 37.370576170079545], [-122.17012181752459, 37.37060198380528], [-122.16980033198246, 37.37158347635952], [-122.1697552796657, 37.371721005070405], [-122.16961117818836, 37.37216093633756], [-122.16952413231913, 37.37242663362674], [-122.16943705770358, 37.37269246989833], [-122.16937642949519, 37.37287751258701], [-122.16928779809896, 37.37314808535088], [-122.1691935531296, 37.37343579258358], [-122.16916250914402, 37.373530568236156], [-122.16914045190643, 37.373597906992835], [-122.16900952063193, 37.37399763498088], [-122.16899867347286, 37.37403075196951], [-122.1688189834322, 37.37457918830468], [-122.1688100173457, 37.374606624008194], [-122.16861714362715, 37.37519542054082], [-122.16856204275372, 37.37536358261681], [-122.16834840627051, 37.37601569288305], [-122.1682407045355, 37.376344541722354], [-122.16821658925704, 37.37641808995531], [-122.16820428952182, 37.37645555470359], [-122.16818471522811, 37.37651534820811], [-122.16817896960225, 37.37653294124261], [-122.16811791829237, 37.37667493247705], [-122.16811290569231, 37.37668807457834], [-122.16798575001569, 37.37702258988558], [-122.16792827152605, 37.37717380036], [-122.16780701042936, 37.37749280438031], [-122.16798499090069, 37.37761981229326], [-122.16820226726674, 37.377774874157716], [-122.16836311147947, 37.37788967198466], [-122.16871590047164, 37.3781414183724], [-122.16882076797874, 37.37820168596109], [-122.1693147478541, 37.37848552839853], [-122.169457478444, 37.37856752925063], [-122.16969342808906, 37.37870309425898], [-122.1699056711514, 37.37924986392406], [-122.17119694524284, 37.37957558638772], [-122.17181082505219, 37.37973043579929], [-122.17166156003361, 37.38040106888569], [-122.1715008774237, 37.38112307135635], [-122.17135580394563, 37.38177489599392], [-122.17116998736364, 37.38260978639395], [-122.17107972640862, 37.38301544011843], [-122.17096699229215, 37.38352181341653], [-122.17074989097097, 37.384497332441555], [-122.17049686061895, 37.38563412560216], [-122.17043631568163, 37.38570149729117], [-122.17037518651173, 37.38576951935369], [-122.17021199580874, 37.386465092293676], [-122.17019096444459, 37.38655475807191], [-122.17007947090492, 37.387029957640266], [-122.16993570807303, 37.387642685832745], [-122.16988596564455, 37.38785469067565], [-122.16985172544776, 37.38800062606465], [-122.16981122039842, 37.38817326031928], [-122.16968355897508, 37.38871722513625], [-122.16956092722059, 37.38923989737215], [-122.16944253551556, 37.38974440290602], [-122.16931990016778, 37.390267029439364], [-122.16931798945049, 37.39027525229172], [-122.16919637099576, 37.39079344576358], [-122.1690166288286, 37.39155941294696], [-122.16873205774924, 37.392554155254004], [-122.16865246429381, 37.39289523936834], [-122.16850879129358, 37.3935066363975], [-122.1684072708535, 37.39393861209613], [-122.16822484182437, 37.39471475783386], [-122.1680932394905, 37.3952746608972], [-122.16796669018177, 37.395813067472346], [-122.16772865721502, 37.396825869006285], [-122.16759669645326, 37.39738728924], [-122.16752946561708, 37.39767331630756], [-122.16716958243036, 37.39920439002716], [-122.16496041539072, 37.39815843706706], [-122.1622646213039, 37.39577123430574], [-122.16219037376534, 37.395725267909725], [-122.16211200924518, 37.39570921091971], [-122.16207750855429, 37.395702033482074], [-122.16205751475454, 37.395697874179106], [-122.16151543098212, 37.39558510402412], [-122.16066917860579, 37.39540906397316], [-122.1606686306336, 37.39540893408367], [-122.15129442481266, 37.393458347873754], [-122.15082074690596, 37.392760710079564], [-122.15076692256623, 37.39268143683144], [-122.15036241042321, 37.39208566042949], [-122.15028471515878, 37.3919712469061], [-122.15020399167364, 37.39186088852095], [-122.15013822242253, 37.39191272826943], [-122.14998016116331, 37.392035563649635], [-122.14990808564558, 37.392087475942354], [-122.14983128198982, 37.3921348760215], [-122.14975019283551, 37.39217749070278], [-122.14966528552362, 37.39221507438153], [-122.14957704940286, 37.3922474104483], [-122.14859599310425, 37.39257153468651], [-122.14805844039998, 37.392758942752245], [-122.14713043769642, 37.39307741013264], [-122.14689745156855, 37.39315956414771], [-122.14625671927958, 37.3933898675441], [-122.14572931753675, 37.39357366511815], [-122.1448419941379, 37.39387851891648], [-122.14441357594862, 37.394027615623834], [-122.14394791900139, 37.39419171593839], [-122.14388383589116, 37.394214299222845], [-122.14379399808445, 37.39424595848846], [-122.1436753033151, 37.39429047962269], [-122.14355936785572, 37.39433941090458], [-122.14344644893788, 37.3943926437702], [-122.14333679710208, 37.39445006011156], [-122.14323065564169, 37.3945115325384], [-122.14312354233232, 37.39458010354148], [-122.14298703650377, 37.39466769549069], [-122.14284553531185, 37.39475008692988], [-122.14269934972081, 37.39482709678564], [-122.14254880099304, 37.39489855581125], [-122.14239421998279, 37.39496430695873], [-122.14231829492759, 37.39499706866755], [-122.14224491191251, 37.395033330732964], [-122.14193247968178, 37.39519811969891], [-122.14184888696074, 37.395242208714876], [-122.14157385159201, 37.39538727115026], [-122.14155337000524, 37.3953980741014], [-122.1414959793421, 37.39542834405125], [-122.14149510078968, 37.39542880722833], [-122.14141511391837, 37.39536039185671], [-122.14140081004756, 37.395347934589836], [-122.14137712058115, 37.395327309976466], [-122.14081811528825, 37.39484067906903], [-122.14075932599778, 37.39442935411918], [-122.14074392978651, 37.39432143446368], [-122.14070049269002, 37.39401727468108], [-122.14081368129821, 37.39400706247458], [-122.14071731729722, 37.3934564237055], [-122.14061452046573, 37.392868906741626], [-122.14056038443626, 37.392559518167445], [-122.1405452864631, 37.39247328892757], [-122.14054489928962, 37.39247107786535], [-122.14067475074137, 37.392498585540665], [-122.14064136217422, 37.39240618480531], [-122.14016097392435, 37.391077528201315], [-122.14012198075868, 37.391077363329316], [-122.1394595182525, 37.39107460832428], [-122.13923448940939, 37.39107363408094], [-122.13877570863414, 37.39107176017699], [-122.13877498241698, 37.3904426421692], [-122.13877495367407, 37.390415172646634], [-122.13877409407034, 37.38966622343235], [-122.13859205320131, 37.389657825635446], [-122.13847913858656, 37.38965263456897], [-122.13832135580101, 37.38964538043117], [-122.13822202731204, 37.38964081377699], [-122.13645612024409, 37.38957230753141], [-122.13631675209358, 37.38956690009517], [-122.1363222235766, 37.39094621695806], [-122.1363213772522, 37.391940463541815], [-122.13632138084411, 37.39195238894506], [-122.1353135467413, 37.391633868827924], [-122.13529013210253, 37.39211965977867], [-122.13528522550529, 37.39211892108893], [-122.13528028746698, 37.39211832371335], [-122.13527532697083, 37.39211787050752], [-122.1352703485083, 37.392117560043424], [-122.13526535926596, 37.392117394462375], [-122.13526036643037, 37.39211737305059], [-122.13525537539128, 37.39211749580839], [-122.13525039243726, 37.39211776344933], [-122.13524542565268, 37.392118174545665], [-122.13524048042774, 37.39211872909774], [-122.13523556394888, 37.39211942567823], [-122.13523068250421, 37.3921202642866], [-122.13522104987067, 37.39212236330618], [-122.13524592068168, 37.39160612816842], [-122.1349218023026, 37.39147309733297], [-122.13485435141459, 37.39144544797002], [-122.13516276640632, 37.39104488729689], [-122.1343114870406, 37.39102701782753], [-122.13394309428719, 37.39101933174862], [-122.13338994505737, 37.39100771733949], [-122.133018510609, 37.39099993419257], [-122.13271343559867, 37.3909935370948], [-122.13220336956324, 37.39098282839606], [-122.13214804772346, 37.390981460903454], [-122.13212052512866, 37.39111760654346], [-122.1321111434471, 37.391175253857156], [-122.13210945258542, 37.39123336948227], [-122.13211547151293, 37.39129130205245], [-122.1321291327864, 37.3913484022515], [-122.13215028330544, 37.39140403009115], [-122.13217868602737, 37.39145756208414], [-122.1322140226237, 37.39150839823257], [-122.1328802831115, 37.39235766143799], [-122.13304665464827, 37.39255309713587], [-122.13308280136414, 37.39260130711493], [-122.13311178829126, 37.39265250357523], [-122.13313323375968, 37.39270601244109], [-122.13314685539169, 37.392761129189324], [-122.1331522696972, 37.39281126603775], [-122.13315120502247, 37.39286158147906], [-122.13311792419934, 37.39324978975535], [-122.13308389776327, 37.39373854419764], [-122.13308387889865, 37.393738821110915], [-122.13296727040633, 37.393734778738065], [-122.13196979833548, 37.393713524846255], [-122.13096067152371, 37.393692014017276], [-122.13049828895501, 37.393682167851], [-122.13049721726252, 37.393704019756356], [-122.13046566484411, 37.39370424199141], [-122.13034755047268, 37.39370507411051], [-122.13032459782326, 37.39367001831345], [-122.13031021658416, 37.393648052966995], [-122.12957565834121, 37.39252610881988], [-122.12778736561295, 37.38979455460142], [-122.12743316270539, 37.38925349605304], [-122.1272471355717, 37.38896998447417], [-122.12705683806347, 37.388688283392575], [-122.12686229789604, 37.38840843376463], [-122.12676244657581, 37.388392966186736], [-122.12670840034404, 37.38838513211505], [-122.12660609572495, 37.388370302620494], [-122.12656028977254, 37.38836366320512], [-122.12651815067339, 37.38835755511995], [-122.12648115176805, 37.38835121063303], [-122.12637289401458, 37.38833591077299], [-122.1262110230171, 37.388313034492946], [-122.12637855609023, 37.38837801390932], [-122.12648010071833, 37.38853847155023], [-122.12670507921598, 37.388893955115144], [-122.1265530941617, 37.38900553192232], [-122.12628943415227, 37.389199101340395], [-122.12618593744388, 37.38940879855339], [-122.12625971246823, 37.38945751384799], [-122.12659401234137, 37.389677969894805], [-122.12679757146107, 37.38959995314514], [-122.12695952150543, 37.38966577365084], [-122.1269619280794, 37.3897753415921], [-122.12696302491653, 37.3898252685595], [-122.12703351031624, 37.3898252892629], [-122.12703406727185, 37.389825288549005], [-122.1269094799294, 37.38995445385831], [-122.12684738925621, 37.39020711111323], [-122.1268576507093, 37.39021580217838], [-122.12694469204905, 37.39028952452545], [-122.12698382624632, 37.39032267000969], [-122.12701820656034, 37.39035191781847], [-122.12704027097513, 37.390370690253526], [-122.12715594970068, 37.39046912591133], [-122.12721066786779, 37.390515687921095], [-122.12726549383275, 37.390562341972284], [-122.12733201044651, 37.39082812896], [-122.12727821125077, 37.39082603846438], [-122.12727436646183, 37.39082686495417], [-122.12729365776214, 37.39098183454665], [-122.12733689006218, 37.391114664251155], [-122.12741825403035, 37.39136485171422], [-122.12732736428157, 37.391531909097765], [-122.12732220615499, 37.39154141221607], [-122.12722453143036, 37.391720947773806], [-122.12720925018827, 37.39174908663682], [-122.12728167324396, 37.39183776760212], [-122.12740432471499, 37.39172875438493], [-122.12784277528738, 37.39158234952033], [-122.12788618544621, 37.3917838259558], [-122.12796794559517, 37.39182178834235], [-122.12823600194902, 37.39171579126581], [-122.12833517323972, 37.39177594516937], [-122.12831294799773, 37.39201708627665], [-122.12830931430854, 37.39205701195594], [-122.12835105181121, 37.392197507131335], [-122.12835553979203, 37.3922125528291], [-122.12838014552736, 37.39234495426815], [-122.12838491378103, 37.39237283810476], [-122.12838901099401, 37.392395007278466], [-122.12814797956399, 37.39240238199642], [-122.12792764618267, 37.39268404307695], [-122.12760172305431, 37.39285603489919], [-122.12753237400055, 37.39305713035573], [-122.12738997573189, 37.393469925186345], [-122.1273819888093, 37.39349308607291], [-122.1274473933186, 37.39367173270006], [-122.12755937458388, 37.39372717679298], [-122.1277363067365, 37.39371934186807], [-122.12785403900864, 37.39383456562273], [-122.12783721805283, 37.39387625315478], [-122.12781160348752, 37.39393974182786], [-122.12768744644094, 37.39404298448965], [-122.12758815026275, 37.39417591509973], [-122.12752537239737, 37.394259994170554], [-122.12754644146601, 37.394393406143614], [-122.12756292194399, 37.394497924263284], [-122.12781654863917, 37.39459155283083], [-122.1279404936676, 37.394631149566294], [-122.12798186646856, 37.394644355610374], [-122.12801269394845, 37.39465420590174], [-122.12813892699431, 37.39461317326017], [-122.1282473042364, 37.39451651228986], [-122.12839423625509, 37.394518180900086], [-122.12851070192674, 37.39442140704529], [-122.12862934060259, 37.39450317350774], [-122.12864733833845, 37.39457589889562], [-122.12865419517475, 37.39460352426178], [-122.128551223095, 37.39470203285118], [-122.1284173642419, 37.39483011066693], [-122.12839500427953, 37.39482964320234], [-122.1284193737643, 37.39490651477344], [-122.12849129284977, 37.395133690498696], [-122.1285026807907, 37.395135254888466], [-122.12851883249675, 37.39513747372386], [-122.12884516702898, 37.39518252341868], [-122.12890067390248, 37.39535826277282], [-122.12892346595409, 37.39536142579913], [-122.12911333833249, 37.395387653506255], [-122.1292745886098, 37.39526901434666], [-122.12932199629756, 37.39523413467222], [-122.12943066908333, 37.39515417891792], [-122.12964271188625, 37.3951222302901], [-122.12964195280932, 37.39512816883072], [-122.12964123505489, 37.395133443647296], [-122.12962438803709, 37.39527118253081], [-122.12956297111553, 37.39538861771794], [-122.12946660613486, 37.39556378777748], [-122.12947019130492, 37.39561368591123], [-122.1294753251682, 37.395684552522916], [-122.12955419362706, 37.395844836087], [-122.12940516043179, 37.39599803038067], [-122.1294862540186, 37.39614585328718], [-122.12912495254784, 37.39629068844764], [-122.12909192511833, 37.39606565153901], [-122.12878637222387, 37.39588313035568], [-122.12874977396595, 37.39588890326093], [-122.12855680329217, 37.39591934928043], [-122.12831948371517, 37.39579486879317], [-122.12823841436729, 37.3957848466524], [-122.12809497410136, 37.39576708327367], [-122.12797198665177, 37.39595303747711], [-122.12804673095798, 37.39600455682127], [-122.1282281447899, 37.39612956221869], [-122.12825648570909, 37.39635688481822], [-122.12848459216917, 37.39645088859253], [-122.12823786091461, 37.396592231912294], [-122.12821513533657, 37.39660525062536], [-122.12794481344434, 37.39660025850519], [-122.12792402551784, 37.39673903521757], [-122.12791575831734, 37.39679408737193], [-122.12782609387628, 37.39690836648937], [-122.12775903103085, 37.397143422101436], [-122.1276746936143, 37.39711646065815], [-122.12769047344273, 37.39689930651296], [-122.12761049914829, 37.3968250832514], [-122.12743277916357, 37.39691954743652], [-122.12736916137194, 37.39701780605736], [-122.12709380710534, 37.39712820535369], [-122.12708599175396, 37.397213283810565], [-122.12706748104932, 37.3974144517928], [-122.12695429871343, 37.39756746660709], [-122.12675562192643, 37.39773553425592], [-122.1266895921634, 37.397791391391564], [-122.12640740889563, 37.39798488602427], [-122.12622805756318, 37.39814563780236], [-122.12600520532632, 37.398246882862765], [-122.12592470370984, 37.398270957882474], [-122.12550700511805, 37.398395916638165], [-122.12540178096238, 37.39849166127592], [-122.12552342538135, 37.39874557290497], [-122.1254920346467, 37.398836379386324], [-122.1253618283453, 37.39894391358529], [-122.12532813793092, 37.398971737159094], [-122.12503776923013, 37.39903477190129], [-122.12481432050515, 37.39919718706539], [-122.12490017605917, 37.39935705562923], [-122.12486464675766, 37.39970601161156], [-122.12494922849483, 37.399919440304345], [-122.12509173719687, 37.40003640507439], [-122.12511552996092, 37.40013427710765], [-122.12499588424376, 37.40032022618498], [-122.12495101698303, 37.40042999121092], [-122.12491634201061, 37.400497906687626], [-122.12489551634212, 37.400751725874], [-122.12489266957743, 37.40078642457714], [-122.1248896287765, 37.4008234839419], [-122.12484197493585, 37.400989803767445], [-122.12476829960917, 37.401077191406515], [-122.12441526442655, 37.401292170432505], [-122.12440179418759, 37.40132058116035], [-122.12439471725916, 37.401335535109816], [-122.12434525242222, 37.40143960752134], [-122.12430626014567, 37.40152164748206], [-122.12421105489227, 37.40167587634107], [-122.12406218247737, 37.401989180701214], [-122.12394812696922, 37.40222923493647], [-122.12392121164889, 37.402246317411404], [-122.12388356954642, 37.40227020989165], [-122.12369824262653, 37.402387777539445], [-122.12356513387182, 37.40246955456024], [-122.12356266259279, 37.402596036324354], [-122.12356233829911, 37.40261279687977], [-122.1235579553942, 37.40283741450627], [-122.12354576076348, 37.40286116051031], [-122.12354267774508, 37.4028671776478], [-122.1234440777546, 37.40305938183424], [-122.12341542508821, 37.40311535631721], [-122.12335439893366, 37.403234339865044], [-122.12330264878322, 37.4033352483783], [-122.12312803069933, 37.40326452885534], [-122.12303474246166, 37.40331837664333], [-122.12286233151896, 37.40341781858233], [-122.12284538480243, 37.403427621333215], [-122.12278913230446, 37.40345866087093], [-122.12270016585455, 37.40357015605988], [-122.12270674870621, 37.40358656887445], [-122.12270904030754, 37.40359228766908], [-122.12273890927763, 37.40366683676238], [-122.12275689444031, 37.40371172217567], [-122.1227748023478, 37.40375641417677], [-122.12280829601877, 37.40384000510955], [-122.12275555143593, 37.40391949061721], [-122.12272969702323, 37.40395845302133], [-122.12274302656353, 37.4039746262744], [-122.1227175811557, 37.40397668154817], [-122.12254037586976, 37.40405494662319], [-122.1224754908977, 37.404146971128526], [-122.12239576929116, 37.404260032125265], [-122.12224517406545, 37.40432172234414], [-122.1221678892932, 37.4043502823724], [-122.12203933821897, 37.40440296904992], [-122.12197760014962, 37.40448545016333], [-122.12197177257555, 37.404783702931105], [-122.12169742216432, 37.40493273863315], [-122.12165751504335, 37.40495689016032], [-122.12148398272993, 37.40518984393554], [-122.12132059652707, 37.4054091274329], [-122.12110082007469, 37.40536794108497], [-122.12107533832567, 37.40538639931368], [-122.12090869018542, 37.405507092396654], [-122.12077320326402, 37.405515396400794], [-122.12060804528659, 37.405569938163936], [-122.12042663047919, 37.40563170751614], [-122.12003437670914, 37.405937175671994], [-122.12003375873935, 37.406072673782276], [-122.1200306837791, 37.40635179568246], [-122.12016218438819, 37.40650314826369], [-122.12017061067675, 37.406513050123365], [-122.12002170867193, 37.40634167687921], [-122.11985939747017, 37.406163070448216], [-122.11968390521719, 37.40597875319772], [-122.11950318243393, 37.40579768120481], [-122.1193173234212, 37.40561994891487], [-122.11912642515682, 37.40544564903067], [-122.11893058724482, 37.40527487246401], [-122.1187299118636, 37.405107708288476], [-122.11819949634507, 37.404654367091446], [-122.11766539144628, 37.40419787048986], [-122.11764380223576, 37.40422120217736], [-122.11761705130576, 37.4042501113099], [-122.11754434885532, 37.40432868084064], [-122.11751453107722, 37.40436006324551], [-122.11728004384615, 37.40460685687799], [-122.11722786700115, 37.40466177194909], [-122.11697105483952, 37.4049320608926], [-122.11687864335266, 37.40502933710064], [-122.11682393595365, 37.405086905689366], [-122.1165721938849, 37.405335717082366], [-122.11652173821248, 37.40538560442431], [-122.11635113197718, 37.40555423325629], [-122.11632885465733, 37.4055762522447], [-122.11619245716479, 37.40571106836872], [-122.11617265111391, 37.40569877409122], [-122.11612430918589, 37.40566872092902], [-122.11579276444384, 37.405462854730644], [-122.11572016170852, 37.40552224904115], [-122.11565666609305, 37.40557421563502], [-122.11551171484561, 37.4056928391955], [-122.115458848096, 37.40573607502004], [-122.11535878296573, 37.405817981828285], [-122.11534632063847, 37.40582815675381], [-122.11530795808576, 37.40586673996775], [-122.11529522985681, 37.40587954156955], [-122.11523154289897, 37.40594359521562], [-122.11520857028309, 37.40596666518983], [-122.11506458472148, 37.40611139290254], [-122.11505829381983, 37.40611770591307], [-122.11492423197156, 37.40603281880365], [-122.11486435837286, 37.40599493568791], [-122.11451617228015, 37.40634494108846], [-122.11446354178639, 37.40639554418617], [-122.11446329834321, 37.40639577823838], [-122.11447958120246, 37.406406070113476], [-122.11461393320646, 37.40649097677994], [-122.11456750557937, 37.40653857635351], [-122.11431324732862, 37.40679895274961], [-122.11434016264525, 37.40681618617713], [-122.11427828579251, 37.40687846937105], [-122.1140477080308, 37.40711056236619], [-122.1140206247243, 37.40713782275836], [-122.11393213348558, 37.407226917924845], [-122.11387114596837, 37.40725779034111], [-122.1138481643706, 37.40726942359801], [-122.11376307505657, 37.407312496531276], [-122.11370375121918, 37.407342520484065], [-122.11359473796865, 37.40745137684216], [-122.11358111411963, 37.40746495524396], [-122.11357452407574, 37.40749990914802], [-122.11345153575748, 37.40742155200313], [-122.11343446147953, 37.407438748892325], [-122.11314428948398, 37.40773196167144], [-122.11303754627603, 37.407839687898445], [-122.11288556840346, 37.40799473219022], [-122.11274490481132, 37.40813822153154], [-122.1129345157697, 37.40825734625403], [-122.11313110933126, 37.408380839170825], [-122.1133162116462, 37.40849709502145], [-122.11351763544785, 37.40862363369914], [-122.11355004306293, 37.40864399634826], [-122.11371196076374, 37.408745691773746], [-122.11390113873426, 37.408864523688344], [-122.11408391800612, 37.4089793459814], [-122.11422262234711, 37.40906643533058], [-122.1141934190166, 37.40909604615169], [-122.11423125245496, 37.40911782078384], [-122.11430709451653, 37.40904215399627], [-122.11441403176042, 37.40893545415571], [-122.11452389122374, 37.408825875700046], [-122.11455360659399, 37.40879621839117], [-122.11466026446176, 37.40868976865712], [-122.11471589532856, 37.408634405573466], [-122.11473064566208, 37.40864325861941], [-122.11530563648608, 37.40901386114779], [-122.11530369612522, 37.40901571922888], [-122.1151805209349, 37.4091384609339], [-122.11517644527859, 37.40914252173326], [-122.11523376586601, 37.40917724795141], [-122.11576747102767, 37.409514859272946], [-122.11566069368361, 37.409623594740154], [-122.11632538486258, 37.41004519407098], [-122.11638919397942, 37.410087558302216], [-122.11639144785232, 37.41008527355189], [-122.11694683035796, 37.409522243824256], [-122.11639144785232, 37.41008527355186], [-122.11638919397942, 37.41008755830218], [-122.11643127554936, 37.410115496904545], [-122.11644460564698, 37.41012417210422], [-122.11678375642164, 37.410344877751754], [-122.11690207529777, 37.410421887538384], [-122.11692753264907, 37.41043845654449], [-122.11705456787651, 37.41052113954826], [-122.1171379845168, 37.41057543237351], [-122.11710343890556, 37.41061033915826], [-122.11708484288175, 37.4106269116873], [-122.11704516339991, 37.41065815374138], [-122.11703748370306, 37.410663703601614], [-122.11703333169014, 37.410666523484316], [-122.11702959559717, 37.410669063661715], [-122.11702249621199, 37.410674170417394], [-122.11701520458726, 37.41067910449761], [-122.11697604792515, 37.41070641710512], [-122.11695298008874, 37.41072248300447], [-122.1168894485419, 37.41076351753322], [-122.11688485186298, 37.410766243225794], [-122.11685446994434, 37.41078370049907], [-122.11683210009913, 37.4107963178827], [-122.11681004241824, 37.41080928346751], [-122.11678830633421, 37.41082258726388], [-122.11670901458956, 37.410876064146606], [-122.11670736903163, 37.410877173834024], [-122.11670424379291, 37.41087953633509], [-122.11669623531277, 37.410885363742416], [-122.11667430653976, 37.41090202968301], [-122.11667072855025, 37.41090486882197], [-122.1166688941905, 37.41090625521226], [-122.11666570430438, 37.410908855342754], [-122.11663182251762, 37.410936473233605], [-122.11659482360783, 37.410969044465496], [-122.1165769318632, 37.41098575748084], [-122.11648092801485, 37.411075232663], [-122.1164762702503, 37.411080126045746], [-122.11643121704525, 37.41112785541988], [-122.11639640746917, 37.411166530884195], [-122.11639513800944, 37.41116794144933], [-122.1163934716367, 37.41116993504858], [-122.1163779774929, 37.41118847179578], [-122.11634046205045, 37.41123447222386], [-122.11599785448702, 37.41165474739302], [-122.11599336470728, 37.41166035354793], [-122.11599201903105, 37.41166204245823], [-122.1159863497633, 37.411669418864705], [-122.11596540106, 37.411699830661775], [-122.11596462400792, 37.4117009587378], [-122.11596242046437, 37.41170463767261], [-122.11595666740668, 37.411714243027156], [-122.11595489704965, 37.41171719852453], [-122.1159532586545, 37.41172022248068], [-122.1159479881783, 37.41172995063261], [-122.1159459471339, 37.41173371800874], [-122.11594491940615, 37.41173583073321], [-122.11593971635784, 37.41174652643852], [-122.11593778504059, 37.411750496498016], [-122.11593731153106, 37.4117515910152], [-122.11593042424437, 37.41176750901927], [-122.11592431037168, 37.41178358255596], [-122.11592387372824, 37.4117847305986], [-122.11592251186485, 37.41178886902492], [-122.11592250044102, 37.41178890332742], [-122.11591886096018, 37.41179996355241], [-122.11591814517067, 37.41180213840329], [-122.11591704111783, 37.411806095593555], [-122.11591413863128, 37.41181649874185], [-122.1159132439613, 37.411819705319516], [-122.11591250013691, 37.41182294470711], [-122.11591009996832, 37.41183339711031], [-122.11590917908309, 37.41183740780084], [-122.11590877565337, 37.4118396375469], [-122.11590669514466, 37.41185113523721], [-122.11590595592645, 37.41185522016052], [-122.11590580829429, 37.411856332514766], [-122.1159035780842, 37.41187311742494], [-122.11587980325108, 37.412091203558084], [-122.11587693848779, 37.41210986137437], [-122.11587665734902, 37.412111692268354], [-122.1158762743124, 37.41211342607057], [-122.11587535389316, 37.41211758950528], [-122.11587370728071, 37.41212449494445], [-122.1158725500853, 37.41212883525359], [-122.11587171841015, 37.41213195407399], [-122.11587058629085, 37.412135571567696], [-122.1158692619664, 37.41213980349728], [-122.11586684415043, 37.41214680026479], [-122.11586547048884, 37.41215061470584], [-122.11586501068865, 37.41215189122257], [-122.11586220695875, 37.41215875667884], [-122.11586117128876, 37.41216129254743], [-122.11585636530145, 37.41217179839809], [-122.11585505783066, 37.41217437192372], [-122.11585170484139, 37.412180969967324], [-122.11585105717502, 37.41218212658789], [-122.11584892365713, 37.41218593677045], [-122.11584522978457, 37.41219234559424], [-122.11584274875324, 37.4121963884355], [-122.11584073730972, 37.41219966629424], [-122.11583887889218, 37.41220244339167], [-122.11583621621728, 37.41220642265475], [-122.11583464313867, 37.41220877364325], [-122.11583193024498, 37.41221250606635], [-122.1158292604335, 37.41221617925017], [-122.11582424873257, 37.41222266584481], [-122.11582185382395, 37.412225709713326], [-122.1158140133283, 37.41223499258467], [-122.11556562466636, 37.41251662479082], [-122.1155204501886, 37.41256777526754], [-122.11548061170318, 37.41261288366896], [-122.11538375445339, 37.4127221055374], [-122.1152960716973, 37.41282098131557], [-122.11525524776809, 37.412795193536525], [-122.11497574331779, 37.41261863313299], [-122.11443882937459, 37.41227945036291], [-122.11429348199387, 37.412187629839025], [-122.11350654360619, 37.41169049617014], [-122.11342032512113, 37.41163602933961], [-122.11111986595259, 37.41018273749473], [-122.11046137853748, 37.409766725256354], [-122.11032887564942, 37.40968628487274], [-122.11019258739124, 37.4096099749525], [-122.109604220655, 37.409238070295245], [-122.10956397883412, 37.40921263306138], [-122.10820961882499, 37.408356539417916], [-122.10815578459854, 37.40832251067688], [-122.10812368959735, 37.40830097128738], [-122.10810089844536, 37.40828567550568], [-122.10804046340004, 37.408245101995206], [-122.1078573688202, 37.40812218112877], [-122.10696651766423, 37.40908157131162], [-122.10694050155627, 37.40910930977735], [-122.10691374972795, 37.40913783670288], [-122.10690815322396, 37.40914380481474], [-122.10690376495391, 37.40914848425966], [-122.1068692022744, 37.40918534754209], [-122.1062231042977, 37.409874406163546], [-122.10616535969457, 37.40993598968656], [-122.10592721182874, 37.4101899709688], [-122.10566825718472, 37.41046614233074], [-122.10560775116063, 37.41053066940996], [-122.10557118074665, 37.41056966761957], [-122.10558238543065, 37.410576653831676], [-122.10577155351973, 37.41069476859557], [-122.10572538460696, 37.41074592959256], [-122.1056747771183, 37.41080119336196], [-122.10545111907696, 37.41104549767981], [-122.10531591903714, 37.41119313747926], [-122.10520791728862, 37.41131112852327], [-122.10509540060745, 37.411434010600665], [-122.10500007049393, 37.41153811607499], [-122.10489753409531, 37.41165010298749], [-122.10468177673646, 37.41188573667873], [-122.104581475346, 37.41199753256183], [-122.10436839586438, 37.41223498320465], [-122.10432347021975, 37.412285040764985], [-122.10420864127502, 37.41241302288717], [-122.10418037129374, 37.41244453105224], [-122.10402482710792, 37.41261785533332], [-122.10397903189427, 37.4126688865842], [-122.10391112554866, 37.41274457610903], [-122.10379526533796, 37.41287368336843], [-122.10367853555783, 37.413003740801365], [-122.10362082868383, 37.41306805021516], [-122.10356416924549, 37.4131311851368], [-122.1035234935304, 37.41317650867846], [-122.10337324401485, 37.41334396908785], [-122.1031633616766, 37.41322691377901], [-122.10299867536736, 37.413135060880656], [-122.1028911236955, 37.41306719609129], [-122.10273039177054, 37.41296569703976], [-122.10259648263582, 37.412881160889015], [-122.10245454436081, 37.41279153800905], [-122.10232104395926, 37.41270724711042], [-122.1021896671749, 37.41262430109183], [-122.10205282054982, 37.41253790370792], [-122.10191530647654, 37.41245108096844], [-122.10186026581302, 37.41241632986811], [-122.10177680246012, 37.4123636309469], [-122.10163568165186, 37.41227452189425], [-122.10151434174173, 37.4121979157232], [-122.10136818857242, 37.41210564700921], [-122.10127562079617, 37.41204718976317], [-122.10130533704601, 37.41218298247767], [-122.10133540543518, 37.41232046455536], [-122.10136346519275, 37.41244858933077], [-122.10139353268374, 37.41258602525593], [-122.10143501775433, 37.41277545036], [-122.10146581647342, 37.41291617283403], [-122.10149600883004, 37.41305413375843], [-122.10152594965855, 37.413190976360134], [-122.10155410823076, 37.41331964904745], [-122.10158369692, 37.41345482512642], [-122.10162515414278, 37.413644228055304], [-122.10165353280213, 37.413773813248405], [-122.10166287886814, 37.41381650714617], [-122.10166935032716, 37.413846068287405], [-122.10168633655944, 37.413923663819894], [-122.10176642041564, 37.41428957390902], [-122.101795024552, 37.414420277463385], [-122.10187225718674, 37.414510167377664], [-122.10187443380408, 37.414512678172095], [-122.10205703332092, 37.41544832948564], [-122.10207908604323, 37.41559369315939], [-122.10210731557964, 37.415745288127205], [-122.10210001676585, 37.41577500190563], [-122.1020859994496, 37.41583207278972], [-122.10190720950061, 37.41655996979099], [-122.10179440532092, 37.4170191143447], [-122.10178643636361, 37.41705163655826], [-122.10177592966474, 37.41709444773561], [-122.10172387137963, 37.417306374975965], [-122.10154559706373, 37.41803207373859], [-122.10150442366844, 37.41819969096305], [-122.10129197123887, 37.41818672806783], [-122.10099029532823, 37.41929103125426], [-122.10097039045212, 37.419371117505364], [-122.10111044227465, 37.41937948271826], [-122.10128951780503, 37.41939017806076], [-122.10126841547581, 37.41946186690781], [-122.1011692764772, 37.41982255532794], [-122.10107894995375, 37.4201513290106], [-122.10100448229235, 37.42042201796907], [-122.10095882810131, 37.42058829928133], [-122.10092874441294, 37.42069771428085], [-122.10090440905572, 37.420696512136765], [-122.10083463149964, 37.42095035920399], [-122.1007716425139, 37.42117957414264], [-122.10071983126822, 37.421368034349925], [-122.10067606174319, 37.42152724204755], [-122.10063093755812, 37.42169137919433], [-122.10060060323951, 37.421803890282135], [-122.100287034661, 37.42178496660627], [-122.09989290392888, 37.4249038832689], [-122.100287034661, 37.4217849666063], [-122.09988710835269, 37.421760555235764], [-122.09980964214645, 37.421755827346495], [-122.09888305612822, 37.42169926958364], [-122.09853989345541, 37.42167833044441], [-122.09814610892795, 37.42165498989548], [-122.09813470032566, 37.42165432141216], [-122.09811839229997, 37.421764863497316], [-122.09808290253166, 37.422046900067414], [-122.09805538172422, 37.42226551304641], [-122.09802783037402, 37.422484126100585], [-122.09799338624556, 37.422757404183926], [-122.09797275821646, 37.42292135172124], [-122.09795210323783, 37.42308532315541], [-122.09793144825916, 37.423249271401616], [-122.09791079238217, 37.42341324211774], [-122.09789210022376, 37.42356171292518], [-122.09786800559343, 37.423752741116886], [-122.09776875515558, 37.4245409990618], [-122.09770463606407, 37.42499656266018], [-122.0977296882747, 37.425017184814386], [-122.09793303356784, 37.42518437764615], [-122.09820861237372, 37.42542610182755], [-122.09828228049703, 37.4254900153521], [-122.09958182886673, 37.426720697640285], [-122.099591809147, 37.42673014850069], [-122.09960037008943, 37.42673825606525], [-122.10099005539153, 37.42805427515882], [-122.1010261011814, 37.4280884104994], [-122.10134847231777, 37.42839368965318], [-122.1013851756744, 37.42842855389704], [-122.1013212946722, 37.428564250560264], [-122.10122202902802, 37.42877519086007], [-122.1008890603537, 37.4294825173228], [-122.1008461654841, 37.42957724117224], [-122.10080625633698, 37.42967279137101], [-122.10075337568327, 37.42981370855894], [-122.1007069913807, 37.42995607346659], [-122.10066716550014, 37.43009969569777], [-122.10063395134227, 37.43024438317354], [-122.10062119975176, 37.4303069785955], [-122.10057534702622, 37.43053253040485], [-122.10056969662084, 37.43056032370178], [-122.10051552369578, 37.43082679841994], [-122.10048449946736, 37.43097350042304], [-122.10036577537912, 37.43153489802507], [-122.10034203020186, 37.43165083544062], [-122.10033864445002, 37.43166736693516], [-122.10023575495929, 37.432262207974496], [-122.10022472633881, 37.432311458217455], [-122.10021375521033, 37.43236070771502], [-122.10020616983176, 37.43240991081398], [-122.10019692885813, 37.43245948053014], [-122.10019107902434, 37.4325093469565], [-122.10018525254665, 37.43255886952736], [-122.1001454472692, 37.432869807751175], [-122.10010074257914, 37.43319591982126], [-122.10006690391552, 37.433465229862215], [-122.10013379512506, 37.433742990277075], [-122.09995306114871, 37.43512098319702], [-122.09975081358239, 37.435081159627124], [-122.09974370700516, 37.43513535475114], [-122.09978889130284, 37.4356323170385], [-122.09977156279729, 37.43568902398661], [-122.09963912055295, 37.43612187918911], [-122.09962187109916, 37.43617824196038], [-122.09929910820726, 37.436672932615615], [-122.09882415185581, 37.437244592912975], [-122.09768043123815, 37.43851994562198], [-122.09715373013964, 37.43907188508145], [-122.09639151229871, 37.44024815754346], [-122.0956418817325, 37.440686496166215], [-122.09428116873391, 37.440765053771884], [-122.0936334251063, 37.44089780301115], [-122.09294619599622, 37.441387832086676], [-122.0924726661176, 37.442418673405584], [-122.09269250982214, 37.44298188521622], [-122.09302362962582, 37.44350052938198], [-122.09416896968207, 37.44421241187878], [-122.09441531997193, 37.44477379507485], [-122.0943691042873, 37.44535316172214], [-122.09398464239804, 37.446007098558304], [-122.09291785357372, 37.44653496889282], [-122.09186877507209, 37.44671346327317], [-122.0909910402997, 37.44692453494339], [-122.09061392845966, 37.4472705306602], [-122.0906168776286, 37.44726884255307], [-122.09038975116381, 37.447764521823025], [-122.09048533003481, 37.44833425102023], [-122.09087709780395, 37.44872105431632], [-122.09122680019064, 37.448921732397714], [-122.09162979784547, 37.44888179497664], [-122.09014579195224, 37.44930393335035], [-122.08947499934808, 37.44949474675015], [-122.08899242173987, 37.44963199981914], [-122.08861077074016, 37.44974054792912], [-122.08827596870282, 37.44957603223633], [-122.08748945870148, 37.450059474083126], [-122.08629748788587, 37.45039848629721], [-122.08612818871269, 37.45044663703387], [-122.08591185555333, 37.45050816435603], [-122.08592445621979, 37.45050799391322], [-122.08470751673408, 37.45085418979405], [-122.08327983593715, 37.45271222865483], [-122.08318456870352, 37.452836210182], [-122.07947612559721, 37.45766229608007], [-122.07744999973707, 37.460298742301596], [-122.07639192896562, 37.46167538830376], [-122.0700063464239, 37.46998253798357], [-122.08008975059697, 37.47893984612238], [-122.09616306467711, 37.46231711068546], [-122.09659356339552, 37.46189110325648], [-122.09659372239524, 37.461908881602675], [-122.09660669406733, 37.46189604465831], [-122.09663535085683, 37.46510742630485], [-122.09663539577193, 37.46511244307279], [-122.09871604187948, 37.46510050094649], [-122.09908628067163, 37.46509837619062], [-122.11440289442733, 37.465010464711064], [-122.11441369127708, 37.46501040196648], [-122.11443023913644, 37.46504582169979], [-122.11483091454548, 37.465903498047496], [-122.11483451948335, 37.46591121491809], [-122.11486131531905, 37.46597230672312], [-122.1151068311451, 37.46590364637265], [-122.11512758132734, 37.4658978432132], [-122.11558449047658, 37.46577900347489], [-122.11603448260075, 37.465644498739124], [-122.11641330480579, 37.46553882717768], [-122.11680223844327, 37.46545987911952], [-122.11719223927965, 37.46537521262453], [-122.11756659775847, 37.46525381946388], [-122.1177823497117, 37.46515974236876], [-122.11793795587151, 37.46507330724112], [-122.11798412837473, 37.4650476586806], [-122.1181695918398, 37.46491888525907], [-122.1186689509007, 37.4645399148928], [-122.11867270495998, 37.464537071370415], [-122.11899187007042, 37.46430428009316], [-122.11903594680508, 37.46427213135866], [-122.1191851902013, 37.46416327490534], [-122.12000243336958, 37.4636005905662], [-122.12084541595897, 37.46306261004278], [-122.12160330473878, 37.462604296283324], [-122.1222057912744, 37.46224825915785], [-122.12268220555852, 37.46196900381393], [-122.12346531273735, 37.46152899015865], [-122.12357389209737, 37.461457958394945], [-122.12366572327124, 37.461373218894124], [-122.1237380628044, 37.46127725659084], [-122.12381637254174, 37.461166481941206], [-122.1238167929533, 37.461166018457526], [-122.1238292409081, 37.461149524142066], [-122.12385760701079, 37.46110177246469], [-122.1238767788586, 37.46105119278828], [-122.12388640880283, 37.460998915297104], [-122.123886235434, 37.46094606304698], [-122.12387623898888, 37.46089382826372], [-122.12382175799067, 37.46072528339978], [-122.1236544154033, 37.460281301307695], [-122.12347345166302, 37.459840712904665], [-122.12333460991114, 37.4594777579308], [-122.12322572337692, 37.45910834504903], [-122.12314726996392, 37.45873407073832], [-122.12308966822839, 37.458482636500555], [-122.1230023062095, 37.45823669569495], [-122.12289934584247, 37.45802589261696], [-122.12281609811116, 37.45774420054281], [-122.12277178783862, 37.457561914541714], [-122.12276746874242, 37.45753600027206], [-122.12276444591838, 37.45747830157444], [-122.12277955559932, 37.45729776199731], [-122.12281903836697, 37.45711958516711], [-122.12286762286858, 37.45689648666332], [-122.12288403870522, 37.456670398911825], [-122.12286216656196, 37.456368523217236], [-122.12279622128055, 37.456070735931995], [-122.12273965349364, 37.455925476522594], [-122.12265901445319, 37.45578763452841], [-122.12255576032784, 37.455659695871915], [-122.12243181530802, 37.45554407232679], [-122.12234835644966, 37.45546701981432], [-122.1222801186414, 37.45540401899345], [-122.1221514907093, 37.45525000345499], [-122.1220479383475, 37.45508440242028], [-122.12197040298346, 37.454966488189946], [-122.12186957969647, 37.45486034225927], [-122.12184195830567, 37.45483201887171], [-122.12181964505896, 37.45480085229475], [-122.12180307025007, 37.45476752425983], [-122.12179252133919, 37.454732646616094], [-122.12178824176989, 37.45469692819527], [-122.12175922891213, 37.454461282319535], [-122.12174422975687, 37.4543458929711], [-122.12174917409655, 37.45422992938608], [-122.12177393886155, 37.454115615066975], [-122.12181804974112, 37.45400503946352], [-122.12190934643095, 37.45380110467319], [-122.12194157529046, 37.453739679883725], [-122.12198670125984, 37.45368366123129], [-122.12204332206927, 37.453634739544455], [-122.12227567130303, 37.45345268529647], [-122.12234980297018, 37.453398347982116], [-122.12243291778782, 37.453353020980636], [-122.12252331255033, 37.45331766488944], [-122.12261910708382, 37.45329294578311], [-122.12270870863243, 37.45327149992178], [-122.12297952909736, 37.453206678086914], [-122.12332718336125, 37.45309181383107], [-122.1234213923703, 37.45305135089887], [-122.12365847661431, 37.45294952170363], [-122.12385126942699, 37.452869782313485], [-122.12405554360376, 37.45281096611936], [-122.12426779212133, 37.45277417353315], [-122.12428769070026, 37.452773023252966], [-122.12428938582097, 37.452772924840815], [-122.12431811932952, 37.45277126823774], [-122.12436840431627, 37.45277436109397], [-122.1244175430522, 37.45278343142077], [-122.12446445216926, 37.45279827953845], [-122.12450805009608, 37.45281855315706], [-122.12452330707984, 37.45282564311048], [-122.12453970043228, 37.45283084183871], [-122.12455691125196, 37.45283401456105], [-122.12457450744893, 37.45283509852172], [-122.12459211352768, 37.452834075892994], [-122.12461921928907, 37.45283266460823], [-122.12462621536753, 37.45283230019843], [-122.12466018425609, 37.452835057166276], [-122.12469316050628, 37.45284224624446], [-122.1247241604623, 37.45285369699332], [-122.1247930477566, 37.452880303913794], [-122.12486574839944, 37.45289944292131], [-122.12492286596971, 37.45291494852323], [-122.12495326674959, 37.45292751031775], [-122.12521467646638, 37.45285259452783], [-122.12526329777522, 37.452838662801064], [-122.12528456717777, 37.45288582144174], [-122.12531866541562, 37.452961423250805], [-122.12532740871482, 37.45298079542655], [-122.12541063399931, 37.453165170651616], [-122.12548267976729, 37.45321278549192], [-122.12549292145735, 37.45322119683276], [-122.12604921835226, 37.45350765039674], [-122.12611354040844, 37.453538237745725], [-122.12614668554085, 37.45355214224903], [-122.12618043074778, 37.453565095442116], [-122.12621473380885, 37.453577081636695], [-122.12624955160447, 37.45358808657057], [-122.12628483921907, 37.45359809384253], [-122.12632055173671, 37.45360709275595], [-122.12635664244529, 37.45361507118806], [-122.12639306822544, 37.45362201986892], [-122.12642978146663, 37.453627928101476], [-122.12646673545618, 37.453632789468095], [-122.12650388348212, 37.45363659826406], [-122.12654117793353, 37.45363934949754], [-122.12657857209797, 37.453641038176826], [-122.12661601656836, 37.453641664302], [-122.12665346642876, 37.45364122644695], [-122.1266908749666, 37.45363972389837], [-122.12672819007982, 37.45363715950842], [-122.12676536505612, 37.453633536130084], [-122.12680235767445, 37.453628860180764], [-122.12683911583268, 37.453623135226245], [-122.12687559730995, 37.45361636982375], [-122.12691175000397, 37.453608571817185], [-122.12694753259228, 37.45359975119014], [-122.12698289746415, 37.453589920065134], [-122.12701780060218, 37.453579090564965], [-122.12705219798887, 37.4535672769518], [-122.12708604560673, 37.453554492061215], [-122.12711929943856, 37.45354075443419], [-122.12737940032451, 37.45333797508143], [-122.12754908307849, 37.45328883353327], [-122.1276016758457, 37.45321289047322], [-122.1276966610372, 37.452834489018144], [-122.12794810130157, 37.452322357064986], [-122.12794283808246, 37.45224097107196], [-122.1279344020092, 37.45220156382831], [-122.12792763410671, 37.45216775683392], [-122.12792740414194, 37.45213353905725], [-122.12793371301306, 37.45209987252111], [-122.12792617256878, 37.45198326362764], [-122.128233779053, 37.451796902271695], [-122.12831067302992, 37.451823595145484], [-122.12831481066969, 37.45182252971331], [-122.12834492758377, 37.45181897399499], [-122.12837696958724, 37.45181519078438], [-122.12843979774856, 37.451816080788795], [-122.12850155691417, 37.451825227538784], [-122.12856061843824, 37.45184233079875], [-122.12857254896107, 37.45184772784826], [-122.1287692880536, 37.45193672491126], [-122.12879927830319, 37.45195029097093], [-122.12891315141806, 37.45202457585048], [-122.12893998858122, 37.452042082699066], [-122.12906689625225, 37.452086146829174], [-122.12913790715224, 37.452211265433405], [-122.1292427809336, 37.452396047617775], [-122.12934789276824, 37.452581215864086], [-122.12945441046584, 37.45276890457332], [-122.12951597559177, 37.452808520469524], [-122.12976106738766, 37.45296622150783], [-122.1300197587755, 37.453132660177545], [-122.13015506479002, 37.45321970102475], [-122.13019256315808, 37.45323013978831], [-122.13022431949585, 37.453238979005334], [-122.13038333744758, 37.45323322764397], [-122.1306217826284, 37.45322460452329], [-122.13070039328905, 37.453221749879404], [-122.1308400606306, 37.453247003871674], [-122.13104839068909, 37.453284625622004], [-122.13125675129034, 37.45332226874715], [-122.13134860491078, 37.45333886392109], [-122.1313988719311, 37.453343268906494], [-122.13145381557955, 37.453350562766914], [-122.13146851471002, 37.45335468035936], [-122.13146511189171, 37.45335991256653], [-122.13151428386522, 37.45336880739329], [-122.1315549919125, 37.45338692579029], [-122.13157006294459, 37.45339667493601], [-122.13161301318304, 37.453445275879325], [-122.13162099201915, 37.45343569860479], [-122.13163486829197, 37.453448384394534], [-122.13166374822136, 37.45348633906019], [-122.13168186723375, 37.45352320405127], [-122.13172230129173, 37.45356896810378], [-122.13188641177042, 37.45375470965357], [-122.13214120445674, 37.45404306732203], [-122.13214805231227, 37.45405081251568], [-122.13217972420856, 37.45405981850552], [-122.13266435804373, 37.45406928092309], [-122.13300800221496, 37.45407601493459], [-122.13302642755559, 37.45408744124763], [-122.13303233128268, 37.45408897160199], [-122.13303265647258, 37.45408905503708], [-122.13306119953691, 37.45410092847423], [-122.13308689224671, 37.4541163653656], [-122.13310906356085, 37.4541349642221], [-122.13312310871677, 37.454147445941544], [-122.13332790838668, 37.4542745564104], [-122.1335080124766, 37.45438633465893], [-122.13351237289827, 37.45438687163598], [-122.13364410991622, 37.45438945526639], [-122.13371124639772, 37.45438504607202], [-122.13377545616831, 37.45438082870565], [-122.13381875406081, 37.45437548104793], [-122.13423241292207, 37.45431676660247], [-122.13429007128084, 37.45430859713641], [-122.13439834341199, 37.45428155644814], [-122.13440716486717, 37.45427923311209], [-122.13473129674738, 37.454176024997665], [-122.13474886150405, 37.45417042345307], [-122.13496600943098, 37.454147324843326], [-122.13507322244843, 37.45412300179308], [-122.13515964845274, 37.454103393877524], [-122.13539785019738, 37.45403104506893], [-122.13541150997406, 37.45406182545533], [-122.13564129540445, 37.453985579403565], [-122.1356401356806, 37.45397629885556], [-122.13570766382752, 37.45397208146648], [-122.13579741898519, 37.453975934462306], [-122.13587884226968, 37.453980785112904], [-122.13587674470241, 37.45399344584978], [-122.136112193102, 37.45400131229545], [-122.1361630242644, 37.45400302949212], [-122.1362910449393, 37.45412423700253], [-122.1365346850497, 37.45435491923677], [-122.1366330047405, 37.45438954818542], [-122.13686252964365, 37.45445417934199], [-122.1369614395295, 37.45447083701945], [-122.13715707639307, 37.45452503736889], [-122.13757859908544, 37.45464182845233], [-122.13776675388236, 37.45469395779582], [-122.1379708816277, 37.45468627971672], [-122.13822478771071, 37.45467673898764], [-122.13828759251449, 37.45469016906086], [-122.13850341182554, 37.4547363253374], [-122.13867093861352, 37.45477214572597], [-122.13870119206943, 37.45478735713527], [-122.13889191783939, 37.454883261466335], [-122.13893996332237, 37.45492278638957], [-122.13914106282773, 37.45508827083896], [-122.13935190096686, 37.455261743873706], [-122.1394305933667, 37.455326523305324], [-122.13965511735407, 37.45534923151286], [-122.13982004801079, 37.45539099178832], [-122.13982974981411, 37.45539346626978], [-122.13992671303974, 37.455510844999225], [-122.13992880611245, 37.45552507644939], [-122.13995394184931, 37.455696679412135], [-122.13998744897856, 37.455925117641804], [-122.14004053759362, 37.456045123309536], [-122.14011650000148, 37.4562168634241], [-122.14022690112108, 37.45635506759589], [-122.14046264145843, 37.45649335138831], [-122.14056041856217, 37.456570568995744], [-122.14073483811322, 37.45668720783043], [-122.14082657853109, 37.456835904297584], [-122.14083822069325, 37.45685480910742], [-122.14088090949707, 37.45712457381507], [-122.14118869288752, 37.45748578816808], [-122.14172104429879, 37.45772895044555], [-122.14170358015164, 37.4577495671428], [-122.14173430432508, 37.45776131520963], [-122.14179565924759, 37.45777913590105], [-122.14181947178481, 37.457786081341595], [-122.1419235200318, 37.45781671899872], [-122.14192351464207, 37.457815185868434], [-122.14216746469062, 37.457873394890946], [-122.14229559676811, 37.457891974993856], [-122.14247918542681, 37.45796434933431], [-122.14276354707467, 37.458076448667214], [-122.14293449285523, 37.45806764711663], [-122.1430517759834, 37.45806163370984], [-122.14337736672343, 37.457993553680225], [-122.14346131607282, 37.457975989047014], [-122.14362898839002, 37.45799195425535], [-122.14372819561639, 37.45802442016935], [-122.14383608056696, 37.45805973982173], [-122.14415107205541, 37.45826898973224], [-122.1442785672244, 37.45831332900766], [-122.14432474960438, 37.458329346190155], [-122.14445489929862, 37.45834038751166], [-122.14501261198257, 37.45823412020165], [-122.14506814402957, 37.45822356805026], [-122.14530529475408, 37.458074842990285], [-122.14539306733691, 37.458019842303436], [-122.14562882477037, 37.45790826489988], [-122.14595299079213, 37.45775486281178], [-122.14587515541491, 37.45742612235948], [-122.14583927672501, 37.45727449413522], [-122.14600191133229, 37.45692418482914], [-122.14626107526625, 37.45680396880547], [-122.14646856811024, 37.456707756057014], [-122.1466301534543, 37.45663278842473], [-122.14679923343539, 37.45661458739692], [-122.14689836880149, 37.456603915220235], [-122.14705795538853, 37.45658148695445], [-122.14744631320173, 37.456539731662126], [-122.14752580600856, 37.456531176655496], [-122.14786805238982, 37.45664036871327], [-122.14801063833163, 37.45689336797172], [-122.14814636385572, 37.457012622632455], [-122.14863049281809, 37.45719725820816], [-122.1486534465668, 37.457196455270775], [-122.14919587890003, 37.45717761904392], [-122.14936745888872, 37.457191094313686], [-122.14966954160604, 37.457243251838115], [-122.14988293277833, 37.45722697630354], [-122.14989815024671, 37.45713993799115], [-122.15009703453035, 37.4571000142135], [-122.15026289854126, 37.4570978428647], [-122.15045041734776, 37.45700269870369], [-122.15055146787782, 37.457042847778965], [-122.15065405819678, 37.45708043349651], [-122.15069892210369, 37.45709418492383], [-122.15074590194432, 37.45710228448059], [-122.1507938845402, 37.45710454024929], [-122.15103563821445, 37.45710734271237], [-122.15124310050551, 37.45710087642238], [-122.15127557948351, 37.45709329947938], [-122.15130653809487, 37.457082404412], [-122.1513354455098, 37.45706837803201], [-122.15140606386352, 37.457040305069704], [-122.15164133800171, 37.456943738220446], [-122.15168005988052, 37.45693064476591], [-122.15172079623044, 37.45692229513726], [-122.15176263823342, 37.4569188756126], [-122.15180465240535, 37.456920462480625], [-122.151845901421, 37.45692702033873], [-122.1518854650253, 37.45693840288277], [-122.15196879019574, 37.456966985873436], [-122.15205367193234, 37.456992492757735], [-122.15213993164744, 37.457014869869816], [-122.15218896583804, 37.45702360066151], [-122.15223886309326, 37.457028287403254], [-122.15230115868891, 37.457033083437075], [-122.15236373399058, 37.457032185679246], [-122.15242577276567, 37.45702560584011], [-122.15248646578031, 37.457013429747114], [-122.15254502135579, 37.45699581622522], [-122.15260067569542, 37.456972995025005], [-122.15298075734493, 37.456809171303334], [-122.15299842717792, 37.45680086874351], [-122.15301474743261, 37.45679096498942], [-122.1530294909449, 37.45677959789322], [-122.15337816123049, 37.456422926170184], [-122.15367339163672, 37.456149160605705], [-122.15386765321136, 37.45592424651272], [-122.15390158671588, 37.45588788686115], [-122.15394022588421, 37.45585464542852], [-122.15398312303208, 37.45582490735432], [-122.1540297811435, 37.45579901718731], [-122.15466254718608, 37.455459625791626], [-122.15471646226814, 37.45542942930625], [-122.15476434067114, 37.45540922771263], [-122.15479185876009, 37.45540064476193], [-122.15484237102292, 37.455382718684966], [-122.15529362348673, 37.45521772412608], [-122.15531207805117, 37.45520915758102], [-122.15532863225602, 37.45519840272744], [-122.15534288149337, 37.45518572242956], [-122.15535447749261, 37.4551714266121], [-122.15536313683258, 37.45515586468528], [-122.15536864786864, 37.455139417004524], [-122.15537087590549, 37.455122485574144], [-122.15536604651467, 37.45508042255755], [-122.15535314490643, 37.455039455073184], [-122.15533247923489, 37.455000561585734], [-122.15524730010729, 37.45488346444861], [-122.15522700439818, 37.454850184977005], [-122.15521158967083, 37.45481528085125], [-122.15520125607785, 37.45477920529999], [-122.15517458871918, 37.454558296915906], [-122.15517455187415, 37.45452432419992], [-122.15518087154292, 37.45449072711745], [-122.15521187899942, 37.454397662876936], [-122.15524861784088, 37.454305934022656], [-122.1552909982592, 37.45421576473371], [-122.15533891665962, 37.45412737537692], [-122.15539343165675, 37.45404806091645], [-122.15545398905108, 37.45397158298352], [-122.15550904858836, 37.45392578067565], [-122.1555870124725, 37.45383165366167], [-122.15569959202003, 37.453846935867205], [-122.15638343082097, 37.45396213349088], [-122.15640777402287, 37.45396354403235], [-122.15643209115535, 37.45396187195279], [-122.15645577186727, 37.45395715922081], [-122.15647822178158, 37.45394952412423], [-122.15649887741424, 37.45393915830116], [-122.15651722031758, 37.45392632192977], [-122.15653279009328, 37.45391133719796], [-122.15654495104016, 37.4538950054459], [-122.15655365361022, 37.45387732541263], [-122.1565586705586, 37.45385875877093], [-122.1565749947574, 37.45371724681002], [-122.15658433514518, 37.453660185891216], [-122.15659788462527, 37.453603664077306], [-122.15661559592637, 37.45354787852112], [-122.1566345375954, 37.45350681910085], [-122.1566596360774, 37.453467914780475], [-122.15669051452451, 37.45343174968493], [-122.15673252040874, 37.453392056445615], [-122.15677995052145, 37.45335645829265], [-122.15683218108182, 37.45332542339253], [-122.15688852517899, 37.45329935989783], [-122.1569482418057, 37.45327861057985], [-122.15701054560346, 37.45326344832077], [-122.1573497898357, 37.453193626745], [-122.15740047545103, 37.45318575614892], [-122.15745201534958, 37.45318321791789], [-122.15750353069319, 37.45318605533281], [-122.1575541430625, 37.45319422001119], [-122.15760298943458, 37.45320757273215], [-122.15764923689865, 37.4532258858101], [-122.15769571522569, 37.45325681712667], [-122.15774698426308, 37.45328249059532], [-122.15780211463708, 37.45330244082094], [-122.15786010697502, 37.45331630615603], [-122.1579199100219, 37.45332383525668], [-122.15828232987404, 37.4533653214105], [-122.15845206921418, 37.45338414224671], [-122.15860703935425, 37.4534101535246], [-122.15866819531433, 37.45342262974971], [-122.15872651203367, 37.453441897500454], [-122.15878080948696, 37.45346756689922], [-122.15882998897456, 37.453499118532314], [-122.15887305535408, 37.45353591395983], [-122.15890913717664, 37.4535772086339], [-122.15893750432082, 37.45362216696406], [-122.15896972297547, 37.45370552445736], [-122.15899521455295, 37.45379034903173], [-122.15901387545291, 37.45387629602845], [-122.1591309429158, 37.45448834131611], [-122.15913890304323, 37.45450901124027], [-122.15915103529028, 37.454528349540276], [-122.15916700656501, 37.45454582527656], [-122.15918637837291, 37.45456095864653], [-122.15920861885552, 37.454573334157764], [-122.15923311739293, 37.45458261203577], [-122.15925920136861, 37.45458853755266], [-122.15928615463649, 37.45459094802091], [-122.15931323718341, 37.454589777260125], [-122.15933970544674, 37.45458505741403], [-122.15936483272948, 37.45457691806796], [-122.15964631170903, 37.45446718321358], [-122.15970369091914, 37.454453308771726], [-122.15976261761175, 37.45444447056535], [-122.15982239843268, 37.45444077258812], [-122.15988232997846, 37.454442258351854], [-122.15994170707212, 37.454448910374445], [-122.15999983106025, 37.454460650385734], [-122.16025673480561, 37.45458596042488], [-122.16026981251939, 37.454590196981805], [-122.16028359640727, 37.45459262451237], [-122.16029769578363, 37.45459317421154], [-122.16031171102068, 37.45459183049883], [-122.16032524487541, 37.45458863145994], [-122.16033791374907, 37.45458366776736], [-122.16047882526938, 37.454501693785794], [-122.1604899597658, 37.454491882231366], [-122.16049906133465, 37.45448081824719], [-122.16050591186571, 37.45446876697204], [-122.16051034719312, 37.45445601720413], [-122.1605122610295, 37.45444287448029], [-122.16051160751276, 37.45442965375404], [-122.16050840230521, 37.454416671848], [-122.16041141215489, 37.45408010877667], [-122.16040244834709, 37.45406198162924], [-122.1603972578716, 37.45404294121616], [-122.16039597583989, 37.45402348318263], [-122.16039863562177, 37.45400411404459], [-122.16040516797693, 37.45398533800355], [-122.16042024744561, 37.45393465300093], [-122.16044160367531, 37.453885422725385], [-122.16046902292926, 37.45383813985359], [-122.1605129137157, 37.45377953691996], [-122.16053469937778, 37.453756366050385], [-122.16056109535701, 37.4537364735433], [-122.1605913380894, 37.45372043483243], [-122.16062455273708, 37.4537087138718], [-122.16083033698021, 37.45366082196236], [-122.16128231886981, 37.45355153147874], [-122.16133086317025, 37.45355009837427], [-122.16137928271993, 37.453553219546905], [-122.16142690757431, 37.45356085181135], [-122.1614730787841, 37.45357288956574], [-122.16185075022305, 37.45368531567993], [-122.16259759324628, 37.45388034324842], [-122.1625802692447, 37.45382583437598], [-122.16240681272905, 37.45334010056759], [-122.1623972479775, 37.45330039630526], [-122.1623946917718, 37.45326001785154], [-122.16240002181189, 37.45321580937682], [-122.16241374423934, 37.45317276561477], [-122.16243553817606, 37.453131893033984], [-122.16244439915857, 37.45311464530869], [-122.16247586028061, 37.45306996587369], [-122.16251419330706, 37.453028838971164], [-122.16255877572225, 37.45299193247691], [-122.1626088835274, 37.45295984572892], [-122.16266370299829, 37.452933099794855], [-122.16272234389929, 37.45291212901057], [-122.16278385394007, 37.45289727392711], [-122.1628472342396, 37.452888775780536], [-122.16307613577634, 37.45287635300277], [-122.16330436975429, 37.45285769115104], [-122.16334883006654, 37.45285316990335], [-122.16337495941077, 37.45284813755574], [-122.16339980251854, 37.452839952568354], [-122.16342276485796, 37.45282881082004], [-122.16344329690749, 37.45281497894921], [-122.16346090730673, 37.45279878797268], [-122.16347517461539, 37.45278062536393], [-122.16348575739897, 37.452760925780055], [-122.16349240239956, 37.45274016065989], [-122.16351357481405, 37.45252047570023], [-122.16352099965172, 37.45248427349853], [-122.16353440725966, 37.45244918241747], [-122.16355355865805, 37.45241582790572], [-122.16357811249352, 37.452384804459136], [-122.16360763112363, 37.45235666502513], [-122.16365667878101, 37.45231468137604], [-122.16370997556344, 37.45227612974271], [-122.16376714494181, 37.45224128247874], [-122.16382778303027, 37.452210385767344], [-122.16403196827903, 37.452103933576396], [-122.16406048729506, 37.452093583274], [-122.1640907337119, 37.45208705565597], [-122.16412190737675, 37.45208452340692], [-122.16415318360738, 37.452086053516076], [-122.16418373500824, 37.45209160550527], [-122.16421275335844, 37.452101032499634], [-122.16423947099241, 37.452114085113095], [-122.16471211498346, 37.452406334996866], [-122.16474210424913, 37.45241885798591], [-122.1647742216922, 37.4524273913738], [-122.16480763859745, 37.452431714976335], [-122.16484149271946, 37.452431717233], [-122.16487491053115, 37.45242739808557], [-122.16490702976373, 37.452418868979606], [-122.16493702165577, 37.45240634998881], [-122.164964065226, 37.452392028534405], [-122.1649879063941, 37.452374459434616], [-122.16500793785643, 37.4523540902272], [-122.16502364935512, 37.45233143977661], [-122.16503464067588, 37.45230708505689], [-122.16510695417826, 37.45202983641625], [-122.1652325036513, 37.45159072768766], [-122.16527254786443, 37.45142440826878], [-122.16529295581245, 37.45133969294941], [-122.16531961006909, 37.4512560876746], [-122.16535241737394, 37.45117388490508], [-122.16539126294359, 37.45109337219446], [-122.16568277615491, 37.45052481934644], [-122.16569769105888, 37.450504110241845], [-122.16571668333285, 37.4504856442563], [-122.1657392334716, 37.45046992649646], [-122.16575504311358, 37.4504616208181], [-122.16577185399127, 37.450454676416385], [-122.16584310797951, 37.450417317698964], [-122.16590970961545, 37.450374852168736], [-122.16597108496146, 37.450327645776454], [-122.1660267051209, 37.45027610532698], [-122.16608616191247, 37.45021540221125], [-122.16703863371912, 37.450815898804485], [-122.16705248015145, 37.45082223508254], [-122.16706743367683, 37.450826694085144], [-122.16708309710712, 37.450829157374365], [-122.16709905439782, 37.45082955952157], [-122.16711488169902, 37.45082788984507], [-122.1671301586135, 37.45082419269404], [-122.16714447936337, 37.4508185662704], [-122.16715746356805, 37.45081116002048], [-122.16716876634797, 37.450802170665455], [-122.16737820854841, 37.45059473484284], [-122.16740494967858, 37.45056429983222], [-122.16742689740771, 37.450531518265926], [-122.16744373208898, 37.45049686758448], [-122.16745520854467, 37.45046085245003], [-122.16754065542526, 37.450089632117326], [-122.16762320433708, 37.449753202204946], [-122.1676249342415, 37.44973896204155], [-122.1676238839504, 37.449724679771634], [-122.16762007868446, 37.449710698335664], [-122.16761360981583, 37.44969735345049], [-122.16760463267373, 37.449684965548165], [-122.16759336281478, 37.44967383208189], [-122.16758007084704, 37.44966422038374], [-122.16738493435167, 37.44955066215501], [-122.16728332144106, 37.44948373038501], [-122.16725636341036, 37.44944611791482], [-122.1672346925202, 37.44940639232693], [-122.16721856550863, 37.449365024271636], [-122.1672116098981, 37.44933242132005], [-122.16720914265794, 37.449299408667], [-122.1672111930472, 37.4492663778894], [-122.16726870142038, 37.44896445662712], [-122.16727344630944, 37.44892971899972], [-122.16728276024524, 37.44889557412635], [-122.16729653932002, 37.44886240291016], [-122.16752995938725, 37.44831112829531], [-122.16755394908243, 37.448270535247715], [-122.16758567384936, 37.44823346963876], [-122.16762433844497, 37.448200860577515], [-122.16766897367201, 37.44817352546131], [-122.16798575105751, 37.447968318882225], [-122.16804015978826, 37.447938255787584], [-122.16809066743353, 37.44790413902962], [-122.16813680064153, 37.44786628835039], [-122.1681781270596, 37.44782505848576], [-122.16850966198365, 37.44746725574348], [-122.16856073190242, 37.447407646420714], [-122.16860637776908, 37.447345302761086], [-122.16864637029906, 37.44728053794311], [-122.16906674413103, 37.44664602599439], [-122.16936507368385, 37.44673298525275], [-122.17039891037938, 37.44738419076246], [-122.17043793140247, 37.44729839120951], [-122.17054341518653, 37.44706631078803], [-122.17077949870712, 37.44696866342015], [-122.17136466657915, 37.44701994873416], [-122.17144747326886, 37.44702720612744], [-122.17172847973906, 37.44687650966337]]]}}]}