{"type": "FeatureCollection", "features": [{"type": "Feature", "properties": {"DISTRICT": 1, "POPULATION": 28501}, "geometry": {"type": "Polygon", "coordinates": [[[-121.66477679233482, 37.088931848168805], [-121.66389644335639, 37.088695374256034], [-121.6610667502114, 37.08961260228317], [-121.65989894034206, 37.08954811005032], [-121.64831965632976, 37.09705033829191], [-121.646325396399, 37.094205741271644], [-121.6367493554703, 37.10644319852744], [-121.63554561298959, 37.10776140149921], [-121.6319972676173, 37.105533338528446], [-121.63193438554741, 37.10561214573234], [-121.63518628687592, 37.10763244787307], [-121.62976944571267, 37.10956672921083], [-121.63040724956441, 37.110175659407645], [-121.6289879114155, 37.11072727430046], [-121.63030843488316, 37.112761767217634], [-121.63229371166106, 37.112016747985486], [-121.63411729168782, 37.113821974256545], [-121.62539465027903, 37.117152933567525], [-121.62594262260234, 37.11766151876029], [-121.62652652753702, 37.11784776037062], [-121.62856570323196, 37.118205916025914], [-121.62918554077801, 37.11814144813299], [-121.62642771285577, 37.11912994979179], [-121.62407412681135, 37.11521168262276], [-121.6232297104443, 37.11408702369685], [-121.62150494509878, 37.112245985452994], [-121.62021137108965, 37.11119292010845], [-121.59535498717806, 37.11990355078261], [-121.59265105817288, 37.11495380052345], [-121.59290258645242, 37.11473173467855], [-121.58929135901026, 37.10789751897748], [-121.5888422013682, 37.108033636211104], [-121.5816916117066, 37.095094241482165], [-121.57621188847347, 37.09702167789733], [-121.57499916283992, 37.09846184930952], [-121.57434339268252, 37.09886308622004], [-121.56715687040955, 37.09917117740547], [-121.55754489686947, 37.10076176777996], [-121.55617047448479, 37.100847744686675], [-121.56626753827827, 37.11589936392701], [-121.5619556249145, 37.11593518049049], [-121.5613896862855, 37.11554119736042], [-121.56098544440766, 37.11544807377558], [-121.56023085956899, 37.11549821725857], [-121.56048238784854, 37.11592801717913], [-121.55100516160108, 37.115978160344284], [-121.55147228554881, 37.11690938451901], [-121.5509422795312, 37.11756123462647], [-121.54929836256127, 37.11904399363817], [-121.5516160159943, 37.12013992728639], [-121.55184059481532, 37.12013992728639], [-121.55272094379376, 37.12081323813043], [-121.55320603404718, 37.121722914546865], [-121.55320603404718, 37.12238188591064], [-121.55293653946195, 37.12304085153784], [-121.55295450576763, 37.12363534821407], [-121.5531251856716, 37.12393617607833], [-121.5538168884404, 37.12438025312139], [-121.55424807977676, 37.12490311468724], [-121.5541672314012, 37.125998963511265], [-121.5546074058904, 37.12661492385855], [-121.55511046244952, 37.12702317388455], [-121.55743709903538, 37.12801872173267], [-121.5579221892888, 37.12851290968553], [-121.55782337460755, 37.13005991197954], [-121.55860490890474, 37.131721471811716], [-121.5602757753332, 37.13301774962216], [-121.56111120854743, 37.13347609668294], [-121.56185681023325, 37.13415645048201], [-121.56377920494126, 37.135323780115904], [-121.56394090169239, 37.13573198316112], [-121.56389598592818, 37.137006708318125], [-121.56408463213788, 37.13737193460143], [-121.56489311589357, 37.13770851412491], [-121.56614177413849, 37.13778012659631], [-121.56706703888113, 37.13870392139979], [-121.56951045645394, 37.14017910521552], [-121.57000452986021, 37.140773467263614], [-121.57024707498692, 37.14131769829625], [-121.57070521578181, 37.14176883421046], [-121.57167539628867, 37.14352322607779], [-121.57234014959893, 37.144246453329245], [-121.57387626873476, 37.1450484398191], [-121.57512492697968, 37.14541362727799], [-121.57591544442973, 37.14592202256905], [-121.57852055875365, 37.14842098635735], [-121.57864632289343, 37.149187127770944], [-121.57914937945256, 37.15027546484572], [-121.57903259846562, 37.1512134269948], [-121.57923921098096, 37.151958060416376], [-121.57969735177585, 37.15282440353402], [-121.58069448174123, 37.15316807408706], [-121.58121550460604, 37.15314659472327], [-121.58178144323502, 37.15292464094], [-121.58183534215206, 37.15360481982769], [-121.5822306008771, 37.153597660081786], [-121.58327264660664, 37.15388404938902], [-121.58505131086922, 37.15457137930057], [-121.58727014962099, 37.153683576987845], [-121.5899561123205, 37.153318429462836], [-121.5951663409684, 37.153719375669894], [-121.60393389814142, 37.15982638272915], [-121.6130248488167, 37.16198125808886], [-121.61946576940382, 37.16927587846868], [-121.62146002933457, 37.17007044130476], [-121.62206190057495, 37.16948346776361], [-121.62282546856643, 37.16929019499008], [-121.62310394630452, 37.16894659772773], [-121.62474786327445, 37.16794443012253], [-121.6248646442614, 37.16687066436914], [-121.62975147940699, 37.16581835912923], [-121.63174573933775, 37.16544611159059], [-121.63233862742527, 37.16549622194295], [-121.63357830251735, 37.165038068913006], [-121.6332369427094, 37.16493068889487], [-121.6331560943338, 37.16463718273357], [-121.6335244036003, 37.16308372870455], [-121.6309552218877, 37.16254681320554], [-121.63073064306668, 37.16168774047428], [-121.63011080552066, 37.16175217126779], [-121.62914960816664, 37.15789338579018], [-121.62958079950302, 37.15779315497139], [-121.63294948181846, 37.15523722419402], [-121.63734224355781, 37.15688391218786], [-121.64238179230173, 37.15127070674909], [-121.6404773638994, 37.149215768420945], [-121.64937966836501, 37.14221996743413], [-121.6469542170979, 37.1402220713033], [-121.64578640722854, 37.141117192581866], [-121.64339688857277, 37.139155072901744], [-121.64339688857277, 37.13904765612151], [-121.64741235789279, 37.1358322432213], [-121.65270343491626, 37.13173579544476], [-121.6472596442945, 37.12641437917954], [-121.65216444574578, 37.124587965682714], [-121.66196506549554, 37.121593984696034], [-121.66170455406315, 37.11710279118041], [-121.66183031820292, 37.11708130157576], [-121.66186625081428, 37.117489603021035], [-121.66847785130541, 37.11721023911213], [-121.66709444576784, 37.11655122273031], [-121.6683071714014, 37.11644377386332], [-121.66978939162021, 37.117138607174596], [-121.67137042652026, 37.11705264876006], [-121.67172076948106, 37.11728903416516], [-121.6732748549226, 37.11726754461339], [-121.67328383807543, 37.12224579446857], [-121.67296044457316, 37.12503920135171], [-121.67134347706174, 37.13238751788023], [-121.67302332664305, 37.13502299751545], [-121.67623031220734, 37.132817221909995], [-121.67495470450389, 37.131585397162546], [-121.67583505348233, 37.13100528670246], [-121.67564640727267, 37.130826239366066], [-121.67663455408521, 37.130160179555496], [-121.67507148549082, 37.128469936948164], [-121.67455944577888, 37.12809750553559], [-121.67594285131642, 37.127166418985816], [-121.67629319427722, 37.12718074348104], [-121.67638302580566, 37.127768045450544], [-121.67751490306365, 37.12715209448788], [-121.68085663592055, 37.124652428085845], [-121.68032662990294, 37.12415105239224], [-121.67843118465343, 37.124208352639606], [-121.67686811605907, 37.12305517681386], [-121.67841321834774, 37.12241053670936], [-121.67994035433077, 37.120777423874635], [-121.68243767082062, 37.1200539722795], [-121.68476430740648, 37.12003248351253], [-121.68689331462986, 37.12054821223629], [-121.68692026408837, 37.119373491697054], [-121.6875850173986, 37.11875747242127], [-121.68780959621965, 37.11766151876029], [-121.68778264676114, 37.116042630079235], [-121.68837553484865, 37.11475322495007], [-121.6869022977827, 37.114481014393505], [-121.68586923520596, 37.11378615669345], [-121.68434209922296, 37.11327754546911], [-121.68400972256781, 37.11297667524936], [-121.68358751438429, 37.11143648754439], [-121.68311140728369, 37.11068429146615], [-121.68233885613937, 37.110347591753296], [-121.6816741028291, 37.109681351739596], [-121.68110816420013, 37.1094807622004], [-121.680209848916, 37.10889331835076], [-121.67922170210346, 37.10799065184796], [-121.67926661786767, 37.10763244787307], [-121.67910492111653, 37.107424688791376], [-121.67870966239153, 37.10736737584099], [-121.67847610041764, 37.107668268346806], [-121.67682320029486, 37.107123795317854], [-121.67643692472271, 37.10662946773055], [-121.67614048067892, 37.10579841697925], [-121.67443368163912, 37.10478108381887], [-121.67353536635498, 37.103391184035246], [-121.67236755648564, 37.10202991725914], [-121.67213399451177, 37.10132061592944], [-121.6721429776646, 37.09932880496935], [-121.67178365155094, 37.09878427199461], [-121.6720531461362, 37.09867679791872], [-121.67181060100947, 37.09791731010359], [-121.67242145540268, 37.096111704733005], [-121.67231365756858, 37.09550266147078], [-121.67114584769924, 37.0944565286767], [-121.67052601015318, 37.094148418319676], [-121.66929531821394, 37.093854637510134], [-121.66853175022246, 37.09338171966812], [-121.6683520871656, 37.09299478469303], [-121.6688731100304, 37.092557689103856], [-121.6688731100304, 37.092335557592335], [-121.66477679233482, 37.088931848168805]]]}}, {"type": "Feature", "properties": {"DISTRICT": 2, "POPULATION": 28437}, "geometry": {"type": "Polygon", "coordinates": [[[-121.82762338704002, 37.16457991310579], [-121.82808152783491, 37.164551278275646], [-121.82919543878721, 37.16495216491071], [-121.82986917525031, 37.1644438975659], [-121.83046206333782, 37.163255540858714], [-121.83111783349524, 37.16304077560496], [-121.83391159402883, 37.163491781933025], [-121.83571720774992, 37.16297634590984], [-121.83622924746186, 37.16262556105071], [-121.83696586599486, 37.162382158355044], [-121.83712756274599, 37.16238931726904], [-121.83702874806474, 37.162604084373825], [-121.83719942796871, 37.162604084373825], [-121.83712756274599, 37.16247522418419], [-121.83754977092954, 37.16244658855666], [-121.83835825468523, 37.16276873874088], [-121.83884334493867, 37.1625754487951], [-121.83975962652845, 37.162518177605136], [-121.8408825206336, 37.162281933487854], [-121.84239169031093, 37.16110070182588], [-121.84243660607514, 37.1588169349382], [-121.84321814037233, 37.15793634181468], [-121.84300254470412, 37.15788622645037], [-121.8417538864592, 37.15883125344083], [-121.84143947610977, 37.15966172195282], [-121.84137659403989, 37.16027740823633], [-121.840577093437, 37.15830146703751], [-121.8403974303802, 37.15565247933075], [-121.82627591411384, 37.148793317733386], [-121.81733767703685, 37.144267935221066], [-121.80336887436877, 37.13686348184342], [-121.8031802281591, 37.11697385346103], [-121.80292869987956, 37.11732485007126], [-121.80275801997558, 37.117976696601694], [-121.80282090204547, 37.1193305137707], [-121.8031353123949, 37.12046225769297], [-121.80231784548636, 37.121192868200225], [-121.80181478892726, 37.12122151944898], [-121.79994629313627, 37.12077026102143], [-121.7982484772493, 37.120691469591584], [-121.79740406088223, 37.120892029433534], [-121.7961554026373, 37.12084188952288], [-121.79516725582477, 37.121572496366205], [-121.79508640744919, 37.122131190959166], [-121.79550861563273, 37.12290476128051], [-121.79558946400832, 37.12355655976635], [-121.79649676244526, 37.12464526559932], [-121.79662252658503, 37.12500338909531], [-121.79592184066344, 37.125934502254914], [-121.79596675642765, 37.12652897620405], [-121.7963081162356, 37.127331150517115], [-121.79590387435775, 37.12836250499801], [-121.79583200913503, 37.129042904773364], [-121.79552658193843, 37.129565734128676], [-121.79495166015658, 37.13001694012061], [-121.7946911487242, 37.13085488696836], [-121.79435877206905, 37.131363380104375], [-121.79337062525654, 37.131943487819285], [-121.77566483100654, 37.12314829104186], [-121.76216315228622, 37.134349813076895], [-121.76652896456704, 37.13760825655111], [-121.76346570944818, 37.139778087219455], [-121.7734549754076, 37.14731830191345], [-121.77293395254283, 37.14769063871834], [-121.772583609582, 37.14814173662232], [-121.76906221366825, 37.14799853123004], [-121.76628641944033, 37.14724669847157], [-121.76538810415622, 37.1473970656212], [-121.7642741932039, 37.147783722633136], [-121.76356452412944, 37.14814889688483], [-121.7633579116141, 37.148592831835614], [-121.76293570343057, 37.14897948273399], [-121.7620733207578, 37.14915848711007], [-121.76132771907199, 37.149659697108966], [-121.76095042665266, 37.150483106324145], [-121.76113008970948, 37.15158574462219], [-121.76101330872254, 37.15175042298802], [-121.7605012690106, 37.15152130516401], [-121.75971075156058, 37.15161438436375], [-121.75842616070429, 37.15110602733852], [-121.75803988513209, 37.149767098819424], [-121.75706970462527, 37.149552295245996], [-121.75650376599626, 37.14894368180792], [-121.75612647357694, 37.14880047793421], [-121.75204812218703, 37.149394772237734], [-121.7517786276018, 37.14907256506243], [-121.75164388030919, 37.14838518516691], [-121.75107794168018, 37.14765483718213], [-121.74858062519033, 37.14813457635916], [-121.74698162398461, 37.14876467692341], [-121.74637975274423, 37.14873603610255], [-121.74529279125045, 37.14832790322693], [-121.74376565526745, 37.14854271027813], [-121.74328056501402, 37.14849974891671], [-121.7413312208475, 37.14675263287503], [-121.74109765887363, 37.14627288493178], [-121.74107070941511, 37.145621282105495], [-121.7405047707861, 37.14498399479037], [-121.73975916910027, 37.14469041118689], [-121.73885187066332, 37.14466892941506], [-121.73843864563261, 37.14446843258379], [-121.73816016789455, 37.143551868872734], [-121.73771999340534, 37.14285727803786], [-121.73765711133545, 37.14167574289291], [-121.7370821895536, 37.14046554533975], [-121.73658811614735, 37.13983537563477], [-121.73583353130869, 37.139283972836715], [-121.73648031831323, 37.1370639988321], [-121.7365342172303, 37.1358179203637], [-121.7360131943655, 37.13445723652724], [-121.73522267691547, 37.131227304811254], [-121.73418063118588, 37.12926492863947], [-121.73330028220747, 37.12650748927517], [-121.73214145549096, 37.12631410664078], [-121.72911413298347, 37.12617802226855], [-121.72645511974248, 37.12687276623644], [-121.72517951203903, 37.126965875768136], [-121.72367932551454, 37.127374123901085], [-121.72064301985422, 37.127216554707225], [-121.71965487304169, 37.12688709078724], [-121.71836129903257, 37.125977476431906], [-121.71684314620238, 37.125662331900706], [-121.71354632910966, 37.12369264885183], [-121.71258513175566, 37.123384657413915], [-121.71207309204371, 37.12345628344153], [-121.71064477074198, 37.12410807717826], [-121.70856966243565, 37.12411523971563], [-121.70786897651404, 37.12462377813567], [-121.70728507157936, 37.12570530623222], [-121.70647658782364, 37.12608491176762], [-121.7056142051509, 37.12604193765164], [-121.70476978878384, 37.12550475914305], [-121.70432063114175, 37.124237002747], [-121.70337740009343, 37.123133965783474], [-121.70237128697521, 37.12062700381523], [-121.70155382006668, 37.11940214363439], [-121.70123042656438, 37.119165764827], [-121.70072737000528, 37.11899385250351], [-121.69953261067741, 37.11895803738697], [-121.69834683450237, 37.11871449414521], [-121.6965232544756, 37.118836265864026], [-121.69446611247496, 37.11845662397649], [-121.69386424123462, 37.11817726363582], [-121.69318152161867, 37.11709562797952], [-121.6927054145181, 37.11671597736353], [-121.69213049273625, 37.11657271248541], [-121.69044166000212, 37.11679477293097], [-121.68900435554754, 37.11613575293283], [-121.68837553484865, 37.116107099759304], [-121.6877556973026, 37.116221712388324], [-121.6877556973026, 37.11806265396711], [-121.68752213532872, 37.11887208103817], [-121.68692026408837, 37.119373491697054], [-121.68689331462986, 37.12054821223629], [-121.68476430740648, 37.12003248351253], [-121.68243767082062, 37.1200539722795], [-121.67994035433077, 37.120777423874635], [-121.67841321834774, 37.12241053670936], [-121.67686811605907, 37.12305517681386], [-121.67843118465343, 37.124208352639606], [-121.68032662990294, 37.12415105239224], [-121.68085663592055, 37.124652428085845], [-121.67751490306365, 37.12715209448788], [-121.67638302580566, 37.127768045450544], [-121.67629319427722, 37.12718074348104], [-121.67594285131642, 37.127166418985816], [-121.67455944577888, 37.12809750553559], [-121.67507148549082, 37.128469936948164], [-121.67663455408521, 37.130160179555496], [-121.67564640727267, 37.130826239366066], [-121.67583505348233, 37.13100528670246], [-121.67495470450389, 37.131585397162546], [-121.67623031220734, 37.132817221909995], [-121.67302332664305, 37.13502299751545], [-121.67134347706174, 37.13238751788023], [-121.67296044457316, 37.12503920135171], [-121.67328383807543, 37.12224579446857], [-121.6732748549226, 37.11726754461339], [-121.67172076948106, 37.11728903416516], [-121.67137042652026, 37.11705264876006], [-121.66978939162021, 37.117138607174596], [-121.6683071714014, 37.11644377386332], [-121.66709444576784, 37.11655122273031], [-121.66847785130541, 37.11721023911213], [-121.66186625081428, 37.117489603021035], [-121.66183031820292, 37.11708130157576], [-121.66170455406315, 37.11710279118041], [-121.66196506549554, 37.121593984696034], [-121.65216444574578, 37.124587965682714], [-121.6472596442945, 37.12641437917954], [-121.65270343491626, 37.13173579544476], [-121.64741235789279, 37.1358322432213], [-121.64339688857277, 37.13904765612151], [-121.64339688857277, 37.139155072901744], [-121.64578640722854, 37.141117192581866], [-121.6469542170979, 37.1402220713033], [-121.64937966836501, 37.14221996743413], [-121.6404773638994, 37.149215768420945], [-121.64238179230173, 37.15127070674909], [-121.63734224355781, 37.15688391218786], [-121.63294948181846, 37.15523722419402], [-121.62958079950302, 37.15779315497139], [-121.62914960816664, 37.15789338579018], [-121.63011080552066, 37.16175217126779], [-121.63073064306668, 37.16168774047428], [-121.6309552218877, 37.16254681320554], [-121.6335244036003, 37.16308372870455], [-121.6331560943338, 37.16463718273357], [-121.6332369427094, 37.16493068889487], [-121.63357830251735, 37.165038068913006], [-121.63233862742527, 37.16549622194295], [-121.63174573933775, 37.16544611159059], [-121.62975147940699, 37.16581835912923], [-121.6248646442614, 37.16687066436914], [-121.62474786327445, 37.16794443012253], [-121.62310394630452, 37.16894659772773], [-121.62282546856643, 37.16929019499008], [-121.62206190057495, 37.16948346776361], [-121.62146002933457, 37.17007044130476], [-121.61946576940382, 37.16927587846868], [-121.6130248488167, 37.16198125808886], [-121.60393389814142, 37.15982638272915], [-121.5951663409684, 37.153719375669894], [-121.5899561123205, 37.153318429462836], [-121.58727014962099, 37.153683576987845], [-121.58505131086922, 37.15457137930057], [-121.58327264660664, 37.15388404938902], [-121.5822306008771, 37.153597660081786], [-121.58183534215206, 37.15360481982769], [-121.58178144323502, 37.15292464094], [-121.58121550460604, 37.15314659472327], [-121.58069448174123, 37.15316807408706], [-121.57969735177585, 37.15282440353402], [-121.57923921098096, 37.151958060416376], [-121.57903259846562, 37.1512134269948], [-121.57914937945256, 37.15027546484572], [-121.57864632289343, 37.149187127770944], [-121.57852055875365, 37.14842098635735], [-121.57817021579287, 37.148055813419504], [-121.57591544442973, 37.14592202256905], [-121.57512492697968, 37.14541362727799], [-121.57387626873476, 37.1450484398191], [-121.57234014959893, 37.144246453329245], [-121.57167539628867, 37.14352322607779], [-121.57070521578181, 37.14176883421046], [-121.57024707498692, 37.14131769829625], [-121.57000452986021, 37.140773467263614], [-121.56951045645394, 37.14017910521552], [-121.56706703888113, 37.13870392139979], [-121.56614177413849, 37.13778012659631], [-121.56489311589357, 37.13770851412491], [-121.56408463213788, 37.13737193460143], [-121.56389598592818, 37.137006708318125], [-121.56394090169239, 37.13573198316112], [-121.56377920494126, 37.135323780115904], [-121.56185681023325, 37.13415645048201], [-121.56111120854743, 37.13347609668294], [-121.5602757753332, 37.13301774962216], [-121.55860490890474, 37.131721471811716], [-121.55782337460755, 37.13005991197954], [-121.55799405451152, 37.12876358350049], [-121.5577694756905, 37.12832669431407], [-121.55743709903538, 37.12801872173267], [-121.55666454789103, 37.127624801487976], [-121.55511046244952, 37.12702317388455], [-121.5546074058904, 37.12661492385855], [-121.55412231563699, 37.125870040943695], [-121.55424807977676, 37.12490311468724], [-121.5538168884404, 37.12438025312139], [-121.5531251856716, 37.12393617607833], [-121.55295450576763, 37.12363534821407], [-121.55293653946195, 37.12304085153784], [-121.55322400035286, 37.12197361085046], [-121.55295450576763, 37.121121240030874], [-121.55184059481532, 37.12013992728639], [-121.5516160159943, 37.12013992728639], [-121.54929836256127, 37.11904399363817], [-121.5509422795312, 37.11756123462647], [-121.55147228554881, 37.11690938451901], [-121.55100516160108, 37.115978160344284], [-121.50836213506392, 37.11634348811655], [-121.47166595570765, 37.115999650262026], [-121.47180070300026, 37.116895058079976], [-121.4225909917362, 37.11704548555445], [-121.38567921671172, 37.11725321824214], [-121.37357890983465, 37.11742513451815], [-121.37340822993066, 37.134020380211595], [-121.37307585327552, 37.144260774591125], [-121.37296805544143, 37.16038479486524], [-121.37307585327552, 37.169705372931034], [-121.37283330814881, 37.17274039755549], [-121.37401908432385, 37.171838492590844], [-121.37419874738067, 37.17292650358925], [-121.37406400008805, 37.17304818805576], [-121.37530367518013, 37.17311260916461], [-121.37632775460403, 37.17248271152125], [-121.37708233944271, 37.17173828026356], [-121.37818726724218, 37.17008475767563], [-121.37865439118991, 37.1696409489173], [-121.37966948746097, 37.168008855582585], [-121.38019949347861, 37.16793727173467], [-121.38199612404684, 37.168101914483465], [-121.38293037194232, 37.16788716300083], [-121.38381072092076, 37.166548531668155], [-121.38427784486849, 37.16620492194034], [-121.38456530575941, 37.16551053918039], [-121.38392750190769, 37.16377097497799], [-121.38325376544459, 37.16299066362461], [-121.3835771589469, 37.16247522418419], [-121.3841700470344, 37.16200273494274], [-121.3839724176719, 37.16016286233072], [-121.3833615632787, 37.159146259812424], [-121.38169968000308, 37.15764280849407], [-121.38164578108604, 37.15714165141029], [-121.38201409035251, 37.15689823105659], [-121.38230155124343, 37.15650446117806], [-121.38231053439627, 37.1552873413143], [-121.38356817579405, 37.1514926653872], [-121.38425089540998, 37.15157142474734], [-121.38532887375092, 37.15197954011782], [-121.38607447543674, 37.15190794108933], [-121.38716143693053, 37.15161438436375], [-121.38852687616239, 37.15142822584971], [-121.39114097363917, 37.150755187398374], [-121.39202132261761, 37.15026114472274], [-121.39265912646935, 37.14842814659342], [-121.3930004862773, 37.14815605714664], [-121.39344066076652, 37.14813457635916], [-121.3965757811081, 37.15021818433755], [-121.39747409639223, 37.15059766689578], [-121.39809393393826, 37.150554706701755], [-121.39859699049737, 37.15023250446865], [-121.39902818183374, 37.15013942356795], [-121.39946835632297, 37.1503900257319], [-121.40001632864627, 37.150869747557806], [-121.40052836835821, 37.15255948974995], [-121.40069904826221, 37.15370505619913], [-121.4011571890571, 37.154922201534426], [-121.40247771252476, 37.155631000672706], [-121.40465163551232, 37.15599613702949], [-121.40602605789702, 37.15789338579018], [-121.40654708076183, 37.15883841269113], [-121.40761607594993, 37.16324838202675], [-121.40777777270107, 37.16523851120534], [-121.40774184008971, 37.169011022333436], [-121.4088737173477, 37.17011339040926], [-121.41221545020463, 37.17133027155901], [-121.41316766440579, 37.171960178809556], [-121.4134102095325, 37.17233239426208], [-121.4134102095325, 37.17290502983952], [-121.4116674778813, 37.1733631351768], [-121.41044576909489, 37.17447259753152], [-121.41008644298125, 37.175760984982475], [-121.41110153925231, 37.17696346011411], [-121.41115543816936, 37.1778581464547], [-121.41023915657955, 37.17891744138247], [-121.40988881361875, 37.18013418073978], [-121.40941270651815, 37.18062802818144], [-121.40891863311191, 37.18084990061861], [-121.4088108352778, 37.18251034462061], [-121.40904439725168, 37.1836053588382], [-121.40947558858805, 37.18415643841972], [-121.41037390387217, 37.18438545732281], [-121.41154171374153, 37.18540887706038], [-121.41149679797732, 37.18665413831734], [-121.41022119027387, 37.18960260609205], [-121.41047271855342, 37.192014252634536], [-121.41173035995119, 37.19361004761293], [-121.41172137679834, 37.19492673197521], [-121.41201782084212, 37.195456261602985], [-121.41260172577678, 37.195957164589274], [-121.41376953564614, 37.19765305431139], [-121.41459598570754, 37.19825412000537], [-121.41533260424053, 37.1990054453928], [-121.41567396404848, 37.19965658801313], [-121.41587159341098, 37.20102325370794], [-121.41573684611836, 37.20241136002568], [-121.41622193637178, 37.2034345354523], [-121.4168777065292, 37.20604607418055], [-121.4168777065292, 37.21126888053003], [-121.41724601579568, 37.21189130046664], [-121.41837789305367, 37.21321482004612], [-121.41906061266961, 37.21376568351497], [-121.42109080521173, 37.21483162867591], [-121.42190827212026, 37.2182153682212], [-121.42150403024242, 37.219967985484914], [-121.42183640689753, 37.22131282336469], [-121.42223166562256, 37.22194231370805], [-121.42272573902882, 37.22236435542814], [-121.42423490870613, 37.22317266602794], [-121.42509729137889, 37.22355178217442], [-121.42594170774596, 37.223609007087596], [-121.4264088316937, 37.22350171033977], [-121.42760359102158, 37.224660507138225], [-121.4278461361483, 37.22521128702821], [-121.42896004710062, 37.22539011080283], [-121.42948106996539, 37.22581928613182], [-121.4300290422887, 37.22671339355609], [-121.43076566082168, 37.22746443560017], [-121.4315741445774, 37.22782207203978], [-121.43288568489221, 37.22734999158128], [-121.43296653326777, 37.22665617099843], [-121.43389179801042, 37.22633429330267], [-121.43475418068319, 37.22751450480384], [-121.43495181004569, 37.2281224853383], [-121.43544588345195, 37.22832276020573], [-121.43611961991505, 37.229367041968146], [-121.43657776070994, 37.22957446607606], [-121.43903016143558, 37.23003938010728], [-121.43976677996856, 37.230654492727886], [-121.44176103989932, 37.23113370489666], [-121.44346783893913, 37.23336521995604], [-121.44521057059033, 37.23450956103335], [-121.44609990272161, 37.235968570715514], [-121.4475821229404, 37.236483508567574], [-121.4487589159626, 37.23728451601266], [-121.4488038317268, 37.23791387303429], [-121.44815704472224, 37.23950154580897], [-121.4510047041729, 37.24322028807129], [-121.45113046831267, 37.243842444340686], [-121.45184013738714, 37.244321572679645], [-121.45264862114283, 37.24536563283738], [-121.45263065483715, 37.24638107473178], [-121.45396914461051, 37.24805437870566], [-121.45475067890767, 37.24854063101238], [-121.45576577517873, 37.24944161963989], [-121.4555411963577, 37.252852407564525], [-121.45603526976396, 37.25348878486489], [-121.45599035399975, 37.253924950471685], [-121.45539746591226, 37.25494027702111], [-121.45541543221793, 37.25469717191017], [-121.45502915664574, 37.25555518644702], [-121.45530763438384, 37.256320241167316], [-121.45528966807815, 37.2566705907352], [-121.45596340454124, 37.25754288258026], [-121.45620594966796, 37.258136321258625], [-121.45634069696058, 37.25924453759795], [-121.4572659617032, 37.26094615417344], [-121.45664612415717, 37.262118674315886], [-121.45594543823555, 37.26289081175827], [-121.45485847674176, 37.26314818914657], [-121.4540769424446, 37.27510096983113], [-121.47936451769256, 37.27516530382728], [-121.48370338051485, 37.275115266279464], [-121.48351473430519, 37.274922263997816], [-121.48387406041884, 37.275015191084094], [-121.48412558869839, 37.27490081926932], [-121.48429626860236, 37.27490796751284], [-121.48447593165918, 37.275115266279464], [-121.4898658233639, 37.27522248955547], [-121.49332433720777, 37.27515815560819], [-121.4939621410595, 37.275258230613524], [-121.5866862446863, 37.275322564475275], [-121.58656946369936, 37.285064935745645], [-121.58782710509713, 37.33803619930136], [-121.60728461415118, 37.33058646892072], [-121.633201010098, 37.32082141790385], [-121.64861610037352, 37.3151489622291], [-121.67738913892384, 37.304231495340815], [-121.71115681045391, 37.304024276778996], [-121.70377265881847, 37.29440584905249], [-121.70364689467868, 37.29391989287264], [-121.70338638324627, 37.293905599996286], [-121.69687359743642, 37.28536512084814], [-121.69607409683356, 37.28485051708213], [-121.69508595002101, 37.283542550004704], [-121.69449306193349, 37.28235606840218], [-121.69271439767094, 37.280654935638594], [-121.6922293074175, 37.2798901281276], [-121.69192388022091, 37.27881080710941], [-121.68942656373106, 37.27557989937244], [-121.68316530620073, 37.26903903111276], [-121.6963256251131, 37.25760008169262], [-121.69598426530514, 37.25757863203058], [-121.71327683452444, 37.24104627641131], [-121.71303428939773, 37.24106773078012], [-121.71736416906718, 37.236919772606484], [-121.7176965457223, 37.23718439054749], [-121.71840621479677, 37.236919772606484], [-121.7245866239515, 37.24190444639988], [-121.73427944586716, 37.2355179972096], [-121.73524962637399, 37.235181853316334], [-121.74600246032492, 37.22958161862132], [-121.74752061315506, 37.22870185046279], [-121.7472870511812, 37.2286660873124], [-121.74828418114657, 37.22809387459953], [-121.74851774312044, 37.228158248746496], [-121.74907469859662, 37.22787929371273], [-121.7506018345796, 37.22681353292745], [-121.75102404276313, 37.226670476641935], [-121.75141930148816, 37.22685644976021], [-121.75171574553191, 37.22739290810873], [-121.75354830871153, 37.2314198002619], [-121.75795903675653, 37.23277158617991], [-121.76413944591128, 37.23571110047045], [-121.76453470463629, 37.236040090071974], [-121.76488504759712, 37.23676243176877], [-121.764947929667, 37.239186874582835], [-121.76518149164087, 37.23896517361198], [-121.76547793568461, 37.23927269413842], [-121.76889153376428, 37.235539453151915], [-121.7687208538603, 37.23544647735783], [-121.76926882618359, 37.23504596493406], [-121.77199072149449, 37.2320492062442], [-121.77267344111041, 37.23149847629701], [-121.7829232185022, 37.220368577999054], [-121.7822854146505, 37.21891642001317], [-121.7807403123618, 37.218959341339804], [-121.78089302596013, 37.21529663359181], [-121.78073132920896, 37.21528947969174], [-121.78012945796861, 37.21448108461383], [-121.78127031837944, 37.21243501942796], [-121.7812164194624, 37.212091618434556], [-121.78066844713908, 37.21171959892799], [-121.77943775519984, 37.20868614065211], [-121.77494617877923, 37.20687602372963], [-121.77804536650945, 37.202804890677385], [-121.7789706312521, 37.20283351100838], [-121.77934792367142, 37.20236127415918], [-121.78596850731539, 37.20195343086625], [-121.78770225581374, 37.202060758262256], [-121.78985821249563, 37.20155989577514], [-121.7926429898764, 37.202375584410156], [-121.7963530319998, 37.20103756421257], [-121.78919345918538, 37.191563416552974], [-121.78908566135128, 37.19165644644101], [-121.78847480695808, 37.19084064197979], [-121.7873698791586, 37.19016795447805], [-121.78546545075629, 37.19026098608537], [-121.78515104040683, 37.19016795447805], [-121.78489052897444, 37.1898960152764], [-121.78499832680853, 37.18809976068847], [-121.78525883824092, 37.18809260421024], [-121.78525883824092, 37.18451428015062], [-121.78471086591762, 37.175188371050034], [-121.78466595015341, 37.17232523628991], [-121.78779208734215, 37.172160602742615], [-121.78800768301033, 37.17191007274323], [-121.78827717759557, 37.17202460084601], [-121.78933718963083, 37.17208186483229], [-121.79135839902011, 37.17261155464823], [-121.79284960239174, 37.17224649855116], [-121.7938018165929, 37.17217491871747], [-121.79483487916966, 37.171874282675496], [-121.79626320047139, 37.17236102614403], [-121.79649676244526, 37.172346710204415], [-121.7966584591964, 37.1721391287752], [-121.80286581780967, 37.17181701853188], [-121.80259632322445, 37.16501659292159], [-121.81273830278215, 37.16479467398623], [-121.81661902480954, 37.164823308724166], [-121.81997872397216, 37.164701611012966], [-121.81997872397216, 37.164551278275646], [-121.82266468667166, 37.16449400858275], [-121.82266468667166, 37.1646658175312], [-121.82762338704002, 37.16457991310579]]]}}, {"type": "Feature", "properties": {"DISTRICT": 3, "POPULATION": 28889}, "geometry": {"type": "Polygon", "coordinates": [[[-121.65377243010437, 36.94385654343682], [-121.65307174418274, 36.9417529036463], [-121.64886762865306, 36.93725824314309], [-121.64580437353423, 36.93233248006972], [-121.64103431937554, 36.93223195097795], [-121.64197755042386, 36.93493900951824], [-121.64186975258977, 36.9349533703151], [-121.64226501131478, 36.93635353501675], [-121.6403695660653, 36.937552629979294], [-121.63966888014367, 36.93785419580307], [-121.63886937954081, 36.93765315205313], [-121.63706376581973, 36.9390604471645], [-121.63187150347751, 36.93926148720171], [-121.6304701316343, 36.94054669490595], [-121.6260683867421, 36.93985024425956], [-121.62406514365851, 36.93850040426414], [-121.62442446977218, 36.93962048594893], [-121.62473888012161, 36.940101541618574], [-121.62476582958014, 36.94045335652891], [-121.60716783316425, 36.92605633825565], [-121.5903693373512, 36.926156875491905], [-121.59016272483586, 36.91925540455302], [-121.58117058884183, 36.91925540455302], [-121.58146703288558, 36.90025697547766], [-121.58136821820433, 36.89915786676837], [-121.58091906056225, 36.89894235340045], [-121.5801644757236, 36.89828862579466], [-121.57963446970597, 36.896736898287024], [-121.57893378378436, 36.8957957889196], [-121.57733478257862, 36.89445953736298], [-121.57675087764396, 36.893597427169176], [-121.57615798955642, 36.89336752947297], [-121.57565493299732, 36.89297957554042], [-121.57527764057798, 36.8931304467485], [-121.57479255032457, 36.89358305858344], [-121.57418169593136, 36.89505582455026], [-121.57382236981772, 36.89553716141186], [-121.57264557679552, 36.896456721902254], [-121.57140590170344, 36.89708172934865], [-121.570525552725, 36.89722540849781], [-121.56920502925735, 36.897239776397846], [-121.56693229158853, 36.89707454538409], [-121.5650548126447, 36.89643516983006], [-121.56291682226852, 36.89625556899171], [-121.5602757753332, 36.897124833121794], [-121.56010509542921, 36.897455294573845], [-121.55997933128944, 36.898554427804456], [-121.56019492695762, 36.90190920061444], [-121.56015001119341, 36.903288422027416], [-121.55994339867807, 36.90425098886738], [-121.55954813995307, 36.90494776474945], [-121.55900915078259, 36.90670763426276], [-121.55897321817122, 36.909128286413406], [-121.55858694259906, 36.91032780961072], [-121.55633217123592, 36.91194390385302], [-121.55475113633585, 36.91399808977915], [-121.55350247809093, 36.915204718655886], [-121.55223585354032, 36.91554946625731], [-121.55134652140904, 36.91562128847812], [-121.54878632284931, 36.917323455314694], [-121.5480227548578, 36.91739527586488], [-121.54754664775723, 36.91906149364218], [-121.54695375966969, 36.9278659882236], [-121.54750173199302, 36.92900776907719], [-121.55100516160108, 36.933273138718015], [-121.55162499914714, 36.934228146690764], [-121.55226280299885, 36.935922717848364], [-121.5524514492085, 36.93696385516967], [-121.55280179216933, 36.94807800709597], [-121.55092431322551, 36.9609563332098], [-121.55119380781075, 36.96255699860725], [-121.55305332044888, 36.96886602012351], [-121.55356536016082, 36.96882295690251], [-121.56121900638152, 36.96652621648572], [-121.56187477653894, 36.96668411960764], [-121.56321326631227, 36.968234423774106], [-121.5657285491078, 36.97260525024165], [-121.57096572721423, 36.98042761349661], [-121.57206167186085, 36.981704950568826], [-121.57342711109271, 36.98279569334151], [-121.57346304370408, 36.991083392356806], [-121.57328338064725, 36.99134169573776], [-121.57240303166881, 36.991736324209214], [-121.57249286319723, 36.991843949800625], [-121.57269049255973, 36.992008975411636], [-121.57317558281316, 36.99208072556561], [-121.57487339870013, 36.99151389750438], [-121.57557408462176, 36.9915569478851], [-121.57704732168771, 36.99264754940242], [-121.57887090171448, 36.993408091204856], [-121.58222161772424, 36.99518026759351], [-121.58294026995154, 36.99696675178853], [-121.58327264660664, 36.997361351072236], [-121.58414401243225, 36.99794965892932], [-121.58434164179475, 36.99830838099859], [-121.58457520376864, 36.998408822874715], [-121.58474588367262, 36.99827250886781], [-121.5850692771749, 36.99835860195324], [-121.58707252025849, 36.99927692213252], [-121.5892105106347, 37.001013090915265], [-121.58997407862618, 37.00135745025984], [-121.59302835059219, 37.00212507901858], [-121.59416921100302, 37.00262726186333], [-121.59430395829564, 37.002914221999625], [-121.59500464421727, 37.00323705085825], [-121.59535498717806, 37.003567052274654], [-121.59554363338772, 37.00348096508673], [-121.60064606420154, 37.00540355572771], [-121.60003520980833, 37.01123559477885], [-121.5995501195549, 37.013695964120615], [-121.59884943363329, 37.02069646266762], [-121.5977624721395, 37.020861425654175], [-121.59563346491613, 37.02185836825399], [-121.59061188247792, 37.02329279508481], [-121.589363224233, 37.02347209653434], [-121.58658743000505, 37.02347209653434], [-121.58680302567326, 37.027976010112155], [-121.58850084156023, 37.032243006705855], [-121.59051306779666, 37.03230754767101], [-121.59073764661768, 37.03450907885804], [-121.5889320328966, 37.0346883538318], [-121.58891406659092, 37.03455927589337], [-121.58310196670267, 37.03537676579792], [-121.5845662206158, 37.03823791115911], [-121.58753066105338, 37.03758537872471], [-121.58910271280061, 37.04079779194001], [-121.58620115443289, 37.041428785707545], [-121.58883321821534, 37.04656258552559], [-121.59615448778094, 37.045013878017045], [-121.5969719546895, 37.04659126499627], [-121.5895159378313, 37.04815427976066], [-121.59366615444392, 37.05615526404357], [-121.5847189342141, 37.059302373456504], [-121.59003696069607, 37.07133760804049], [-121.60016995710093, 37.06772508780865], [-121.6068534228148, 37.0787628036778], [-121.61012329044898, 37.08441721878592], [-121.6104107513399, 37.08493319003959], [-121.61029397035297, 37.084976187485545], [-121.61161449382061, 37.08728368130606], [-121.61637556482647, 37.095323530167846], [-121.61844168997993, 37.09706466848512], [-121.6232297104443, 37.10005961938945], [-121.62105578745673, 37.10086207416163], [-121.62717331454158, 37.10679424395147], [-121.62907774294392, 37.104845563086705], [-121.62945503536324, 37.1050819865992], [-121.62999402453373, 37.10450883741615], [-121.63061386207976, 37.104895713590416], [-121.63017368759054, 37.10533990231667], [-121.62994910876952, 37.105210944567716], [-121.62782010154615, 37.107424688791376], [-121.628619602149, 37.108205573419696], [-121.63259015570482, 37.10687304984345], [-121.63218591382697, 37.1063572279715], [-121.63168285726786, 37.1063643921882], [-121.63126064908433, 37.10623543618351], [-121.63177268879626, 37.10564080287708], [-121.63518628687592, 37.10763244787307], [-121.63193438554741, 37.10561214573234], [-121.6319972676173, 37.105533338528446], [-121.63554561298959, 37.10776140149921], [-121.6367493554703, 37.10644319852744], [-121.646325396399, 37.094205741271644], [-121.64831965632976, 37.09705033829191], [-121.65989894034206, 37.08954811005032], [-121.6610667502114, 37.08961260228317], [-121.66376169606376, 37.08871687191494], [-121.66425576947003, 37.088738369567785], [-121.66483069125186, 37.08897484334641], [-121.6688731100304, 37.092335557592335], [-121.6688731100304, 37.092557689103856], [-121.66841496923551, 37.09287297142159], [-121.66834310401276, 37.093073604940784], [-121.66876531219631, 37.09358235184036], [-121.67114584769924, 37.0944565286767], [-121.67221484288734, 37.09535219120477], [-121.67242145540268, 37.096111704733005], [-121.67184653362085, 37.097695194303675], [-121.67182856731517, 37.09810360027236], [-121.6720531461362, 37.09867679791872], [-121.67178365155094, 37.09878427199461], [-121.6721429776646, 37.09932880496935], [-121.67213399451177, 37.10132061592944], [-121.67226874180439, 37.1018436367449], [-121.67292451196177, 37.10279652839994], [-121.67353536635498, 37.103391184035246], [-121.67443368163912, 37.10478108381887], [-121.67614048067892, 37.10579841697925], [-121.67643692472271, 37.10662946773055], [-121.67682320029486, 37.107123795317854], [-121.67847610041764, 37.107668268346806], [-121.67870966239153, 37.10736737584099], [-121.67910492111653, 37.107424688791376], [-121.67926661786767, 37.10763244787307], [-121.67922170210346, 37.10799065184796], [-121.680209848916, 37.10889331835076], [-121.68110816420013, 37.1094807622004], [-121.6816741028291, 37.109681351739596], [-121.6821052941655, 37.110189987118034], [-121.68328208718769, 37.110849058865206], [-121.68395582365076, 37.112496713138505], [-121.68400972256781, 37.11297667524936], [-121.68434209922296, 37.11327754546911], [-121.68586923520596, 37.11378615669345], [-121.6869022977827, 37.114481014393505], [-121.68837553484865, 37.11475322495007], [-121.6877556973026, 37.116221712388324], [-121.68886960825492, 37.116107099759304], [-121.69044166000212, 37.11679477293097], [-121.69213049273625, 37.11657271248541], [-121.69251676830844, 37.116644344958374], [-121.69318152161867, 37.11709562797952], [-121.69386424123462, 37.11817726363582], [-121.69446611247496, 37.11845662397649], [-121.69664003546254, 37.1188434289002], [-121.6986163290876, 37.11873598328631], [-121.69953261067741, 37.11895803738697], [-121.70072737000528, 37.11899385250351], [-121.70141907277407, 37.11928753581994], [-121.70237128697521, 37.12062700381523], [-121.70337740009343, 37.123133965783474], [-121.70441046267017, 37.12439457814393], [-121.70476978878384, 37.12550475914305], [-121.70536267687135, 37.12595598934646], [-121.70614421116854, 37.12612788585922], [-121.7070964253697, 37.12582706670572], [-121.70741083571914, 37.125554895965166], [-121.70797677434813, 37.12450201572646], [-121.70856966243565, 37.12411523971563], [-121.71064477074198, 37.12410807717826], [-121.71207309204371, 37.12345628344153], [-121.71258513175566, 37.123384657413915], [-121.71354632910966, 37.12369264885183], [-121.71684314620238, 37.125662331900706], [-121.71836129903257, 37.125977476431906], [-121.71965487304169, 37.12688709078724], [-121.72064301985422, 37.127216554707225], [-121.72367932551454, 37.127374123901085], [-121.72517951203903, 37.126965875768136], [-121.72645511974248, 37.12687276623644], [-121.72911413298347, 37.12617802226855], [-121.73214145549096, 37.12631410664078], [-121.73330028220747, 37.12650748927517], [-121.73418063118588, 37.12926492863947], [-121.73522267691547, 37.131227304811254], [-121.7360131943655, 37.13445723652724], [-121.7365342172303, 37.1358179203637], [-121.73648031831323, 37.1370639988321], [-121.73583353130869, 37.139283972836715], [-121.73658811614735, 37.13983537563477], [-121.7370821895536, 37.14046554533975], [-121.73765711133545, 37.14167574289291], [-121.73771999340534, 37.14285727803786], [-121.73816016789455, 37.143551868872734], [-121.73843864563261, 37.14446843258379], [-121.73885187066332, 37.14466892941506], [-121.73975916910027, 37.14469041118689], [-121.7405047707861, 37.14498399479037], [-121.74107070941511, 37.145621282105495], [-121.74109765887363, 37.14627288493178], [-121.7413312208475, 37.14675263287503], [-121.74328056501402, 37.14849974891671], [-121.74376565526745, 37.14854271027813], [-121.74529279125045, 37.14832790322693], [-121.74637975274423, 37.14873603610255], [-121.74698162398461, 37.14876467692341], [-121.74858062519033, 37.14813457635916], [-121.75107794168018, 37.14765483718213], [-121.75164388030919, 37.14838518516691], [-121.7517786276018, 37.14907256506243], [-121.75204812218703, 37.149394772237734], [-121.75612647357694, 37.14880047793421], [-121.75650376599626, 37.14894368180792], [-121.75706970462527, 37.149552295245996], [-121.75803988513209, 37.149767098819424], [-121.75842616070429, 37.15110602733852], [-121.75971075156058, 37.15161438436375], [-121.7605012690106, 37.15152130516401], [-121.76101330872254, 37.15175042298802], [-121.76113008970948, 37.15158574462219], [-121.76095042665266, 37.150483106324145], [-121.76132771907199, 37.149659697108966], [-121.7620733207578, 37.14915848711007], [-121.76293570343057, 37.14897948273399], [-121.76374418718626, 37.14799137095331], [-121.76538810415622, 37.1473970656212], [-121.76628641944033, 37.14724669847157], [-121.76906221366825, 37.14799853123004], [-121.772583609582, 37.14814173662232], [-121.77293395254283, 37.14769063871834], [-121.7734549754076, 37.14731830191345], [-121.76346570944818, 37.139778087219455], [-121.76652896456704, 37.13760825655111], [-121.76216315228622, 37.134349813076895], [-121.77566483100654, 37.12314829104186], [-121.79337062525654, 37.131943487819285], [-121.79435877206905, 37.131363380104375], [-121.7946911487242, 37.13085488696836], [-121.79495166015658, 37.13001694012061], [-121.79552658193843, 37.129565734128676], [-121.79583200913503, 37.129042904773364], [-121.79590387435775, 37.12836250499801], [-121.7963081162356, 37.127331150517115], [-121.79596675642765, 37.12652897620405], [-121.79592184066344, 37.125934502254914], [-121.79662252658503, 37.12500338909531], [-121.79649676244526, 37.12464526559932], [-121.79558946400832, 37.12355655976635], [-121.79550861563273, 37.12290476128051], [-121.79508640744919, 37.122131190959166], [-121.79516725582477, 37.121572496366205], [-121.7961554026373, 37.12084188952288], [-121.79740406088223, 37.120892029433534], [-121.7982484772493, 37.120691469591584], [-121.79994629313627, 37.12077026102143], [-121.80210224981816, 37.12124300787842], [-121.80255140746024, 37.121042448966314], [-121.8031353123949, 37.12046225769297], [-121.80282090204547, 37.1193305137707], [-121.80275801997558, 37.117976696601694], [-121.80292869987956, 37.11732485007126], [-121.8031802281591, 37.11697385346103], [-121.8031802281591, 37.11651540645826], [-121.80303649771365, 37.11650107994468], [-121.8028927672682, 37.11614291622452], [-121.8031802281591, 37.115727444186476], [-121.80315327870059, 37.1113433589114], [-121.80486906089327, 37.11152961606288], [-121.805731443566, 37.111937947445746], [-121.80722264693766, 37.111178592587805], [-121.80724959639618, 37.11096367945309], [-121.80695315235243, 37.11064847241891], [-121.80700705126948, 37.10955240138253], [-121.80682738821262, 37.10892913822813], [-121.80648602840468, 37.10834169009967], [-121.80572246041316, 37.10779005783075], [-121.8056865278018, 37.10732439109969], [-121.80618060120808, 37.10716678017299], [-121.806863320824, 37.105218108892885], [-121.80804011384622, 37.10604916601135], [-121.80847130518258, 37.106564989981315], [-121.80873181661497, 37.106536333186256], [-121.80913605849281, 37.10626409309241], [-121.80914504164568, 37.1060563302572], [-121.8087587660735, 37.106084987233885], [-121.80839943995986, 37.10559065286668], [-121.80816587798599, 37.10494586406093], [-121.80818384429168, 37.1045160018077], [-121.80790536655357, 37.10409330154651], [-121.80733942792459, 37.103878368305686], [-121.80684535451832, 37.10331953902529], [-121.8067106072257, 37.102646072619706], [-121.80775265295527, 37.10282518660989], [-121.80863300193371, 37.10345566448622], [-121.81243287558554, 37.10344849999439], [-121.813708483289, 37.104351220630484], [-121.81590935573507, 37.10432256299787], [-121.81655614273966, 37.104601974453516], [-121.81820005970958, 37.10498168580526], [-121.82159569148355, 37.105225273217336], [-121.82535064937119, 37.104752426348874], [-121.82567404287347, 37.104867056163805], [-121.82662625707464, 37.10481690564111], [-121.82695863372976, 37.105275423469635], [-121.82873729799232, 37.105533338528446], [-121.82893492735482, 37.10601334477187], [-121.82928527031562, 37.106106479959266], [-121.83012070352986, 37.107195436729505], [-121.8312166481765, 37.1075034940274], [-121.83167478897138, 37.10778289374888], [-121.83286056514642, 37.10802647215226], [-121.83412718969704, 37.1086425787347], [-121.83461227995046, 37.109201368742575], [-121.83521415119081, 37.10957389312395], [-121.83588788765391, 37.10977448241649], [-121.83493567345273, 37.1085064625955], [-121.83525906695503, 37.106779915598686], [-121.83460329679762, 37.10399299944335], [-121.83389362772316, 37.10283951571082], [-121.83341752062259, 37.101098510107256], [-121.83226767705891, 37.099615399699836], [-121.84249050499218, 37.09948643220528], [-121.84279593218878, 37.09458550473326], [-121.84161015601374, 37.09460700072133], [-121.84097235216204, 37.094442197990205], [-121.8405321776728, 37.09411259145265], [-121.8402447167819, 37.09345337407633], [-121.83930148573356, 37.093525028416785], [-121.83866368188185, 37.093224079731606], [-121.83858283350625, 37.09301628113236], [-121.83883436178583, 37.09246453725895], [-121.83878046286878, 37.09209192873424], [-121.8380438443358, 37.09160466866825], [-121.83675027032666, 37.09179813995183], [-121.83562737622152, 37.091525846892615], [-121.8351692354266, 37.091024251853966], [-121.83434278536524, 37.09123205591562], [-121.8341002402385, 37.09118189636671], [-121.83360616683224, 37.09082361290887], [-121.8334444700811, 37.090493990631664], [-121.83218682868335, 37.08970575763371], [-121.83196224986231, 37.0890751653326], [-121.83162987320718, 37.08865237891988], [-121.83039918126794, 37.08810776921759], [-121.82986019209747, 37.08806477354811], [-121.82933916923267, 37.08824392201004], [-121.82883611267357, 37.08781396498997], [-121.82810847729343, 37.08797161618054], [-121.82724609462066, 37.08788562466271], [-121.82683286958998, 37.08798594809071], [-121.82624896465532, 37.0877423052495], [-121.82423673841889, 37.08778530110192], [-121.82403012590355, 37.08757748758928], [-121.82359893456714, 37.08597228815547], [-121.82226942794665, 37.08569280799368], [-121.82053567944831, 37.08484719507455], [-121.81942176849601, 37.08402307171208], [-121.81825395862666, 37.08374358436331], [-121.81805632926412, 37.08328493622461], [-121.81775988522037, 37.08309144320879], [-121.81747242432947, 37.082647124043966], [-121.81756225585788, 37.08228163374653], [-121.81740954225958, 37.08196630736811], [-121.81745445802378, 37.0815578144277], [-121.81650224382261, 37.08037532245528], [-121.8166100416567, 37.07953681697125], [-121.81716699713287, 37.079078143380855], [-121.81737360964821, 37.0786266338551], [-121.81720292974423, 37.077888445822936], [-121.81608901879193, 37.0772362543], [-121.81576562528963, 37.0772362543], [-121.815235619272, 37.076777566791826], [-121.81446306812765, 37.07563083588148], [-121.81464273118448, 37.07477077631766], [-121.81445408497481, 37.07411139071232], [-121.81360966860774, 37.07341616272311], [-121.81306169628444, 37.07270659356374], [-121.81189388641508, 37.07197551536434], [-121.8102679357508, 37.06982524451792], [-121.80928877209114, 37.06918015137547], [-121.80909114272862, 37.06930917044292], [-121.80803113069338, 37.06894361584844], [-121.80763587196834, 37.068664072910906], [-121.80682738821262, 37.06869274402884], [-121.80595602238705, 37.06828417957505], [-121.80530025222964, 37.06852788495269], [-121.80438397063983, 37.068578059492054], [-121.80358447003698, 37.068363025518224], [-121.80302751456081, 37.067875612920396], [-121.80214716558237, 37.06793295574154], [-121.80152732803634, 37.06749571563534], [-121.80138359759088, 37.066893610380184], [-121.80032358555562, 37.06547434336755], [-121.79956001756412, 37.065388326331465], [-121.79862576966862, 37.06502275283991], [-121.79677524018335, 37.063804161810324], [-121.79590387435775, 37.06356760951808], [-121.79503250853215, 37.06378265708695], [-121.79438572152758, 37.063775488844485], [-121.79396351334405, 37.06423425499727], [-121.79355927146621, 37.06431310515035], [-121.7928406192389, 37.06398336760122], [-121.79142128109, 37.06388301241047], [-121.79105297182352, 37.06369663813257], [-121.79015465653939, 37.063632123852756], [-121.78977736412004, 37.06333822477268], [-121.78924735810243, 37.063266541897484], [-121.7889149814473, 37.06289378985462], [-121.78833107651262, 37.06277192821254], [-121.78819632922, 37.06232748997679], [-121.78772920527227, 37.062105269882494], [-121.78657037855575, 37.06216261706591], [-121.78604935569095, 37.061997743796724], [-121.78523188878239, 37.060994159647024], [-121.78452221970797, 37.06066440767155], [-121.78212371789937, 37.05848514119057], [-121.7815667624232, 37.05699402805812], [-121.7791682606146, 37.056062067469625], [-121.77826994533048, 37.05606923644092], [-121.7776860403958, 37.05534516692011], [-121.77610500549575, 37.05492219241901], [-121.77577262884063, 37.053373655485466], [-121.77526957228153, 37.05298651631457], [-121.77438922330309, 37.05300802409809], [-121.77267344111041, 37.05262805235834], [-121.77098460837628, 37.05291482365879], [-121.77034680452454, 37.053287624729265], [-121.76941255662905, 37.053237440076444], [-121.76873882016598, 37.05306537815769], [-121.76793033641026, 37.05308688591887], [-121.76723863364151, 37.05332347088954], [-121.76628641944033, 37.05303670113331], [-121.76563963243576, 37.05263522165405], [-121.76448978887208, 37.05244165043195], [-121.7634028273783, 37.05196847425483], [-121.76323214747433, 37.05177490133205], [-121.76329502954421, 37.050728165122095], [-121.7639238502431, 37.050305164886616], [-121.76429215950958, 37.04986782318131], [-121.76483114868005, 37.04977461888554], [-121.76489403074996, 37.049473496532386], [-121.76469640138743, 37.04922256032548], [-121.76413944591128, 37.0489644536471], [-121.76381605240901, 37.048541443581726], [-121.76333096215558, 37.048355031618115], [-121.76279197298511, 37.04836220131748], [-121.76254942785837, 37.04809692198959], [-121.76200145553508, 37.04782447198504], [-121.76068991522027, 37.04760220941486], [-121.75812971666053, 37.04883539997878], [-121.75760869379573, 37.04963839701661], [-121.75680919319285, 37.0491867122282], [-121.75548866972521, 37.049036150034695], [-121.75530002351555, 37.04868483708835], [-121.7548957816377, 37.04840521949951], [-121.75467120281668, 37.04731541804005], [-121.75405136527063, 37.046584095129646], [-121.7540693315763, 37.046067862950544], [-121.7533955951132, 37.045501437492426], [-121.75298237008252, 37.0446123560977], [-121.74777214143461, 37.03775747573538], [-121.7463707695914, 37.03475289271872], [-121.74434956020212, 37.03367723744207], [-121.74239123288275, 37.03024220958128], [-121.73977713540594, 37.02768914459869], [-121.73913933155424, 37.02718712734323], [-121.73865424130081, 37.02697197607523], [-121.72782954212718, 37.022754888197085], [-121.72679647955043, 37.0220950505468], [-121.72606884417029, 37.021263073167205], [-121.72578138327938, 37.02065342878615], [-121.72832361553343, 37.02092597629053], [-121.72870090795277, 37.01992902145593], [-121.73082991517612, 37.02033067389808], [-121.7304526227568, 37.02222414966843], [-121.7313239885824, 37.02242497008829], [-121.73620184057516, 37.01534572985384], [-121.72782954212718, 37.00986550035734], [-121.72658088388225, 37.012060508827446], [-121.72266422924348, 37.00892578781053], [-121.71877452406325, 37.00756282530386], [-121.72963515584824, 36.99787791431239], [-121.7283595481448, 36.996823260632226], [-121.72902430145506, 36.995352460668876], [-121.72967108845961, 36.9945417148686], [-121.72982380205792, 36.99355876367819], [-121.73072211734203, 36.99294889706407], [-121.73134195488808, 36.99271212400186], [-121.73419859749157, 36.992769523599804], [-121.73484538449614, 36.99223140066863], [-121.73505199701148, 36.991786549504155], [-121.73486335080183, 36.99105469192698], [-121.73870814021785, 36.98999276841052], [-121.73639946993767, 36.98936852266738], [-121.73568081771039, 36.989648357599584], [-121.73470165405068, 36.9893398215905], [-121.73415368172736, 36.98936852266738], [-121.73324638329042, 36.98981338797443], [-121.73232111854777, 36.98966988332095], [-121.73047957221532, 36.99082508809861], [-121.71793909084901, 36.9955461774126], [-121.71812773705868, 36.99496502570102], [-121.71791214139049, 36.99437669475323], [-121.71466922321481, 36.99313544501814], [-121.71093223163288, 36.993070870778126], [-121.71042019192095, 36.99234620054675], [-121.71100409685562, 36.991822424694526], [-121.71139037242777, 36.99058830842467], [-121.7107166359647, 36.98972728521482], [-121.70987221959763, 36.9897631613765], [-121.70982730383342, 36.99060983388004], [-121.70849779721293, 36.99003581965225], [-121.70552437362248, 36.98936134739917], [-121.70525487903726, 36.986247217104726], [-121.7011675444945, 36.98615393473761], [-121.69966735797003, 36.98625439266669], [-121.69537341091193, 36.98515652381613], [-121.69527459623068, 36.982752638002204], [-121.69666698492105, 36.98135332621046], [-121.69623579358469, 36.9805639594873], [-121.69620884412616, 36.97978176074727], [-121.6969364795063, 36.979107197578365], [-121.69769106434495, 36.97775087693686], [-121.69843666603079, 36.9749879267752], [-121.69814022198703, 36.97261242709019], [-121.69784377794325, 36.97210286916143], [-121.69331626891129, 36.968234423774106], [-121.6903069127095, 36.96748798496848], [-121.69017216541688, 36.967358792893684], [-121.68957029417652, 36.967358792893684], [-121.6877736636083, 36.966956860592234], [-121.68666873580882, 36.967459275637445], [-121.68366836275986, 36.96705734386654], [-121.68216817623538, 36.967459275637445], [-121.6782694879023, 36.967854027989674], [-121.67737117261817, 36.966856377185266], [-121.67737117261817, 36.9665549261686], [-121.67717354325566, 36.96646879708745], [-121.6772454084784, 36.965550080825146], [-121.67610454806756, 36.96597355297973], [-121.67476605829422, 36.96535628769758], [-121.67267298368223, 36.96545677308456], [-121.67226874180439, 36.96435860415966], [-121.67176568524526, 36.9644590908635], [-121.66994210521851, 36.963648015825996], [-121.6661422315667, 36.96434424890542], [-121.66480374179334, 36.96371979272648], [-121.66427373577572, 36.96315275336833], [-121.66396830857913, 36.96065485883114], [-121.6628723639325, 36.9591546471507], [-121.6632676226575, 36.95725242237905], [-121.66434560099844, 36.95514197401173], [-121.66332152157455, 36.953512438151925], [-121.6632676226575, 36.95185415221142], [-121.6615698067705, 36.951753648872824], [-121.65897367559941, 36.95065528231416], [-121.65837180435906, 36.95055477739366], [-121.65512888618338, 36.95105730067002], [-121.65405090784243, 36.95059067202335], [-121.6536915817288, 36.94771904819762], [-121.65228122673271, 36.94763289781035], [-121.6528651316674, 36.945759102782795], [-121.65406887414812, 36.94475398301048], [-121.65377243010437, 36.94385654343682]]]}}, {"type": "Feature", "properties": {"DISTRICT": 4, "POPULATION": 28426}, "geometry": {"type": "Polygon", "coordinates": [[[-121.57483746608878, 37.01935522856965], [-121.58310196670267, 37.03537676579792], [-121.58891406659092, 37.03455927589337], [-121.5889320328966, 37.0346883538318], [-121.59073764661768, 37.03450907885804], [-121.59051306779666, 37.03230754767101], [-121.58850084156023, 37.032243006705855], [-121.58680302567326, 37.027976010112155], [-121.58658743000505, 37.02347209653434], [-121.589363224233, 37.02347209653434], [-121.59061188247792, 37.02329279508481], [-121.59563346491613, 37.02185836825399], [-121.5977624721395, 37.020861425654175], [-121.59884943363329, 37.02069646266762], [-121.5995501195549, 37.013695964120615], [-121.60003520980833, 37.01123559477885], [-121.60064606420154, 37.00540355572771], [-121.59554363338772, 37.00348096508673], [-121.59535498717806, 37.003567052274654], [-121.59500464421727, 37.00323705085825], [-121.59430395829564, 37.002914221999625], [-121.59416921100302, 37.00262726186333], [-121.59302835059219, 37.00212507901858], [-121.58997407862618, 37.00135745025984], [-121.5892105106347, 37.001013090915265], [-121.58707252025849, 36.99927692213252], [-121.5850692771749, 36.99835860195324], [-121.58474588367262, 36.99827250886781], [-121.58457520376864, 36.998408822874715], [-121.58434164179475, 36.99830838099859], [-121.58414401243225, 36.99794965892932], [-121.58327264660664, 36.997361351072236], [-121.58294026995154, 36.99696675178853], [-121.58222161772424, 36.99518026759351], [-121.57887090171448, 36.993408091204856], [-121.57704732168771, 36.99264754940242], [-121.57557408462176, 36.9915569478851], [-121.57487339870013, 36.99151389750438], [-121.57317558281316, 36.99208072556561], [-121.57269049255973, 36.992008975411636], [-121.57240303166881, 36.991736324209214], [-121.5714418343148, 36.99198745035223], [-121.570525552725, 36.99202332544784], [-121.56856722540563, 36.99165739867871], [-121.56671669592033, 36.991621523410515], [-121.56654601601636, 36.99503677306621], [-121.56786653948402, 36.99795683338728], [-121.56784857317832, 36.998832112180686], [-121.56818094983345, 36.99962846364065], [-121.56579143117769, 37.00026697365145], [-121.57127115441082, 37.01239764503514], [-121.57483746608878, 37.01935522856965]]]}}, {"type": "Feature", "properties": {"DISTRICT": 5, "POPULATION": 28837}, "geometry": {"type": "Polygon", "coordinates": [[[-121.37090193028796, 36.8384236931379], [-121.36924903016518, 36.838344608795154], [-121.3692310638595, 36.8391354485426], [-121.36393100368319, 36.8391785850209], [-121.36375134062637, 36.83934394129569], [-121.36372439116785, 36.846360469383725], [-121.36403880151728, 36.84659050858456], [-121.36372439116785, 36.84664801827664], [-121.36367947540364, 36.855144599922745], [-121.40200160542419, 36.85666842162609], [-121.4020465211884, 36.85246346251854], [-121.41285325405633, 36.85269348335638], [-121.42576204468915, 36.853239780072265], [-121.42699273662839, 36.8530600776361], [-121.4279988497466, 36.85277255285953], [-121.43076566082168, 36.85144992495787], [-121.42986734553756, 36.85061608256319], [-121.42771138885567, 36.84809293509319], [-121.42657951159768, 36.84745314942366], [-121.42606747188574, 36.84764724227115], [-121.42671425889031, 36.84797072925535], [-121.4280617318165, 36.849868491994165], [-121.42709155130964, 36.850378867116774], [-121.42597764035733, 36.84909214020391], [-121.41969841652133, 36.84892680500811], [-121.41993197849521, 36.84805699221998], [-121.41981519750826, 36.846604886011654], [-121.4166351614025, 36.846504243965356], [-121.41670702662522, 36.84447699739593], [-121.4180544995514, 36.844527319769824], [-121.41818924684401, 36.84229872575579], [-121.41646448149852, 36.84144321596325], [-121.41586261025815, 36.84091121345093], [-121.41589854286951, 36.84041515371999], [-121.41636566681724, 36.840436721601286], [-121.41636566681724, 36.840242610450645], [-121.41612312169053, 36.84012039206597], [-121.416832790765, 36.839509297212956], [-121.4168777065292, 36.83924328969274], [-121.41208070291201, 36.83746029648419], [-121.411910023008, 36.83917139560953], [-121.41077814575002, 36.83912106971108], [-121.41082306151425, 36.83760408779997], [-121.4095115211994, 36.836992972841], [-121.40969118425626, 36.83241305003544], [-121.40705912047376, 36.830888744893386], [-121.40704115416808, 36.839868765364926], [-121.40655606391468, 36.83984000797495], [-121.40608893996692, 36.8396387059423], [-121.40606199050839, 36.83993346945284], [-121.40245974621908, 36.83980406122225], [-121.40265737558158, 36.83641061168952], [-121.40078887979062, 36.8363459046212], [-121.40086074501336, 36.83454846417752], [-121.40044751998265, 36.834526894635744], [-121.40051040205253, 36.834009223808046], [-121.40088769447188, 36.834002033910764], [-121.4003936210656, 36.83334775042999], [-121.40092362708324, 36.83338370021712], [-121.40108532383438, 36.83068022909262], [-121.40077989663779, 36.82978863787899], [-121.39944140686445, 36.83034947872572], [-121.3984712263576, 36.830543614983974], [-121.39323404825117, 36.83032790799994], [-121.39326099770969, 36.83016972249178], [-121.38791602176917, 36.829997156109826], [-121.38780822393508, 36.83055080520631], [-121.38744889782144, 36.83055080520631], [-121.38735906629303, 36.830658658460116], [-121.38733211683451, 36.83152866914719], [-121.38823043211863, 36.83198164600134], [-121.38770042610099, 36.83273660146447], [-121.38764652718395, 36.83311048141146], [-121.38842806148114, 36.83425367991325], [-121.38946112405787, 36.83384385599978], [-121.38980248386584, 36.83413145195829], [-121.38817653320159, 36.834900765832494], [-121.38422394595145, 36.8292277929209], [-121.38363105786395, 36.82973111550841], [-121.383514276877, 36.829673593094576], [-121.38243629853606, 36.830744940953686], [-121.38215782079797, 36.83053642476097], [-121.38156493271046, 36.83052923453729], [-121.38135832019512, 36.8349079556453], [-121.38118764029112, 36.83492233526886], [-121.38119662344396, 36.83549751799499], [-121.38134035388944, 36.83551908726306], [-121.38120560659681, 36.838926955221126], [-121.37198889178174, 36.83849558792396], [-121.37088396398227, 36.83877597694387], [-121.37090193028796, 36.8384236931379]]]}}, {"type": "Feature", "properties": {"DISTRICT": 6, "POPULATION": 29108}, "geometry": {"type": "Polygon", "coordinates": [[[-121.57247489689155, 37.0147216922445], [-121.57110047450685, 37.01203181631519], [-121.56579143117769, 37.00026697365145], [-121.56818094983345, 36.99962846364065], [-121.56784857317832, 36.998832112180686], [-121.56786653948402, 36.99795683338728], [-121.56654601601636, 36.99503677306621], [-121.56671669592033, 36.991621523410515], [-121.56856722540563, 36.99165739867871], [-121.57019317606988, 36.991994625372705], [-121.5714418343148, 36.99198745035223], [-121.57282523985234, 36.99156412294619], [-121.57345406055124, 36.991147968284274], [-121.57342711109271, 36.98279569334151], [-121.57206167186085, 36.981704950568826], [-121.57096572721423, 36.98042761349661], [-121.5657285491078, 36.97260525024165], [-121.56321326631227, 36.968234423774106], [-121.56187477653894, 36.96668411960764], [-121.56121900638152, 36.96652621648572], [-121.55356536016082, 36.96882295690251], [-121.55305332044888, 36.96886602012351], [-121.55119380781075, 36.96255699860725], [-121.55092431322551, 36.9609563332098], [-121.55280179216933, 36.94807800709597], [-121.5524514492085, 36.93696385516967], [-121.55226280299885, 36.935922717848364], [-121.55162499914714, 36.934228146690764], [-121.55100516160108, 36.933273138718015], [-121.54750173199302, 36.92900776907719], [-121.54695375966969, 36.9278659882236], [-121.54754664775723, 36.91906149364218], [-121.5480227548578, 36.91739527586488], [-121.54710647326802, 36.91739527586488], [-121.54569611827193, 36.91842948428804], [-121.54488763451624, 36.91886040032493], [-121.54255201477753, 36.91926976830459], [-121.54178844678601, 36.91981558885899], [-121.5401085972047, 36.920684584574886], [-121.53948875965868, 36.921618205300355], [-121.53912943354503, 36.92293243664213], [-121.54065656952802, 36.924476449988674], [-121.5408901315019, 36.92515867848387], [-121.5406925021394, 36.925546468802], [-121.54011758035755, 36.92577626954123], [-121.53969537217402, 36.926142513037696], [-121.53932706290753, 36.92677445846323], [-121.53924621453197, 36.92730586306193], [-121.53791670791148, 36.92790907460405], [-121.53649736976254, 36.92894314042888], [-121.53544634088013, 36.92943144441474], [-121.53515887998921, 36.92970431880918], [-121.53447616037327, 36.93093942227242], [-121.53091883184817, 36.93253353785552], [-121.52961627468619, 36.933294680383156], [-121.52854727949808, 36.934400477682026], [-121.52683149730544, 36.935750390299106], [-121.52360654543544, 36.93709309881024], [-121.52304060680643, 36.93768187262132], [-121.52224110620358, 36.93969946544634], [-121.52161228550469, 36.94023795983783], [-121.5191688679319, 36.94197547579138], [-121.51754291726765, 36.94218368785464], [-121.5171207090841, 36.942363180555965], [-121.51676138297046, 36.942714985023954], [-121.51643798946817, 36.9437057725513], [-121.5160786633545, 36.944150904782], [-121.51433593170333, 36.9448257777197], [-121.51382389199136, 36.94516321194674], [-121.51307829030557, 36.94646267873332], [-121.5123686212311, 36.9473170122234], [-121.51173081737937, 36.94919076893163], [-121.50901790522134, 36.9468001057103], [-121.45311574509059, 36.92038295082041], [-121.4510047041729, 36.919226677041785], [-121.44868705073988, 36.91742400406601], [-121.42740596165908, 36.89564492297994], [-121.43067582929328, 36.883452532529745], [-121.43112498693533, 36.88234599648255], [-121.43190652123252, 36.880980767575124], [-121.43298449957346, 36.87965862789548], [-121.43419722520701, 36.878559222579135], [-121.43620046829061, 36.87710769589361], [-121.43191550438536, 36.87513156324079], [-121.4344577366394, 36.87125100853346], [-121.43446671979225, 36.871028229964935], [-121.43417925890134, 36.87076233211327], [-121.4346912986133, 36.869871208240475], [-121.43527520354796, 36.869634052555305], [-121.44004525770663, 36.86214530350609], [-121.43514045625535, 36.861153456364995], [-121.4352392709366, 36.85818502532568], [-121.43510452364399, 36.85800533451583], [-121.43165499295297, 36.85785439390906], [-121.43161007718876, 36.85557587329847], [-121.4302446379569, 36.85551118244724], [-121.43032548633248, 36.85240595720092], [-121.43042430101373, 36.85240595720092], [-121.43043328416657, 36.85206092438682], [-121.43125075107513, 36.85185965452609], [-121.43076566082168, 36.85144992495787], [-121.42770240570283, 36.85287318665435], [-121.42551949956241, 36.853239780072265], [-121.41285325405633, 36.85269348335638], [-121.4020465211884, 36.85246346251854], [-121.40200160542419, 36.85666842162609], [-121.40159736354632, 36.86305089182659], [-121.40167821192189, 36.863647424301426], [-121.40157939724064, 36.863647424301426], [-121.40148956571223, 36.86510639374265], [-121.40132786896109, 36.865099206769344], [-121.40130091950256, 36.86528606785559], [-121.40147159940655, 36.86529325481132], [-121.40133685211393, 36.868778848667326], [-121.40030378953719, 36.88405609088774], [-121.40045650313549, 36.88714566014189], [-121.40243279676055, 36.89952423809706], [-121.40433722516289, 36.90994712465114], [-121.40710403623797, 36.92856972938796], [-121.41590752602235, 36.95595313965757], [-121.41822517945538, 36.95921925017656], [-121.41850365719345, 36.95991552375429], [-121.41854857295765, 36.96079841820794], [-121.41826111206674, 36.96055436710633], [-121.41827009521958, 36.96064768085519], [-121.41606922277349, 36.960697926672594], [-121.37035395796465, 36.96055436710633], [-121.35360037791581, 36.9599944822117], [-121.3531152876624, 36.960195467006514], [-121.3449585848826, 36.96055436710633], [-121.21542152091254, 36.961250628475696], [-121.21596051008304, 36.961767436921654], [-121.21653543186486, 36.962076084737156], [-121.21796375316663, 36.96234166441409], [-121.21972445112348, 36.96297330965378], [-121.22078446315875, 36.963633660437786], [-121.2215120985389, 36.96461699827299], [-121.22269787471393, 36.96537064276097], [-121.22484484824298, 36.96743774363209], [-121.22729724896863, 36.96742338895849], [-121.22935439096926, 36.9676530634116], [-121.2302616894062, 36.96829184184059], [-121.23116000469032, 36.96847127301925], [-121.23213916835002, 36.96889472892397], [-121.2340974956694, 36.97088996402925], [-121.2373673633036, 36.97312915840727], [-121.23921789278887, 36.97526781460451], [-121.23955925259686, 36.97615770753007], [-121.24266742347989, 36.97923636971192], [-121.24388913226629, 36.980097511665186], [-121.24590135850272, 36.98303967313743], [-121.24658407811867, 36.98523545609218], [-121.24664696018856, 36.987050875837284], [-121.24601813948966, 36.98975598614552], [-121.24514677366408, 36.991442146815665], [-121.24514677366408, 36.99292737227071], [-121.24474253178622, 36.993479840038894], [-121.24440117197825, 36.99384575803966], [-121.2429279349123, 36.994283422355736], [-121.24216436692079, 36.99526636417995], [-121.24199368701682, 36.9964573569581], [-121.24152656306906, 36.99738287461062], [-121.241248085331, 36.997547888202654], [-121.24015214068436, 36.99784921644665], [-121.23575039579217, 36.99835142753317], [-121.23315426462108, 36.999348665429444], [-121.23392681576543, 37.00142201746332], [-121.23463648483987, 37.0016013705186], [-121.23519344031602, 37.002648783911134], [-121.23480716474384, 37.00376792200069], [-121.23551683381831, 37.005776590070454], [-121.23654091324221, 37.00622135939437], [-121.23699007088426, 37.00658721608109], [-121.23635226703254, 37.00835191183911], [-121.23663074477062, 37.00870341138579], [-121.2381758470593, 37.009090776350426], [-121.23820279651781, 37.009255764532185], [-121.23783448725133, 37.00996592696526], [-121.23670260999334, 37.01049675111711], [-121.2354270022899, 37.010568483826255], [-121.23335189398358, 37.011752063752944], [-121.23460953538134, 37.01317233533508], [-121.23537310337285, 37.01332296864304], [-121.23568751372228, 37.01362423436326], [-121.23745719483202, 37.01584065258985], [-121.23778058833429, 37.01675876159297], [-121.2391819601775, 37.01834390805856], [-121.23999044393322, 37.01844432346299], [-121.24025095536561, 37.018673843889076], [-121.24077197823041, 37.01963495314305], [-121.2408348603003, 37.020223088630715], [-121.24169724297306, 37.02119852281723], [-121.24298183382935, 37.02165037411526], [-121.24339505886003, 37.022209805332416], [-121.24355675561118, 37.02294136301613], [-121.24438320567258, 37.02339320394866], [-121.24600017318397, 37.025580649829756], [-121.2471410335948, 37.02786843567157], [-121.24680865693969, 37.02854973788884], [-121.24694340423231, 37.02888680093678], [-121.24778782059938, 37.029804752291945], [-121.24750934286132, 37.03110277394428], [-121.24865918642499, 37.03368440852769], [-121.24740154502722, 37.033383222348334], [-121.24455388557655, 37.031999184786976], [-121.24354777245833, 37.031913129805176], [-121.24300878328788, 37.032156952000335], [-121.24111333803837, 37.03171950573963], [-121.24064621409065, 37.03178404714966], [-121.238984330815, 37.03259439574137], [-121.23863398785421, 37.03326131331711], [-121.23886754982807, 37.03403579089387], [-121.23875076884114, 37.03435131653106], [-121.23845432479739, 37.03435131653106], [-121.23615463767004, 37.0369471822382], [-121.22452145474068, 37.03975090434853], [-121.22512332598104, 37.044375743972125], [-121.22582401190267, 37.052076014554146], [-121.22444958951795, 37.05415509705438], [-121.22379381936055, 37.05487200884717], [-121.22316499866166, 37.055237631253526], [-121.22453043789352, 37.05624129154871], [-121.22339856063553, 37.05751018592015], [-121.21874528746379, 37.05714457446391], [-121.21720018517512, 37.05675028562499], [-121.2149274475063, 37.055933025870566], [-121.21443337410001, 37.055538730735975], [-121.213076918021, 37.05510141919039], [-121.21260081092042, 37.0550727429354], [-121.21213368697266, 37.05530215267177], [-121.21163063041357, 37.05596170180043], [-121.21097486025616, 37.05624129154871], [-121.21057960153115, 37.05731662713336], [-121.20897161717258, 37.05868586572053], [-121.20884585303281, 37.06015543985261], [-121.20820804918108, 37.061295236285915], [-121.20819008287539, 37.0616679961834], [-121.20824398179244, 37.062019249026065], [-121.20932196013338, 37.06374681586781], [-121.20934890959191, 37.06444930067627], [-121.21034603955728, 37.066047787782], [-121.21020230911182, 37.06652087616034], [-121.21048977000274, 37.06710148059181], [-121.2101304438891, 37.06778959860738], [-121.2096543367885, 37.06824834048289], [-121.21283437289429, 37.06892928033824], [-121.21323861477214, 37.06879309285626], [-121.21580779648474, 37.06923032548333], [-121.21655339817053, 37.07002593904318], [-121.21684984221432, 37.07059934904604], [-121.21956275437235, 37.07254891062666], [-121.22187142465253, 37.073064962655906], [-121.22241939697585, 37.07343766471518], [-121.22294041984064, 37.07381753223683], [-121.22325483019007, 37.07431207389486], [-121.22345245955258, 37.07535131759327], [-121.22464721888045, 37.07894914093359], [-121.2276206424709, 37.080948654199915], [-121.22816861479423, 37.081013153749836], [-121.22930049205222, 37.08152198160863], [-121.22981253176415, 37.08211680421234], [-121.23051321768577, 37.082618458201985], [-121.2308905101051, 37.08314160811214], [-121.23319019723243, 37.08484719507455], [-121.23388190000122, 37.08486152757549], [-121.23430410818474, 37.08509084722212], [-121.23550785066547, 37.08623743504867], [-121.24017909014289, 37.08615144156331], [-121.24069112985485, 37.08526283650181], [-121.24126605163667, 37.085098013449894], [-121.24199368701682, 37.085133844578635], [-121.24317048003901, 37.08609411251887], [-121.2448503296203, 37.088767033095394], [-121.24521863888681, 37.08888885296682], [-121.24549711662488, 37.08915398965719], [-121.24539830194362, 37.089505115197944], [-121.24477846439757, 37.089913565310766], [-121.24441913828393, 37.08997805723261], [-121.24365557029243, 37.09074479032084], [-121.24303573274639, 37.092715330426685], [-121.24263149086853, 37.09306643946711], [-121.2420565690867, 37.093159590572114], [-121.24082587714746, 37.09300911565326], [-121.23901128027353, 37.09345337407633], [-121.2383914427275, 37.093417546880715], [-121.23351359073472, 37.09558864434574], [-121.23273205643754, 37.09655594496595], [-121.23198645475172, 37.097129154321074], [-121.23121390360737, 37.096993017491904], [-121.23080067857668, 37.0967923943504], [-121.23045033561588, 37.09695002686346], [-121.22974964969426, 37.09904937406332], [-121.2301538915721, 37.10134927469776], [-121.23008202634938, 37.10280369295345], [-121.23059406606134, 37.10450883741615], [-121.2305401671443, 37.104773919452384], [-121.23003711058517, 37.105124972613105], [-121.2276655582351, 37.10564080287708], [-121.22555451731742, 37.10684439316495], [-121.22631808530893, 37.109710007344695], [-121.22594977604244, 37.11025446178119], [-121.22516824174525, 37.110906369180825], [-121.22380280251339, 37.11508274168288], [-121.22331771225996, 37.11549821725857], [-121.22172769420708, 37.116071283277165], [-121.22135040178776, 37.11644377386332], [-121.21987716472178, 37.11887924407096], [-121.21977835004053, 37.1194809364062], [-121.2195088554553, 37.12001099473944], [-121.21895189997913, 37.12041211749764], [-121.21735289877341, 37.123048014176184], [-121.21844884342003, 37.12364967337758], [-121.2199490299445, 37.12417970252134], [-121.22072158108885, 37.12469540299075], [-121.22176362681844, 37.12590585279004], [-121.22193430672242, 37.126407216859754], [-121.22191634041674, 37.126944388963295], [-121.22217685184913, 37.12758899045497], [-121.22315601550882, 37.12857020663071], [-121.22327279649575, 37.12925060453873], [-121.2227338073253, 37.130432333734795], [-121.22269787471393, 37.13083340126765], [-121.22287753777074, 37.131341894548044], [-121.22314703235598, 37.1316355299565], [-121.22392856665317, 37.13193632602276], [-121.22485383139582, 37.13314666001362], [-121.23134865089999, 37.13854637579702], [-121.2317618759307, 37.13957757742427], [-121.23230984825399, 37.13989982505012], [-121.23310934885687, 37.14223428907971], [-121.23332494452505, 37.143551868872734], [-121.23499581095354, 37.147769402038335], [-121.2358222610149, 37.148528389827035], [-121.23600192407172, 37.14909404558352], [-121.23618158712857, 37.150783827454504], [-121.23601989037743, 37.15037570563062], [-121.23550785066547, 37.15290316150705], [-121.23656786270072, 37.15404156304561], [-121.23663074477062, 37.15455705999112], [-121.23638819964391, 37.15608205121009], [-121.23663972792346, 37.15668344774072], [-121.23712481817687, 37.15720608607858], [-121.23772668941724, 37.15758553356692], [-121.23850822371443, 37.15777167692152], [-121.23931670747012, 37.15774303951219], [-121.24034977004686, 37.15723472369133], [-121.24249674357591, 37.15747098358246], [-121.24317048003901, 37.15826567052501], [-121.24385319965492, 37.15857351997864], [-121.24492219484303, 37.15842317505325], [-121.24573067859875, 37.15783611105285], [-121.2471410335948, 37.157993616476055], [-121.24755425862551, 37.157757358218205], [-121.24877596741192, 37.15766428658058], [-121.25069836211992, 37.15822987399556], [-121.25451620207744, 37.158680909028], [-121.25498332602517, 37.158487608629315], [-121.25564807933543, 37.158874208932424], [-121.25772318764176, 37.158974438317905], [-121.2598701611708, 37.1588527311897], [-121.26093017320603, 37.159339558526966], [-121.26210696622823, 37.159325240120616], [-121.26230459559076, 37.15947558325202], [-121.2625112081061, 37.16017002145492], [-121.26461326587095, 37.1638998329586], [-121.26717346443068, 37.16713552800579], [-121.26951806732224, 37.17117279392592], [-121.27064096142738, 37.1719816528278], [-121.27174588922685, 37.172461237645386], [-121.27311132845871, 37.17332734579734], [-121.27357845240647, 37.17404313016551], [-121.27386591329737, 37.1756106742453], [-121.27539304928037, 37.178745664835674], [-121.27655187599689, 37.17937551026427], [-121.27779155108897, 37.179633172789664], [-121.27851020331627, 37.18086421494701], [-121.28020801920324, 37.183075746100855], [-121.28112430079305, 37.1836053588382], [-121.28228312750956, 37.18367692784221], [-121.28341500476755, 37.18317594339003], [-121.28410670753634, 37.18251750162783], [-121.28430433689884, 37.18190199652904], [-121.28431332005168, 37.180900000756154], [-121.28607401800856, 37.18114334380874], [-121.28682860284721, 37.18031311134526], [-121.28749335615747, 37.17919657743793], [-121.28774488443702, 37.17737143839963], [-121.29022423462118, 37.175990029340284], [-121.29096983630701, 37.175431732501615], [-121.29110458359962, 37.174873431537314], [-121.2908350890144, 37.17319850389093], [-121.29075424063882, 37.1735134503854], [-121.29062847649905, 37.17301239852714], [-121.29066440911042, 37.1721391287752], [-121.29079915640303, 37.17156648739333], [-121.29143696025474, 37.17075046592591], [-121.291535774936, 37.17034245188759], [-121.2925418880542, 37.170485614958935], [-121.29559616002022, 37.168910806256385], [-121.29710532969753, 37.16708541874031], [-121.29636871116458, 37.167500608794214], [-121.29654837422139, 37.16731448939696], [-121.29856060045783, 37.165968689346286], [-121.29914450539249, 37.16579688335954], [-121.30032129841469, 37.166255031789625], [-121.30068062452833, 37.16627650742914], [-121.30262996869487, 37.16816633980927], [-121.30559440913248, 37.16661295831819], [-121.30605254992737, 37.166648750877826], [-121.31165803730028, 37.17004896674337], [-121.31289771239236, 37.17014918131101], [-121.3137780613708, 37.169762638674925], [-121.31407450541455, 37.16940472706369], [-121.31404755595604, 37.1679157965671], [-121.31808099158174, 37.16726438025012], [-121.31892540794881, 37.167686727733084], [-121.320272880875, 37.16757935147813], [-121.32153052227275, 37.16722858798208], [-121.32324630446541, 37.166433995265805], [-121.32450394586317, 37.1667847624498], [-121.325249547549, 37.166842030406876], [-121.3260310818462, 37.1667203359462], [-121.327737880886, 37.16604027505882], [-121.32842060050196, 37.16595437219562], [-121.33188809749865, 37.170013175794146], [-121.33212165947252, 37.170993841671724], [-121.33256183396175, 37.17128016507499], [-121.33378354274815, 37.17121574240385], [-121.33435846452997, 37.17080773087779], [-121.33629882554368, 37.17251134334623], [-121.33831105178011, 37.173520608245006], [-121.34239838632284, 37.174193444021306], [-121.34307212278594, 37.17467301480025], [-121.34330568475981, 37.176090236028465], [-121.34367399402629, 37.17694198751174], [-121.34468010714451, 37.17789393368795], [-121.34521011316215, 37.178094341880744], [-121.34570418656841, 37.17856673051742], [-121.3466833502281, 37.17991946345375], [-121.3475098002895, 37.18042046950507], [-121.34871354277021, 37.18112902953322], [-121.35016881353049, 37.18170875552164], [-121.35177679788907, 37.181959253028886], [-121.35282782677146, 37.1827178975544], [-121.35386987250105, 37.183047118279525], [-121.35457055842267, 37.18389879132366], [-121.35709482437105, 37.18339780834311], [-121.35889145493928, 37.18391310507426], [-121.3595741745552, 37.184457025587605], [-121.36095758009277, 37.18432820266214], [-121.36318540199738, 37.183512319031614], [-121.3641286330457, 37.18208092294695], [-121.36432626240821, 37.180821271953654], [-121.36455084122925, 37.18032026856064], [-121.3650449146355, 37.1800053504414], [-121.36566475218156, 37.17995524971049], [-121.36672476421681, 37.17954728537885], [-121.37222245375563, 37.17696346011411], [-121.37344416254203, 37.17370671235705], [-121.37419874738067, 37.17292650358925], [-121.37401908432385, 37.171838492590844], [-121.37283330814881, 37.17274039755549], [-121.37307585327552, 37.169705372931034], [-121.37296805544143, 37.16038479486524], [-121.37307585327552, 37.144260774591125], [-121.37340822993066, 37.134020380211595], [-121.37357890983465, 37.11742513451815], [-121.38567921671172, 37.11725321824214], [-121.4225909917362, 37.11704548555445], [-121.47180070300026, 37.116895058079976], [-121.47166595570765, 37.115999650262026], [-121.50836213506392, 37.11634348811655], [-121.56048238784854, 37.11592801717913], [-121.56023085956899, 37.11549821725857], [-121.56098544440766, 37.11544807377558], [-121.5613896862855, 37.11554119736042], [-121.5619556249145, 37.11593518049049], [-121.56626753827827, 37.11589936392701], [-121.55617047448479, 37.100847744686675], [-121.55754489686947, 37.10076176777996], [-121.56715687040955, 37.09917117740547], [-121.57434339268252, 37.09886308622004], [-121.57499916283992, 37.09846184930952], [-121.57621188847347, 37.09702167789733], [-121.5816916117066, 37.095094241482165], [-121.5888422013682, 37.108033636211104], [-121.58929135901026, 37.10789751897748], [-121.59290258645242, 37.11473173467855], [-121.59265105817288, 37.11495380052345], [-121.59535498717806, 37.11990355078261], [-121.62021137108965, 37.11119292010845], [-121.62150494509878, 37.112245985452994], [-121.6232297104443, 37.11408702369685], [-121.62407412681135, 37.11521168262276], [-121.62642771285577, 37.11912994979179], [-121.62696670202624, 37.11895803738697], [-121.62918554077801, 37.11814144813299], [-121.62856570323196, 37.118205916025914], [-121.62652652753702, 37.11784776037062], [-121.62594262260234, 37.11766151876029], [-121.62539465027903, 37.117152933567525], [-121.63411729168782, 37.113821974256545], [-121.63229371166106, 37.112016747985486], [-121.63030843488316, 37.112761767217634], [-121.6289879114155, 37.11072727430046], [-121.63040724956441, 37.110175659407645], [-121.62976944571267, 37.10956672921083], [-121.63518628687592, 37.10763244787307], [-121.63177268879626, 37.10564080287708], [-121.63126064908433, 37.10623543618351], [-121.63168285726786, 37.1063643921882], [-121.63218591382697, 37.1063572279715], [-121.63259015570482, 37.10687304984345], [-121.628619602149, 37.108205573419696], [-121.62782010154615, 37.107424688791376], [-121.62994910876952, 37.105210944567716], [-121.63017368759054, 37.10533990231667], [-121.63061386207976, 37.104895713590416], [-121.62999402453373, 37.10450883741615], [-121.62945503536324, 37.1050819865992], [-121.62907774294392, 37.104845563086705], [-121.62717331454158, 37.10679424395147], [-121.62105578745673, 37.10086207416163], [-121.6232297104443, 37.10005961938945], [-121.61844168997993, 37.09706466848512], [-121.61665404256455, 37.09565313143794], [-121.61615996915826, 37.095044084489686], [-121.61161449382061, 37.08728368130606], [-121.61029397035297, 37.084976187485545], [-121.6104107513399, 37.08493319003959], [-121.61012329044898, 37.08441721878592], [-121.6068534228148, 37.0787628036778], [-121.60016995710093, 37.06772508780865], [-121.59003696069607, 37.07133760804049], [-121.5847189342141, 37.059302373456504], [-121.59366615444392, 37.05615526404357], [-121.5895159378313, 37.04815427976066], [-121.5969719546895, 37.04659126499627], [-121.59615448778094, 37.045013878017045], [-121.58883321821534, 37.04656258552559], [-121.58620115443289, 37.041428785707545], [-121.58910271280061, 37.04079779194001], [-121.58753066105338, 37.03758537872471], [-121.5845662206158, 37.03823791115911], [-121.57247489689155, 37.0147216922445]]]}}, {"type": "Feature", "properties": {"DISTRICT": 7, "POPULATION": 27397}, "geometry": {"type": "Polygon", "coordinates": [[[-121.6046974661329, 36.892670647850586], [-121.60557781511135, 36.89311607807486], [-121.60638629886705, 36.89299394423974], [-121.60656596192388, 36.892835888398345], [-121.6071768163171, 36.89119065134286], [-121.60771580548754, 36.89031413502744], [-121.60863208707735, 36.88955256350038], [-121.609386671916, 36.88945916269574], [-121.61407587769912, 36.89056559565562], [-121.61326739394342, 36.89249103815383], [-121.61336620862467, 36.893022681630306], [-121.6138333325724, 36.89325258036518], [-121.61683370562136, 36.89389916684464], [-121.6185854204254, 36.89189473092984], [-121.61951068516802, 36.89125531198389], [-121.61884593185779, 36.89091763914349], [-121.61884593185779, 36.89042908856024], [-121.61907051067882, 36.88969625682286], [-121.61970831453056, 36.88914303604746], [-121.61953763462655, 36.890141704403675], [-121.61917830851291, 36.89066617967496], [-121.61929508949984, 36.89083142456189], [-121.61975323029476, 36.89083142456189], [-121.61998679226863, 36.89096074639777], [-121.62194511958802, 36.88971781079791], [-121.62374175015624, 36.88836708326982], [-121.62534075136199, 36.88741150095699], [-121.62683195473362, 36.88687981840114], [-121.63351542044747, 36.88630502228372], [-121.63666850709474, 36.88590984744274], [-121.6379261484925, 36.88608228762489], [-121.63939938555845, 36.88571585177231], [-121.63930955403004, 36.88522008281956], [-121.63943531816982, 36.885105121443196], [-121.64164517376875, 36.884365053439076], [-121.64232789338469, 36.884250090775325], [-121.64151940962897, 36.881340040706675], [-121.64129483080795, 36.87983108219532], [-121.64230094392614, 36.87452793434555], [-121.64257942166424, 36.873701529907734], [-121.6260683867421, 36.85172307824736], [-121.62268173812097, 36.847726316993686], [-121.62209783318632, 36.84620950578203], [-121.59770857322245, 36.837352452819985], [-121.57478356717174, 36.8180819443766], [-121.54813055269192, 36.79448334503954], [-121.5204804082467, 36.77153948688784], [-121.50575702073998, 36.758917077351846], [-121.50402327224164, 36.757211381503176], [-121.50244223734158, 36.76020532038262], [-121.50106781495688, 36.76013335206885], [-121.4974296380562, 36.76039963449254], [-121.49622589557548, 36.76129203371232], [-121.49574978847488, 36.76196852297601], [-121.49353094972311, 36.762738562003726], [-121.49260568498049, 36.76331428706661], [-121.49168940339068, 36.762810527872944], [-121.49120431313725, 36.76274575859368], [-121.49076413864803, 36.76295445940879], [-121.49047667775712, 36.763278304376804], [-121.4890393733025, 36.763868418357774], [-121.48689239977348, 36.76401234790819], [-121.48611086547629, 36.763961972596285], [-121.48473644309159, 36.764149080730924], [-121.48352371745804, 36.76468881317694], [-121.48266133478528, 36.76541564686871], [-121.48240082335289, 36.76530770170651], [-121.48153844068013, 36.765451628555674], [-121.48112521564941, 36.76478956281282], [-121.48075690638294, 36.764552081316566], [-121.4806850411602, 36.76359495146773], [-121.4804424960335, 36.76305521132315], [-121.4798765574045, 36.7625946300627], [-121.47929265246982, 36.7610833283734], [-121.47723551046919, 36.76065871920665], [-121.47624736365665, 36.75926972703619], [-121.47473819397933, 36.75750646240119], [-121.4743788678657, 36.756678793594446], [-121.47504362117593, 36.75525374289855], [-121.47603176798847, 36.75453401026359], [-121.47667855499304, 36.753418411334884], [-121.47657974031178, 36.752345981588014], [-121.47572634079188, 36.74996355045655], [-121.47566345872198, 36.749214976761145], [-121.47546582935946, 36.749150196001835], [-121.47443276678274, 36.74940212086966], [-121.47421717111453, 36.74927975746574], [-121.47386682815375, 36.748416010240824], [-121.47322004114919, 36.74761703540135], [-121.47301342863382, 36.746328580973284], [-121.47172883777753, 36.74554398080756], [-121.47139646112241, 36.745450404105604], [-121.46935728542746, 36.745630359200426], [-121.46818049240527, 36.74507609615664], [-121.46782116629163, 36.74509769089564], [-121.46737200864955, 36.745457602317494], [-121.4668150531734, 36.74565195378345], [-121.46659047435239, 36.74555837721312], [-121.46650064282397, 36.744845751896], [-121.46578199059667, 36.74357164771589], [-121.46556639492849, 36.74348526700583], [-121.46506333836936, 36.74363643318463], [-121.46412010732104, 36.74419790495621], [-121.4635451855392, 36.74399635145954], [-121.4628714490761, 36.74408992993454], [-121.46237737566986, 36.74385238435214], [-121.4622336452244, 36.74268624082877], [-121.4617575381238, 36.74209596389592], [-121.46064362717149, 36.74127532744638], [-121.46013158745956, 36.74115295108371], [-121.46004175593114, 36.74094419095587], [-121.46040108204478, 36.74052666899678], [-121.46042803150331, 36.740267516293635], [-121.4601405706124, 36.73914451113563], [-121.46039209889194, 36.737920704755346], [-121.46017650322376, 36.73726560038133], [-121.45955666567771, 36.737100023665455], [-121.45926022163395, 36.73714321762577], [-121.45803851284755, 36.73677606818838], [-121.45740070899585, 36.73676167013544], [-121.45747257421857, 36.736430514172625], [-121.45967344666467, 36.73552342748063], [-121.45971836242887, 36.73524985954923], [-121.45923327217542, 36.73427796559355], [-121.45890987867315, 36.73383161017251], [-121.45796664762483, 36.73334925542909], [-121.4562778148907, 36.731930970941775], [-121.4545799990037, 36.73129741407572], [-121.45443626855824, 36.73098063368225], [-121.45476864521335, 36.73041906522723], [-121.45468779683779, 36.73000868568198], [-121.45311574509059, 36.7295047078011], [-121.45265760429567, 36.72921671895546], [-121.45263963798999, 36.728208749489845], [-121.45230726133487, 36.727978354611366], [-121.45227132872351, 36.72765436064395], [-121.45249590754453, 36.72733756522071], [-121.45251387385021, 36.72594796985724], [-121.45166945748316, 36.725314363625], [-121.4513550471337, 36.72479595463764], [-121.45171437324737, 36.72432074332513], [-121.45224437926498, 36.724234340952385], [-121.45309777878491, 36.723053498782875], [-121.45327744184172, 36.72231906339809], [-121.4528552336582, 36.72151981691133], [-121.45308879563207, 36.72120299618235], [-121.4533403239116, 36.72128940196531], [-121.45372659948377, 36.720986981299674], [-121.45406795929176, 36.72097978079313], [-121.45459796530938, 36.72126780052867], [-121.45588255616566, 36.7213830081205], [-121.45785884979074, 36.72004370919372], [-121.45841580526687, 36.719158030946936], [-121.46015853691807, 36.71884840118329], [-121.46075142500561, 36.71847396352278], [-121.46129939732892, 36.71767467702579], [-121.46160482452551, 36.71764587375354], [-121.46225161153008, 36.71820753561453], [-121.46263788710225, 36.71834435006121], [-121.46350925292785, 36.7176386729338], [-121.46413807362674, 36.71758106635149], [-121.46580894005518, 36.71814272868631], [-121.46603351887622, 36.718113925589556], [-121.46621318193303, 36.71786189803223], [-121.46735404234387, 36.71758106635149], [-121.46743489071943, 36.71738664381724], [-121.4678391325973, 36.717185019928664], [-121.46906982453655, 36.71694739109492], [-121.46962678001269, 36.717077006913534], [-121.47050712899113, 36.71678897146402], [-121.47439683417139, 36.716738565149335], [-121.47490887388332, 36.71650813586095], [-121.4759958353771, 36.71549279857664], [-121.4768222854385, 36.71526236555158], [-121.47880756221639, 36.71537758215051], [-121.4814216596932, 36.715298370757324], [-121.48217624453184, 36.71555040672492], [-121.48337998701255, 36.715507200617765], [-121.48352371745804, 36.71534877801699], [-121.48340693647108, 36.71490231256624], [-121.4839728751001, 36.714578263436714], [-121.48414355500407, 36.71431902314895], [-121.48421542022679, 36.71375733285795], [-121.48452084742338, 36.71306601609329], [-121.48408965608702, 36.71215145206568], [-121.48387406041884, 36.712036230628655], [-121.48336202070688, 36.71051673176371], [-121.48333507124835, 36.71010624587247], [-121.48364948159781, 36.70924205788104], [-121.4825355706455, 36.70967415309164], [-121.48234692443584, 36.70963814525023], [-121.48160132275001, 36.70845707869869], [-121.48180793526535, 36.707823328187466], [-121.48049639495055, 36.706541407766316], [-121.48049639495055, 36.70620291959212], [-121.4808377547585, 36.70592924721237], [-121.4809006368284, 36.70564837191452], [-121.4807299569244, 36.70533148573074], [-121.48078385584145, 36.705101022230934], [-121.481035384121, 36.70487055804003], [-121.48171810373695, 36.70459688091572], [-121.48081080529998, 36.70420796964156], [-121.48052334440906, 36.703999109070985], [-121.48037063081077, 36.70363180117354], [-121.47994842262722, 36.70343734334071], [-121.47948129867949, 36.70343734334071], [-121.47892434320335, 36.70299080867737], [-121.47855603393684, 36.70291158451452], [-121.47749602190157, 36.70301961744361], [-121.47737924091464, 36.702673911535996], [-121.47755890397147, 36.70139190522068], [-121.47668753814588, 36.69996582813048], [-121.47491785703616, 36.69905831075225], [-121.47485497496628, 36.69871258702806], [-121.47517836846855, 36.69858294023061], [-121.47548379566517, 36.69863335845561], [-121.47568142502767, 36.69845329321452], [-121.47569040818051, 36.698186795883665], [-121.47538498098389, 36.697819460210546], [-121.47443276678274, 36.69793470296363], [-121.4741003901276, 36.69780505485427], [-121.47412733958613, 36.697113594578276], [-121.47362428302704, 36.69670303709674], [-121.472833765577, 36.69689751196659], [-121.472833765577, 36.69645814211641], [-121.47313020962075, 36.69591792984259], [-121.47317512538496, 36.69544974280142], [-121.4727888498128, 36.695413728295534], [-121.4725732541446, 36.69555058332812], [-121.4721330796554, 36.69493833523681], [-121.47184561876446, 36.694210834107324], [-121.47184561876446, 36.69359137227376], [-121.47139646112241, 36.69318079598268], [-121.47125273067697, 36.69277742064929], [-121.4716120567906, 36.69253971633689], [-121.4715671410264, 36.692352433633765], [-121.47096526978605, 36.69226599530923], [-121.47028255017011, 36.69176176981278], [-121.47017475233602, 36.69145923292775], [-121.46940220119167, 36.690774918915594], [-121.46870151527007, 36.68949271416038], [-121.46863863320016, 36.68886601079913], [-121.46898897616097, 36.68837617013303], [-121.4689710098553, 36.68800158398894], [-121.46877338049279, 36.687007481144825], [-121.46839608807345, 36.68651042490384], [-121.46903389192518, 36.68543706061298], [-121.46809964402969, 36.685523506613876], [-121.46769540215185, 36.685177722027284], [-121.46729116027397, 36.68507686789668], [-121.4667701374092, 36.68524255675569], [-121.4654406307887, 36.68473108130199], [-121.46298823006305, 36.6851849258887], [-121.46179347073516, 36.685905308622246], [-121.4617575381238, 36.68626549745865], [-121.4615149929971, 36.68654644357999], [-121.46096702067379, 36.686690518115896], [-121.46034718312774, 36.6859197162081], [-121.45897276074304, 36.685725213571445], [-121.45892784497883, 36.68524255675569], [-121.45856851886519, 36.68470226568227], [-121.45867631669928, 36.6844213128241], [-121.45811037807027, 36.683600060123396], [-121.45769715303959, 36.68332630727446], [-121.45761630466403, 36.683002125009075], [-121.45705036603502, 36.682461818197076], [-121.4571132481049, 36.68213042814124], [-121.45685273667252, 36.68197193674026], [-121.45586458985998, 36.6819575284149], [-121.45533458384236, 36.681820649189255], [-121.45480457782472, 36.681438826903985], [-121.45484949358892, 36.68068238093059], [-121.45426558865425, 36.68045904783991], [-121.4537535489423, 36.67993313187159], [-121.451507760732, 36.67994033622422], [-121.45050164761378, 36.67921989762202], [-121.44954045025979, 36.67876601783829], [-121.44933383774442, 36.6779230911352], [-121.44743839249494, 36.67583374581399], [-121.44612685218014, 36.6737803684052], [-121.4455519303983, 36.673456145910066], [-121.44434818791757, 36.67315353701532], [-121.44346783893913, 36.673131922048704], [-121.44227307961125, 36.673513785564595], [-121.44185087142772, 36.673823597968], [-121.44116815181178, 36.673989311067004], [-121.44083577515667, 36.674162228702876], [-121.44020695445778, 36.67525736470538], [-121.43979372942708, 36.6755599653258], [-121.43923677395094, 36.67574728892297], [-121.43792523363611, 36.6755959891299], [-121.4368113226838, 36.67622280062129], [-121.43649691233436, 36.67702972283845], [-121.43590402424687, 36.677375544054954], [-121.43400857899736, 36.6778294320425], [-121.43282280282233, 36.67785825023702], [-121.43271500498822, 36.678124818024514], [-121.43158312773024, 36.67872999551852], [-121.4310531217126, 36.67864354188228], [-121.43005599174722, 36.67788706842073], [-121.42986734553756, 36.677606090668995], [-121.42919360907449, 36.67762049980945], [-121.42877140089094, 36.67738995323856], [-121.42834020955456, 36.676957676556], [-121.42540271857548, 36.67516370236738], [-121.42412711087204, 36.67498358216613], [-121.42387558259249, 36.67434235082699], [-121.42325574504643, 36.67458731623907], [-121.42223166562256, 36.67443601416486], [-121.42184539005038, 36.67391726193738], [-121.42115368728162, 36.67381639304255], [-121.41988706273101, 36.6730958970909], [-121.41885400015427, 36.67339130124709], [-121.4182072131497, 36.673405711176926], [-121.41554819990871, 36.673059872116205], [-121.41485649713992, 36.67246185507253], [-121.41452412048481, 36.671690910579876], [-121.41450615417912, 36.671092882896666], [-121.41410191230126, 36.67076864907721], [-121.41377851879898, 36.6701489984219], [-121.41323054647569, 36.66888086059574], [-121.41337427692113, 36.66811708568533], [-121.41289816982054, 36.66738933084101], [-121.41179324202108, 36.6664742233981], [-121.41177527571539, 36.66604188538844], [-121.41215256813474, 36.665371756673856], [-121.41178425886824, 36.66426927415737], [-121.41091289304265, 36.66282089077229], [-121.40940372336532, 36.66150939573756], [-121.40925100976702, 36.66116350321342], [-121.4098349147017, 36.659967279585366], [-121.4093138918369, 36.65833144971479], [-121.40855032384542, 36.65779817607684], [-121.40836167763574, 36.65666675896409], [-121.40700522155672, 36.65603978818132], [-121.40592724321577, 36.65575152403908], [-121.40515469207145, 36.65571549094542], [-121.40430129255154, 36.656097440880266], [-121.40363653924128, 36.65551370530925], [-121.40303466800093, 36.655398398994], [-121.40195668965998, 36.655427225589], [-121.40051040205253, 36.655852416611644], [-121.39994446342355, 36.656140680376126], [-121.3994953057815, 36.65675323729207], [-121.39921682804341, 36.656760443815], [-121.39892038399965, 36.657034291187124], [-121.39663866317798, 36.65689736762281], [-121.3962703539115, 36.65675323729207], [-121.39587509518647, 36.655434432236056], [-121.3952462744876, 36.65531191914422], [-121.3946803358586, 36.65537677904066], [-121.3938718521029, 36.65487231173936], [-121.39342269446084, 36.655124545803176], [-121.3926501433165, 36.654757004463555], [-121.391149956792, 36.65466331717479], [-121.39058401816303, 36.65518219918744], [-121.39045825402326, 36.65553532522414], [-121.39004502899255, 36.65562180482297], [-121.38925451154253, 36.655268679182925], [-121.38838314571693, 36.65463449029379], [-121.38777229132373, 36.654757004463555], [-121.38703567279076, 36.654533596125255], [-121.38611939120095, 36.65490834522764], [-121.38553548626626, 36.654807451417966], [-121.38524802537535, 36.65459845667735], [-121.38492463187308, 36.6540075029616], [-121.38424191225714, 36.65378409244858], [-121.38408919865884, 36.65345978571171], [-121.38359512525258, 36.653272407863334], [-121.3825081637588, 36.65362554265898], [-121.38140323595933, 36.653769678844846], [-121.38114272452691, 36.6540075029616], [-121.38072949949623, 36.654036330077346], [-121.38014559456157, 36.65359671538945], [-121.37944490863994, 36.653517440342526], [-121.37895083523367, 36.653005753985276], [-121.37834896399332, 36.65286882325663], [-121.37707335628987, 36.65314989133133], [-121.37605826001881, 36.654281360125495], [-121.37343517938919, 36.65547046546126], [-121.37228533582552, 36.65570107770322], [-121.37118040802605, 36.655434432236056], [-121.37066836831409, 36.6557226975655], [-121.36959038997314, 36.656018168408096], [-121.3687100409947, 36.65655866091755], [-121.36804528768447, 36.65674603076845], [-121.3670301914134, 36.65657307399919], [-121.36625764026905, 36.65661631322791], [-121.36614085928213, 36.65612626721352], [-121.36590729730825, 36.6558596232189], [-121.36506288094118, 36.65581638356518], [-121.36418253196274, 36.65506689237572], [-121.36280810957804, 36.65454080285597], [-121.36206250789223, 36.65438225462456], [-121.361622333403, 36.654122811359855], [-121.36146063665187, 36.653776885647055], [-121.35952027563816, 36.65281116814013], [-121.3574990662489, 36.65081483310612], [-121.35641210475512, 36.650130157547494], [-121.35488496877211, 36.64945268310832], [-121.35410343447494, 36.649625655872136], [-121.35318715288513, 36.64945989031457], [-121.35301647298115, 36.648991420505375], [-121.35298054036978, 36.64788149604478], [-121.35253138272772, 36.647643653007776], [-121.35214510715555, 36.64775176357021], [-121.35087848260494, 36.64852294784638], [-121.35060000486685, 36.648558984305936], [-121.35010593146059, 36.648364387223985], [-121.35025864505889, 36.64726886854976], [-121.35068085324244, 36.646173334292016], [-121.34991728525094, 36.645603938622145], [-121.349800504264, 36.6452003138256], [-121.34991728525094, 36.6442272810668], [-121.34983643687536, 36.64380202585293], [-121.34948609391454, 36.64330469050572], [-121.34902795311964, 36.64295150838174], [-121.3484709976435, 36.64287222237626], [-121.34660250185253, 36.643153326936606], [-121.34620724312752, 36.64200007092943], [-121.34582096755534, 36.64175500180356], [-121.3457491023326, 36.641365772765795], [-121.34344043205242, 36.6402269061375], [-121.34232652110012, 36.63952772018271], [-121.34193126237511, 36.63861228155595], [-121.34163481833136, 36.638345576917665], [-121.34159888571999, 36.638013996890685], [-121.34250618415693, 36.637559874103296], [-121.34298229125753, 36.63700483150581], [-121.34349433096946, 36.63541897347974], [-121.34246126839273, 36.63407817713876], [-121.34162583517852, 36.63331405695904], [-121.34161685202568, 36.632888741500885], [-121.34208397597341, 36.63208135654613], [-121.34210194227909, 36.63136046997374], [-121.34163481833136, 36.631093740232764], [-121.33996395190289, 36.62919056069188], [-121.33893987247899, 36.628801268177476], [-121.33840986646136, 36.628397555344755], [-121.3380505403477, 36.627546867810025], [-121.33743968595451, 36.62701338100608], [-121.33717019136928, 36.62642221563994], [-121.33584068474876, 36.6249659108829], [-121.33579576898455, 36.62375470577017], [-121.3352567798141, 36.62348074006964], [-121.33278641278278, 36.62100779508007], [-121.33258878342028, 36.620611251331134], [-121.33225640676513, 36.62036611417518], [-121.3312682599526, 36.62037332410266], [-121.33034299520997, 36.62004887669865], [-121.32990282072075, 36.61958743803875], [-121.32953451145426, 36.618707812942745], [-121.3291482358821, 36.61823915612966], [-121.32811517330536, 36.61767676419343], [-121.3262736269729, 36.616169821987796], [-121.32558192420412, 36.61581651548612], [-121.32534836223026, 36.61534063070049], [-121.32447699640466, 36.61463400847917], [-121.32383919255294, 36.6133072717135], [-121.3231115571728, 36.612535734945006], [-121.32169221902389, 36.61201656567185], [-121.31870082912776, 36.610336452260924], [-121.31838641877833, 36.610033595306014], [-121.31871879543345, 36.60961536231779], [-121.31885354272609, 36.60913222828395], [-121.3184223513897, 36.608252483911876], [-121.31967999278746, 36.606536232401], [-121.31910507100564, 36.60584395207514], [-121.3187277785863, 36.604855999599536], [-121.31908710469996, 36.60440168143998], [-121.31975185801019, 36.60425745289323], [-121.32156645488412, 36.60430793291528], [-121.32211442720742, 36.604134858416494], [-121.32237493863984, 36.60388966887843], [-121.32266239953074, 36.60312524943386], [-121.32354274850918, 36.60267813266268], [-121.32379427678873, 36.6023752456356], [-121.32399190615124, 36.60064443980981], [-121.3250070024223, 36.598444818041585], [-121.32471954153138, 36.59695192426455], [-121.32514174971492, 36.59620186045024], [-121.32507886764502, 36.593374631306666], [-121.32532141277173, 36.59253076988231], [-121.32515073286775, 36.591672474010565], [-121.32420750181943, 36.59025878941244], [-121.32432428280636, 36.58935719132336], [-121.32423445127795, 36.58844115687817], [-121.3243781817234, 36.588174278656076], [-121.325249547549, 36.58766215840227], [-121.32530344646605, 36.58734478639873], [-121.3255998905098, 36.58700577395346], [-121.32674973407347, 36.58674610383938], [-121.32706414442293, 36.58650807213406], [-121.32736058846669, 36.585887743634636], [-121.32724380747976, 36.584185421210904], [-121.32702821181157, 36.583969021603174], [-121.32550107582856, 36.58394738160903], [-121.32495310350525, 36.58246142083481], [-121.32510581710355, 36.58205746538836], [-121.32599514923483, 36.58124233456935], [-121.32629159327858, 36.58075902285123], [-121.32623769436154, 36.58060032282123], [-121.32608498076324, 36.5804632634419], [-121.32530344646605, 36.580383913163686], [-121.3250070024223, 36.58019635763645], [-121.3234798664393, 36.5778735168049], [-121.32353376535634, 36.5775561045561], [-121.32509683395071, 36.577072769761905], [-121.32525853070184, 36.57684913622138], [-121.32613887968029, 36.57640908123431], [-121.32864517932298, 36.57663993006486], [-121.33140300724524, 36.576235944158455], [-121.33279539593562, 36.574922975365524], [-121.33393625634645, 36.574410767200625], [-121.3335589639271, 36.57392741271796], [-121.33357693023278, 36.57342241226554], [-121.33328946934188, 36.573040052583345], [-121.3335589639271, 36.57210939563389], [-121.33348709870437, 36.57168374259365], [-121.33254386765607, 36.57111379671347], [-121.33176233335888, 36.57088293136253], [-121.33125927679976, 36.57050777369533], [-121.33114249581283, 36.57000996551587], [-121.33142995670376, 36.56970695027045], [-121.33142995670376, 36.56936786037198], [-121.33118741157703, 36.56919470750918], [-121.33114249581283, 36.568862830103825], [-121.33181623227593, 36.568256789423025], [-121.33157368714922, 36.56784554482428], [-121.33164555237194, 36.56592637441229], [-121.33141199039808, 36.5654429668282], [-121.330962832756, 36.565139933665726], [-121.33066638871225, 36.5637401936311], [-121.33188809749865, 36.56252802712976], [-121.3320318279441, 36.56216725961734], [-121.33172640074751, 36.561950798301226], [-121.32888772444969, 36.56146736583879], [-121.32869907824002, 36.561128239768756], [-121.32879789292127, 36.56071695721836], [-121.32952552830142, 36.559793367372095], [-121.32948061253721, 36.55915117729983], [-121.32976807342813, 36.55801109638199], [-121.32944467992586, 36.55752763926799], [-121.32915721903494, 36.55544946080821], [-121.32870806139286, 36.55474229011502], [-121.32829483636218, 36.55456188839193], [-121.32714499279851, 36.55445364715595], [-121.32600413238767, 36.553508333917776], [-121.32377631048305, 36.55311865944621], [-121.32303969195007, 36.55285887537355], [-121.32145865705003, 36.5528155779432], [-121.32065915644715, 36.55255579285174], [-121.31926676775677, 36.551826946683285], [-121.31888947533746, 36.551408398251866], [-121.31876371119765, 36.55096098190481], [-121.3184223513897, 36.550686757702174], [-121.31806302527606, 36.55070840701672], [-121.31761386763398, 36.55048469714082], [-121.31684131648966, 36.5496980992102], [-121.31650893983452, 36.54951768571218], [-121.31614063056803, 36.549481602962054], [-121.3139756907333, 36.549972326920646], [-121.3134906004799, 36.54992181136289], [-121.31169396991164, 36.5482547794346], [-121.31068785679342, 36.54697020216668], [-121.31077768832183, 36.54654441060868], [-121.31005903609456, 36.54590932731676], [-121.30872054632123, 36.5459742792566], [-121.30795697832971, 36.54557013296648], [-121.30775934896721, 36.5449711265427], [-121.30804680985813, 36.543903007185364], [-121.30787612995414, 36.543332856351995], [-121.30669933693194, 36.542813221550205], [-121.30659153909785, 36.542264714359135], [-121.30515423464324, 36.54074908215129], [-121.30329472200513, 36.539601512286644], [-121.3023065751926, 36.53952933751203], [-121.3015699566596, 36.539247855247254], [-121.3013723272971, 36.53888697904978], [-121.30130944522722, 36.537840428552364], [-121.30106690010051, 36.537436239740984], [-121.30081537182096, 36.537183620661], [-121.3001057027465, 36.53690934758258], [-121.29999790491242, 36.53591329506364], [-121.29967451141013, 36.53545135330873], [-121.29922535376807, 36.53519872774433], [-121.29872229720897, 36.53466460240546], [-121.2984887352351, 36.53404385751176], [-121.29859653306919, 36.53355303244048], [-121.29851568469363, 36.53306220425409], [-121.2971861780731, 36.53260024546831], [-121.29678193619526, 36.532318737980155], [-121.29661125629129, 36.53099058626621], [-121.29713227915606, 36.53026875511649], [-121.29688075087651, 36.529806779645284], [-121.29602735135659, 36.52925818018937], [-121.29537158119919, 36.52713592986484], [-121.29656634052708, 36.526428500150665], [-121.29689871718219, 36.525995376724495], [-121.29696159925209, 36.52471042962468], [-121.29720414437878, 36.52433504779199], [-121.29783296507767, 36.523822504271365], [-121.30050096147151, 36.52281184512652], [-121.30063570876412, 36.52260971171321], [-121.30044706255445, 36.52188058322704], [-121.30062672561128, 36.521555721787735], [-121.30148910828404, 36.52147631100622], [-121.30325878939377, 36.520133534541436], [-121.30316895786535, 36.5198231044079], [-121.30366303127161, 36.5191228272074], [-121.30362709866024, 36.518891806534484], [-121.303133025254, 36.518415324218246], [-121.30324082308809, 36.518148204060495], [-121.30483982429381, 36.51737571625294], [-121.30720239349104, 36.51681980904043], [-121.30745392177059, 36.51588847502047], [-121.30742697231207, 36.51471165708995], [-121.30732815763082, 36.5142279291926], [-121.30676221900183, 36.51354926107574], [-121.30677120215468, 36.51217746692276], [-121.30718442718536, 36.51166484286708], [-121.30816359084506, 36.51116665567249], [-121.30815460769222, 36.51076232747607], [-121.30838816966607, 36.51033633655563], [-121.30931343440872, 36.509794819289326], [-121.3104183622082, 36.50957821132201], [-121.3106609073349, 36.50928217945303], [-121.31074175571047, 36.50875509551802], [-121.30979852466217, 36.50622071031659], [-121.30996920456614, 36.50578025314327], [-121.31135261010368, 36.50549142740688], [-121.31184668350994, 36.50510151095342], [-121.31198143080255, 36.50459606077607], [-121.31171193621732, 36.50352738382229], [-121.31180176774573, 36.50274030825447], [-121.31060700841785, 36.50119501735037], [-121.30952004692406, 36.5006750994581], [-121.30921461972747, 36.49996742782826], [-121.3093763164786, 36.49986633135314], [-121.30885529361383, 36.49943305925052], [-121.30846003488881, 36.499346404539054], [-121.30772341635584, 36.49967858040634], [-121.30744493861775, 36.49996742782826], [-121.30741798915922, 36.50043680259073], [-121.30642085919388, 36.50182324681229], [-121.30595373524612, 36.50222762170043], [-121.30503745365631, 36.50220595881353], [-121.3045074476387, 36.50245869211686], [-121.30438168349892, 36.50290638908622], [-121.30402235738525, 36.503332420895056], [-121.3027018339176, 36.503852320943345], [-121.30205504691305, 36.50507262817507], [-121.30148910828404, 36.50554197198852], [-121.30110283271188, 36.505570854591795], [-121.30074350659824, 36.50580191503007], [-121.29985417446696, 36.50564306105285], [-121.29825517326121, 36.50438665902152], [-121.29715922861457, 36.503938970611955], [-121.29681786880663, 36.504126711227926], [-121.29619803126059, 36.50515205578966], [-121.29499428877985, 36.50565750233695], [-121.2945451311378, 36.506112401407975], [-121.29406902403723, 36.50624237208014], [-121.29342223703264, 36.50606907780209], [-121.29180526952125, 36.50606907780209], [-121.29098780261269, 36.505484206749664], [-121.29054762812348, 36.50557807524095], [-121.28816709262054, 36.50538311747792], [-121.28723284472508, 36.50476935835152], [-121.28619079899549, 36.5054697654332], [-121.28497807336194, 36.50570082617319], [-121.2848163766108, 36.50552753068284], [-121.28478942715225, 36.50510873164634], [-121.2840977243835, 36.50393174980996], [-121.28292991451414, 36.5030508069112], [-121.2820046497715, 36.5027114245952], [-121.28010022136915, 36.50264643632241], [-121.27848325385774, 36.50239370363194], [-121.2765788254554, 36.50279807554071], [-121.27562661125424, 36.503303537456674], [-121.27350658718373, 36.503332420895056], [-121.27226691209162, 36.5031735618506], [-121.27195250174219, 36.50294971446199], [-121.27188063651947, 36.50258866892304], [-121.27155724301718, 36.502314273187395], [-121.27003909018701, 36.502256505540196], [-121.26897009499893, 36.501974887642824], [-121.26791008296367, 36.50240814552218], [-121.26679617201135, 36.502256505540196], [-121.26649074481475, 36.502379261739], [-121.26520615395846, 36.50368624214076], [-121.26392156310217, 36.503852320943345], [-121.26310409619362, 36.50344795454083], [-121.26265493855156, 36.50347683792535], [-121.26222374721519, 36.50369346296565], [-121.26097508897027, 36.50383787932248], [-121.25960964973838, 36.504466087339935], [-121.25789386754573, 36.504538294831384], [-121.25610622013032, 36.5039173082039], [-121.25557621411271, 36.503585150521275], [-121.25489349449677, 36.503512942140816], [-121.2543095895621, 36.50380899607267], [-121.25219854864442, 36.505592516537185], [-121.25104870508075, 36.505361455473924], [-121.24985394575286, 36.50473325472193], [-121.24957546801477, 36.504827124123764], [-121.24882088317612, 36.50575859125042], [-121.2477249385295, 36.50627125442212], [-121.24723086512321, 36.50687778111406], [-121.24608102155955, 36.50648065107905], [-121.2451737231226, 36.506639503337524], [-121.24475151493905, 36.50646620994848], [-121.2441047279345, 36.50691388374351], [-121.24293691806514, 36.505592516537185], [-121.24085282660599, 36.505440882792215], [-121.23930772431729, 36.504783799798616], [-121.23954128629117, 36.50344073369303], [-121.23876873514682, 36.50135388045445], [-121.23801415030816, 36.50102171177421], [-121.23730448123372, 36.49996742782826], [-121.23791533562691, 36.49949805022047], [-121.23688227305017, 36.49762773272723], [-121.23459156907566, 36.49618344120437], [-121.23319918038528, 36.49389418395806], [-121.2329386689529, 36.49312867590168], [-121.2310252573977, 36.49203817494388], [-121.23083661118805, 36.49172763212731], [-121.2310252573977, 36.491301536469095], [-121.23249849446366, 36.4894165767082], [-121.23258832599207, 36.48904824588033], [-121.23232781455968, 36.48879546880858], [-121.2308276280352, 36.48814546683641], [-121.23031558832325, 36.486267652723605], [-121.22812369903002, 36.48460647152694], [-121.22808776641865, 36.48420922726788], [-121.22867167135331, 36.48248299674061], [-121.22901303116127, 36.48215796995389], [-121.22886031756298, 36.48161625561273], [-121.2279709854317, 36.48068449808657], [-121.2280159011959, 36.48046058569343], [-121.22921964367664, 36.479131543977516], [-121.23027067255904, 36.47882094942093], [-121.23048626822725, 36.478560915811485], [-121.23005507689085, 36.47775191677965], [-121.2299562622096, 36.47681288945556], [-121.22952507087324, 36.475281528180965], [-121.22807878326581, 36.47440025939071], [-121.22782725498624, 36.47412576378636], [-121.22761165931806, 36.473555098760635], [-121.2261384222521, 36.47250044094606], [-121.22594977604244, 36.47217537228802], [-121.22547366894185, 36.471994778], [-121.22472806725604, 36.47221149109511], [-121.22409924655715, 36.47198033043878], [-121.22362313945658, 36.47213202969728], [-121.22312906605029, 36.47265213918659], [-121.22294041984064, 36.47326615284146], [-121.21978733319337, 36.4732372581903], [-121.21938309131552, 36.47250766467854], [-121.21889800106209, 36.472442651062046], [-121.21852070864277, 36.4725437833308], [-121.21785595533254, 36.473230034525834], [-121.21509812741027, 36.47320836352838], [-121.21476575075515, 36.47263769174791], [-121.21393031754091, 36.47017436407957], [-121.21176537770619, 36.46761704374155], [-121.21141503474539, 36.46661287511841], [-121.20983399984532, 36.4648067837093], [-121.20833381332085, 36.46380257868576], [-121.20557598539861, 36.462429903296695], [-121.2047225858787, 36.46140399319054], [-121.20424647877812, 36.46046476781147], [-121.20242289875135, 36.45852125763259], [-121.20216238731896, 36.45852125763259], [-121.20205458948487, 36.4579432526432], [-121.20064423448878, 36.45706901191104], [-121.1990542164359, 36.456469320420815], [-121.1976797940512, 36.45506761379108], [-121.19753606360574, 36.45442455433451], [-121.19793132233075, 36.45172220126088], [-121.19600892762273, 36.4480731526658], [-121.19514654494999, 36.44723493112189], [-121.19347567852151, 36.44575356917906], [-121.18406133434395, 36.43828129293918], [-121.11696616577306, 36.38519587366159], [-121.1159690358077, 36.38593351999792], [-121.11466647864572, 36.38616493701428], [-121.11410054001671, 36.38641804858728], [-121.11282493231326, 36.387416023331724], [-121.11225001053141, 36.388095795895794], [-121.11101931859217, 36.38869601566577], [-121.10914183964839, 36.38912990658978], [-121.10831538958699, 36.39004830105829], [-121.10671638838126, 36.390916065390584], [-121.10662655685286, 36.39157411355144], [-121.10369804902662, 36.39417732639407], [-121.10397652676468, 36.392666027330364], [-121.1034105881357, 36.39265879616373], [-121.10255718861578, 36.39300589140314], [-121.09828120786337, 36.39626706473093], [-121.09735594312072, 36.39615860218579], [-121.0962599984741, 36.39735891258784], [-121.09622406586273, 36.39789398474527], [-121.09339437271777, 36.400048697497816], [-121.08940585285626, 36.40077174208137], [-121.0860371705408, 36.4019575206352], [-121.08398901169303, 36.40286853333082], [-121.08167135826001, 36.404394094164665], [-121.07913810915878, 36.406946268779116], [-121.07577840999616, 36.41317090963924], [-121.07404466149784, 36.41359743471358], [-121.07346075656314, 36.413958894807536], [-121.0734517734103, 36.414378186409266], [-121.069678849217, 36.41739991067198], [-121.06659762779246, 36.41855652042583], [-121.06628321744303, 36.418368572512954], [-121.06588795871804, 36.41845531776003], [-121.05902482994736, 36.423739366333436], [-121.05844092501266, 36.424274256817554], [-121.05798278421777, 36.427895513036546], [-121.05689582272399, 36.42861829844794], [-121.05618615364953, 36.42974583025266], [-121.05253001044316, 36.4383969235845], [-121.05095795869595, 36.44108528751831], [-121.04996981188343, 36.44357844502278], [-121.04814623185666, 36.44693866099616], [-121.0469335062231, 36.44656290213603], [-121.04609807300886, 36.44664238973899], [-121.04549620176851, 36.44654122368473], [-121.04308871680708, 36.44521160042559], [-121.04275634015194, 36.44481415426688], [-121.0421993846758, 36.444467290500974], [-121.04156158082405, 36.44328938738861], [-121.03988173124277, 36.44209701326502], [-121.03844442678816, 36.44139603325839], [-121.03702508863925, 36.440001281008676], [-121.03617168911933, 36.438953393655325], [-121.0341774291886, 36.43779708774073], [-121.03386301883914, 36.43737069558681], [-121.03344081065562, 36.43593973530337], [-121.032344866009, 36.43487011139579], [-121.03043145445382, 36.434183520714356], [-121.02881448694241, 36.43328733005575], [-121.02640700198097, 36.43141541457649], [-121.0231461174996, 36.4298542459093], [-121.02187949294901, 36.42815571655984], [-121.01865454107902, 36.426558342285546], [-121.0024040175893, 36.416886659576], [-120.99876584068859, 36.41412516588593], [-120.99737345199821, 36.41226724708333], [-120.99730158677549, 36.41093703667443], [-120.99584631601522, 36.40925978238793], [-120.99475935452143, 36.40831992579318], [-120.99342984790094, 36.40784276347815], [-120.97557134005264, 36.44102747422006], [-120.97637084065552, 36.442458340691985], [-120.97634389119699, 36.442928063831594], [-120.97601151454185, 36.44380969035478], [-120.97509523295207, 36.44461181725855], [-120.97522099709184, 36.44734332234861], [-120.97565218842821, 36.44734332234861], [-120.97446641225318, 36.449344919782014], [-120.97483472151966, 36.45026260242122], [-120.97547252537139, 36.488607691021315], [-120.97432268180772, 36.48861491325232], [-120.97412505244522, 36.502177074954915], [-120.99173203201394, 36.50266087816553], [-120.99214525704465, 36.53183512015955], [-120.9905642221446, 36.53184233835822], [-120.97459217639295, 36.530766819330296], [-120.97413403559806, 36.51656712262362], [-120.97149298866273, 36.51668985612912], [-120.97153790442694, 36.51654546374952], [-120.93908177321171, 36.516935322556144], [-120.93869549763954, 36.50279807554071], [-120.91063212816364, 36.502913609983864], [-120.91088365644319, 36.488419912778845], [-120.88390724846109, 36.488419912778845], [-120.8265138849587, 36.48760379435988], [-120.82600184524674, 36.44178627033212], [-120.80066935423457, 36.44195248182312], [-120.80066935423457, 36.42735341956192], [-120.78167896912828, 36.427469066487475], [-120.78158913759987, 36.41261425474816], [-120.76251790411801, 36.41257810818872], [-120.76291316284303, 36.39782167791224], [-120.74337480541342, 36.39771321753655], [-120.74433600276743, 36.38366270398708], [-120.73537979938476, 36.38364823997829], [-120.73910780781387, 36.386569915135574], [-120.73924255510649, 36.386794098545714], [-120.73718541310585, 36.38902866559076], [-120.730501947392, 36.38361931195266], [-120.72194998588719, 36.383568687881855], [-120.72183320490024, 36.38375671997864], [-120.72130319888261, 36.38389412776187], [-120.72019827108315, 36.38451607574373], [-120.7194077536331, 36.38384350386999], [-120.71876096662857, 36.38381457591697], [-120.71853638780753, 36.383539759826604], [-120.7071457500049, 36.38338065533038], [-120.68924232639239, 36.38459562687095], [-120.67442012420442, 36.38376395197329], [-120.67425842745328, 36.35382496687474], [-120.65628313861805, 36.35509827734616], [-120.6381731024902, 36.355076573364876], [-120.63820903510157, 36.35550341721919], [-120.5969853467133, 36.355539590319594], [-120.59727280760424, 36.37496211682577], [-120.5971111108531, 36.39106069183758], [-120.59743450435538, 36.41515893025714], [-120.59727280760424, 36.41559267344823], [-120.59729975706276, 36.433164464400846], [-120.59716500977015, 36.434487066817276], [-120.59708416139458, 36.458709108326545], [-120.59691348149057, 36.46635280054866], [-120.59716500977015, 36.48823935634719], [-120.6037227113442, 36.48824657861255], [-120.61325383650872, 36.496031789031804], [-120.61698184493781, 36.498819252955066], [-120.62601889669605, 36.50595354806786], [-120.66980278364404, 36.541117166990574], [-120.74944741673409, 36.605295892410574], [-120.75101946848129, 36.606168459251535], [-120.76304791013565, 36.61565067718211], [-120.83381718821857, 36.67203675579358], [-120.85942815696883, 36.6926117480243], [-120.87296576830052, 36.70333651315961], [-120.87602902341935, 36.70555474658713], [-120.90193643621336, 36.726473571060254], [-120.92159157462989, 36.742736630112724], [-120.93369188150699, 36.75189973123637], [-120.99284594296626, 36.77569133050033], [-121.00099366259322, 36.77944722406026], [-121.06200723669062, 36.804079020188304], [-121.09075332578246, 36.8161330518706], [-121.10179362062426, 36.820145846542374], [-121.11954433063848, 36.82733670846517], [-121.12477252559204, 36.82963764156397], [-121.12603915014267, 36.83041419086654], [-121.14153508879372, 36.83666224976815], [-121.14149915618235, 36.83730212572462], [-121.14261306713466, 36.839070743779516], [-121.14219085895114, 36.84091840269872], [-121.14280171334433, 36.84312546982298], [-121.14256815137045, 36.84468547558643], [-121.14304425847105, 36.846310148216276], [-121.14383477592106, 36.84725186743176], [-121.14485885534496, 36.84735250849394], [-121.14524513091715, 36.847144037575255], [-121.14550564234953, 36.84726624473447], [-121.1457392043234, 36.84838047747052], [-121.14577513693477, 36.84958814364601], [-121.14593683368591, 36.849976318008174], [-121.14678125005298, 36.850889238832124], [-121.14738312129333, 36.85221906461993], [-121.14834431864735, 36.853074453846546], [-121.14872161106669, 36.85419578993059], [-121.14915280240307, 36.85462706865978], [-121.14936839807125, 36.855381800580524], [-121.14937738122408, 36.856079022494576], [-121.1497726399491, 36.85647435168225], [-121.15001518507582, 36.857645951628676], [-121.1503385785781, 36.85797658394705], [-121.15174893357415, 36.85863784429277], [-121.15188368086677, 36.85886784655017], [-121.1520004618537, 36.859126598262336], [-121.15182978194973, 36.86001784745418], [-121.15198249554803, 36.86061440360626], [-121.15246758580146, 36.861311577786296], [-121.15271013092817, 36.86139782569634], [-121.15292572659635, 36.86191531111261], [-121.15285386137363, 36.86251185245247], [-121.15306047388897, 36.86301495598663], [-121.15291674344351, 36.86366179852048], [-121.15312335595885, 36.864538620768734], [-121.15263826570543, 36.86535793738245], [-121.15281792876226, 36.86560948019413], [-121.15445286257938, 36.866400037925324], [-121.1554230430862, 36.86671625872745], [-121.15639322359306, 36.86658689583023], [-121.15704899375046, 36.86675937964452], [-121.1574083198641, 36.86671625872745], [-121.15810900578573, 36.86703966501225], [-121.15847731505221, 36.867442124254865], [-121.15889054008292, 36.867600232662994], [-121.15969004068577, 36.867628979611126], [-121.16079496848523, 36.86812486276401], [-121.16112734514039, 36.8681464228281], [-121.1613519239614, 36.86847700971528], [-121.16207057618868, 36.86902319361219], [-121.16247481806656, 36.86908068642683], [-121.16289702625008, 36.86895851414402], [-121.16359771217171, 36.86925316461113], [-121.1644061959274, 36.87026646607976], [-121.16456789267856, 36.87083419648878], [-121.16490026933367, 36.87133005883712], [-121.16551112372686, 36.87343564136139], [-121.16557400579676, 36.87470758630109], [-121.16612197812007, 36.874959098328944], [-121.16656215260929, 36.87554835183675], [-121.16704724286272, 36.8780346641386], [-121.16608604550872, 36.87957240059952], [-121.16608604550872, 36.879845453369384], [-121.16719097330818, 36.880908912745966], [-121.1679545412997, 36.88228851365236], [-121.168502513623, 36.88266933659613], [-121.1687001429855, 36.88334475374951], [-121.16856539569288, 36.88383334966821], [-121.1686372609156, 36.88412794275542], [-121.1691133680162, 36.88499734499564], [-121.1695086267412, 36.8853278589527], [-121.16977812132644, 36.88538533949482], [-121.17060457138784, 36.88533504402282], [-121.17101779641852, 36.88550030044928], [-121.17219458944072, 36.88550030044928], [-121.17315578679472, 36.88566555651804], [-121.17382952325782, 36.88560807618686], [-121.17409901784306, 36.88571585177231], [-121.17568903589594, 36.88748334966702], [-121.17643463758176, 36.889423239278905], [-121.17787194203635, 36.89058714938521], [-121.17959670738188, 36.890414719378114], [-121.18055790473589, 36.891463662565805], [-121.1812406243518, 36.89246948496181], [-121.18219283855298, 36.89333879221224], [-121.18259708043081, 36.89439487943621], [-121.1843128626235, 36.89639206566739], [-121.18438472784622, 36.89711046520011], [-121.18389963759282, 36.89798690347248], [-121.18362115985471, 36.898992639907405], [-121.18362115985471, 36.90028571013354], [-121.18295640654448, 36.901937934648174], [-121.1830911538371, 36.90306573692442], [-121.18403438488542, 36.90485438278398], [-121.1843128626235, 36.90566608373961], [-121.1844476099161, 36.906549606822544], [-121.18389963759282, 36.908101134792865], [-121.1843128626235, 36.908977446832], [-121.18540880727012, 36.90948742707346], [-121.18644186984686, 36.91041400216797], [-121.18682814541903, 36.91046428111475], [-121.18881342219694, 36.91324393703741], [-121.19069090114075, 36.913071558220885], [-121.19206532352545, 36.91263342697547], [-121.19267617791864, 36.91256878444752], [-121.19520044386704, 36.91345941001022], [-121.1960268939284, 36.91350968694964], [-121.19698809128242, 36.91378261832811], [-121.19829064844438, 36.914342842834685], [-121.20103051006097, 36.91317929502687], [-121.20356375916218, 36.91307874067936], [-121.20412071463832, 36.912791441813155], [-121.20480343425426, 36.91263342697547], [-121.20562090116282, 36.9128560841524], [-121.20596226097078, 36.912741164400295], [-121.2065102332941, 36.91168533107512], [-121.20719295291002, 36.91152731394602], [-121.20836974593222, 36.911534496549905], [-121.21124435484141, 36.91223838844915], [-121.21349912620455, 36.912575966953355], [-121.21391235123524, 36.91269806944863], [-121.21467591922675, 36.913279849241825], [-121.21659831393474, 36.913559963855896], [-121.21707442103533, 36.91350968694964], [-121.21803561838935, 36.91263342697547], [-121.21891596736776, 36.91236049148482], [-121.21941004077405, 36.91195826898165], [-121.2198142826519, 36.911362113870155], [-121.2208383620758, 36.9108018674705], [-121.22139531755197, 36.910306261456185], [-121.22172769420708, 36.91036372318806], [-121.22255414426847, 36.91164223552692], [-121.22262600949121, 36.912410769148586], [-121.22345245955258, 36.91294945632347], [-121.22303923452189, 36.91428538410031], [-121.223371611177, 36.914989250613665], [-121.22351534162246, 36.91644005701492], [-121.22413517916851, 36.91853721352555], [-121.2240004318759, 36.91947804239813], [-121.2241980612384, 36.91992331613835], [-121.22461128626908, 36.92031113308398], [-121.22721640059305, 36.92031113308398], [-121.22928252574653, 36.92119448654167], [-121.22989338013971, 36.92112985126979], [-121.23016287472495, 36.92124475838189], [-121.23167204440229, 36.92350695688882], [-121.23310934885687, 36.92473497939994], [-121.23434902394895, 36.92614969426515], [-121.23469936690975, 36.92689653822579], [-121.23442088917169, 36.928095781971194], [-121.23434902394895, 36.92930218778171], [-121.23354054019323, 36.93017825622527], [-121.23345969181767, 36.93195908563188], [-121.23147441503978, 36.934113259146756], [-121.23051321768577, 36.935886816307715], [-121.23037847039316, 36.936942314541604], [-121.23059406606134, 36.938493224200215], [-121.22921964367664, 36.94103492455346], [-121.22872557027036, 36.941192880534345], [-121.22832132839252, 36.94153033085108], [-121.22806081696012, 36.94223394585362], [-121.22599469180665, 36.94445962399536], [-121.22550960155321, 36.944832957186904], [-121.22468315149185, 36.94516321194674], [-121.22291347038211, 36.94500526419673], [-121.22188040780537, 36.94534269762884], [-121.21852070864277, 36.94789134867993], [-121.21620305520973, 36.951093195062896], [-121.21612220683417, 36.951301382208015], [-121.21647254979497, 36.951861331016254], [-121.21620305520973, 36.952299236831145], [-121.21400218276365, 36.95407237070521], [-121.21373268817841, 36.95452462091612], [-121.21338234521761, 36.95585264172787], [-121.21181029347039, 36.95711603462643], [-121.21174741140051, 36.957381631603596], [-121.21235826579371, 36.95806356554559], [-121.21351709251023, 36.9589967284123], [-121.21455015508697, 36.961250628475696], [-121.3449585848826, 36.96055436710633], [-121.3531152876624, 36.960195467006514], [-121.35360037791581, 36.9599944822117], [-121.37035395796465, 36.96055436710633], [-121.41606922277349, 36.960697926672594], [-121.41827009521958, 36.96064768085519], [-121.41826111206674, 36.96055436710633], [-121.41854857295765, 36.96079841820794], [-121.41850365719345, 36.95991552375429], [-121.41822517945538, 36.95921925017656], [-121.41590752602235, 36.95595313965757], [-121.40710403623797, 36.92856972938796], [-121.40433722516289, 36.90994712465114], [-121.40243279676055, 36.89952423809706], [-121.40045650313549, 36.88714566014189], [-121.40030378953719, 36.88405609088774], [-121.40133685211393, 36.868778848667326], [-121.40147159940655, 36.86529325481132], [-121.40130091950256, 36.86528606785559], [-121.40132786896109, 36.865099206769344], [-121.40148956571223, 36.86510639374265], [-121.40157939724064, 36.863647424301426], [-121.40167821192189, 36.863647424301426], [-121.40167821192189, 36.86123970445354], [-121.40200160542419, 36.85666842162609], [-121.36367947540364, 36.855144599922745], [-121.36372439116785, 36.84664801827664], [-121.36403880151728, 36.84659050858456], [-121.36372439116785, 36.846360469383725], [-121.3637603237792, 36.839315183708365], [-121.36393100368319, 36.8391785850209], [-121.3692310638595, 36.8391354485426], [-121.36924903016518, 36.838344608795154], [-121.37090193028796, 36.8384236931379], [-121.37088396398227, 36.83877597694387], [-121.37198889178174, 36.83849558792396], [-121.38120560659681, 36.838926955221126], [-121.38134035388944, 36.83551908726306], [-121.38119662344396, 36.83549751799499], [-121.38118764029112, 36.83492233526886], [-121.38135832019512, 36.8349079556453], [-121.38156493271046, 36.83052923453729], [-121.38215782079797, 36.83053642476097], [-121.38243629853606, 36.830744940953686], [-121.383514276877, 36.829673593094576], [-121.38363105786395, 36.82973111550841], [-121.38422394595145, 36.8292277929209], [-121.38817653320159, 36.834900765832494], [-121.38980248386584, 36.83413145195829], [-121.38946112405787, 36.83384385599978], [-121.38842806148114, 36.83425367991325], [-121.38764652718395, 36.83311048141146], [-121.38770042610099, 36.83273660146447], [-121.38823043211863, 36.83198164600134], [-121.38733211683451, 36.83152866914719], [-121.38735906629303, 36.830658658460116], [-121.38744889782144, 36.83055080520631], [-121.38780822393508, 36.83055080520631], [-121.38791602176917, 36.829997156109826], [-121.39326099770969, 36.83016972249178], [-121.39323404825117, 36.83032790799994], [-121.3984712263576, 36.830543614983974], [-121.39944140686445, 36.83034947872572], [-121.40077989663779, 36.82978863787899], [-121.40108532383438, 36.83068022909262], [-121.40092362708324, 36.83338370021712], [-121.4003936210656, 36.83334775042999], [-121.40088769447188, 36.834002033910764], [-121.40051040205253, 36.834009223808046], [-121.40044751998265, 36.834526894635744], [-121.40086074501336, 36.83454846417752], [-121.40078887979062, 36.8363459046212], [-121.40265737558158, 36.83641061168952], [-121.40245974621908, 36.83980406122225], [-121.40606199050839, 36.83993346945284], [-121.40608893996692, 36.8396387059423], [-121.40655606391468, 36.83984000797495], [-121.40704115416808, 36.839868765364926], [-121.40705912047376, 36.830888744893386], [-121.40969118425626, 36.83241305003544], [-121.4095115211994, 36.836992972841], [-121.41082306151425, 36.83760408779997], [-121.41077814575002, 36.83912106971108], [-121.411910023008, 36.83917139560953], [-121.41208070291201, 36.83746029648419], [-121.4168777065292, 36.83924328969274], [-121.416832790765, 36.839509297212956], [-121.41612312169053, 36.84012039206597], [-121.41636566681724, 36.840242610450645], [-121.41636566681724, 36.840436721601286], [-121.41589854286951, 36.84041515371999], [-121.41586261025815, 36.84091121345093], [-121.41646448149852, 36.84144321596325], [-121.41818924684401, 36.84229872575579], [-121.4180544995514, 36.844527319769824], [-121.41670702662522, 36.84447699739593], [-121.4166351614025, 36.846504243965356], [-121.41981519750826, 36.846604886011654], [-121.41993197849521, 36.84805699221998], [-121.41969841652133, 36.84892680500811], [-121.42597764035733, 36.84909214020391], [-121.42709155130964, 36.850378867116774], [-121.4280617318165, 36.849868491994165], [-121.42803478235797, 36.849775042659], [-121.42671425889031, 36.84797072925535], [-121.42606747188574, 36.84764724227115], [-121.42657951159768, 36.84745314942366], [-121.42771138885567, 36.84809293509319], [-121.42986734553756, 36.85061608256319], [-121.43125075107513, 36.85185965452609], [-121.43043328416657, 36.85206092438682], [-121.43042430101373, 36.85240595720092], [-121.43032548633248, 36.85240595720092], [-121.4302446379569, 36.85551118244724], [-121.43161007718876, 36.85557587329847], [-121.43165499295297, 36.85785439390906], [-121.43510452364399, 36.85800533451583], [-121.4352392709366, 36.85818502532568], [-121.43514045625535, 36.861153456364995], [-121.44004525770663, 36.86214530350609], [-121.43527520354796, 36.869634052555305], [-121.4346912986133, 36.869871208240475], [-121.43417925890134, 36.87076233211327], [-121.43446671979225, 36.871028229964935], [-121.4344577366394, 36.87125100853346], [-121.43191550438536, 36.87513156324079], [-121.43620046829061, 36.87710769589361], [-121.43419722520701, 36.878559222579135], [-121.43298449957346, 36.87965862789548], [-121.43190652123252, 36.880980767575124], [-121.43112498693533, 36.88234599648255], [-121.43067582929328, 36.883452532529745], [-121.42740596165908, 36.89564492297994], [-121.44868705073988, 36.91742400406601], [-121.4501782541115, 36.91866648840965], [-121.45272048636555, 36.920196224564975], [-121.50901790522134, 36.9468001057103], [-121.51173081737937, 36.94919076893163], [-121.5123686212311, 36.9473170122234], [-121.51307829030557, 36.94646267873332], [-121.51382389199136, 36.94516321194674], [-121.51433593170333, 36.9448257777197], [-121.5160786633545, 36.944150904782], [-121.51643798946817, 36.9437057725513], [-121.51676138297046, 36.942714985023954], [-121.5171207090841, 36.942363180555965], [-121.51754291726765, 36.94218368785464], [-121.5191688679319, 36.94197547579138], [-121.52161228550469, 36.94023795983783], [-121.52224110620358, 36.93969946544634], [-121.52304060680643, 36.93768187262132], [-121.52360654543544, 36.93709309881024], [-121.52683149730544, 36.935750390299106], [-121.52854727949808, 36.934400477682026], [-121.52961627468619, 36.933294680383156], [-121.53091883184817, 36.93253353785552], [-121.53447616037327, 36.93093942227242], [-121.53515887998921, 36.92970431880918], [-121.53544634088013, 36.92943144441474], [-121.53649736976254, 36.92894314042888], [-121.53791670791148, 36.92790907460405], [-121.53924621453197, 36.92730586306193], [-121.53932706290753, 36.92677445846323], [-121.53969537217402, 36.926142513037696], [-121.54011758035755, 36.92577626954123], [-121.5406925021394, 36.925546468802], [-121.5408901315019, 36.92515867848387], [-121.54065656952802, 36.924476449988674], [-121.53912943354503, 36.92293243664213], [-121.53948875965868, 36.921618205300355], [-121.5401085972047, 36.920684584574886], [-121.54178844678601, 36.91981558885899], [-121.54255201477753, 36.91926976830459], [-121.54488763451624, 36.91886040032493], [-121.54569611827193, 36.91842948428804], [-121.54715138903222, 36.91738091176024], [-121.54840903042998, 36.917416822016754], [-121.54878632284931, 36.917323455314694], [-121.55134652140904, 36.91562128847812], [-121.55223585354032, 36.91554946625731], [-121.55350247809093, 36.915204718655886], [-121.55475113633585, 36.91399808977915], [-121.55633217123592, 36.91194390385302], [-121.55846117845928, 36.91047146381871], [-121.55877558880871, 36.90992557638906], [-121.55897321817122, 36.909128286413406], [-121.55895525186554, 36.90723917870485], [-121.55911694861668, 36.90621918475347], [-121.55963797148148, 36.90471071799856], [-121.55994339867807, 36.90425098886738], [-121.56015001119341, 36.903288422027416], [-121.56019492695762, 36.90190920061444], [-121.55997933128944, 36.898554427804456], [-121.56010509542921, 36.897455294573845], [-121.56028475848603, 36.89711764916128], [-121.56291682226852, 36.89625556899171], [-121.5650548126447, 36.89643516983006], [-121.56693229158853, 36.89707454538409], [-121.56920502925735, 36.897239776397846], [-121.570525552725, 36.89722540849781], [-121.57140590170344, 36.89708172934865], [-121.57264557679552, 36.896456721902254], [-121.57382236981772, 36.89553716141186], [-121.57418169593136, 36.89505582455026], [-121.57479255032457, 36.89358305858344], [-121.57527764057798, 36.8931304467485], [-121.57565493299732, 36.89297957554042], [-121.57615798955642, 36.89336752947297], [-121.57675087764396, 36.893597427169176], [-121.57733478257862, 36.89445953736298], [-121.57893378378436, 36.8957957889196], [-121.57963446970597, 36.896736898287024], [-121.5801644757236, 36.89828862579466], [-121.58091906056225, 36.89894235340045], [-121.58136821820433, 36.89915786676837], [-121.58596759245901, 36.90095378783235], [-121.58886915082671, 36.901255498424284], [-121.5947710822434, 36.90109027610505], [-121.5975019607071, 36.90047248513299], [-121.59865180427079, 36.900350363069684], [-121.59878655156339, 36.89500553544927], [-121.60199353712771, 36.8951061136181], [-121.6020564191976, 36.89391353537086], [-121.60291880187036, 36.893712375757616], [-121.6046974661329, 36.892670647850586]]]}}]}