{"type": "FeatureCollection", "features": [{"type": "Feature", "properties": {"TRUSTEE_AREA": 1}, "geometry": {"type": "Polygon", "coordinates": [[[-121.64507968120425, 37.14555680626672], [-121.64485224310611, 37.14532262653648], [-121.64099694712291, 37.14133217607122], [-121.64087511134805, 37.1412076957757], [-121.64083112535187, 37.141162754552624], [-121.64081299735075, 37.1411763531419], [-121.6407182448575, 37.141251300731184], [-121.64038457375358, 37.141501091596595], [-121.63932606557329, 37.1422934885918], [-121.63824147480481, 37.1431572877341], [-121.63823963775025, 37.14315872489318], [-121.63692191980873, 37.14420020407024], [-121.63692104305284, 37.14420089936779], [-121.63614041880123, 37.14481557358678], [-121.63609018321735, 37.144855127882444], [-121.63589778296094, 37.14500661894561], [-121.63400821461613, 37.14649440284003], [-121.63400747979422, 37.1464950050311], [-121.63303365309046, 37.147262394485736], [-121.63295090119045, 37.147327604429734], [-121.63294883776034, 37.14732923054257], [-121.6321368632056, 37.14796908280253], [-121.6321359316527, 37.14796982389135], [-121.63165104984047, 37.14835470500601], [-121.63165068242941, 37.14835498353936], [-121.63086138674068, 37.148978746786284], [-121.63052860856084, 37.14924017674625], [-121.6305271389171, 37.14924133525964], [-121.62962239624744, 37.14995458091075], [-121.62875899404493, 37.15063056981101], [-121.62753310299782, 37.14964789629903], [-121.626907633167, 37.1491329501899], [-121.62690682288687, 37.14913229431826], [-121.62634402400607, 37.14867334616868], [-121.62508091846219, 37.14764737963701], [-121.62386226334425, 37.14665825808503], [-121.62151909562981, 37.144751083663635], [-121.62058351126771, 37.14398954462784], [-121.62061087394929, 37.14396852237632], [-121.61992382551838, 37.14340947417755], [-121.61891160769473, 37.14258584836551], [-121.61802881641076, 37.1418675477075], [-121.61799883245045, 37.14184313706047], [-121.61793391391554, 37.14179028990499], [-121.61713805347904, 37.141142678673326], [-121.6170241363487, 37.14104996898523], [-121.61690394495433, 37.14094817418739], [-121.61678892657773, 37.14084261862864], [-121.61667926464447, 37.14073347066419], [-121.61657513403475, 37.1406209043782], [-121.61647670080423, 37.140505099306054], [-121.61638412191961, 37.14038624014793], [-121.61629754500815, 37.14026451647412], [-121.61628468293398, 37.14024557345757], [-121.61622979948093, 37.140161912052335], [-121.61615836031447, 37.14004340921167], [-121.61609280667969, 37.13992274573974], [-121.61603324027944, 37.139800108892224], [-121.6159797535238, 37.139675688986216], [-121.6159324293867, 37.13954967910508], [-121.61585674995253, 37.13933275048732], [-121.6158132306826, 37.139217917558135], [-121.61576337309312, 37.13910474840328], [-121.61570727594629, 37.13899346713329], [-121.61564505035922, 37.13888429411923], [-121.61545888625696, 37.13857606305451], [-121.61542611912513, 37.13852898890216], [-121.61538677312019, 37.13848526369018], [-121.61538154762154, 37.13847998017396], [-121.61535491161149, 37.1384493309198], [-121.61533260202947, 37.1384165421466], [-121.61461461030605, 37.137207025905155], [-121.61423480273213, 37.136567215720795], [-121.61421175713791, 37.136534599358335], [-121.6141831663071, 37.1365049296711], [-121.61414960833002, 37.13647880655686], [-121.61413347441561, 37.136466218763005], [-121.61411977995658, 37.13645189767193], [-121.61406752590013, 37.136366728150186], [-121.61339985222553, 37.13524422010804], [-121.61333544383145, 37.13513593396055], [-121.61289832721437, 37.13440103508774], [-121.61268806955617, 37.1340475488601], [-121.61266829062203, 37.13400844276869], [-121.61265446335975, 37.13396773036729], [-121.6126467841843, 37.13392599000059], [-121.61264363286642, 37.13390880184051], [-121.61263797468303, 37.13389203054815], [-121.61262988842005, 37.13387590964623], [-121.61190211513097, 37.13264094969021], [-121.61132909085161, 37.13167069029899], [-121.61070865135348, 37.13062687842275], [-121.61070595638563, 37.13062250941914], [-121.61052762123751, 37.13034793518988], [-121.61052404575602, 37.13034164642031], [-121.610521341005, 37.13033508483965], [-121.61051957295622, 37.130328390079626], [-121.6105187108687, 37.13032158218731], [-121.61051751722242, 37.13031321296426], [-121.61051496200173, 37.13030504157843], [-121.6105110894154, 37.13029720940426], [-121.61049912736473, 37.13027710230308], [-121.61039643574564, 37.130313050214696], [-121.61049912736473, 37.13027710230304], [-121.60923163281947, 37.12814644712203], [-121.60808175403265, 37.126207195214796], [-121.607229276243, 37.126531737017764], [-121.6059401001781, 37.127023512253636], [-121.60460761441186, 37.127529827737995], [-121.60275789706655, 37.128231788676196], [-121.60150960703143, 37.12870660291172], [-121.60095927245612, 37.128915247651854], [-121.60095389784891, 37.128917197881016], [-121.60075105182221, 37.12898738682328], [-121.60056622976965, 37.128698552545416], [-121.60056400390754, 37.128694979572494], [-121.6004850716719, 37.1285622124941], [-121.59938743046831, 37.12671398634688], [-121.59931439202396, 37.12659098172512], [-121.598496127768, 37.1252138740774], [-121.59723300621417, 37.12309295357702], [-121.59684286139144, 37.12243872020702], [-121.59598863762076, 37.121000546285664], [-121.5959884319421, 37.12100018157486], [-121.59543520026949, 37.12005943963559], [-121.59543426165101, 37.12005782368338], [-121.59539891478202, 37.11999563597177], [-121.59534328635667, 37.119897767982266], [-121.59527220187901, 37.119772659252924], [-121.59527152827606, 37.119771544267465], [-121.59514254349659, 37.1195391256334], [-121.59510579698345, 37.11947291117669], [-121.59493602376938, 37.11916699136058], [-121.59482414917645, 37.11896540159179], [-121.59448417667703, 37.118352005092774], [-121.5944839708412, 37.11835161765063], [-121.59420089767771, 37.11783517216928], [-121.59386550259421, 37.11722720192785], [-121.59386529676146, 37.11722681484053], [-121.59356164018156, 37.116670343679935], [-121.59356143553315, 37.11666997976002], [-121.5932264898397, 37.11606280500789], [-121.59275399055538, 37.11520083426866], [-121.59275357985592, 37.11520012915477], [-121.59263107309667, 37.11498000704828], [-121.59250346122869, 37.1147507324966], [-121.59210336895529, 37.114025805739], [-121.59181552438552, 37.11350333285689], [-121.59173764152752, 37.11336196634996], [-121.59110297394345, 37.11221070180059], [-121.59080069711324, 37.11166178827435], [-121.59062359707733, 37.11134020418487], [-121.59029864960351, 37.11075295607], [-121.58983232352382, 37.10990414698564], [-121.58927189266309, 37.108883792161336], [-121.58890661893214, 37.10822183777061], [-121.58884136712946, 37.10810358588693], [-121.58884116141527, 37.10810319974446], [-121.58882214498566, 37.10806910315201], [-121.58837347438711, 37.10726462859357], [-121.58759319800573, 37.105845873187185], [-121.5873164981308, 37.105342994590664], [-121.587316033702, 37.10534215135109], [-121.58721301134808, 37.1051548946245], [-121.58721291972002, 37.10515472841215], [-121.58711638050536, 37.10497926158815], [-121.58673045810679, 37.10427781937634], [-121.58571061100425, 37.10242753627318], [-121.5847300364364, 37.10064163277954], [-121.58472980287453, 37.10064122295546], [-121.58453140642003, 37.10028396154207], [-121.58453120070602, 37.10028359757085], [-121.58387845989722, 37.099096254198635], [-121.58296572607495, 37.09743909718886], [-121.58242764618882, 37.09646106094338], [-121.58241384447759, 37.09643597430849], [-121.58239106231169, 37.09639456400263], [-121.58170098663437, 37.09514023244062], [-121.58158979677434, 37.09518160687935], [-121.57739631957563, 37.09665921690758], [-121.57733351836129, 37.09668133423288], [-121.57727077374085, 37.096703451551875], [-121.57688627058882, 37.09683891891532], [-121.57663123890904, 37.096928770834474], [-121.57617092154906, 37.0970909485419], [-121.57615702371491, 37.097095845164795], [-121.57514609484438, 37.0974520324388], [-121.57506068932526, 37.097482116356716], [-121.57469384884644, 37.09761135733993], [-121.57451766408659, 37.09767342735448], [-121.57400323850834, 37.0978546538224], [-121.57394852931695, 37.0978739241376], [-121.57382028494354, 37.09791909668972], [-121.5737827578269, 37.09793208327385], [-121.57298686944173, 37.09820750795945], [-121.57081898967144, 37.098957660295255], [-121.5664388641408, 37.10047329464034], [-121.56643632819718, 37.10047417232473], [-121.56378748778438, 37.101390560331026], [-121.56377596958727, 37.10139454532845], [-121.55998346615243, 37.10270643344449], [-121.5587761215669, 37.10312406881452], [-121.55831821708185, 37.10328246258053], [-121.55790751726296, 37.10342452814028], [-121.5646096873688, 37.11348202855239], [-121.56462031685678, 37.11349797686187], [-121.56622330634744, 37.11590302717458], [-121.56653249746287, 37.11636689686915], [-121.56737700152102, 37.11763385084193], [-121.56782163582831, 37.11830088629627], [-121.56809774270435, 37.11871509321978], [-121.56902762928095, 37.12011004953443], [-121.56907608439201, 37.12018275881934], [-121.56912454040138, 37.12025544511332], [-121.5704434321101, 37.1222338284091], [-121.57050386715001, 37.12232448682975], [-121.57095656131567, 37.1230035018389], [-121.57104550617869, 37.123136929554974], [-121.5721389136294, 37.12483800326949], [-121.57242294118214, 37.12527985783394], [-121.57378091665683, 37.127392358348665], [-121.57393211474934, 37.12761900164209], [-121.57411486076624, 37.12789293398944], [-121.57615030331561, 37.13094394775191], [-121.57871018844965, 37.13478064399279], [-121.57615030331561, 37.13094394775187], [-121.56467788463794, 37.13103555748791], [-121.56268704220174, 37.13105447330619], [-121.56207743476304, 37.1310602650749], [-121.55961342997574, 37.131083676363694], [-121.55891482915032, 37.13109031394168], [-121.55828655472281, 37.13109628332079], [-121.55724163274685, 37.131106211754584], [-121.55716998043572, 37.131107482982394], [-121.55712762487657, 37.13110729533815], [-121.5457145632698, 37.13121573454661], [-121.5403781823503, 37.13103271609851], [-121.54037111440678, 37.1310324740264], [-121.5362099192389, 37.130889580459964], [-121.53151199604437, 37.13072806777051], [-121.52683053896688, 37.13056693217121], [-121.52216019404143, 37.130464357962914], [-121.51597891267825, 37.130417978256396], [-121.51285390066447, 37.1303788609461], [-121.51172505180203, 37.1303646952582], [-121.51171324704285, 37.13036454700513], [-121.50817334997595, 37.130320084676235], [-121.50374104776988, 37.130354730284665], [-121.50287431558694, 37.13036147534373], [-121.49925914868622, 37.130389610785315], [-121.49582174667505, 37.13041622503296], [-121.49491627105895, 37.13041638324838], [-121.49065420496684, 37.130417109170374], [-121.49059477423343, 37.13041713208433], [-121.48891348760601, 37.130417353270474], [-121.48802020571964, 37.1304174706637], [-121.48593687096214, 37.13041774410396], [-121.48457181192742, 37.13041787507162], [-121.47370217530427, 37.130418368483845], [-121.47263023740025, 37.130418417109865], [-121.47184913351609, 37.13041845286474], [-121.47185182387773, 37.13126290383618], [-121.4718589771312, 37.13975210659404], [-121.47185933730879, 37.140179374805385], [-121.47185952593054, 37.14040315979046], [-121.47185976574946, 37.140687966321835], [-121.47187555248574, 37.15941815317314], [-121.47187642643186, 37.16046184046782], [-121.47190231546017, 37.188799753330564], [-121.47101496963826, 37.188820443879244], [-121.46878061552283, 37.18887245719701], [-121.46681895845157, 37.18886261700351], [-121.46459760475989, 37.18885149937191], [-121.4630727480382, 37.18884383117584], [-121.44672725538884, 37.18872121707149], [-121.44515526227543, 37.18870930223985], [-121.42879948209654, 37.18882255849265], [-121.41895413673804, 37.188889465894555], [-121.41744823985417, 37.18889969944279], [-121.41505909346732, 37.188915935715684], [-121.41501973733153, 37.18937952083656], [-121.41498605406306, 37.18977629247329], [-121.4149613602462, 37.190067164030815], [-121.4147222089561, 37.19038960930893], [-121.414470514386, 37.19167387792626], [-121.41404928000337, 37.192017178527976], [-121.41440161526508, 37.193001465113575], [-121.41416897490443, 37.193858142959186], [-121.41477962795467, 37.19409621544374], [-121.41511455661147, 37.19464733505109], [-121.41506465241663, 37.19549883205827], [-121.41602135347806, 37.196200474125234], [-121.41529477629108, 37.197420460371994], [-121.4156402188434, 37.19783547079338], [-121.41612863456484, 37.198016242804634], [-121.417398625668, 37.1992665960719], [-121.41746296386513, 37.19955748402536], [-121.41777218904336, 37.19999220427275], [-121.41765278217089, 37.20115887142831], [-121.41766848558602, 37.201450187123044], [-121.41788085621855, 37.201914804353436], [-121.41795151492904, 37.202494356380875], [-121.41974092723649, 37.202694012500416], [-121.4196855280933, 37.20313161746276], [-121.41945434838016, 37.20410484206445], [-121.41994364983297, 37.204353569555714], [-121.41998251811135, 37.20454754106025], [-121.4199271180699, 37.20498512311237], [-121.41997978894557, 37.2053150115622], [-121.42012044617088, 37.20587732806685], [-121.42008729112362, 37.206166738119755], [-121.42020147221696, 37.20754528047923], [-121.42100369089106, 37.20852010379882], [-121.4214572897002, 37.208827402911396], [-121.4216473883871, 37.20945732932438], [-121.42181617452053, 37.21032912507872], [-121.4210865351129, 37.21031543871688], [-121.42103233251481, 37.2108501509266], [-121.42119195670516, 37.21196605567357], [-121.42099701502711, 37.21291958909117], [-121.420672834614, 37.21325242107769], [-121.4209133961673, 37.213761763573785], [-121.42141480690931, 37.21400068541364], [-121.42211493929737, 37.2145780235216], [-121.42224071595693, 37.21491704066968], [-121.42335240780243, 37.21579657396807], [-121.4236566868757, 37.21606350087576], [-121.42512832828184, 37.216292341508066], [-121.42556790706566, 37.21678904569949], [-121.4259608767544, 37.21741118037998], [-121.42587661469034, 37.21834995290588], [-121.4254242130415, 37.22071017272498], [-121.42552674038939, 37.22120599512565], [-121.4251390930635, 37.22198820643291], [-121.4252794780902, 37.222631566121635], [-121.42640342556585, 37.22426926924802], [-121.42759108616005, 37.22484301310611], [-121.42864403272749, 37.225351712319224], [-121.43039943304339, 37.225400621404084], [-121.43041002588154, 37.22625262835901], [-121.43089864366803, 37.22694029474183], [-121.43125917880224, 37.22745296598457], [-121.43229063407574, 37.22798242688982], [-121.43283441027808, 37.22804096885694], [-121.4333134951595, 37.22859038574835], [-121.43403804911216, 37.22944795788274], [-121.43530120690457, 37.229129790844496], [-121.43625476385982, 37.22985773332496], [-121.43801011919442, 37.23050380472447], [-121.43799261188643, 37.23090426396892], [-121.43807557664266, 37.23124308042386], [-121.43857360254052, 37.23141512304575], [-121.43938475229766, 37.2320813076281], [-121.44022692634012, 37.23208083921138], [-121.44075057486296, 37.23241611361036], [-121.44159309198207, 37.23313863445347], [-121.44260335416747, 37.234005047830514], [-121.44271229101771, 37.23428574530421], [-121.44369147602684, 37.23482385869281], [-121.44362451919909, 37.234914647427296], [-121.44355274919816, 37.23501195298096], [-121.44338916868045, 37.23523366481771], [-121.44299512986952, 37.23576773907005], [-121.44315911728522, 37.23589610372705], [-121.44378023567963, 37.23638230643027], [-121.44508721119838, 37.238693088905855], [-121.44529744025407, 37.23909763903224], [-121.44538044635249, 37.239257394372444], [-121.44524233127308, 37.239476042135074], [-121.4450438422188, 37.239790232220884], [-121.44481789706958, 37.2400205747983], [-121.44537267399781, 37.24045477658208], [-121.44609645278616, 37.24057216074947], [-121.4464850350765, 37.241437316532156], [-121.4480752854474, 37.242350630283944], [-121.44841537578044, 37.2432860967327], [-121.44894200128402, 37.243944108431556], [-121.44924979552175, 37.243693271772926], [-121.44997709031375, 37.24382534373855], [-121.45180001212098, 37.247197324573484], [-121.4527034988048, 37.24776225646543], [-121.45285466902116, 37.24824086069597], [-121.45277205089002, 37.249030934785246], [-121.45370485050817, 37.24948062878253], [-121.45515775294604, 37.25074596256469], [-121.45517291021714, 37.25074904301673], [-121.45559297494634, 37.25083417083809], [-121.45618321996378, 37.25206304119897], [-121.45558273935018, 37.25258588881819], [-121.4551802743989, 37.25261288640325], [-121.45497675211801, 37.25262651711619], [-121.45454581324708, 37.25287473274958], [-121.45463304050958, 37.25320540135851], [-121.4546952173236, 37.25382794272447], [-121.45475752618981, 37.25445187895201], [-121.45472745417628, 37.25459485603933], [-121.45410068528038, 37.25500779365353], [-121.45404054484584, 37.25529887636134], [-121.45343626524506, 37.25593350755018], [-121.45412051631781, 37.256524384868946], [-121.45411836476497, 37.257323234417825], [-121.45388491060106, 37.25753923577803], [-121.45416309895174, 37.25832714823575], [-121.4547171490981, 37.25916744647329], [-121.45466983301063, 37.25945840157319], [-121.4548450736091, 37.25968638400637], [-121.45560176036044, 37.2599453059617], [-121.4560282704134, 37.26082184094916], [-121.45584488469557, 37.26146057807828], [-121.45505681883708, 37.261752863367214], [-121.4546502135376, 37.26190364952851], [-121.4542502440357, 37.26256564166393], [-121.45380367446677, 37.262944720475915], [-121.45332223856413, 37.263576815737316], [-121.45371685567149, 37.26502278717377], [-121.45371896220206, 37.26518800241217], [-121.4541950853482, 37.265649630474975], [-121.45423143290513, 37.2662875795979], [-121.45436088544812, 37.26682461083119], [-121.45469523650337, 37.26723486208523], [-121.45477176127079, 37.2672799005921], [-121.45538702356214, 37.26764219722468], [-121.45535074501207, 37.26848348526781], [-121.45515011345042, 37.26902954833891], [-121.45461234241127, 37.26963464176721], [-121.45393743283273, 37.269812835360405], [-121.45316582504158, 37.269781581784734], [-121.45328327611394, 37.27014105118971], [-121.45335631895891, 37.27066318432596], [-121.453788421942, 37.27135799371319], [-121.45396896162926, 37.27223974435519], [-121.45410670023827, 37.27271165867501], [-121.4544314653488, 37.27333837719686], [-121.45452131840372, 37.27351171190642], [-121.45455211442118, 37.273714184344456], [-121.45453023051104, 37.27420994474924], [-121.454401589976, 37.27429648211134], [-121.45394271259899, 37.274605187220956], [-121.45401405493743, 37.27509217661223], [-121.45432794870719, 37.27509289217165], [-121.45471582501739, 37.2750937592787], [-121.4548508498686, 37.27509405879888], [-121.45570843091392, 37.27509596243158], [-121.45877097229818, 37.27510271986412], [-121.46025290752269, 37.27510598098827], [-121.47329261302211, 37.27513373774078], [-121.4755675170769, 37.275138429278655], [-121.4777234976812, 37.27514283273449], [-121.47968975053344, 37.27514681657616], [-121.4842924640154, 37.27515601094066], [-121.48698981783565, 37.27516132368705], [-121.49341253756614, 37.275173712001745], [-121.50051208296213, 37.275186993889136], [-121.50211168489446, 37.27518993334826], [-121.50474430971896, 37.27519470496792], [-121.51492348155651, 37.275212624830154], [-121.52385928192629, 37.275227628844895], [-121.52680978544679, 37.27523244194412], [-121.52832718525563, 37.27523487530247], [-121.53152962844548, 37.27523996648455], [-121.53279508768665, 37.27524195091721], [-121.54064768977285, 37.275253984053855], [-121.54532588777997, 37.27526086382096], [-121.54942264322398, 37.27526679569363], [-121.54973994609989, 37.2752672474828], [-121.55401288270373, 37.275273224401445], [-121.55422804624924, 37.27527353107473], [-121.56315495419959, 37.27528552496704], [-121.56772600566804, 37.27529143042326], [-121.58699137021112, 37.275314212398605], [-121.58696322304965, 37.28570958149896], [-121.58696023782565, 37.286816697168305], [-121.5869602306389, 37.28681936161147], [-121.586950444891, 37.29043688702054], [-121.58692117029568, 37.30125213503145], [-121.58691912744396, 37.302002336071766], [-121.58691513337087, 37.303479395560025], [-121.58691508845335, 37.303496166827365], [-121.58691452428859, 37.30370176049522], [-121.58685993117705, 37.31812664451608], [-121.58685675104807, 37.31896676237461], [-121.58680325840342, 37.33309482952765], [-121.58678327389764, 37.33837060937536], [-121.59574756561084, 37.33499634706747], [-121.60173543369207, 37.33274191829739], [-121.60174260404403, 37.33273921833934], [-121.60512180525527, 37.331466756702866], [-121.6134782771527, 37.32831942443391], [-121.61432237901549, 37.32800146287418], [-121.62249712803981, 37.32492167645751], [-121.63774738654463, 37.31917403477409], [-121.64109839233787, 37.317910685099946], [-121.64854278057582, 37.31510362831196], [-121.65243487394399, 37.31363576243785], [-121.65295794221444, 37.31343846224989], [-121.65880074137877, 37.311234537644744], [-121.65880908852345, 37.3112313875067], [-121.65881056984514, 37.31123082449723], [-121.66000060300422, 37.310781889550015], [-121.66931845810281, 37.30726573645847], [-121.67053050357724, 37.30680835148888], [-121.67728880359401, 37.30425794467036], [-121.67728893924391, 37.304221069116075], [-121.68756135710929, 37.30416000473749], [-121.68756683054345, 37.304159971868664], [-121.69551169230272, 37.30411212210555], [-121.69915172726422, 37.30409002500017], [-121.70339832617276, 37.304064080809006], [-121.70340339806019, 37.304064074378466], [-121.70422662214604, 37.30405900258022], [-121.70422948687327, 37.30405897328401], [-121.71113665270387, 37.30401642318353], [-121.70834810951769, 37.300372052733465], [-121.70781822852358, 37.29967948844916], [-121.70742135923756, 37.299160836563914], [-121.70508655406779, 37.29610900712511], [-121.70508628996323, 37.29610866696473], [-121.70496286956478, 37.29594730780254], [-121.70372671174502, 37.29433145246015], [-121.70340461281097, 37.293910396963966], [-121.69988312991093, 37.28930661241787], [-121.69962814229515, 37.288973233544766], [-121.69857667175462, 37.2875984941895], [-121.69852728059837, 37.287533902812456], [-121.69794854114893, 37.28677720150002], [-121.69771209206012, 37.28646791516891], [-121.6892352843389, 37.27538228407757], [-121.68563673941941, 37.271265044915765], [-121.68493240114893, 37.270420834068524], [-121.68382898732574, 37.269098250141326], [-121.68524378622705, 37.267692250255756], [-121.68525712351327, 37.2676789954297], [-121.68536094450127, 37.26757581559685], [-121.6858679599142, 37.26707193461678], [-121.6949185452679, 37.258396103021944], [-121.69536482558536, 37.257968272956944], [-121.69544807245882, 37.25788846557647], [-121.69567109628566, 37.25767465093427], [-121.69568296482674, 37.257663276908026], [-121.69570547930152, 37.257641684271235], [-121.69572805396362, 37.25762003299928], [-121.69573215207777, 37.25761610270862], [-121.69574286987697, 37.25760585406541], [-121.695754268599, 37.25759492260659], [-121.69578624682501, 37.25756425602776], [-121.69773210274255, 37.25569862691998], [-121.70745390655034, 37.24637545260328], [-121.70815009906632, 37.245707735410456], [-121.7129443518185, 37.24110882488635], [-121.71297251866555, 37.241081828273636], [-121.7129744328028, 37.241079993811105], [-121.71298725827245, 37.24106769059982], [-121.71299389244527, 37.2410613265976], [-121.71299659439522, 37.241058734788815], [-121.71300267942722, 37.24105289766783], [-121.71306100613764, 37.24099692463893], [-121.71392959073854, 37.24016365404237], [-121.71732712229073, 37.23690400343872], [-121.71776135440419, 37.23648736490592], [-121.71851900246257, 37.235760367673656], [-121.7186121539854, 37.235839104374456], [-121.7194789697869, 37.23657177371628], [-121.71950045029672, 37.236589929479976], [-121.7195322982606, 37.23661717956667], [-121.71953395385526, 37.2366185813345], [-121.71951254251329, 37.23662223808725], [-121.71947808404194, 37.236628136236924], [-121.71932593011333, 37.23666373396199], [-121.71902348985272, 37.23673983339646], [-121.71883969546666, 37.23678869705314], [-121.71847308136597, 37.236888737180514], [-121.71836991344078, 37.23691765205284], [-121.71839379157446, 37.23693508902009], [-121.72101632809355, 37.23901272554869], [-121.72257616687001, 37.240248359589856], [-121.72288225964476, 37.240490829765015], [-121.7238750855431, 37.241277289322994], [-121.72664297703595, 37.23976754869605], [-121.72685387719083, 37.23965251263821], [-121.72898828578684, 37.238488281698125], [-121.72904783599985, 37.2384552916235], [-121.73497239004757, 37.235172331149094], [-121.73497823987621, 37.23516908985696], [-121.73500655656794, 37.23515322883614], [-121.73505358516542, 37.235127299918936], [-121.73522234535427, 37.235033778657936], [-121.73566164753926, 37.23479033689827], [-121.74036151047687, 37.23244528454871], [-121.74099605248404, 37.23212866642809], [-121.74592064693462, 37.22967139250958], [-121.7460191687589, 37.22959246353249], [-121.74645752772476, 37.22924127933092], [-121.7465745323847, 37.22914754262503], [-121.74615101201756, 37.22892058059422], [-121.74573203728394, 37.22868828816741], [-121.74531771308354, 37.22845072352797], [-121.74490814314832, 37.228207946179175], [-121.74450343001652, 37.227960016929465], [-121.7441036750068, 37.22770699787701], [-121.743708978193, 37.22744895239416], [-121.74331943837896, 37.227185945111586], [-121.74293515307387, 37.22691804190198], [-121.74255621846775, 37.226645309863585], [-121.74218272940746, 37.22636781730329], [-121.74181477937282, 37.226085633719556], [-121.74166945445253, 37.22597167687269], [-121.7415241061761, 37.225856245641566], [-121.73171802432095, 37.21814258889995], [-121.73135503360119, 37.21785477757875], [-121.73099784380135, 37.217562362217016], [-121.73064654616446, 37.21726541756741], [-121.73030123042406, 37.21696401953954], [-121.72996198478134, 37.21665824518057], [-121.72962889588256, 37.216348172655415], [-121.72930204879695, 37.21603388122676], [-121.72898152699506, 37.21571545123475], [-121.7286674123274, 37.21539296407641], [-121.72835978500355, 37.2150665021848], [-121.72805872357175, 37.214736149007905], [-121.72518082669106, 37.21181827945719], [-121.72491956105628, 37.21152525234667], [-121.72465228598435, 37.211235713569366], [-121.724379074325, 37.21094974196826], [-121.72410000054204, 37.21066741541413], [-121.72381514069284, 37.210388810784266], [-121.72352457240781, 37.21011400394166], [-121.72322837486915, 37.209843069714296], [-121.72312393406544, 37.20974962367848], [-121.72301813680595, 37.209656029430136], [-121.72273949654193, 37.209414722145794], [-121.72242992635141, 37.20916661919976], [-121.72211413035478, 37.20892358856364], [-121.7217922384756, 37.20868573017795], [-121.72146438314037, 37.20845314185532], [-121.7211306992241, 37.20822591924034], [-121.72079132399492, 37.208004155770254], [-121.72044639705749, 37.20778794263659], [-121.72009606029567, 37.20757736874776], [-121.71974045781423, 37.20737252069247], [-121.71937973587964, 37.207173482704356], [-121.71901404285978, 37.20698033662719], [-121.7129446030003, 37.20352787097259], [-121.7128182307282, 37.203455985214426], [-121.70755409621171, 37.20046146817993], [-121.70752384365441, 37.20044425895121], [-121.70700586079748, 37.20013880034213], [-121.7064912261283, 37.199829743821454], [-121.70597997868349, 37.19951711285718], [-121.70590889501082, 37.19947319588905], [-121.70534518244446, 37.199120981567276], [-121.70478576480845, 37.19876441487551], [-121.70423069458495, 37.19840352930475], [-121.70368002384562, 37.19803835875104], [-121.70313380424655, 37.19766893751248], [-121.70259208702349, 37.19729530028591], [-121.70205492298712, 37.19691748216356], [-121.70183731334623, 37.196764384189606], [-121.7017204928604, 37.1966821949919], [-121.69327434226291, 37.19073969085395], [-121.69323493228231, 37.190711959752306], [-121.69319748691659, 37.19068561122467], [-121.69210840475102, 37.18991921777657], [-121.69195845709997, 37.18981369798437], [-121.68918072584515, 37.18785895384229], [-121.68913609755181, 37.18783068566015], [-121.6890035475488, 37.18792085824165], [-121.68890397020553, 37.18798859871185], [-121.68851705506309, 37.188251810967486], [-121.68843178160724, 37.18818049821134], [-121.68817204997602, 37.18796328759148], [-121.6881465324384, 37.187941946934345], [-121.68813346824241, 37.187931021832185], [-121.68717812813765, 37.18713209387813], [-121.68565961091285, 37.18631982388741], [-121.68502341069747, 37.185898404313505], [-121.68458241525211, 37.185564066817115], [-121.68435951726907, 37.18505516310081], [-121.68430098036536, 37.1849987620394], [-121.6825392498017, 37.18330031231798], [-121.681961050217, 37.18274294556429], [-121.68072068826797, 37.18124362323452], [-121.68071317572029, 37.180680144858634], [-121.6798450907611, 37.17989426231926], [-121.67982387435596, 37.17987669268788], [-121.67980076609886, 37.17986069693299], [-121.67977602560295, 37.1798464117596], [-121.6797497409031, 37.17983395025335], [-121.67972219946014, 37.17982342478417], [-121.67969360159837, 37.17981485539279], [-121.67966414854047, 37.179808376637105], [-121.67963415828976, 37.17980400998919], [-121.67960371618625, 37.17980179982405], [-121.6795731635898, 37.17980176403578], [-121.67954276011342, 37.179803879004695], [-121.67951267733534, 37.179808211293626], [-121.67948322876735, 37.179814596285496], [-121.67945458419125, 37.17982307906961], [-121.67825668808523, 37.180227268477616], [-121.67747955122236, 37.179660119371725], [-121.6772617196751, 37.17971124949094], [-121.67626245903153, 37.1799573367763], [-121.67572839905577, 37.17943724061305], [-121.67554506912359, 37.17925869157934], [-121.67852114158865, 37.177460239069795], [-121.67894479871971, 37.17719038568848], [-121.67884439404459, 37.17710794829333], [-121.67648878017683, 37.17517383952526], [-121.67630750917715, 37.175047827355584], [-121.67614058157679, 37.17490979071285], [-121.6731428664772, 37.17240834053354], [-121.67225786265209, 37.1716083593665], [-121.6707876065667, 37.17027938241394], [-121.66992117721975, 37.169334458549], [-121.66991646735406, 37.169329321784865], [-121.66957343497653, 37.168955151675505], [-121.66928871761809, 37.16864464655896], [-121.6685623508734, 37.16770445830998], [-121.66817153262926, 37.167260125930824], [-121.66783784356265, 37.16747699230782], [-121.66764150154164, 37.16724362422999], [-121.66756369937517, 37.16715114984303], [-121.66522812341728, 37.16437506663282], [-121.6649182117783, 37.164046014271804], [-121.66460132030709, 37.163721248696326], [-121.66427754163281, 37.163400864744816], [-121.66394697039222, 37.16308495597484], [-121.66360970320187, 37.162773614636045], [-121.66326583863004, 37.162466931643145], [-121.66324859996396, 37.16245180272592], [-121.66321388008686, 37.162421507656276], [-121.66315845404758, 37.16237324656438], [-121.66283303364665, 37.16209534934801], [-121.66250217225458, 37.161821599315665], [-121.66216595241198, 37.16155206471124], [-121.66182445799257, 37.16128681272707], [-121.66147777418223, 37.16102590948716], [-121.6611259874578, 37.16076942003075], [-121.66078681325752, 37.16054253913818], [-121.66045265063765, 37.160310944464506], [-121.66012360182829, 37.16007470689387], [-121.65979976749155, 37.15983389873084], [-121.65948124669062, 37.159588593678116], [-121.6591681368596, 37.15933886681399], [-121.65886053377368, 37.159084794569445], [-121.65855853151973, 37.15882645470454], [-121.6582622224676, 37.15856392628464], [-121.65797169724192, 37.158297289656225], [-121.65768704469433, 37.158026626422206], [-121.65740835187628, 37.15775201941692], [-121.65722909506482, 37.15759089014054], [-121.65705382268312, 37.15742697706217], [-121.65688260217982, 37.157260343283845], [-121.65671549944233, 37.15709105295451], [-121.65669289424238, 37.15706768390519], [-121.65371849317864, 37.153992713326524], [-121.65274734095311, 37.15298869719634], [-121.65272370538604, 37.15296444908672], [-121.65267261641274, 37.152912034279844], [-121.65258414136387, 37.15282091489578], [-121.6525586885054, 37.15279470565696], [-121.6525342615227, 37.15276882790934], [-121.6525202307401, 37.1527539669769], [-121.65168039600678, 37.15186426893696], [-121.64889424763696, 37.1490152628264], [-121.64867901404686, 37.148795168611656], [-121.64536525111686, 37.14538323326262], [-121.64533751474146, 37.14535483032509], [-121.64507968120425, 37.14555680626672]]]}}, {"type": "Feature", "properties": {"TRUSTEE_AREA": 2}, "geometry": {"type": "Polygon", "coordinates": [[[-121.65631278687705, 37.10492369114647], [-121.65631950178218, 37.10492968412701], [-121.65636596712831, 37.10497341173391], [-121.65640143843319, 37.10500620566253], [-121.65643939450315, 37.10503716365257], [-121.65689320171779, 37.105385117008346], [-121.65747839649468, 37.10583375972755], [-121.6575168312292, 37.10586507520476], [-121.6575528084229, 37.1058982108705], [-121.6576105871487, 37.1059548235476], [-121.65768109140538, 37.106023905556874], [-121.65778346008057, 37.10597770702745], [-121.65788982419562, 37.105937715843574], [-121.65799959803697, 37.10590415222178], [-121.6609974248912, 37.105088230659725], [-121.66158985117184, 37.10492697135617], [-121.66182553134414, 37.10486281529655], [-121.66198859351444, 37.10481842637012], [-121.66295411973076, 37.10455763534845], [-121.66296480907563, 37.104554082542386], [-121.662974808606, 37.104549415852915], [-121.6629839384052, 37.104543719245584], [-121.66299149143957, 37.1045387457283], [-121.66300367607789, 37.104532235365916], [-121.66301674495179, 37.10452693825113], [-121.66303051065796, 37.10452293034273], [-121.66325660760313, 37.10446911001311], [-121.66344913540918, 37.10441958398369], [-121.6644455133624, 37.1041440751465], [-121.66451201157291, 37.104123554164], [-121.66457653663338, 37.104099326814485], [-121.66463876700948, 37.104071513825836], [-121.66470322861554, 37.104037504680335], [-121.66476425756383, 37.10399965006161], [-121.66482149706415, 37.1039581712805], [-121.66487461248221, 37.103913310835516], [-121.66530344571797, 37.10352216328261], [-121.66537897696158, 37.10345255957605], [-121.66557867333735, 37.103266996187735], [-121.66563633798924, 37.10321169404873], [-121.66586411120896, 37.10298858720402], [-121.66586566170092, 37.10298719800065], [-121.66604346164229, 37.1028271227942], [-121.66607065660213, 37.102804168332625], [-121.66609963688651, 37.10278266102144], [-121.66614297392498, 37.102750368156435], [-121.66618343891732, 37.10271576698936], [-121.6668444345399, 37.10210940421966], [-121.66740864388248, 37.10159002285992], [-121.66761100825413, 37.10140404079045], [-121.66849803795674, 37.10059011686251], [-121.66860997971332, 37.10048817084424], [-121.66904643695025, 37.10009370621175], [-121.66913095375126, 37.100019787674675], [-121.66921844904532, 37.09994812720814], [-121.66929049182393, 37.09989251023115], [-121.66936432914896, 37.09983842439763], [-121.66937037840368, 37.099834129080755], [-121.66954600600313, 37.09971344540879], [-121.66972712553206, 37.09959808761688], [-121.66991348540613, 37.09948821592718], [-121.66996013491466, 37.099461769690244], [-121.6700805251562, 37.09939661162238], [-121.67020431961163, 37.09933568371933], [-121.6703312867753, 37.09927909991724], [-121.67046118921029, 37.099226966028446], [-121.67059378399222, 37.09917937954366], [-121.67094579867698, 37.099060308236524], [-121.67104019778441, 37.099030886561124], [-121.67113654512455, 37.09900584276354], [-121.67121984930422, 37.098984203514], [-121.67130147569421, 37.098958790844875], [-121.67138115814393, 37.0989296876171], [-121.67156690636818, 37.098856644117106], [-121.67166843754362, 37.09881671828364], [-121.67163232438322, 37.098753886125344], [-121.67166843754362, 37.09881671828368], [-121.6716861388355, 37.098891481417546], [-121.6717017174139, 37.098917164794024], [-121.67175134302865, 37.098998979537775], [-121.67189764082654, 37.09909364588753], [-121.67207758321318, 37.09926566069508], [-121.67234522358989, 37.09967710751385], [-121.67217172919953, 37.10051134769155], [-121.67208818945544, 37.100773693841845], [-121.67208571190146, 37.100781523473785], [-121.6721191085436, 37.10096553750487], [-121.67211982719515, 37.100969489567795], [-121.67216495672639, 37.10120026359645], [-121.67222316302389, 37.10149790128745], [-121.67222887899997, 37.10152716539959], [-121.6723346115634, 37.10177932564697], [-121.67234942297986, 37.101814678883656], [-121.6723856969361, 37.1019012012465], [-121.6724461032298, 37.10199231174077], [-121.67251617000315, 37.10209806589215], [-121.67251941831019, 37.102102977238374], [-121.67306242818071, 37.10280063379079], [-121.67324930465453, 37.103040741932915], [-121.67332481252379, 37.103136139739625], [-121.67352987718232, 37.103395290769015], [-121.67371477107523, 37.10362889383303], [-121.67371917281883, 37.10363445776346], [-121.67379683392873, 37.10392022586818], [-121.67379429165646, 37.10429073431103], [-121.67379424404506, 37.104296846270344], [-121.6737962050649, 37.10431586777868], [-121.67379900061957, 37.10433482337004], [-121.67380262891245, 37.10435368653578], [-121.67380708275684, 37.104372437215936], [-121.67381235945803, 37.10439104961833], [-121.67381845003275, 37.10440950225011], [-121.67382534998929, 37.1044277707525], [-121.67383304675157, 37.10444583434868], [-121.67384153403107, 37.10446366939645], [-121.67385080014988, 37.10448125440275], [-121.67386083342997, 37.10449856644178], [-121.67387162129462, 37.104515584736724], [-121.67388315206604, 37.10453228779519], [-121.67389540867613, 37.104548655556236], [-121.67390837765015, 37.10456466867695], [-121.67392204192012, 37.104580304947696], [-121.67393638621479, 37.10459554574138], [-121.67395139166936, 37.10461037386375], [-121.67396703941937, 37.10462476853805], [-121.67398331060006, 37.10463871328675], [-121.67400018365196, 37.10465219091562], [-121.67401763971046, 37.104665183514044], [-121.6740356563177, 37.10467767675294], [-121.67407228331749, 37.10471181141171], [-121.6741103907407, 37.10474489002734], [-121.67414993187505, 37.104776869614874], [-121.67419085910977, 37.104807712921165], [-121.67423311764753, 37.10483737982712], [-121.67427665897971, 37.1048658337959], [-121.67432142471547, 37.10489303972358], [-121.67436736275259, 37.10491896250609], [-121.67441441470073, 37.104943571338104], [-121.67447064114107, 37.10497058236856], [-121.6745282105629, 37.10499571561455], [-121.67458702145639, 37.10501892952485], [-121.67464697680342, 37.10504018398113], [-121.67541928973125, 37.10545426315955], [-121.67552828769144, 37.105512768979104], [-121.67588331173486, 37.10536735228571], [-121.67621081405738, 37.10558603466278], [-121.67645385409985, 37.10575818661541], [-121.67581472799709, 37.10601965054743], [-121.67600829240212, 37.106488142208065], [-121.67642413777295, 37.10632469362155], [-121.67646567855294, 37.10639129432469], [-121.67649047923285, 37.10643474024936], [-121.67650276817947, 37.10647661790395], [-121.67661470721148, 37.10664585414753], [-121.67664006035434, 37.10669705372271], [-121.67666687775268, 37.10673052191828], [-121.67669687698353, 37.106762814457966], [-121.67673938974404, 37.10679671964014], [-121.67675687634343, 37.106827420988175], [-121.67678521099212, 37.106897427808924], [-121.67680040868264, 37.10694440394083], [-121.676845286705, 37.10699600164255], [-121.67690024292322, 37.10706617523393], [-121.67693009662659, 37.10710000290677], [-121.67696148285611, 37.10713292931548], [-121.67699435669543, 37.10716490932715], [-121.67702867592392, 37.107195900674654], [-121.67706439472735, 37.10722586180725], [-121.67710146280052, 37.10725475260657], [-121.67713982983747, 37.107282532238784], [-121.6771794473292, 37.10730916345166], [-121.67722025778356, 37.107334612574896], [-121.67726220730155, 37.10735884235604], [-121.67730524108612, 37.10738182199062], [-121.67734929984846, 37.107403520674396], [-121.6773943242997, 37.10742390831899], [-121.67744025335443, 37.1074429569854], [-121.67753457554294, 37.10747693852297], [-121.67758725723303, 37.10749310290628], [-121.67764070518596, 37.10750756366176], [-121.67769483406205, 37.107520298581385], [-121.67774955582635, 37.10753128617369], [-121.6778604285749, 37.107547951320754], [-121.67793480278067, 37.10754999524452], [-121.6780090242726, 37.10755432809915], [-121.67808298345606, 37.107560944152745], [-121.6781565698387, 37.10756983409168], [-121.67822967382594, 37.10758098358676], [-121.67830218851803, 37.10759437759248], [-121.67837400791393, 37.10760999604821], [-121.67844502241942, 37.10762781459409], [-121.67851513052454, 37.107647807438646], [-121.67863272809191, 37.10737506488624], [-121.67866984647323, 37.10738022950271], [-121.6789355402326, 37.10750197359942], [-121.67900120077832, 37.10753205210416], [-121.67917497354215, 37.107652983542614], [-121.67915863764703, 37.107966043029926], [-121.67962845732953, 37.10831031423149], [-121.67980253821463, 37.10843787974184], [-121.6802969744064, 37.10897290904582], [-121.68033197994673, 37.10901078064214], [-121.6804221941345, 37.109095451503094], [-121.68058348840313, 37.10921124317856], [-121.68095790882201, 37.10948002323606], [-121.68098166476392, 37.10949855199944], [-121.68101559143012, 37.109516887333506], [-121.68111976364463, 37.10954600221077], [-121.68123547112265, 37.10958708510718], [-121.68130393620773, 37.10962260377189], [-121.68132496127167, 37.10964200721303], [-121.68135007726094, 37.10967796427966], [-121.68136527944714, 37.10968687402502], [-121.68144709978462, 37.10971211818078], [-121.68147758320868, 37.10973142560354], [-121.68150821036208, 37.10975977314001], [-121.68169215294711, 37.10992333255935], [-121.68173999091889, 37.10996663533111], [-121.68178562981716, 37.109991809901686], [-121.68187488820253, 37.11003016168777], [-121.6819499720723, 37.11007767603623], [-121.68198796810475, 37.11010748272219], [-121.68202025175114, 37.110139498013474], [-121.682049731755, 37.110178477990736], [-121.68209378063328, 37.11022422205658], [-121.68212269290298, 37.110252633166695], [-121.68225039737817, 37.11030950192503], [-121.68232151967875, 37.11035215686657], [-121.68239793305632, 37.11038606044439], [-121.68252376903419, 37.110458536219596], [-121.68273217184321, 37.11061253115741], [-121.6828634767633, 37.110689254136965], [-121.68295642452762, 37.11074036215257], [-121.68298914835042, 37.11075303276924], [-121.68305507479464, 37.11080874061237], [-121.68308318037879, 37.11082578328042], [-121.68332635872302, 37.11135386835768], [-121.68349322343049, 37.11159194210959], [-121.68355962957168, 37.11167799626137], [-121.68357664275693, 37.11172552533216], [-121.68363755210824, 37.11180730904996], [-121.683678308647, 37.11198469854422], [-121.68371302222425, 37.11212332930905], [-121.68382426324501, 37.112478357846896], [-121.6839196445547, 37.1124418727254], [-121.68427726652453, 37.11230507503362], [-121.68429037383716, 37.11233872557222], [-121.68429346583731, 37.11234467068569], [-121.68429625959672, 37.112350710358456], [-121.68429874972568, 37.11235683312916], [-121.68430280292225, 37.112369295011234], [-121.68427736262369, 37.11249388649283], [-121.6838448337433, 37.112664329933075], [-121.68385540331356, 37.112716455992256], [-121.6840701904349, 37.11299357347669], [-121.6843256218193, 37.1133231974081], [-121.68482762814895, 37.1135266515019], [-121.68559051057565, 37.11383590514754], [-121.68638052481349, 37.11415611693824], [-121.68614133222786, 37.114228449391824], [-121.68624516305299, 37.11452980601157], [-121.6866199230556, 37.114609477807534], [-121.68717447904663, 37.11461277159366], [-121.68807687793087, 37.114643793622434], [-121.68820742737238, 37.11467750903348], [-121.68832406101467, 37.114707616210936], [-121.68833820678283, 37.114711268126385], [-121.6883518845288, 37.11471480471071], [-121.68839672482656, 37.11472639800043], [-121.68911651958068, 37.11491226074503], [-121.69004748673761, 37.1144454337681], [-121.69027627143575, 37.11444681203228], [-121.69044949085028, 37.11444786292251], [-121.690456607303, 37.114447904470985], [-121.69118455159196, 37.1144522742267], [-121.69149140077455, 37.11445413531252], [-121.69174627341775, 37.11468516627036], [-121.69246090730437, 37.11530240632327], [-121.69304093949616, 37.115458609927764], [-121.69350581306746, 37.115693443714065], [-121.69351768789477, 37.115699443005944], [-121.69374084822952, 37.11581218375796], [-121.69379755706521, 37.1158391894795], [-121.69379625091491, 37.11584017300288], [-121.6940166489306, 37.1159515195656], [-121.69413136105844, 37.11614975742608], [-121.69413699349329, 37.11615949448535], [-121.69416378034758, 37.11620580226903], [-121.69531430551933, 37.11654946156701], [-121.69580070004169, 37.116647121015], [-121.69672601943641, 37.11668157268707], [-121.69689867739974, 37.11672418679783], [-121.69751961347392, 37.11687747633918], [-121.69766762256623, 37.11693364027726], [-121.69860166726119, 37.11728811624357], [-121.69937568164804, 37.11724217808183], [-121.70018638943313, 37.11793298192455], [-121.7007788498056, 37.11817572398539], [-121.7015439888135, 37.118360083330955], [-121.70206963606603, 37.1189008130707], [-121.7022343429877, 37.119439579131786], [-121.70285239456446, 37.11966041705697], [-121.70286726066992, 37.12068450961886], [-121.70338665735996, 37.12200737744492], [-121.70403448802139, 37.122800842534154], [-121.7040678541381, 37.122826295045854], [-121.70457027277472, 37.123209868048384], [-121.70554746530537, 37.12390466500873], [-121.70616756411864, 37.12434385093153], [-121.70831361308058, 37.12318488866396], [-121.7083408355572, 37.123270998409794], [-121.70837673774824, 37.12338456372135], [-121.70853141939405, 37.123873845450255], [-121.71075593966745, 37.12371903963274], [-121.7124419119829, 37.12303881067819], [-121.71340620027988, 37.12315633235043], [-121.71693898336429, 37.125288473274324], [-121.71889998013404, 37.125684283018295], [-121.72007383898301, 37.12656773551713], [-121.72022377056578, 37.12574659728879], [-121.72252223295519, 37.125596715872845], [-121.724817398486, 37.12583112870723], [-121.72503681904485, 37.12676719287257], [-121.72549999843476, 37.126627344864275], [-121.72716215096563, 37.12649803673869], [-121.72850820888385, 37.12609547380665], [-121.72877868170221, 37.126014583650374], [-121.72903326512156, 37.12593844563487], [-121.73241821180316, 37.1260682177587], [-121.7327269375349, 37.1263565598786], [-121.73284871941195, 37.126470298936596], [-121.73293334967332, 37.126549340039624], [-121.73313518221997, 37.12657016803567], [-121.73319890061099, 37.12657674231845], [-121.73332250877439, 37.12658423839287], [-121.73330513087477, 37.12652158827532], [-121.73329541829527, 37.12648657389014], [-121.73325539477779, 37.12634228110554], [-121.7332376558782, 37.12624956989871], [-121.73322765040412, 37.12615611973151], [-121.73322542255953, 37.126062343734915], [-121.7332309821642, 37.12596865647873], [-121.73324430461086, 37.12587547213902], [-121.73326533097465, 37.12578320266685], [-121.73329396827387, 37.12569225596744], [-121.7333300898817, 37.125603034096706], [-121.73337353608638, 37.12551593148411], [-121.73342411479766, 37.12543133318898], [-121.73348160239648, 37.12534961319839], [-121.73354574472381, 37.125271132773975], [-121.73355737251649, 37.12525786294602], [-121.73362515162782, 37.12518655761735], [-121.73369947802452, 37.12511956589958], [-121.733779925054, 37.12505727232715], [-121.73386603093434, 37.125000034466055], [-121.73394933678848, 37.124952365877704], [-121.73403655343401, 37.12490941590882], [-121.73412726474183, 37.12487138947967], [-121.73422103791141, 37.12483846801932], [-121.73431314306498, 37.124809158486826], [-121.73442813721375, 37.124775868756075], [-121.73454551794656, 37.12474843500985], [-121.73466482068427, 37.124726965827115], [-121.73478557324216, 37.12471154617989], [-121.73490729769829, 37.12470223709684], [-121.73537116608327, 37.124678514274585], [-121.73536621905275, 37.124761832523696], [-121.73534657016937, 37.12509265862888], [-121.7350853086585, 37.12532127343258], [-121.7356224174915, 37.126068129170136], [-121.73571160040079, 37.12626792198143], [-121.73589622571026, 37.126383241901365], [-121.73599732027935, 37.12657583505098], [-121.73641648215965, 37.127053321401185], [-121.73664296536171, 37.12717034116105], [-121.73736724722099, 37.12716576023875], [-121.73765567105195, 37.1272571340056], [-121.73820802258112, 37.127229362459], [-121.73885632316495, 37.12707589414126], [-121.73908642569428, 37.12705074890542], [-121.7394910816432, 37.12696469435333], [-121.73988162773887, 37.12703614368326], [-121.74010154515885, 37.12712353467387], [-121.7402017665603, 37.12736270264287], [-121.74041041190463, 37.12760643362111], [-121.74058778419379, 37.12794177809806], [-121.7412285155397, 37.1281032964498], [-121.74168101660719, 37.12842439398926], [-121.74209467454583, 37.128578991261], [-121.74229828124723, 37.12876048975743], [-121.7424745737764, 37.128960478154056], [-121.74265110255165, 37.12925756198672], [-121.7429908605061, 37.13022363249878], [-121.74304824394392, 37.130548233223074], [-121.74311541088068, 37.13134008684387], [-121.74356740794326, 37.132118631351624], [-121.74393561559877, 37.13253181044081], [-121.74398188600338, 37.13264128614602], [-121.7442350913666, 37.132937238308735], [-121.74438615380662, 37.13322770632987], [-121.74459966711443, 37.133526738568676], [-121.74497005229607, 37.1338487147375], [-121.74589302878323, 37.134814264759974], [-121.74609849587908, 37.13514456998375], [-121.74818694629126, 37.137452499790804], [-121.74847273986019, 37.13750038293598], [-121.74897043606663, 37.13776993480958], [-121.7489072925543, 37.13815677918369], [-121.74901605873134, 37.138377981391194], [-121.74880895214973, 37.138601915630375], [-121.74909337935739, 37.1388684809496], [-121.75194770753728, 37.13821434044136], [-121.75601625135718, 37.13859865565784], [-121.75762509225324, 37.14051763822586], [-121.75782847526617, 37.1407721312895], [-121.76348468257756, 37.147849251074085], [-121.76366613143279, 37.14807627130283], [-121.76377056414756, 37.14820693176663], [-121.7637971659553, 37.14819487318131], [-121.76382409924116, 37.148183295763275], [-121.76385134783591, 37.148172204524975], [-121.76385887931039, 37.14816930820063], [-121.76386510283807, 37.14816691452637], [-121.76390674872991, 37.14815150636579], [-121.76393487048672, 37.1481419087534], [-121.76394906027329, 37.14813736413621], [-121.76395693759902, 37.14813484086043], [-121.76396325275472, 37.14813281808656], [-121.76399188385611, 37.14812423937743], [-121.76399829872469, 37.14812244788012], [-121.76400147965872, 37.148121494849086], [-121.76400632427246, 37.14812020671819], [-121.76404983057472, 37.14810863645004], [-121.76407911654753, 37.14810162010814], [-121.76409387137421, 37.14809837221262], [-121.76409874832724, 37.1480972351627], [-121.76410202358434, 37.148096577134595], [-121.76414488309923, 37.14808796476926], [-121.76414816464467, 37.14808730530874], [-121.76415313142914, 37.14808646397781], [-121.76416805513898, 37.14808374880544], [-121.76419800855979, 37.148078862641206], [-121.7642431399135, 37.148072618174666], [-121.76424821359751, 37.148071916468574], [-121.764251632585, 37.14807154843098], [-121.76425829269365, 37.14807070924802], [-121.76428858747394, 37.148067445599864], [-121.76429541377072, 37.148066834829486], [-121.76430367737197, 37.14806609589014], [-121.76431897028905, 37.148064728279834], [-121.76434941957956, 37.1480625580046], [-121.76450710712726, 37.148048137948045], [-121.76450804766323, 37.14804805202476], [-121.76451142712482, 37.14804759305153], [-121.76458444128276, 37.14803768395746], [-121.76458676612236, 37.14803736818966], [-121.76459095766086, 37.14803667364356], [-121.76466205481464, 37.14802489356871], [-121.76466495098275, 37.14802441383057], [-121.76466950544052, 37.14802352094495], [-121.76473903683112, 37.14800988635678], [-121.7647425007344, 37.14800920684709], [-121.76474726988961, 37.1480081242139], [-121.76481543404464, 37.14799264871624], [-121.7648193138678, 37.147991768002385], [-121.76482399678491, 37.1479905572002], [-121.76489097606255, 37.147973234346836], [-121.7648952888736, 37.14797211877586], [-121.7648998262636, 37.147970798421], [-121.76496576708912, 37.14795161174239], [-121.76497455171327, 37.14794891589769], [-121.76503968136039, 37.147927802381695], [-121.76504806713253, 37.14792495545405], [-121.76511269462176, 37.1479017962381], [-121.76512041923402, 37.147898914224236], [-121.76518456253147, 37.14787366348038], [-121.76519152357594, 37.14787082514309], [-121.76525550338039, 37.14784329670157], [-121.76525917928608, 37.147841714993625], [-121.76526115647786, 37.14784078916846], [-121.76532521263937, 37.147810791846865], [-121.76532809443452, 37.147809442131816], [-121.76532945089028, 37.14780875331168], [-121.76539394632833, 37.147775989955335], [-121.76539613462413, 37.14777485218428], [-121.76546133164653, 37.1477390242049], [-121.7654743895563, 37.147731893262765], [-121.76548162548517, 37.147728287335845], [-121.7654837751535, 37.14772714956436], [-121.76548606406051, 37.147726074803394], [-121.7654878085887, 37.147725205542976], [-121.76549084130075, 37.14772383219715], [-121.76549537869087, 37.14772170129195], [-121.76549895398533, 37.14772015681508], [-121.76550401329646, 37.147717970775425], [-121.7655124134418, 37.147714529534554], [-121.76551563749494, 37.14771320845928], [-121.76551724368251, 37.14771261701824], [-121.76551927836647, 37.147711811484605], [-121.76552698950393, 37.14770902827531], [-121.76552999885985, 37.14770791986059], [-121.76553067259627, 37.14770769860751], [-121.76553154126684, 37.147707384986035], [-121.76554399550855, 37.147703310774595], [-121.76554462432924, 37.14770312102655], [-121.76554694198246, 37.14770244366196], [-121.76555816822717, 37.147699190021115], [-121.76555948605548, 37.147698807660824], [-121.76556317723244, 37.14769787538955], [-121.76557227896188, 37.147695577648626], [-121.76557456068244, 37.14769500196037], [-121.76557780719342, 37.14769430096682], [-121.76558669692042, 37.14769237985785], [-121.76559225030478, 37.14769126643091], [-121.76560162332513, 37.14768957516762], [-121.7656052435352, 37.14768892214818], [-121.76560670599218, 37.14768870948714], [-121.76560854125027, 37.14768839658201], [-121.7656178504903, 37.14768708696296], [-121.76562079516734, 37.14768665806082], [-121.76562127396932, 37.14768660507479], [-121.7656358545227, 37.14768498469874], [-121.76563645190217, 37.147684918108034], [-121.76563956725927, 37.14768467752195], [-121.76564849830844, 37.147683940010964], [-121.76565059138284, 37.147683827594356], [-121.76565218679046, 37.147683704437505], [-121.76565579711901, 37.14768354762674], [-121.76566537046372, 37.147683131613896], [-121.7656710550019, 37.14768298840803], [-121.76567536871127, 37.14768287957169], [-121.76568045227668, 37.14768289604073], [-121.76568377694113, 37.14768286381981], [-121.76568591313439, 37.14768291394207], [-121.76568882187887, 37.147682923966514], [-121.76569591856858, 37.147683150232616], [-121.76569957740611, 37.14768323687257], [-121.76570076497875, 37.14768330489555], [-121.76570226426671, 37.14768335286975], [-121.76571410136538, 37.14768406961729], [-121.76571534373522, 37.14768414336832], [-121.76571567880677, 37.14768416914554], [-121.76573016683327, 37.14768549165488], [-121.76573105077522, 37.14768557185056], [-121.76573457935706, 37.1476860136414], [-121.76574476086081, 37.14768728889235], [-121.76574666798399, 37.147687528046866], [-121.76575016332819, 37.14768808655073], [-121.76575558825324, 37.14768888778922], [-121.76575934051553, 37.14768955369779], [-121.7657621693099, 37.14769000551317], [-121.76576498283282, 37.14769055470867], [-121.76576872341715, 37.147691217753135], [-121.7657740414427, 37.14769232187252], [-121.7657775269054, 37.14769300138578], [-121.76577939360416, 37.14769343243611], [-121.7657892436295, 37.14769570798162], [-121.7657927138209, 37.14769650921977], [-121.76579358338977, 37.147696741929735], [-121.7658073877983, 37.147700435215356], [-121.76580770580189, 37.1477005254351], [-121.76581997768469, 37.147704233041026], [-121.76582134042879, 37.147704689868405], [-121.7658224732041, 37.14770503571125], [-121.76582590925943, 37.14770622002566], [-121.76583238790802, 37.147708390313724], [-121.7658349993101, 37.14770935409074], [-121.76584001100989, 37.14771120288112], [-121.76584842822265, 37.14771444363466], [-121.76585123815224, 37.14771552555646], [-121.76585358275476, 37.147716527283045], [-121.76585661456816, 37.14771775312695], [-121.76586185713512, 37.147720063040765], [-121.76586518269764, 37.14772148436064], [-121.76586661640845, 37.14772216029324], [-121.76586840046232, 37.14772294649441], [-121.76587597685193, 37.14772657390366], [-121.76587880384955, 37.14772790643575], [-121.76587933116058, 37.147728179243444], [-121.76587994560803, 37.14772847353187], [-121.76589123922521, 37.14773432636214], [-121.76589167670484, 37.14773457124462], [-121.76589207645506, 37.147734778177444], [-121.765894479448, 37.14773614006637], [-121.76590226604318, 37.147740497825744], [-121.7659037536529, 37.14774139572736], [-121.76590793351309, 37.14774391686897], [-121.76591300899321, 37.14774697861347], [-121.76591553415692, 37.14774861832193], [-121.76591748709399, 37.14774982626452], [-121.76591993230768, 37.14775147456548], [-121.76592345729587, 37.14775376299723], [-121.76592703977654, 37.1477562640896], [-121.7659295793133, 37.14775797540108], [-121.76593132923105, 37.14775925852667], [-121.76593359657838, 37.14776084166882], [-121.76593844747973, 37.147764479100076], [-121.76594219435191, 37.14776728880125], [-121.76594341516197, 37.147768203887175], [-121.76595083614286, 37.14777418058749], [-121.76595242885551, 37.1477754579846], [-121.76596261754491, 37.147784287346106], [-121.76596550562782, 37.147786971025035], [-121.7659708164664, 37.14779190590081], [-121.7659721863969, 37.147793274233216], [-121.76597338025762, 37.14779440126384], [-121.76597565029974, 37.14779673552008], [-121.7659792282884, 37.14780031137108], [-121.76598143275369, 37.14780268286073], [-121.76598309014481, 37.14780438701076], [-121.76598478526535, 37.147806288068786], [-121.76598726012337, 37.14780895026598], [-121.76599026049557, 37.14781243016858], [-121.7659922709246, 37.147814685661], [-121.76599340010662, 37.147816071893885], [-121.76599490208932, 37.14781781399319], [-121.76599887713307, 37.14782279540858], [-121.76600090642694, 37.147825286474344], [-121.76600145439892, 37.147826025416336], [-121.76600897778737, 37.147836165821275], [-121.76603422852511, 37.1478606776424], [-121.76603934892104, 37.147865180747814], [-121.76604612041987, 37.14787113595953], [-121.7660472540935, 37.1478720682289], [-121.7660530706835, 37.147876849869036], [-121.76606106568752, 37.14788333565722], [-121.76606248682215, 37.147884488463276], [-121.7660673170621, 37.14788813662929], [-121.76607325582313, 37.14789269844782], [-121.76607527972709, 37.14789415198569], [-121.76607716618874, 37.147895576882654], [-121.76608187246137, 37.147898885650505], [-121.76609005790836, 37.14790464180381], [-121.76609688240809, 37.147909217225724], [-121.76610214743279, 37.14791274724589], [-121.76610518822937, 37.14791465044942], [-121.76611229210486, 37.147919096269625], [-121.76611721127844, 37.14792217519156], [-121.76612083867467, 37.14792429105538], [-121.76612403218495, 37.14792623220813], [-121.76612809256909, 37.14792852206663], [-121.76613683766648, 37.147933454785125], [-121.76614434129253, 37.14793752898583], [-121.766153217544, 37.147942165268276], [-121.76616089544315, 37.14794603754842], [-121.76617006724028, 37.14795046331811], [-121.76617471871589, 37.14795270806618], [-121.76617784305562, 37.1479540971606], [-121.7661871594817, 37.14795823723501], [-121.76619512933337, 37.1479616777496], [-121.76620464518517, 37.14796555933708], [-121.76621034768957, 37.14796788499587], [-121.76621271744482, 37.14796876785842], [-121.76622264113189, 37.147972463994506], [-121.76623049150759, 37.147975325242044], [-121.76623253607282, 37.14797606991104], [-121.76624100089606, 37.14797888032052], [-121.7662472369997, 37.147980990454705], [-121.766248689575, 37.14798143367577], [-121.76625985293714, 37.147984839820495], [-121.76626609622727, 37.147986745170265], [-121.76626703676294, 37.14798700222427], [-121.76627998507735, 37.14799053582156], [-121.76628564356417, 37.14799206597295], [-121.7663045234532, 37.147996624205895], [-121.76643842630571, 37.14802687494095], [-121.76774092574479, 37.14832107860601], [-121.76782678850148, 37.14833760731916], [-121.76782815483884, 37.148337870100185], [-121.7678327380424, 37.148338528126715], [-121.7678484989815, 37.14834096690676], [-121.76786883144634, 37.14834370856502], [-121.76787231601077, 37.14834420906618], [-121.7678736158728, 37.1483443537032], [-121.76787572601502, 37.14834463868098], [-121.76790305635461, 37.14834778775747], [-121.76791255334234, 37.148348695677036], [-121.76791675386386, 37.148349163957], [-121.76792098672477, 37.148349501920805], [-121.76793047203435, 37.148350408408], [-121.76795795778274, 37.148352502780874], [-121.76796014877328, 37.14835262736908], [-121.76796480563902, 37.14835289158231], [-121.76798550192156, 37.14835406586351], [-121.76800152966044, 37.148354667324924], [-121.76800864162131, 37.14835493368652], [-121.7680130819931, 37.14835510052044], [-121.76804068631927, 37.148355604603374], [-121.7680476078375, 37.14835559744357], [-121.76805570614849, 37.14835558956794], [-121.76806829783195, 37.148355577396245], [-121.76809589946319, 37.14835501818334], [-121.76804793929995, 37.14849990266493], [-121.76804383220176, 37.148512284129765], [-121.76816192560797, 37.148524050537354], [-121.7681925779172, 37.1485256408256], [-121.76819240095216, 37.14849833601711], [-121.76819147480275, 37.14837439881354], [-121.76829314521217, 37.14838118099926], [-121.768295211337, 37.14838131847616], [-121.76829988706723, 37.1483818461861], [-121.76831242395336, 37.148383082760304], [-121.76834247349291, 37.1483865905631], [-121.76834522323547, 37.148386961463736], [-121.76834675935443, 37.148387134741576], [-121.76835047658238, 37.14838767032771], [-121.76837242152287, 37.148390629655864], [-121.7683943422088, 37.14839398566093], [-121.76839799475808, 37.148394511938704], [-121.76839947607967, 37.14839477185552], [-121.76840224738194, 37.14839519645779], [-121.7684319420869, 37.14840029096862], [-121.76844424900416, 37.14840263165098], [-121.76844884388599, 37.14840343861009], [-121.76845269675958, 37.148404238408766], [-121.76846148767147, 37.1484059110409], [-121.76849086976245, 37.14841205166173], [-121.76849646177429, 37.14841332690028], [-121.76849923307641, 37.148413902583194], [-121.76850380819522, 37.14841500239596], [-121.7685200757839, 37.14841871283106], [-121.76854909046405, 37.148425888820825], [-121.76860945005411, 37.14843826672206], [-121.768614144649, 37.14843910590176], [-121.76864239935477, 37.14844358606179], [-121.7686430946507, 37.14844369632955], [-121.7686461947362, 37.148444093722446], [-121.76867108165881, 37.14844728289205], [-121.76867963631378, 37.148448236635645], [-121.76870181122298, 37.14845041120009], [-121.76870687951701, 37.14845090812034], [-121.7687089761844, 37.148451051325104], [-121.76873757674191, 37.14845300463858], [-121.76874353796126, 37.14845327672771], [-121.76876677018748, 37.14845417462246], [-121.76877115486373, 37.14845434432039], [-121.76877556828602, 37.148454384418024], [-121.76878302070844, 37.14845456270819], [-121.76879886968258, 37.14845459779482], [-121.76880475364682, 37.148454611399366], [-121.76883345930739, 37.148454027842405], [-121.76884071769388, 37.14845372854537], [-121.76886296626515, 37.148452618710905], [-121.76887155146312, 37.14845207739787], [-121.768896725847, 37.14845007468258], [-121.76889978011849, 37.148449831950906], [-121.76890045834641, 37.14844975748455], [-121.76890146356115, 37.148449672277856], [-121.76892499223179, 37.14844715330982], [-121.76892899153081, 37.148446636341085], [-121.76893169815446, 37.148446339907885], [-121.76893691107732, 37.148445611712425], [-121.76895835296195, 37.14844261802037], [-121.76896343383237, 37.14844190844171], [-121.76896669291989, 37.14844135352398], [-121.7689717486376, 37.148440587379156], [-121.76899494223683, 37.14843654614493], [-121.76908165300641, 37.14842093039546], [-121.76908653175606, 37.148420233704805], [-121.76912178793123, 37.1484154871873], [-121.7691297191558, 37.14841450623529], [-121.76916837725025, 37.14841045497651], [-121.76917133360547, 37.148410144938474], [-121.76917651688389, 37.148409755422165], [-121.76921187995825, 37.148407095396756], [-121.76921758515778, 37.14840671160838], [-121.76925677774955, 37.14840491367578], [-121.7692608614902, 37.148404726077814], [-121.7692657725791, 37.14840464445155], [-121.76930575029823, 37.14840397783631], [-121.76934578281418, 37.1484044797716], [-121.76935468691399, 37.14840470961597], [-121.76939401515095, 37.14840635146089], [-121.76939935922785, 37.148406688708306], [-121.76941989471196, 37.14840798399662], [-121.76943515528957, 37.14840923274307], [-121.76944310088689, 37.14840988289293], [-121.7694818982194, 37.148413785940626], [-121.76948475396321, 37.14841407306604], [-121.76948973512063, 37.14841472249996], [-121.76952506675316, 37.148419328681875], [-121.76952906964547, 37.148419850663366], [-121.76953056264524, 37.14842009053144], [-121.76956907341491, 37.14842627339705], [-121.76957309247682, 37.14842691853454], [-121.76957785354682, 37.14842782860072], [-121.76958901690908, 37.148429805542264], [-121.76961676316849, 37.14843526450679], [-121.76965642378158, 37.14844092181011], [-121.76965711817918, 37.148441020621426], [-121.7696639283063, 37.14844168867177], [-121.76967406579256, 37.14844272547413], [-121.76967582199853, 37.14844285650663], [-121.76967746411876, 37.14844301761189], [-121.76968423651658, 37.14844348374362], [-121.7696957277638, 37.148444274234244], [-121.76969788821158, 37.14844442316721], [-121.7697044081829, 37.14844468236815], [-121.76971564610554, 37.14844512845125], [-121.76971836171215, 37.148445236570915], [-121.76972456098507, 37.14844530316181], [-121.76973558870179, 37.148445421306214], [-121.76974465898975, 37.14844535042065], [-121.76975138287862, 37.14844529743541], [-121.76975555375596, 37.14844515065088], [-121.76975935003574, 37.14844508119697], [-121.76976461236595, 37.14844483202108], [-121.76977072450221, 37.14844461721458], [-121.76977552509841, 37.14844431576906], [-121.76978462413261, 37.148443745099094], [-121.76979541110083, 37.14844292024095], [-121.76980451642322, 37.14844209753104], [-121.76981524589966, 37.148440961918645], [-121.76982054056909, 37.1484404012728], [-121.7698243098996, 37.14843989074828], [-121.7698350267994, 37.14843843793767], [-121.76984075086364, 37.14843766248473], [-121.76984396683196, 37.14843713047963], [-121.76985466756216, 37.14843535903864], [-121.76986351686482, 37.14843381242872], [-121.76986637260876, 37.14843331336055], [-121.7698742993418, 37.14843169872837], [-121.76988073576997, 37.148430437095335], [-121.76988284591233, 37.148429958075866], [-121.7698938969855, 37.148427449846444], [-121.76990202134793, 37.14842555668094], [-121.7699134551034, 37.14842259950486], [-121.76992100454414, 37.148420612539944], [-121.76992211486174, 37.14842032040237], [-121.76993363126225, 37.14841693719194], [-121.769939225969, 37.14841530895469], [-121.76993971824578, 37.14841514928157], [-121.7699402886761, 37.14841498173224], [-121.76995822443675, 37.148409147572835], [-121.76996649612312, 37.14840606007945], [-121.76996678627889, 37.14840593262722], [-121.76996707733304, 37.14840582307572], [-121.76997138744935, 37.14840397430277], [-121.76997390003675, 37.1484028014561], [-121.76997483877625, 37.148402363249744], [-121.7699816021914, 37.148398898411486], [-121.76998218070634, 37.14839860197785], [-121.76998263435556, 37.14839833418484], [-121.769989005207, 37.14839457148044], [-121.76999005174429, 37.148393907726316], [-121.76999610279555, 37.1483898084907], [-121.76999649266432, 37.14838954427769], [-121.76999701009386, 37.14838914330434], [-121.77000283027814, 37.148384635218655], [-121.77000305126377, 37.14838446408905], [-121.77000344292918, 37.14838411753335], [-121.77000573183639, 37.148382183553345], [-121.77000896038119, 37.148379243559134], [-121.77000917328206, 37.148379046652806], [-121.77000934755529, 37.14837887265864], [-121.77001206495886, 37.14837621907429], [-121.77001483356642, 37.14837331344916], [-121.77001502400918, 37.148373102938024], [-121.77001785280406, 37.1483699094712], [-121.77001964045141, 37.14836772488224], [-121.77002000786231, 37.148367296699725], [-121.77002017764394, 37.14836706757199], [-121.77002053158009, 37.14836663509361], [-121.77002306303267, 37.14836328624937], [-121.77002431079254, 37.14836149475696], [-121.77002466742375, 37.14836101358878], [-121.77002488301939, 37.14836067276136], [-121.77002544446641, 37.14835986723444], [-121.77002767228828, 37.14835638234517], [-121.77002849784023, 37.14835496891361], [-121.77002904132092, 37.14835403879809], [-121.77002974290521, 37.148352836593766], [-121.7700316554185, 37.14834923355993], [-121.77003215218699, 37.14834819604085], [-121.77003260493777, 37.148347250888946], [-121.770035265748, 37.1483411575228], [-121.77003538612229, 37.148340881137415], [-121.7700355496156, 37.148340408561445], [-121.77003781606552, 37.148333839754315], [-121.77003792655827, 37.14833343305254], [-121.77003875031365, 37.1483305295737], [-121.77003966479882, 37.148326684522814], [-121.77004156383789, 37.148319350284375], [-121.77004162312673, 37.14831915409358], [-121.77004284303909, 37.14831543363039], [-121.77004407822257, 37.14831213776962], [-121.77004413481654, 37.14831199957665], [-121.7700472043601, 37.14830507705109], [-121.77004729778503, 37.1483048916007], [-121.77005092518242, 37.14829820464687], [-121.77005104914983, 37.14829799771552], [-121.77005135278031, 37.148297472153416], [-121.77005351951695, 37.14829403809908], [-121.77005493975348, 37.14829196950386], [-121.77005540238589, 37.14829129572442], [-121.77005970890924, 37.148285607624004], [-121.77006006015054, 37.148285142923925], [-121.77006032156025, 37.14828484577358], [-121.77006089827863, 37.14828412903277], [-121.77006364263184, 37.14828097136327], [-121.77006506646144, 37.14827944909446], [-121.77006576175746, 37.148278705860875], [-121.77006652263044, 37.1482778924567], [-121.7700695355798, 37.148274895176506], [-121.77007092976501, 37.14827360418381], [-121.77007172028249, 37.14827287169019], [-121.77007729432854, 37.148268078619715], [-121.77007771384152, 37.14826771774324], [-121.77007813964313, 37.14826739839591], [-121.77007933440234, 37.14826643677451], [-121.77008284052677, 37.148263806098996], [-121.77008409187977, 37.14826293111649], [-121.77008504589058, 37.14826226378101], [-121.77008645894031, 37.14826127566663], [-121.77009018694848, 37.1482588469101], [-121.77009136823303, 37.14825813088489], [-121.77009178774624, 37.14825785664735], [-121.77009230966732, 37.148257560213224], [-121.7700940173645, 37.14825652555686], [-121.7700979483918, 37.14825431303981], [-121.77009900121723, 37.14825376313239], [-121.7700994207305, 37.148253525412024], [-121.77009998666912, 37.148253249026595], [-121.77010701418878, 37.14824981067433], [-121.77010800143721, 37.14824937103484], [-121.770110286751, 37.14824835284746], [-121.77011536313017, 37.14824630143547], [-121.77011570449, 37.14824615894647], [-121.77011628120839, 37.148245957027484], [-121.77011891686503, 37.148244968912955], [-121.77012333747403, 37.148243460963975], [-121.77012396359976, 37.14824326835344], [-121.77012486101665, 37.14824299125177], [-121.7701278209651, 37.14824207760381], [-121.77013236374495, 37.14824082097974], [-121.77013308599034, 37.14824063910949], [-121.77013363396266, 37.14824050879283], [-121.77013695683047, 37.1482396925242], [-121.77014159752662, 37.148238692237314], [-121.77014208800672, 37.148238598438255], [-121.77014247158729, 37.14823853041556], [-121.77014627864698, 37.14823782369916], [-121.77015099659815, 37.14823709048941], [-121.77015124363466, 37.148237053972245], [-121.77015147270522, 37.148237026047134], [-121.77015574060049, 37.148236481868295], [-121.7701605106541, 37.14823601072416], [-121.77020837647858, 37.14823376455593], [-121.77025627554066, 37.14823201172933], [-121.770304197959, 37.14823075582435], [-121.77035213564857, 37.14822999612481], [-121.77040008411782, 37.14822973119881], [-121.77044802899404, 37.14822996176252], [-121.77049596937842, 37.14823068781534], [-121.77054389269468, 37.148231910074024], [-121.77059179355295, 37.148233627106244], [-121.77063966297041, 37.14823583962778], [-121.77068749196351, 37.14823854620645], [-121.77073527154921, 37.148241747558636], [-121.77078299813431, 37.148245441536154], [-121.77083065824394, 37.1482496302868], [-121.77087824918327, 37.148254310946534], [-121.7710205108598, 37.148271297934095], [-121.77111473468494, 37.14828504919859], [-121.77116167209972, 37.14829265266911], [-121.77129287189757, 37.14831190884118], [-121.7712941879548, 37.14831210205629], [-121.77129577527343, 37.14831226605231], [-121.77135663431451, 37.148318554262076], [-121.77136100553297, 37.14831900596922], [-121.77136338967887, 37.148319184109255], [-121.77142327945486, 37.14832365708414], [-121.77142808631781, 37.14832401599716], [-121.77143112351584, 37.14832415641345], [-121.77149044285349, 37.148326899567344], [-121.77149534676579, 37.14832712641207], [-121.77149899930863, 37.148327191801364], [-121.7715578910663, 37.14832824818589], [-121.77156270243547, 37.148328334350026], [-121.77156682929818, 37.148328291578075], [-121.77162553418634, 37.148327684686535], [-121.77163006978331, 37.14832763766297], [-121.77163463500757, 37.148327461301015], [-121.7716931899066, 37.14832519760914], [-121.77169736346958, 37.14832503635091], [-121.77170217486771, 37.14832471363603], [-121.77176088694833, 37.14832077692646], [-121.77176450084929, 37.148320534709804], [-121.77176935443819, 37.14832007067399], [-121.77182840250127, 37.1483144249002], [-121.77183139837899, 37.14831413846767], [-121.77183609024645, 37.14831355473994], [-121.77189567374275, 37.14830614055874], [-121.77189797071883, 37.14830585478407], [-121.77190219549752, 37.14830520607591], [-121.77196251827155, 37.14829594363755], [-121.77196413702048, 37.14829569511454], [-121.77196762432378, 37.148295056574156], [-121.77202896210515, 37.148283826894364], [-121.77202981374046, 37.14828367091512], [-121.77203199125643, 37.1482832069312], [-121.77206123770337, 37.14827722168156], [-121.77209491823405, 37.14826979722145], [-121.77210986440184, 37.148266127594276], [-121.77211972341084, 37.14826336015835], [-121.77212168263634, 37.14826285178092], [-121.7721232106704, 37.14826238135242], [-121.77212461743196, 37.14826198682267], [-121.7721287110542, 37.14826068938554], [-121.77213481510576, 37.148258811968425], [-121.77213714984327, 37.14825801577914], [-121.7721428424351, 37.14825607457674], [-121.77214775982762, 37.14825439767458], [-121.7721508149975, 37.148253251318636], [-121.7721534479594, 37.14825231905409], [-121.7721565920625, 37.1482510839109], [-121.77216049973353, 37.14824961820771], [-121.77216434092927, 37.1482480408046], [-121.77216748233758, 37.14824680709349], [-121.77216999761984, 37.148245718019275], [-121.77217301775563, 37.148244477863834], [-121.77217771235078, 37.14824237776225], [-121.7721812337464, 37.14824085262879], [-121.77218308876711, 37.14823997191784], [-121.772185299521, 37.14823898308709], [-121.77219084931228, 37.14823628868453], [-121.77219467972816, 37.14823446998053], [-121.77219592389481, 37.14823382412592], [-121.77219732975811, 37.14823314175388], [-121.77220433751486, 37.14822945852018], [-121.7722077978251, 37.14822766272864], [-121.77220838172993, 37.14822733264117], [-121.7722090905007, 37.14822696030778], [-121.7722205691723, 37.14822044734151], [-121.7722317505017, 37.148213610731226], [-121.77223239818693, 37.148213184696225], [-121.77223297310854, 37.1482128316956], [-121.77223615134776, 37.148210715840406], [-121.77223620187995, 37.14821068240786], [-121.77224262101416, 37.148206459069215], [-121.77224387596053, 37.14820557191359], [-121.77224499166798, 37.14820482867932], [-121.77224822021282, 37.14820249944799], [-121.77225316543802, 37.148199002379215], [-121.77225502560147, 37.14819758945214], [-121.77225943917713, 37.1481942364332], [-121.77226337029909, 37.14819124997022], [-121.77226577329223, 37.14818928949172], [-121.7722677927048, 37.148187712087335], [-121.77227016515536, 37.14818570578344], [-121.77227322391884, 37.1481832104337], [-121.77227618370864, 37.1481806168724], [-121.77228038515564, 37.148176935087236], [-121.77228271282246, 37.14817489522645], [-121.7722862027773, 37.148171607951895], [-121.7722888303494, 37.14816920282102], [-121.77229020297507, 37.14816784093982], [-121.77229182533242, 37.14816631294082], [-121.77229590727691, 37.14816217932309], [-121.7722986453418, 37.14815946200455], [-121.77229950143624, 37.148158539763294], [-121.77230055066838, 37.14815747789676], [-121.77230544918146, 37.14815213705862], [-121.77230797165075, 37.148149420455844], [-121.77230840014701, 37.14814891852156], [-121.77230887625416, 37.148148399402665], [-121.77231679310651, 37.148139088199265], [-121.77234591758213, 37.1481060859417], [-121.77234702680492, 37.14810482920392], [-121.77235062475823, 37.14810117759558], [-121.77236014956098, 37.14809151121573], [-121.77236325486994, 37.14808835987724], [-121.77236618329313, 37.14808559380924], [-121.77237629953498, 37.148076037929776], [-121.77238019619692, 37.148072357396444], [-121.77238212034233, 37.14807066467587], [-121.77239410023792, 37.14806012545032], [-121.77239783102331, 37.148056843242834], [-121.7723986718847, 37.14805615373883], [-121.77241569939743, 37.148042191887534], [-121.77241613599273, 37.14804183388496], [-121.77241924696163, 37.148039456761715], [-121.77243341059443, 37.14802863464125], [-121.77243966197008, 37.148024095744844], [-121.77245171285539, 37.14801551486213], [-121.77245466922409, 37.14801340975391], [-121.77245880164844, 37.14801066968562], [-121.77247073107925, 37.148002760258656], [-121.77247484987525, 37.14800002935018], [-121.77247796329377, 37.147998108817106], [-121.77249076533062, 37.14799021118629], [-121.7724956054483, 37.14798722534651], [-121.77249750180856, 37.147986138435556], [-121.77251363907664, 37.14797688943322], [-121.77251691078986, 37.147975014211724], [-121.77251739144187, 37.14797475865444], [-121.77253770499009, 37.14796396017581], [-121.77254359614122, 37.14796102159783], [-121.77255863483589, 37.14795362503047], [-121.77256625973524, 37.14795007138441], [-121.77257994737153, 37.14794385842093], [-121.77258385952652, 37.14794208266073], [-121.7725882540188, 37.14794024881232], [-121.77260202258155, 37.147934502819915], [-121.77260709624545, 37.14793238549363], [-121.77261020082902, 37.14793119904562], [-121.77262531865948, 37.14792542155636], [-121.7726307434944, 37.14792334850367], [-121.77263233533523, 37.147922794346215], [-121.77265477252716, 37.14791498386272], [-121.77267847096074, 37.14808294029317], [-121.77268352488183, 37.14808249635704], [-121.77288303438982, 37.14806443817485], [-121.77288190071688, 37.14805662274037], [-121.77285605531173, 37.14787339908865], [-121.77290843517943, 37.14787021859049], [-121.77291059561814, 37.14787008745953], [-121.7729144700485, 37.147870023626965], [-121.77293300229285, 37.1478697179903], [-121.7729395959261, 37.14786965784445], [-121.7729644289455, 37.14786997812374], [-121.77296529223064, 37.14786998936757], [-121.7729692016891, 37.14787015490868], [-121.77298938503131, 37.1478710098849], [-121.77299260729937, 37.14787114647181], [-121.77299756688285, 37.14787150318191], [-121.77301489538662, 37.14787274974905], [-121.77301985050265, 37.14787310624434], [-121.77302302782289, 37.14787342930196], [-121.77304311416195, 37.14787547205352], [-121.77304698590785, 37.14787586582093], [-121.77304782587674, 37.14787597659021], [-121.77307230850606, 37.14787920183538], [-121.77307397668434, 37.14787942162137], [-121.77307889137538, 37.1478802185265], [-121.77309697085697, 37.14788314998396], [-121.77310519717783, 37.14788461946386], [-121.7731222360036, 37.14788790788402], [-121.77312737523076, 37.147888899695744], [-121.77312977378739, 37.14788943799172], [-121.77315371383014, 37.14789480979737], [-121.77333598734296, 37.14793297345399], [-121.77333826458818, 37.14793345027911], [-121.77334289357879, 37.14793420937558], [-121.77342726881045, 37.147948047009805], [-121.77343171990434, 37.1479487768664], [-121.77343455676834, 37.14794915786731], [-121.7735257995501, 37.147961413692194], [-121.77361747616536, 37.14797103841751], [-121.77362038494765, 37.14797134393086], [-121.77362498342276, 37.14797169335279], [-121.7736520047422, 37.14797405051806], [-121.77369422375715, 37.14797718815474], [-121.77371062160178, 37.147978196322796], [-121.77371535482422, 37.14797855576906], [-121.77372010152138, 37.14797877917027], [-121.77373649846773, 37.14797978733819], [-121.77377882078899, 37.14798184735286], [-121.7738060873484, 37.14798282616468], [-121.7738105852125, 37.14798303810907], [-121.77381345172985, 37.14798309059853], [-121.77390595663658, 37.14798478808743], [-121.77393321960156, 37.14798411427153], [-121.77393547706895, 37.147984058457325], [-121.77393729706809, 37.147983934703674], [-121.7739434091967, 37.14798351933679], [-121.77395019506444, 37.14798305816769], [-121.77395291699546, 37.14798279419224], [-121.77395937585206, 37.14798216819063], [-121.77396485736448, 37.14798163685376], [-121.77396858719253, 37.147981165826614], [-121.7739750406827, 37.14798035095797], [-121.77397944779923, 37.14797979451557], [-121.77398415676734, 37.14797906058744], [-121.77398782458822, 37.14797854146782], [-121.77399060307704, 37.14797805600102], [-121.77399394570767, 37.14797753473328], [-121.77399969037613, 37.14797646693941], [-121.77400596870497, 37.14797529982977], [-121.77400833222512, 37.147974860370546], [-121.7740154109486, 37.14797332807167], [-121.77401985850702, 37.14797239938389], [-121.77402111345322, 37.14797209364008], [-121.7740225902834, 37.147971774291754], [-121.77403199123711, 37.147969446707556], [-121.77403611083639, 37.147968426892774], [-121.77403670101818, 37.14796828079318], [-121.77405064646287, 37.14796438238078], [-121.77405117629257, 37.147964221573446], [-121.77405399721061, 37.1479633388363], [-121.77406440865137, 37.14796009015251], [-121.77406551896897, 37.1479597063618], [-121.77406650711555, 37.14795939488963], [-121.77407066541672, 37.147957927748756], [-121.77407796871901, 37.14795540375066], [-121.77407987149599, 37.147954680091594], [-121.77408564396315, 37.147952485287334], [-121.77409131049623, 37.14795033069352], [-121.7740940287979, 37.14794920008549], [-121.77409638058718, 37.147948278557664], [-121.77409986605008, 37.14794677203503], [-121.7741044160165, 37.14794487885729], [-121.7741079751205, 37.14794326561692], [-121.77411371187802, 37.1479406651685], [-121.77411726821198, 37.14793905325366], [-121.77412169489953, 37.14793687553945], [-121.77412719891214, 37.147934167567676], [-121.7741298527095, 37.14793286175964], [-121.77413514743553, 37.14793004282452], [-121.77414037382435, 37.14792726032834], [-121.77414215064464, 37.14792631439875], [-121.77414862732947, 37.14792259086527], [-121.77415316129134, 37.14791998399066], [-121.77415414764424, 37.14791941689939], [-121.7741653796067, 37.14791245988184], [-121.77416582529271, 37.1479121782119], [-121.7741771759546, 37.1479046122987], [-121.7741776242137, 37.147904290802224], [-121.77417803384564, 37.14790401727942], [-121.77418092462393, 37.14790192361225], [-121.77418817762106, 37.14789672309813], [-121.77418926278582, 37.14789588677692], [-121.77419025183092, 37.14789517074836], [-121.77419355493598, 37.1478925794413], [-121.7741988190632, 37.147888523856004], [-121.77420050969228, 37.14788712473645], [-121.77420201886197, 37.14788594042508], [-121.77420498150563, 37.14788342215293], [-121.77420908590796, 37.147880023881214], [-121.77421139460378, 37.14787797032953], [-121.7742157173544, 37.147874125297456], [-121.77421896647702, 37.14787123534554], [-121.77422181054335, 37.14786851443651], [-121.77422412101005, 37.147866387115286], [-121.77422606855757, 37.147864441665114], [-121.77422844460132, 37.14786216827384], [-121.77423180609698, 37.147858708422824], [-121.77423442199098, 37.1478560942016], [-121.77423583324429, 37.147854562615784], [-121.77423751129706, 37.14785283483823], [-121.77424151104579, 37.14784839832321], [-121.77424419835594, 37.14784548122143], [-121.77424507780653, 37.14784444154737], [-121.77424615578492, 37.14784324649515], [-121.77425106148439, 37.1478373714774], [-121.77425343842667, 37.147834563211326], [-121.77425386153321, 37.14783401759718], [-121.77425436279299, 37.14783341756492], [-121.77426212513545, 37.14782335807201], [-121.77434966056892, 37.147711275798095], [-121.77461010368401, 37.14776215762484], [-121.77470452738366, 37.14778266686935], [-121.77471800121207, 37.14778558970312], [-121.78245993249608, 37.14946479693661], [-121.78374979885669, 37.150421405974726], [-121.7844127167541, 37.15091309265101], [-121.78444460514241, 37.15093672995549], [-121.78445232526315, 37.150933349005285], [-121.78450637509077, 37.150918587241144], [-121.78457433083558, 37.15091271318244], [-121.78466461689726, 37.15091826648407], [-121.78472775856972, 37.15092510357113], [-121.78477005304411, 37.150920267711264], [-121.78480328351924, 37.150908731522975], [-121.78488601475637, 37.15086064781891], [-121.78499627935534, 37.15078902698566], [-121.78509618278356, 37.15075185578588], [-121.7852081227353, 37.15072617926098], [-121.78535242449273, 37.150676798765396], [-121.78551542647511, 37.150640672878644], [-121.78564912541685, 37.150609904105906], [-121.7857477280817, 37.1506002359262], [-121.78592363256102, 37.15059610388564], [-121.78602540807327, 37.15060141591856], [-121.7861529562454, 37.15062386404653], [-121.78624118696015, 37.1506463322134], [-121.78631610913509, 37.150676453720294], [-121.78639754679018, 37.150702980169775], [-121.78649761191055, 37.15070689097921], [-121.78656774517144, 37.15070122168099], [-121.78665223620433, 37.15068575675938], [-121.7867647843167, 37.15064732248152], [-121.78687259202006, 37.150609214681126], [-121.78700043304754, 37.150588740586805], [-121.78710095811431, 37.15051127475698], [-121.7871295649658, 37.15045870288243], [-121.78710738646497, 37.1504426951722], [-121.78883663587008, 37.15105482215242], [-121.7888500899355, 37.15105958425968], [-121.78970716789274, 37.1513629322482], [-121.79004614440551, 37.15148290727619], [-121.79364501932504, 37.15275665180288], [-121.7936576954496, 37.152761137433984], [-121.80253916538916, 37.155903885523394], [-121.80255242002865, 37.155908575013896], [-121.80424481336138, 37.15650735187031], [-121.80821286489018, 37.15300115543618], [-121.80839631434478, 37.152757433976596], [-121.80839788909144, 37.152755341159946], [-121.81005129765028, 37.15055862425055], [-121.81330920800553, 37.15244463453684], [-121.8133213352593, 37.15245165405861], [-121.81361167967961, 37.152619705681786], [-121.81563654477559, 37.15379179583132], [-121.81649034745489, 37.15428600801999], [-121.81716552928768, 37.145339284001494], [-121.82309749466683, 37.14813837144511], [-121.82350813076357, 37.14747271621356], [-121.82182266795657, 37.14664931146114], [-121.82150704314971, 37.14649507906403], [-121.81950422359432, 37.145427653611], [-121.81894745598316, 37.145130914650174], [-121.81661142710449, 37.14388587776888], [-121.81659847699387, 37.14387897560276], [-121.81549917108308, 37.143293018876825], [-121.80637397226207, 37.13842820751634], [-121.80333271303309, 37.13680678676364], [-121.8033309541597, 37.136554471750124], [-121.8033057065114, 37.132928798093296], [-121.80329617194464, 37.13155729469405], [-121.8032956518286, 37.13148050406365], [-121.80329504278083, 37.131390511206924], [-121.80329396122606, 37.131237918582954], [-121.80328897745201, 37.130522034820046], [-121.80328072296402, 37.12933624346128], [-121.80327011313086, 37.127810796251424], [-121.80325398593253, 37.125493158237646], [-121.80322584395797, 37.12145076838379], [-121.8032200346271, 37.120613762505464], [-121.80306500701545, 37.120614438621594], [-121.80294610613694, 37.12061496415971], [-121.80282157580326, 37.120615528006475], [-121.80188725733206, 37.12061969199239], [-121.8018619996603, 37.120629000304596], [-121.80161299947602, 37.1208869998788], [-121.80157799973755, 37.120941999155235], [-121.80161299947602, 37.12088699987874], [-121.8018619996603, 37.120629000304596], [-121.80188725733206, 37.1206196919923], [-121.80282157580326, 37.1206155280064], [-121.80294610613694, 37.12061496415966], [-121.80306500701545, 37.120614438621466], [-121.8032200346271, 37.12061376250538], [-121.80321994509072, 37.12060090924373], [-121.80320220516664, 37.11805333449875], [-121.80320077686793, 37.11784817703383], [-121.80319716749447, 37.117329827612004], [-121.80319525321522, 37.11705208418905], [-121.80319489479318, 37.117000243345984], [-121.80319454642658, 37.11693627227884], [-121.80319445193277, 37.11691890004796], [-121.80319411147454, 37.116887772999284], [-121.80319346290118, 37.1167962456194], [-121.8031915099949, 37.11651468007498], [-121.80295535192563, 37.11651573448955], [-121.80286213649933, 37.11613380882117], [-121.80297319880256, 37.11605772174514], [-121.8029672088595, 37.11585459826878], [-121.80307633799073, 37.11575939629378], [-121.80318583452865, 37.115700128346994], [-121.80317393114203, 37.11398835269918], [-121.80317006036306, 37.11343044053104], [-121.80316122467381, 37.11216293987587], [-121.80316063628631, 37.11208139151478], [-121.80316057520197, 37.11207158945841], [-121.80315991495185, 37.11196594451389], [-121.80315603339226, 37.111415677629765], [-121.80315556358097, 37.1113467617277], [-121.80315555459802, 37.111345389154174], [-121.80315522671815, 37.1112985375367], [-121.80315093733088, 37.11068043174449], [-121.8031446438336, 37.10977769283217], [-121.80141461372452, 37.109785392461994], [-121.7995218062158, 37.109793802021144], [-121.79947261435856, 37.10266767631999], [-121.79824583836177, 37.10267309694359], [-121.79771154476639, 37.10267546264542], [-121.79598288009632, 37.10268309206816], [-121.79597301765132, 37.101246678758244], [-121.79597301136309, 37.10124570579231], [-121.79597042784967, 37.10087045014742], [-121.79595768994378, 37.099013085201086], [-121.79822041554793, 37.098982858745146], [-121.8004831393553, 37.09895254199963], [-121.80168532217958, 37.098936406690456], [-121.80193796433223, 37.098930020616784], [-121.80250345551585, 37.09891570586434], [-121.80306900508971, 37.09890141045463], [-121.8030757414495, 37.09986915011159], [-121.8036035878373, 37.09986536783488], [-121.8045254792665, 37.099858807780905], [-121.80539522529797, 37.09985261814451], [-121.8062375421749, 37.09984661335841], [-121.80699416966789, 37.0998412182928], [-121.80780337015686, 37.099835459257065], [-121.80867420135306, 37.09982923164534], [-121.80923750693479, 37.09982518713626], [-121.80925465127932, 37.099825085396624], [-121.80927179472567, 37.09982496287912], [-121.80983509940899, 37.09982091407094], [-121.81041552058916, 37.09981676280674], [-121.81082827843353, 37.09981380375902], [-121.81099597051549, 37.099812608676146], [-121.81157641954346, 37.099808450962826], [-121.8121568685714, 37.099804268172804], [-121.81273728885316, 37.099800104727095], [-121.81325162098794, 37.099796406991274], [-121.81441249119618, 37.09978806791885], [-121.81530000679977, 37.09978167193043], [-121.81533309174655, 37.09978132300534], [-121.81718229953111, 37.099761540298246], [-121.81849246342922, 37.099747516647774], [-121.81914530318372, 37.09974053598857], [-121.81977868633034, 37.09973374949447], [-121.82085377103566, 37.099722217038554], [-121.82092234032906, 37.099721487662265], [-121.82318513330654, 37.09969716317293], [-121.8250570792441, 37.099677044414186], [-121.82731986952653, 37.09965266259183], [-121.82956277380654, 37.09962843982009], [-121.83408834718496, 37.09957945760791], [-121.83534221546954, 37.099565850914814], [-121.83673649131002, 37.09955072026313], [-121.83841082947467, 37.09953252951588], [-121.83841989257624, 37.0995324313579], [-121.84125474072518, 37.09950154383253], [-121.84248135682317, 37.099488164249664], [-121.84258843528467, 37.097710596837224], [-121.84260016550516, 37.0975158724652], [-121.84277385954546, 37.09463235556799], [-121.84276795222777, 37.094606871368875], [-121.84276192902756, 37.094580889171034], [-121.84266847335138, 37.0945757287303], [-121.84257576668969, 37.09456495346284], [-121.8425026053895, 37.094556473543186], [-121.84242885154829, 37.09455246774208], [-121.84235493092439, 37.0945529591838], [-121.8422812702389, 37.09455794503138], [-121.84180828754573, 37.09460453540497], [-121.84171280858817, 37.09461031106216], [-121.84161707423367, 37.094608889436294], [-121.8415219280978, 37.09460028305482], [-121.84142820861217, 37.094584567757565], [-121.84130290263518, 37.0945585848269], [-121.84121387870799, 37.094536946232004], [-121.84104501792335, 37.094489718056955], [-121.84098356002715, 37.094469971156336], [-121.84092459529253, 37.09444583407791], [-121.84086861121389, 37.09441750637744], [-121.84081607064124, 37.09438522225688], [-121.84071886037303, 37.094319684364244], [-121.84065920926378, 37.09427505236958], [-121.84060559702749, 37.094225747936605], [-121.84055859086884, 37.094172292705856], [-121.84051868809702, 37.094115252232214], [-121.84048631086469, 37.09405523000097], [-121.84041929926536, 37.09391108463769], [-121.84039324559178, 37.09384983018142], [-121.8403715171579, 37.09378750258153], [-121.84035418221728, 37.093724297653054], [-121.84031587178882, 37.0935632735032], [-121.84030812257168, 37.093541222442646], [-121.84029577174053, 37.09352056100172], [-121.84027918454646, 37.093501900195136], [-121.84025885152029, 37.09348579187304], [-121.84023537396592, 37.093472712401386], [-121.84020944617822, 37.09346304857474], [-121.84018183491092, 37.09345708617795], [-121.84015335670193, 37.093455001534664], [-121.84012485372648, 37.09345685629325], [-121.84009716889224, 37.0934625956037], [-121.83999140845009, 37.09349248907073], [-121.83990198700725, 37.093515240488664], [-121.83981094302649, 37.09353339888531], [-121.83971864374251, 37.09354689101681], [-121.83962546145423, 37.093555662461114], [-121.83953177202274, 37.09355967783762], [-121.83947447029595, 37.093560678127155], [-121.83941859279635, 37.09355913098026], [-121.83936328707753, 37.0935525591523], [-121.8393092549945, 37.09354104604284], [-121.83925718223853, 37.09352473775854], [-121.83906732333988, 37.09345513201356], [-121.83904067106388, 37.093444328417455], [-121.83901516177508, 37.09343187944944], [-121.83869279152147, 37.09326062812244], [-121.83865437824377, 37.093236331296005], [-121.83862148457585, 37.09320729841286], [-121.83859500881006, 37.09317432233737], [-121.83857567396821, 37.093138303618176], [-121.83856400805716, 37.0931002258946], [-121.83856032965028, 37.09306112903405], [-121.8385647391889, 37.09302208073388], [-121.83857711624047, 37.09298414736377], [-121.83859712278905, 37.092948364844105], [-121.83863942894749, 37.09288687923609], [-121.83868411592758, 37.09281648404291], [-121.83872285259345, 37.092743861502235], [-121.83875546703399, 37.09266933394166], [-121.83879093701744, 37.09257874249062], [-121.83880827428618, 37.09252561775548], [-121.83881915049872, 37.09247140319767], [-121.83882346475026, 37.09241660186687], [-121.83882117702392, 37.092361722256165], [-121.83880339040319, 37.092186523893325], [-121.83879422822368, 37.09214078453539], [-121.8387763515726, 37.092096729162066], [-121.83875019006965, 37.09205541649501], [-121.83871637242987, 37.0920178393425], [-121.83870082169798, 37.092003047449474], [-121.83861937537282, 37.09193058066822], [-121.83853250063865, 37.091862279466746], [-121.83844052882726, 37.09179840432785], [-121.83834381070663, 37.09173919885385], [-121.8382427151432, 37.091684888837754], [-121.83817132783895, 37.09164906080659], [-121.83811944095785, 37.091626278992784], [-121.83806458860703, 37.09160850609649], [-121.83800752109599, 37.091595985227464], [-121.83794901903332, 37.091588887654524], [-121.83788988264942, 37.091587310463], [-121.83783092085098, 37.09159127522675], [-121.83777294015667, 37.091600727713114], [-121.8377167336656, 37.09161553862468], [-121.83742837449336, 37.091706804776024], [-121.8372916823544, 37.09174630436263], [-121.83715227732476, 37.09177916081657], [-121.83707837832566, 37.09179467933809], [-121.83700833798773, 37.09180646965138], [-121.83693719298064, 37.091812708521424], [-121.83686562726606, 37.09181333597006], [-121.8367943288505, 37.09180834596519], [-121.83672398317049, 37.09179778647892], [-121.83665526650283, 37.09178175902622], [-121.83659097408963, 37.09176397759711], [-121.8364996504761, 37.091739250547654], [-121.83629032242013, 37.09168645518549], [-121.83607916623431, 37.091638559462325], [-121.8358973768973, 37.09159959787941], [-121.83582578926882, 37.09158063325694], [-121.83575742397431, 37.091555156436], [-121.83569320052908, 37.091523510082084], [-121.83563398273714, 37.09148611984084], [-121.83558056707275, 37.09144348861296], [-121.8355336719678, 37.09139618978976], [-121.8354939281488, 37.091344859540676], [-121.83546187015413, 37.09129018825654], [-121.83540557545106, 37.091177596603266], [-121.83538414373463, 37.091143094140776], [-121.83535607384223, 37.091111796573244], [-121.8353220943834, 37.09108451628217], [-121.83528308735762, 37.09106196137304], [-121.83524006526036, 37.09104471729556], [-121.83519414480237, 37.09103323164772], [-121.83514651792396, 37.09102780255798], [-121.8350984208572, 37.09102857094706], [-121.83508395528823, 37.09102974396546], [-121.83500061265593, 37.091039151821064], [-121.83491845297705, 37.09105378581589], [-121.83483798607759, 37.09107355514163], [-121.83475971128041, 37.09109833712373], [-121.834684114307, 37.09112797798238], [-121.83458643151323, 37.09117018081272], [-121.83452012452254, 37.09119593058159], [-121.83445128452409, 37.091216986717434], [-121.83438042808001, 37.09123319121846], [-121.83436012525901, 37.09123708574588], [-121.83431476278697, 37.091242814825605], [-121.83426884008246, 37.09124276520283], [-121.83422349706846, 37.09123693810926], [-121.83417985927811, 37.09122547818882], [-121.83413900991519, 37.09120866990686], [-121.83410196296573, 37.091186930489], [-121.83369118324266, 37.090903349305], [-121.83364973366977, 37.0908706893576], [-121.83361398965731, 37.090833956206524], [-121.83358456881435, 37.09079378456084], [-121.83356197948989, 37.090750868542045], [-121.83351656787411, 37.090645866000045], [-121.83349007655583, 37.09059500595566], [-121.8334559477798, 37.090547156025494], [-121.83341470403931, 37.090503048746704], [-121.83336697674778, 37.09046335935873], [-121.83331349657202, 37.09042869546643], [-121.83289945595978, 37.090192736432016], [-121.83285697733379, 37.090170698178206], [-121.8327171743512, 37.090104928049925], [-121.83265870393075, 37.090074003944245], [-121.83260459630618, 37.090038345705246], [-121.83255544619522, 37.089998345270736], [-121.83238980767815, 37.0898486136262], [-121.83232537269153, 37.08979441560143], [-121.83225625397306, 37.0897440571965], [-121.8321828071384, 37.089697797498694], [-121.83213712962802, 37.08966736692293], [-121.8320966269722, 37.089632549761596], [-121.83206195055992, 37.089593905972556], [-121.83203365807522, 37.089552057055705], [-121.83201220452834, 37.08950767605724], [-121.83199793493864, 37.08946147674501], [-121.83199107878632, 37.089414202129], [-121.83199174632259, 37.08936661251152], [-121.83200305612341, 37.089245740750684], [-121.83200389825282, 37.08919703184427], [-121.831997344462, 37.08914860203562], [-121.83198349193518, 37.08910116937188], [-121.83196254607084, 37.089055437114716], [-121.83193481743544, 37.089012083313364], [-121.83171073994136, 37.08870881003742], [-121.83168577172495, 37.08868026682735], [-121.83165563795131, 37.088655126472815], [-121.83162105064537, 37.08863398300623], [-121.8315828270609, 37.08861733601858], [-121.83111676770586, 37.088450243644104], [-121.83106069397789, 37.08843321170499], [-121.83091176860185, 37.0883956759265], [-121.83086461962927, 37.08838155422127], [-121.83081959538941, 37.088363523268576], [-121.83077719922662, 37.08834178464444], [-121.83073790510349, 37.08831658137446], [-121.83050631139177, 37.08815127912114], [-121.83046801660582, 37.08812841133824], [-121.83042535302803, 37.088111208626636], [-121.83037961276254, 37.08810019198455], [-121.83033218109124, 37.08809569505995], [-121.82992620193446, 37.08808578309852], [-121.8298689220051, 37.08808756503303], [-121.8298124976474, 37.08809566516974], [-121.82975800946787, 37.0881099283796], [-121.8297065009939, 37.088130081501916], [-121.82945895766613, 37.08824455370167], [-121.82944301792892, 37.08825056282239], [-121.82942605120994, 37.0882543602045], [-121.82940853187432, 37.08825583967863], [-121.82939094973784, 37.08825495988081], [-121.82937379637211, 37.08825174540889], [-121.82935755136074, 37.088246286134954], [-121.82934266889085, 37.088238734692524], [-121.8293295650545, 37.0882293022091], [-121.82931860621531, 37.08821825240332], [-121.8293100987655, 37.08820589421169], [-121.8292367854841, 37.08807385318583], [-121.82920881531156, 37.08803048440091], [-121.8291747413779, 37.08799001471489], [-121.82913502577956, 37.08795299294942], [-121.82909020711878, 37.087919921167014], [-121.82904089319958, 37.087891247862835], [-121.82898775278484, 37.087867361882545], [-121.82891781086872, 37.08784007244657], [-121.82886903213358, 37.08782410947754], [-121.82881807239968, 37.08781337624585], [-121.82876580113606, 37.08780805588046], [-121.82871311018806, 37.08780823915677], [-121.8286608985614, 37.08781392294772], [-121.82861005708396, 37.08782501027721], [-121.82847011125767, 37.08786356818442], [-121.82842871509762, 37.08787669694493], [-121.82824290219537, 37.08794379396922], [-121.82818653363253, 37.087961391592174], [-121.82812819315548, 37.08797421741073], [-121.8280685082802, 37.08798213346891], [-121.82800812098387, 37.08798505462065], [-121.82794768079944, 37.08798294944571], [-121.82769456433897, 37.08796353255762], [-121.8276188706788, 37.08795442200727], [-121.82754483432933, 37.08793885710791], [-121.82747331022152, 37.087917017594734], [-121.82744656937365, 37.08790954899284], [-121.82741865558293, 37.08790572337006], [-121.82739033644586, 37.08790564592651], [-121.82720899985398, 37.08791725118633], [-121.82719048741335, 37.08791935930605], [-121.82717243676186, 37.08792326837693], [-121.82715511980844, 37.08792891951406], [-121.82704379340399, 37.087971819939156], [-121.8270012635447, 37.08798487112291], [-121.82695663727186, 37.08799215568982], [-121.826911123897, 37.087993476237855], [-121.82686595677164, 37.08798879698195], [-121.8268223598641, 37.08797824472368], [-121.82678151459082, 37.08796210541504], [-121.82674452780091, 37.08794081640923], [-121.8266436820516, 37.087872034643496], [-121.82658783657348, 37.08783830087986], [-121.82652739846944, 37.08781010148096], [-121.82646321795707, 37.087787833141775], [-121.82639619789762, 37.08777180912181], [-121.82632728109563, 37.08776225483856], [-121.8258826007289, 37.08772218840037], [-121.82581359338549, 37.08771914376324], [-121.8257446023479, 37.08772241699138], [-121.82567652590498, 37.087731965466155], [-121.82561025043799, 37.08774766486289], [-121.82559538601674, 37.08775211421605], [-121.82556734061686, 37.08776085598718], [-121.82550968218183, 37.08777581946655], [-121.82545026137214, 37.08778538376916], [-121.825389863151, 37.087789422548184], [-121.82532928539405, 37.087787882450336], [-121.82526932834884, 37.08778078382068], [-121.82521078406268, 37.08776822043392], [-121.82516522780789, 37.08775614791369], [-121.82510811366414, 37.0877438230127], [-121.82504963559023, 37.08773670162656], [-121.82499052980639, 37.08773487341121], [-121.82493154043506, 37.087738361383266], [-121.8248734101332, 37.0877471216303], [-121.824863359783, 37.08774911162111], [-121.82447346494939, 37.08782623106856], [-121.82442123572419, 37.0878329993973], [-121.82436832787236, 37.08783286620875], [-121.82431615277262, 37.08782583505591], [-121.82426610225606, 37.087812093502954], [-121.82421951147637, 37.08779200812164], [-121.82417762329219, 37.08776611471234], [-121.82414155511199, 37.08773510401048], [-121.82411226908565, 37.087699803260065], [-121.82409054643853, 37.08766115414553], [-121.824076966632, 37.08762018767086], [-121.82403348640358, 37.08742634816402], [-121.82401345221103, 37.087325111788864], [-121.82399864437434, 37.08722329982013], [-121.82399301104519, 37.08717621113548], [-121.82398128182302, 37.0871145938172], [-121.82396103283591, 37.08705441217534], [-121.82390086190658, 37.08690885253231], [-121.82387904734034, 37.086862197905624], [-121.82385278498822, 37.08681703810829], [-121.82383045496293, 37.08677586937406], [-121.8238149059949, 37.08673274484261], [-121.82380639534334, 37.08668837804651], [-121.82380506381153, 37.086643503071365], [-121.82380523993731, 37.08656811721694], [-121.8237981385772, 37.086492946214854], [-121.82378380228698, 37.08641844030576], [-121.82376231695575, 37.086345045745425], [-121.82373381129104, 37.08627320213179], [-121.82367782021964, 37.08614901969861], [-121.82365492769094, 37.08610867573143], [-121.82362428619224, 37.086071778890215], [-121.8235866824134, 37.08603927645153], [-121.8235430817877, 37.08601200287033], [-121.82349460370521, 37.08599065835717], [-121.8234424927744, 37.08597579090165], [-121.82338808686913, 37.08596778220396], [-121.82333278278135, 37.0859668378756], [-121.82325698303006, 37.08596795241879], [-121.82318132011483, 37.08596413866914], [-121.8231062924406, 37.0859554217485], [-121.82303239422762, 37.08594185907678], [-121.82296011225544, 37.085923539993644], [-121.82234960652059, 37.08574667275486], [-121.82225992710958, 37.0857173882997], [-121.82217346245801, 37.08568244506338], [-121.82209076780205, 37.085642067437284], [-121.82174515544234, 37.08545768939093], [-121.82172004793836, 37.08544605872483], [-121.8216933104856, 37.08543705691614], [-121.82166536978876, 37.085430827625075], [-121.8216193795962, 37.08542018713622], [-121.8215758124843, 37.085404296726445], [-121.82153559649262, 37.08538349488401], [-121.82140636578254, 37.08530536964583], [-121.82135401182401, 37.08527069959695], [-121.82130568442537, 37.08523246061637], [-121.8212234712384, 37.085166466809035], [-121.82113540480401, 37.08510551239752], [-121.82104196516075, 37.0850499296268], [-121.82094366163139, 37.085000021461866], [-121.82084103004708, 37.08495605993657], [-121.82068303169072, 37.084894281897014], [-121.82061821638304, 37.084865670012434], [-121.82055724955909, 37.08483206427317], [-121.82050072863535, 37.084793793986314], [-121.8204492074599, 37.08475123416704], [-121.82029946552633, 37.08461465015068], [-121.82025604207867, 37.08457151423452], [-121.82021725228063, 37.08452563150742], [-121.82018336549501, 37.08447732059697], [-121.82014721719413, 37.0844271933756], [-121.82010458938582, 37.084380448259935], [-121.82005597033148, 37.08433762065854], [-121.82000191691209, 37.08429920110871], [-121.81994304824974, 37.08426562965823], [-121.81976794687428, 37.08417664558377], [-121.81976163531246, 37.084173580551024], [-121.81945550928832, 37.08403244629861], [-121.81937344702234, 37.08399779691686], [-121.8192883979599, 37.083968128820196], [-121.81920083236703, 37.08394360605281], [-121.8191112344229, 37.083924364208514], [-121.81902009954298, 37.08391050968133], [-121.81840029264207, 37.083835265194985], [-121.81834899669333, 37.08382560725711], [-121.81830029836296, 37.083809482670034], [-121.81825545862672, 37.08378730895827], [-121.81821563854464, 37.083759660279895], [-121.8181818691964, 37.08372725255906], [-121.81815502498297, 37.083690924947746], [-121.81813580098579, 37.08365161809661], [-121.81812469496923, 37.08361034979789], [-121.81810199635716, 37.0834730399304], [-121.81809196234421, 37.08343141685813], [-121.81807588833694, 37.08339102801068], [-121.81805399742156, 37.0833524339086], [-121.81802659341065, 37.08331617016389], [-121.8179940566264, 37.08328274004699], [-121.81784055075252, 37.083142924199585], [-121.81780640450748, 37.08310841997126], [-121.81777682399245, 37.083071307892666], [-121.81775211708866, 37.0830319742441], [-121.8177325409491, 37.082990828428365], [-121.81771094439831, 37.082946967654124], [-121.81768270333227, 37.082905600944336], [-121.81749153470885, 37.08266281610393], [-121.81747587805458, 37.08263898450464], [-121.8174650465782, 37.082613489669285], [-121.81745930477386, 37.082586954168676], [-121.81745879284786, 37.08256002598545], [-121.81746352329557, 37.082533362690675], [-121.81747338059671, 37.0825076153863], [-121.817488124037, 37.08248341280563], [-121.81750739358648, 37.08246134596021], [-121.81755182964817, 37.082418064021645], [-121.81757558163311, 37.08239090941004], [-121.81759381966586, 37.08236114375701], [-121.81760610694246, 37.0823294799661], [-121.817612149184, 37.08229667640124], [-121.81761180168412, 37.08226351872362], [-121.81760507277399, 37.0822308010745], [-121.817592123622, 37.082199307055305], [-121.81757326437297, 37.082169790959924], [-121.81748776454603, 37.08205811525263], [-121.81746622542846, 37.082024198382506], [-121.8174516973026, 37.08198796755724], [-121.81744455041351, 37.08195034613469], [-121.81744496689124, 37.081912292911355], [-121.81745293611036, 37.08187477768679], [-121.81746825496168, 37.08183875654813], [-121.81749993405163, 37.081780031077685], [-121.81751578434998, 37.08174204481776], [-121.81752331875141, 37.08170244953619], [-121.81752231662216, 37.08166240479139], [-121.8175128073234, 37.08162308330246], [-121.81749506934955, 37.08158563660603], [-121.81746962217133, 37.081551161333394], [-121.81743721102158, 37.08152066709595], [-121.81736987871373, 37.081467314866046], [-121.81733034948063, 37.081432174662694], [-121.81729612850421, 37.081393624221576], [-121.8172676702079, 37.08135217546705], [-121.81724535248864, 37.08130837881029], [-121.8172258790867, 37.081270517732705], [-121.81720080774355, 37.08123483313027], [-121.81704397541469, 37.08104034662462], [-121.81704093641487, 37.081036421472035], [-121.81684325411074, 37.08077212357538], [-121.81681881455195, 37.08074378740884], [-121.816571907271, 37.08049393934643], [-121.81654104517374, 37.08045782518203], [-121.81651671031143, 37.08041863956144], [-121.8164993699388, 37.080377134906364], [-121.81648935700414, 37.08033410816602], [-121.81648686375726, 37.080290385514544], [-121.81649193805883, 37.08024680648704], [-121.81650448246236, 37.08020420785939], [-121.81660538304493, 37.079943686090516], [-121.81661483047705, 37.07991338500198], [-121.81661996748376, 37.079882425154125], [-121.8166207289727, 37.079851198879304], [-121.81660625265741, 37.079545809889815], [-121.8166079063455, 37.07950766187059], [-121.81661643154266, 37.079470106975485], [-121.81663164882414, 37.07943393555549], [-121.81665323792997, 37.07939990884496], [-121.81668074450572, 37.07936874294143], [-121.81671358966484, 37.07934109373543], [-121.81675108217203, 37.07931754310747], [-121.8167924329902, 37.07929858668251], [-121.81686482282115, 37.079270783897044], [-121.81692477182193, 37.079244183345565], [-121.81698043106408, 37.07921215279301], [-121.81703103808317, 37.07917513102275], [-121.81714830235659, 37.079078724794144], [-121.81718561047533, 37.079044433522085], [-121.81721796502684, 37.07900705145644], [-121.81724497038287, 37.078967035710235], [-121.81726629632753, 37.07892487560076], [-121.81728168209483, 37.07888108666602], [-121.81729093955687, 37.0788362043605], [-121.81730272812553, 37.07878185480652], [-121.81732301784129, 37.07872914041163], [-121.81735148152363, 37.07867891117321], [-121.81739888202844, 37.07860764702071], [-121.8174122812299, 37.07858364955183], [-121.81742142789285, 37.07855840219694], [-121.81742614770471, 37.07853238611958], [-121.81742635072013, 37.078506097133115], [-121.8174109706878, 37.07831038168622], [-121.8174040074067, 37.078258122567895], [-121.81739138701357, 37.07820654842197], [-121.81737320553582, 37.07815605162389], [-121.81731909194365, 37.07802719812845], [-121.81729328801526, 37.077976462442464], [-121.81725981725562, 37.077928688383565], [-121.81721919828456, 37.07788461617708], [-121.81717206047526, 37.07784492868952], [-121.81711913420202, 37.07781024084834], [-121.81681622235328, 37.07763571262174], [-121.81678630805818, 37.07761523026035], [-121.8167610743091, 37.07759103854943], [-121.81674122741934, 37.077563814639504], [-121.81672610422781, 37.077543105362665], [-121.81670683655958, 37.077524737732055], [-121.81668397699319, 37.07750923851127], [-121.81665818111755, 37.0774970522007], [-121.81663018873051, 37.07748852828997], [-121.81660080262249, 37.07748391123514], [-121.81657086555349, 37.07748333344805], [-121.81653292717809, 37.07748266303807], [-121.81649564548974, 37.0774769919543], [-121.81646004010665, 37.077466475295395], [-121.81642708480061, 37.07745140068183], [-121.81639768086504, 37.07743218038948], [-121.81637263246512, 37.07740934007412], [-121.81635262464471, 37.077383504394994], [-121.81633820459128, 37.077355379930786], [-121.8163297666712, 37.077325735855275], [-121.81632754164511, 37.077295382901006], [-121.81632658925959, 37.07728321277574], [-121.81632302057535, 37.07727135874117], [-121.8163169434593, 37.07726017909285], [-121.81630854159702, 37.07725001174255], [-121.81629806894075, 37.0772411640045], [-121.81628584203332, 37.077233903306755], [-121.81627223044057, 37.07722844910813], [-121.81625764558086, 37.077224966264865], [-121.81624252828993, 37.07722356004788], [-121.81622733549644, 37.07722427296087], [-121.8159703580721, 37.07725445376694], [-121.81591643492555, 37.077257217492914], [-121.8158626671773, 37.07725293007929], [-121.81581048149191, 37.077241705287605], [-121.81576126255449, 37.077223840954595], [-121.81571631632862, 37.07719981108915], [-121.81567683540351, 37.077170253294774], [-121.81542329316396, 37.07694677804224], [-121.81536839669354, 37.07689428793276], [-121.8153189478194, 37.076838429696295], [-121.81527526701555, 37.07677956535951], [-121.81505876232023, 37.07645914616291], [-121.8150550136516, 37.07645387766918], [-121.81486516734927, 37.076200362419165], [-121.81483691600098, 37.07616725073785], [-121.81480399323931, 37.07613703625432], [-121.81476685754593, 37.076110139729906], [-121.81473061431639, 37.076083356028185], [-121.8146993091182, 37.076052835310335], [-121.81467353608143, 37.07601915682425], [-121.81465378434004, 37.07598295974773], [-121.81464042874929, 37.075944931057535], [-121.81463372277184, 37.075905792491085], [-121.81463026693865, 37.07588510401577], [-121.81462334708438, 37.07586498094856], [-121.81461309064869, 37.07584579387845], [-121.81459968651767, 37.075827896156675], [-121.81458556949666, 37.075813541164486], [-121.8145484738058, 37.075775281112364], [-121.81451805303988, 37.07573341025981], [-121.81449484687124, 37.075688671422675], [-121.81447926697841, 37.075641858295405], [-121.81447158974326, 37.075593801370104], [-121.81447195134892, 37.07554535320292], [-121.81448034536481, 37.07549737328927], [-121.81449662286191, 37.0754507128158], [-121.814536322113, 37.07536060750223], [-121.8145474130738, 37.075328447787754], [-121.81455281370809, 37.07529536460885], [-121.81455241903288, 37.07526200111603], [-121.81454079305105, 37.07514468542914], [-121.81453918905585, 37.075089010610306], [-121.81454539775166, 37.075033543608804], [-121.81455934058192, 37.07497898607633], [-121.81459547172754, 37.07486946499445], [-121.81460495135242, 37.07483319416102], [-121.81460969497282, 37.074796331961515], [-121.81460965164415, 37.07475927433601], [-121.81459084365098, 37.07447355035479], [-121.81458275716405, 37.074411261158005], [-121.81456681967452, 37.0743499517252], [-121.81454319592045, 37.07429025570878], [-121.81451213007813, 37.07423279008446], [-121.81447394323813, 37.074178148774834], [-121.81437588317014, 37.074053153825204], [-121.8143215596997, 37.07398900265091], [-121.81426179020325, 37.07392804012669], [-121.81419686518545, 37.07387056254266], [-121.81412710020575, 37.073816849250775], [-121.8137619746527, 37.07355472869172], [-121.81369979428116, 37.07350579188015], [-121.81364345918162, 37.07345250400059], [-121.8135934414016, 37.07339531157931], [-121.81355016004966, 37.07333469385963], [-121.81335913875606, 37.07303621160456], [-121.81330887341917, 37.07296388351421], [-121.8132525461213, 37.072894482720784], [-121.81319042121882, 37.07282833491714], [-121.81312279027352, 37.07276575052932], [-121.81287689269466, 37.07255337608641], [-121.81282110304477, 37.072508668800495], [-121.81276130138767, 37.072467425932196], [-121.81269782191379, 37.07242987795518], [-121.81263101936433, 37.07239623469503], [-121.81228857176595, 37.07223772757365], [-121.81219851991374, 37.07219259189284], [-121.8121126587181, 37.0721424864031], [-121.81203141456899, 37.07208765993536], [-121.81195519092488, 37.07202838476505], [-121.81188436630916, 37.07196495525971], [-121.8118192924303, 37.07189768641711], [-121.81176029243538, 37.07182691230064], [-121.81159924611177, 37.0716181605566], [-121.81157242152656, 37.071587034243336], [-121.81143183073016, 37.07144044932751], [-121.81140066689781, 37.071403079546855], [-121.81137592944957, 37.071362741374706], [-121.81135805100043, 37.07132014027293], [-121.81134734420867, 37.07127602127786], [-121.8113161547282, 37.07107860637705], [-121.81130827862853, 37.07104682231139], [-121.81129492799266, 37.07101623456158], [-121.81127636569653, 37.07098744539003], [-121.8112529572308, 37.07096102164505], [-121.81122516350399, 37.07093748360002], [-121.81103177782768, 37.07079526821419], [-121.81099600589866, 37.07076448133149], [-121.81096667244456, 37.07072959596139], [-121.81084508550816, 37.07055716087514], [-121.81082038744267, 37.07052635810567], [-121.81079149113464, 37.0704979973206], [-121.81055054417028, 37.07028698267685], [-121.81050890898177, 37.07024671273189], [-121.81047242346742, 37.070203353907914], [-121.81044144209066, 37.07015732745484], [-121.81041626583821, 37.070109080538934], [-121.81029597248592, 37.06984223443936], [-121.81028139159274, 37.069816058296716], [-121.81026221713032, 37.069791858618], [-121.81023885643127, 37.069770149483624], [-121.81021180575631, 37.069751392066316], [-121.80956862023734, 37.06936719567702], [-121.80949139151707, 37.06931801232853], [-121.80941807430789, 37.06926512449349], [-121.80929754647613, 37.06917267513809], [-121.80925977664181, 37.06913901679511], [-121.80922868757199, 37.069101224149115], [-121.80920497347475, 37.069060141109574], [-121.80918916387239, 37.06901668505897], [-121.80917347480475, 37.06895739415297], [-121.80915918024147, 37.06891855212634], [-121.80913754111756, 37.068881956610575], [-121.80910908110276, 37.0688484932047], [-121.8090744889274, 37.06881897171056], [-121.80903460171474, 37.06879410653638], [-121.80899038472293, 37.06877449940864], [-121.80863653301054, 37.068645270843966], [-121.80857415676788, 37.068626200158526], [-121.80850928149127, 37.06861357142405], [-121.80844293871812, 37.068607585441235], [-121.80837618331849, 37.06860833738899], [-121.80756001639085, 37.068658885968574], [-121.80755465344932, 37.06865926657711], [-121.80721465823079, 37.068688960510585], [-121.80715069353313, 37.0686927151352], [-121.80708655759193, 37.06869282034988], [-121.8067589160075, 37.06868399034174], [-121.80671891252557, 37.06868086203303], [-121.8066797302688, 37.068673682604384], [-121.80664200546062, 37.068662568632135], [-121.80660635065834, 37.068647700579845], [-121.80613126324278, 37.06841761943536], [-121.80610042473023, 37.06840145716908], [-121.80607108601323, 37.068383591712205], [-121.80590234920275, 37.06827316009617], [-121.80584620046463, 37.06824081664577], [-121.80578550920228, 37.068214259584515], [-121.80572119910663, 37.06819389309581], [-121.80565424894235, 37.06818002714572], [-121.80504633932934, 37.06808576583877], [-121.80500347712129, 37.06807830196936], [-121.80447397245527, 37.06797560757234], [-121.80436233468282, 37.06795683112604], [-121.80424947452022, 37.06794355223111], [-121.80362801022602, 37.0678860337708], [-121.8034969669971, 37.067877310110674], [-121.8033654946932, 37.067875368702886], [-121.80305740763156, 37.06787880638424], [-121.80299620458928, 37.0678813635319], [-121.80293542179265, 37.06788764515055], [-121.80287541167563, 37.06789761481784], [-121.80253900252708, 37.06796429084299], [-121.80247380914908, 37.06797421091254], [-121.80240765262225, 37.067978354556466], [-121.80234132754823, 37.067976672005784], [-121.80227563055315, 37.06796918346947], [-121.80221135071892, 37.067955978891845], [-121.802149260105, 37.067937216872174], [-121.80209010447491, 37.06791312275953], [-121.80203459433841, 37.067883985946196], [-121.80198339641746, 37.06785015639141], [-121.80157096469509, 37.06754572325979], [-121.80153370795635, 37.06751438628585], [-121.80150184886543, 37.06747943529429], [-121.80147592770886, 37.06744146301471], [-121.8014563840704, 37.06740111341342], [-121.80144354937674, 37.06735907077227], [-121.80143764127747, 37.06731604808396], [-121.80142775444021, 37.067138055120985], [-121.80142004514255, 37.06707419421127], [-121.80140410990268, 37.067011318821216], [-121.80138012071538, 37.06695010750702], [-121.80134833649252, 37.06689122086436], [-121.80130910026823, 37.06683529439943], [-121.801262835496, 37.06678293167069], [-121.80120424738854, 37.06672343042786], [-121.80117997148703, 37.06669675660526], [-121.80115828240507, 37.066668687953694], [-121.80096969015199, 37.06640263829432], [-121.80093608584947, 37.06634881258284], [-121.80090973419259, 37.06629245256168], [-121.80089092761986, 37.066234183723914], [-121.80087987483157, 37.06617465274542], [-121.80086956830706, 37.066124312769894], [-121.80085092696044, 37.066075536038596], [-121.80082428788417, 37.066029204542545], [-121.80079013278505, 37.06598615605593], [-121.80074907927272, 37.06594716898759], [-121.80060270152758, 37.065825768146745], [-121.80055537687406, 37.06578146025], [-121.80051503136926, 37.065732920358556], [-121.8003965535005, 37.065569939351846], [-121.80036383452449, 37.0655318268628], [-121.8003243636737, 37.06549806972427], [-121.80027903078783, 37.06546942895747], [-121.80022885785678, 37.06544655023934], [-121.8001749759809, 37.065429949346736], [-121.80011859987212, 37.065420000529194], [-121.80006100047015, 37.065416928072175], [-121.7997519297535, 37.06541908707837], [-121.79969542342953, 37.065417110714776], [-121.79963948423185, 37.06541041301329], [-121.79958472474398, 37.065399067319646], [-121.79953174463004, 37.06538319787925], [-121.79917690926192, 37.06525960626642], [-121.7991671337967, 37.06525589175539], [-121.79868853396555, 37.065059514150086], [-121.79857527717758, 37.06501049330571], [-121.79846482429949, 37.06495752291514], [-121.79835738965832, 37.064900705767165], [-121.7982531817229, 37.06484015211491], [-121.79789716957215, 37.06462352338828], [-121.7978343857008, 37.06458222652064], [-121.7977756693386, 37.064537250843564], [-121.79772135527796, 37.06448885280776], [-121.7976717532075, 37.064437308377705], [-121.7976271459465, 37.06438291145794], [-121.79760697518107, 37.06435614975247], [-121.79755942093763, 37.06429811038436], [-121.79750659615466, 37.06424307584727], [-121.79744879525947, 37.064191352873145], [-121.79738634041138, 37.064143229736466], [-121.79731957970621, 37.06409897464774], [-121.79724888523609, 37.06405883425879], [-121.7968551267798, 37.06385250978617], [-121.79679599596724, 37.06382531445087], [-121.79673333465597, 37.06380378687144], [-121.79666798519756, 37.06378821644072], [-121.79660082607809, 37.06377881247006], [-121.79653276010937, 37.06377570137582], [-121.79648304369229, 37.06377280629475], [-121.79643438972953, 37.06376411706004], [-121.79638784391267, 37.06374982042446], [-121.79598940702515, 37.06359976237563], [-121.79594204912058, 37.06358535568162], [-121.79589250803411, 37.06357688867682], [-121.79584193639641, 37.06357455835582], [-121.79579151081438, 37.063578418936174], [-121.79574240449685, 37.063588380597075], [-121.79506116538815, 37.0637717981652], [-121.79501561806188, 37.063780936869634], [-121.79496884452226, 37.06378422518359], [-121.7949220073876, 37.06378158137167], [-121.79466635767969, 37.06375076866291], [-121.79461257538405, 37.06374748611861], [-121.79455876954914, 37.063750510788], [-121.79450608576347, 37.0637597782724], [-121.79445564572666, 37.06377509125632], [-121.7944085233679, 37.06379612370837], [-121.79436572198138, 37.06382242782268], [-121.79432815286526, 37.06385344355295], [-121.79429661591925, 37.06388851053606], [-121.79427178261349, 37.06392688215181], [-121.79422349816441, 37.064017052661235], [-121.79419081444716, 37.064069296556085], [-121.79415065205748, 37.0641180771795], [-121.79410357440109, 37.064162710210425], [-121.7940502418985, 37.06420256951131], [-121.79398579946009, 37.0642453077451], [-121.79395277196791, 37.06426416094507], [-121.7939166928084, 37.06427899354649], [-121.79387831862937, 37.064289494481066], [-121.79383845421091, 37.064295443523896], [-121.79354942220766, 37.06432142102915], [-121.7935225931312, 37.06432201981694], [-121.79349601139111, 37.06431904618556], [-121.79347041254151, 37.06431258241956], [-121.79344650493819, 37.06430280738042], [-121.79312989467982, 37.06414567541143], [-121.79310522065911, 37.06413267299847], [-121.79292365231424, 37.064031726629814], [-121.79287816768843, 37.064009909941866], [-121.79282942829184, 37.063993206280074], [-121.79277832394158, 37.06398192059633], [-121.7927257876292, 37.06397625892862], [-121.7925953953897, 37.06396937025714], [-121.79252854109046, 37.06396399881303], [-121.79246228911632, 37.063955035505344], [-121.79239693961027, 37.06394252094079], [-121.7922847211864, 37.06391782782419], [-121.7922137687231, 37.063904495025696], [-121.79214176029015, 37.0638955055292], [-121.79206910925399, 37.06389091093918], [-121.79199623266965, 37.06389073763091], [-121.79163563639203, 37.06390083907615], [-121.79156811672274, 37.06390085615778], [-121.79150075886437, 37.06389711230374], [-121.79136531989096, 37.06388576856903], [-121.79133129339614, 37.06388072889463], [-121.79129866886808, 37.06387148718759], [-121.79126824899026, 37.063858270828106], [-121.79124078220259, 37.063841404987386], [-121.79121694428682, 37.06382130462715], [-121.79114802196284, 37.063753237876846], [-121.79112876722299, 37.063736942105685], [-121.79110664011691, 37.063723186574435], [-121.79108215692588, 37.063712292233475], [-121.79105588890361, 37.06370451327447], [-121.79102844894766, 37.063700031199495], [-121.79100047729912, 37.063698950586286], [-121.79074177601052, 37.06370480917761], [-121.79070909716143, 37.063703536011545], [-121.79067704606157, 37.06369827129567], [-121.79064637732411, 37.06368913898284], [-121.79061781301507, 37.06367635408481], [-121.79054064505338, 37.063635273538104], [-121.79052302938744, 37.06362727846834], [-121.79050417302894, 37.06362137423823], [-121.79048445997982, 37.0636176810849], [-121.79046429168797, 37.06361627421785], [-121.79044407887199, 37.063617182287295], [-121.79020158678004, 37.06364215647254], [-121.79017165324008, 37.06364315422109], [-121.79014194832725, 37.06364003136389], [-121.79011334874613, 37.063632880068305], [-121.79008669857824, 37.06362191139615], [-121.79006278436967, 37.06360744907436], [-121.79004231191686, 37.06358991994046], [-121.7898905002669, 37.06343526242833], [-121.78985273586945, 37.06340187123159], [-121.78980953573802, 37.06337302120544], [-121.78976174219575, 37.06334927486847], [-121.78971028712537, 37.063331095226914], [-121.78965617379966, 37.06331883674725], [-121.78960045732015, 37.06331273844503], [-121.78954422404546, 37.0633129192248], [-121.78941902047265, 37.063320344842644], [-121.78937468309806, 37.0633200172546], [-121.78933102407593, 37.063313816952885], [-121.78928924619363, 37.063301914753254], [-121.78925050041259, 37.06328463855614], [-121.78921585415934, 37.06326246431307], [-121.78918626191786, 37.06323600291406], [-121.78916253893408, 37.06320598335755], [-121.7890641186445, 37.06305501459548], [-121.78903169185499, 37.063011987998884], [-121.78899288403949, 37.062972499293664], [-121.78894828912152, 37.06293715281408], [-121.78889858958739, 37.062906489501025], [-121.78884454604123, 37.062880978623845], [-121.78878698556508, 37.062861010598866], [-121.7887267890614, 37.062846891014864], [-121.78866487777225, 37.062838835956406], [-121.78841785188871, 37.06281917607407], [-121.78839751024942, 37.062816200457306], [-121.78837804119442, 37.06281061793348], [-121.78835996122146, 37.06280257660236], [-121.78834374997668, 37.06279228979379], [-121.7883298375299, 37.06278003040811], [-121.78831859296528, 37.06276612367643], [-121.7883103145898, 37.06275093853225], [-121.78828082740257, 37.06268204646453], [-121.78826375223379, 37.06263140514621], [-121.78825521465228, 37.06257939569234], [-121.78824369557282, 37.06243589082825], [-121.78823778824268, 37.06240384210723], [-121.78822537941856, 37.062373009656966], [-121.78820680756814, 37.06234423445553], [-121.78818257925865, 37.062318301366986], [-121.7881533553392, 37.0622959177341], [-121.78811993291552, 37.062277694085104], [-121.7878989465019, 37.06217756387581], [-121.78782978777554, 37.062149190251255], [-121.7877579270729, 37.06212551870718], [-121.78768386111707, 37.06210671286777], [-121.78753240428863, 37.062073751115925], [-121.78745898032336, 37.062061286423074], [-121.78738427122269, 37.062055533070236], [-121.78730922901975, 37.06205656437349], [-121.7872348099923, 37.06206436719077], [-121.78716196247733, 37.06207884208921], [-121.78685301122869, 37.06215531024095], [-121.78678491959703, 37.06216898671011], [-121.78671538556503, 37.06217670372235], [-121.78664521879296, 37.06217837142002], [-121.7865752363092, 37.06217397038433], [-121.78650625299622, 37.06216355186133], [-121.78643907210123, 37.06214723716526], [-121.7862718956575, 37.06209858380357], [-121.78624454252468, 37.0620896171015], [-121.78621817641383, 37.06207891872502], [-121.78608491406317, 37.06201929479149], [-121.78602541390327, 37.06198898753266], [-121.78597061144634, 37.061953443285276], [-121.78592122083259, 37.06191312523722], [-121.78587788567582, 37.06186855878436], [-121.78579684598166, 37.06177459719682], [-121.78576328284419, 37.061733786859016], [-121.78573199123016, 37.06169183331236], [-121.78553466196534, 37.061413633571384], [-121.7855117525086, 37.06137792518698], [-121.78549265675696, 37.06134080408038], [-121.78546701256062, 37.06128436667924], [-121.78543602034374, 37.06122511317243], [-121.78539811851658, 37.061168498359244], [-121.78535365257598, 37.06111503829333], [-121.78530302784925, 37.061065220271225], [-121.78523196483984, 37.06100175179355], [-121.78518739595724, 37.0609663539929], [-121.78513795987439, 37.06093538405963], [-121.78508433732267, 37.06090926844397], [-121.78502726667782, 37.06088836675271], [-121.78478983121259, 37.06081457544531], [-121.78472601340842, 37.0607919863412], [-121.78466505512388, 37.060764793881475], [-121.78460747198872, 37.060733228081396], [-121.78455375108129, 37.06069755594902], [-121.78450434680838, 37.0606580792266], [-121.78445967706138, 37.06061513183798], [-121.78438780197644, 37.06053919688061], [-121.7843481959369, 37.0604943567772], [-121.7843123453106, 37.06044753116907], [-121.78418170066385, 37.06026365532053], [-121.7841328851311, 37.06020075785725], [-121.78407813998591, 37.060141078075276], [-121.78401779387977, 37.06008497423515], [-121.78395220908446, 37.060032783130055], [-121.78388177931741, 37.059984818064265], [-121.78351765089077, 37.059755692035196], [-121.78338056343497, 37.05966575897983], [-121.78324815535804, 37.05957143026633], [-121.78312064593206, 37.059472862119094], [-121.78296443792466, 37.05934708448551], [-121.7829143510593, 37.05930355441799], [-121.78286856255552, 37.05925708333077], [-121.78254850009336, 37.05890553958502], [-121.78254652200363, 37.058903409046465], [-121.78225003132663, 37.05859067662041], [-121.78224346554188, 37.05858415665806], [-121.78213527067986, 37.05848344091362], [-121.78211794847095, 37.05846417563336], [-121.78204407912874, 37.0583648683923], [-121.78200514665471, 37.05830740203419], [-121.78197209859513, 37.05824761538403], [-121.78194514844186, 37.05818589469195], [-121.78192447029001, 37.058122638701875], [-121.78188094244666, 37.05796373688039], [-121.78186494114844, 37.05791327929235], [-121.78184483692914, 37.057863773584934], [-121.78182071672057, 37.057815433803874], [-121.78171355493126, 37.05761962409046], [-121.78168541445022, 37.05756025459032], [-121.78166486494113, 37.057498918260684], [-121.78165211466887, 37.05743623678832], [-121.7816472928464, 37.05737284549233], [-121.78165044832599, 37.05730938688481], [-121.78165411974337, 37.057276912692295], [-121.78165535587314, 37.05723349232849], [-121.78164929324294, 37.057190333319326], [-121.78163604206351, 37.05714822015096], [-121.78156857142748, 37.05698198251969], [-121.78155147286648, 37.056929855248], [-121.7815419220217, 37.05687650307535], [-121.78153679600877, 37.056851143800415], [-121.781526977801, 37.05682668872091], [-121.78151268995632, 37.056803692170604], [-121.78147123900668, 37.0567479539459], [-121.78144802181103, 37.05672201290493], [-121.78141967148997, 37.05669958732065], [-121.78138700261792, 37.05668132153192], [-121.78135095384918, 37.05666774035671], [-121.78131256094831, 37.05665923401299], [-121.78127292703064, 37.05665604690723], [-121.78123319086801, 37.056658270612175], [-121.78119449416985, 37.056665841235734], [-121.78098827334534, 37.05672139096105], [-121.78091691077493, 37.05673764357396], [-121.78084395059415, 37.056748415857385], [-121.78077004646087, 37.05675361130124], [-121.78069586049068, 37.05675318335896], [-121.78062205732418, 37.05674713586448], [-121.7805492981723, 37.05673552299803], [-121.78006740151332, 37.05663940578393], [-121.78001691081353, 37.05662789751867], [-121.7788829469734, 37.056337428134924], [-121.77884039827771, 37.05632601373765], [-121.77854961457163, 37.05624430131464], [-121.77848490858062, 37.056222950408035], [-121.77842341146643, 37.05619619234648], [-121.77836582419769, 37.0561643321307], [-121.77831280317446, 37.05612773291772], [-121.77826495274611, 37.05608681188117], [-121.77822281832283, 37.056042035456], [-121.77798471992374, 37.05575873074135], [-121.77795756207256, 37.05572034826223], [-121.77793806773194, 37.055679082398], [-121.77791362368565, 37.05561216900881], [-121.77789100406079, 37.0555609473133], [-121.77786146942567, 37.055512039295785], [-121.7778253806259, 37.05546604247844], [-121.77778317857863, 37.05542351881553], [-121.77773537888557, 37.055384987828006], [-121.77768256553331, 37.055350920256664], [-121.77762538375863, 37.05532173231126], [-121.77756453216551, 37.055297780585825], [-121.77737313445235, 37.055232694956146], [-121.77733415412942, 37.055220534505935], [-121.7772943306568, 37.05521027804825], [-121.77697059944533, 37.05513549188231], [-121.77686975778394, 37.05511441020994], [-121.77676769728771, 37.0550975113341], [-121.77666468785183, 37.055084839943135], [-121.7765610018805, 37.05507642954597], [-121.77641051343313, 37.0550673628199], [-121.77635447126006, 37.05506063048903], [-121.77630026605371, 37.0550473859494], [-121.77624906915074, 37.05502791540657], [-121.77620198687812, 37.05500263960559], [-121.77616003664583, 37.054972104738596], [-121.77612412496084, 37.054936970641705], [-121.77609502783834, 37.05489799653606], [-121.77607337403313, 37.05485602462118], [-121.77605963145315, 37.05481196187546], [-121.77605409704964, 37.054766760456765], [-121.7760480118846, 37.05456619406332], [-121.77604623232872, 37.05450755644071], [-121.77604099276797, 37.05443354665316], [-121.77602981294052, 37.05435996137483], [-121.77596786336626, 37.05403899653046], [-121.77595726265736, 37.05399071305153], [-121.77594418019618, 37.053942822163904], [-121.77580785912532, 37.053488835925954], [-121.77578792671724, 37.053434429828535], [-121.77576139684162, 37.05338186458018], [-121.77572852819158, 37.05333165271848], [-121.77568964126469, 37.0532842838332], [-121.7756451152375, 37.05324021979295], [-121.77559538426813, 37.05319989024172], [-121.77544141755578, 37.05308678103236], [-121.77538661851575, 37.05305093558596], [-121.77532705941636, 37.05302035457466], [-121.7752635235726, 37.052995440194], [-121.77519684659826, 37.05297652011271], [-121.77512790541624, 37.05296384316351], [-121.77505760672615, 37.05295757607073], [-121.77498687508022, 37.05295780125771], [-121.77491664072443, 37.052964515762866], [-121.77467214898202, 37.05299939061861], [-121.77458769610664, 37.05300876873021], [-121.77450259453978, 37.05301292711941], [-121.77441734573115, 37.05301184128348], [-121.7743324519979, 37.053005517620534], [-121.77424841356495, 37.052993993391944], [-121.77416572561674, 37.052977336502664], [-121.77384201596502, 37.052901442634955], [-121.77379425947896, 37.05288903160547], [-121.77374748626505, 37.05287441161135], [-121.77319027667113, 37.05268506011675], [-121.77310989473351, 37.052660988305426], [-121.77302720373036, 37.05264261574831], [-121.77301256478704, 37.0526399143574], [-121.77293421752918, 37.05262819238384], [-121.77285491683162, 37.05262180148151], [-121.7727752263277, 37.052620787074005], [-121.772695712421, 37.0526251563713], [-121.77261694026018, 37.052634878318415], [-121.77253946972222, 37.05264988381617], [-121.77246385143376, 37.05267006621229], [-121.77228579997588, 37.05272435491942], [-121.77223548818264, 37.052737468546724], [-121.77218381016823, 37.05274654893177], [-121.7721312679195, 37.05275150787], [-121.77207837181862, 37.05275229719148], [-121.77184109894108, 37.05274643628567], [-121.77173294657912, 37.05274693707196], [-121.77162512925199, 37.05275377336263], [-121.77151822388917, 37.05276690857674], [-121.77141280254091, 37.05278627242793], [-121.77130942931753, 37.052811761300326], [-121.77117117771381, 37.05285034776685], [-121.77108462422835, 37.05287744994563], [-121.7710008406938, 37.05290966232781], [-121.77092029598225, 37.05294680464691], [-121.77084344084265, 37.05298866904735], [-121.77077070537842, 37.0530350212475], [-121.77070249664072, 37.05308560185061], [-121.77063919635033, 37.05314012779638], [-121.77059977917604, 37.053176766936396], [-121.77055812148608, 37.05321045766543], [-121.7705110891142, 37.0532392473136], [-121.77045957212358, 37.05326259104828], [-121.77040454544996, 37.05328004709821], [-121.77034705045091, 37.05329128511402], [-121.77028817519803, 37.053296092420226], [-121.77013899649266, 37.053300026884195], [-121.7700630481161, 37.05330020749679], [-121.76998722113387, 37.05329676242227], [-121.76991178474519, 37.053289703891245], [-121.76943960785192, 37.05323418100035], [-121.76939090569326, 37.053225843872646], [-121.76934394357933, 37.05321256072047], [-121.76901261082931, 37.05309940420036], [-121.76894289165756, 37.053078701190394], [-121.76887101602539, 37.053063454617565], [-121.7687976469869, 37.05305380513159], [-121.76872346137195, 37.05304984174895], [-121.76864914354269, 37.05305160103184], [-121.76798872110649, 37.0530927202363], [-121.76792953227312, 37.05309916553048], [-121.76787165766572, 37.05311101354011], [-121.76781586231654, 37.053128107649016], [-121.76776288377387, 37.05315022189389], [-121.7674898184128, 37.05328072640866], [-121.76743609214132, 37.05330262615666], [-121.76737919553793, 37.053318572995266], [-121.76732014990606, 37.053328280675565], [-121.76726001512625, 37.05333157494271], [-121.76719987063034, 37.0533283966639], [-121.76714079602452, 37.05331880288993], [-121.76676446397047, 37.05323634162147], [-121.76666787654536, 37.0532121025968], [-121.76657375658449, 37.05318227276605], [-121.76648260708868, 37.05314701154837], [-121.76639491518173, 37.0531065073896], [-121.76631114950703, 37.05306097675497], [-121.76623175772276, 37.05301066297215], [-121.765927102248, 37.05280265235651], [-121.76586439228856, 37.05276264095242], [-121.76579849945983, 37.05272606290691], [-121.76564123053731, 37.052644839147135], [-121.76556967020508, 37.05261154815965], [-121.76549455797769, 37.05258373430416], [-121.76541654461381, 37.052561638553506], [-121.7653363060048, 37.05254545233995], [-121.76525453731952, 37.0525353158969], [-121.76516971121761, 37.052528017539316], [-121.76515769176099, 37.05252698444189], [-121.76490725587333, 37.05250545428292], [-121.76490267895771, 37.05250500046557], [-121.76448883775052, 37.05246038511145], [-121.7644386749861, 37.05245196158335], [-121.76439055694844, 37.052437817534994], [-121.76434549335542, 37.05241824976812], [-121.76430442982777, 37.052393668896684], [-121.76418168136038, 37.052308475845265], [-121.76412322258588, 37.05227195565963], [-121.76406036561917, 37.05224047638099], [-121.7639937843844, 37.052214375513465], [-121.7635266326773, 37.05205476586275], [-121.76346939927404, 37.05203166029125], [-121.76341628277902, 37.05200292494146], [-121.76336814052286, 37.05196902362118], [-121.76332574954564, 37.051930503519856], [-121.76328979405508, 37.05188798637606], [-121.76326085438293, 37.05184215844213], [-121.76323939761897, 37.05179375940715], [-121.76322577007222, 37.051743570457866], [-121.76322019168241, 37.051692401669555], [-121.76322275247095, 37.05164107893095], [-121.76326374262548, 37.05132462506326], [-121.763268177025, 37.05127815664844], [-121.76326945771672, 37.05123156380892], [-121.7632668203085, 37.0508172264418], [-121.76326983138122, 37.05077969130871], [-121.76327928701627, 37.05074285015784], [-121.76329500564606, 37.05070741037866], [-121.76331668544792, 37.05067405245171], [-121.76334391014007, 37.05064341688302], [-121.76335273159577, 37.05063480705186], [-121.76335745224236, 37.05063026948591], [-121.76340976517253, 37.050585213655324], [-121.7634675670217, 37.05054469549256], [-121.76353024826282, 37.050509142260395], [-121.76359714791863, 37.050478928865964], [-121.76366756053164, 37.05045437390769], [-121.76372415486597, 37.05043462249954], [-121.76377790854625, 37.05041030171383], [-121.76382824923223, 37.050381670506596], [-121.76387464092534, 37.05034903372883], [-121.76391658967574, 37.05031273888043], [-121.76412300095865, 37.05011454961827], [-121.76415629507535, 37.05007747845398], [-121.76418263382145, 37.05003697237424], [-121.76425300245427, 37.049906747615495], [-121.76426746326072, 37.04988489276818], [-121.76428603421456, 37.04986513397022], [-121.76430825264201, 37.04984796348588], [-121.76433356499848, 37.04983380909473], [-121.76436134065946, 37.04982302343416], [-121.76439088763154, 37.04981587521414], [-121.76442146979224, 37.04981254252268], [-121.76468325050563, 37.04980075649882], [-121.764735285132, 37.04979540712911], [-121.76478584218215, 37.04978418195351], [-121.76483389436613, 37.04976730906129], [-121.76485839411637, 37.049756995642554], [-121.76487523685667, 37.04974851722093], [-121.76489026710466, 37.049738076987104], [-121.76490313241477, 37.04972591975558], [-121.76491353110772, 37.04971233060295], [-121.76492121934467, 37.04969762818292], [-121.764926016845, 37.04968215725411], [-121.76492781111342, 37.049666280595794], [-121.76492656007794, 37.04965037050103], [-121.76492261108703, 37.04962786734849], [-121.76490811588366, 37.04956681551222], [-121.76488630973083, 37.04950717645554], [-121.76485739779328, 37.04944951125016], [-121.7648216520839, 37.04939436239691], [-121.76477940890386, 37.04934224872218], [-121.76473598884628, 37.04929396499617], [-121.76470616411495, 37.04926351177922], [-121.76467334215101, 37.049235108207405], [-121.76455330479996, 37.04913940380927], [-121.76451372901714, 37.04911114148946], [-121.76447051172697, 37.04908654358345], [-121.76442417841471, 37.04906590917885], [-121.76437529245212, 37.049049489170564], [-121.76432444824738, 37.04903748321026], [-121.76422870851597, 37.04901943077964], [-121.76419780422466, 37.04901135701457], [-121.76416900966991, 37.04899926963308], [-121.76414312950324, 37.04898350641236], [-121.76412088693348, 37.048964507849334], [-121.76410290351693, 37.04894280485087], [-121.7640896817883, 37.04891900389763], [-121.76408159121797, 37.04889377009613], [-121.76407885788768, 37.04886780859247], [-121.7640767088937, 37.048845315188416], [-121.76407033895146, 37.04882334131927], [-121.7640598947163, 37.048802392877676], [-121.76404561664337, 37.0487829521479], [-121.76389878705072, 37.04861390072977], [-121.76387640331819, 37.04859180645612], [-121.76385019986081, 37.0485725992118], [-121.76382074952193, 37.048556698891396], [-121.76352609049015, 37.048421865756815], [-121.76346276911161, 37.04839675947078], [-121.76339617891773, 37.048377852140376], [-121.76332726051668, 37.04836541083718], [-121.76325698740143, 37.04835961129814], [-121.76318635219965, 37.04836053544335], [-121.76287931616514, 37.048379262670885], [-121.76284315223909, 37.048379086920214], [-121.7628075087525, 37.04837418370521], [-121.76277334108066, 37.04836468444988], [-121.76274156504087, 37.048350843768894], [-121.7627130323447, 37.04833303264272], [-121.76268850776897, 37.04831172847384], [-121.76266864865661, 37.04828750229052], [-121.76265398729802, 37.0482610034409], [-121.76262196596417, 37.04818744005327], [-121.76259934305267, 37.04814460527504], [-121.76256998749237, 37.048104480770654], [-121.76253439409024, 37.048067742850456], [-121.76249316279134, 37.048035010741934], [-121.7624469885662, 37.0480068361528], [-121.76216325843825, 37.04785594970036], [-121.762141216926, 37.04784612133573], [-121.76211753817591, 37.047839156955554], [-121.76209279713355, 37.04783522566239], [-121.76206759453758, 37.047834422912146], [-121.7620425423336, 37.04783676819645], [-121.76201824881551, 37.04784220456934], [-121.76172004949957, 37.04792947681063], [-121.76169474638999, 37.047935190839155], [-121.76166865898644, 37.047937789725474], [-121.76164238067132, 37.047937214355485], [-121.76161650916949, 37.04793347781651], [-121.76159163295237, 37.04792666509964], [-121.76156831785232, 37.04791693116648], [-121.7615470941921, 37.04790449742428], [-121.7613931184956, 37.04779917599348], [-121.7613415306374, 37.04776832115446], [-121.76128534813898, 37.047743144254326], [-121.76122553771708, 37.04772407850316], [-121.76116312851019, 37.047711451958406], [-121.76109919437121, 37.047705481880264], [-121.7610348353907, 37.047706270993594], [-121.76097560854802, 37.047713046204606], [-121.76091785050193, 37.04772554831623], [-121.76063545794054, 37.04780182157861], [-121.76057490543437, 37.047821574190486], [-121.76051783425396, 37.04784713316151], [-121.76046510693993, 37.04787811221], [-121.76041752038539, 37.047914043138285], [-121.76023712072076, 37.04806808985794], [-121.76019807221971, 37.04810486941193], [-121.76016367998666, 37.04814452345482], [-121.76013427126712, 37.04818667468319], [-121.76011012589062, 37.04823092203248], [-121.7600702451806, 37.048314990421744], [-121.76004400052055, 37.04836397450104], [-121.76001270901999, 37.04841101573452], [-121.75997659241166, 37.04845578077229], [-121.75993590662203, 37.04849795239363], [-121.75976043421434, 37.04866487824066], [-121.75969826180426, 37.04871754363471], [-121.75963116837477, 37.048766174404214], [-121.75955956023267, 37.04881047604253], [-121.75948387102805, 37.0488501802597], [-121.75940455912813, 37.048885046607175], [-121.75932210484123, 37.048914863934336], [-121.7592370075079, 37.04893945166703], [-121.75902720151092, 37.04896485512852], [-121.75893231966869, 37.04896205609398], [-121.75884124494137, 37.04895269135908], [-121.75875156598563, 37.04893688667981], [-121.75866399014225, 37.048914766715406], [-121.75857920816215, 37.048886505936785], [-121.75843257978173, 37.0488155966365], [-121.75839657702919, 37.04880120305129], [-121.75835816598241, 37.048791609521196], [-121.75831833527901, 37.048787062967875], [-121.75827811009525, 37.04878768041202], [-121.75823852576049, 37.04879344596165], [-121.75820060111005, 37.04880421122107], [-121.75816531226272, 37.04881969911032], [-121.75813356749752, 37.048839510996494], [-121.75796990165117, 37.04895981838171], [-121.7579457979813, 37.04898004880337], [-121.75792525345898, 37.04900266220573], [-121.75790863083914, 37.04902725930733], [-121.75789622362916, 37.049053405800365], [-121.75786914301307, 37.049124357166875], [-121.75783971779498, 37.0491900230235], [-121.75765584342528, 37.04954607839735], [-121.75763763991625, 37.0495765281991], [-121.75761542438879, 37.04960521629524], [-121.75758945882501, 37.04963180436852], [-121.75752668545454, 37.0496893609976], [-121.75750899175458, 37.049704655180875], [-121.75748839757901, 37.04971740525493], [-121.75746546517708, 37.049727263124424], [-121.75744082063574, 37.04973395965524], [-121.75741513678656, 37.04973731202235], [-121.75738911483606, 37.04973722870122], [-121.75736346522157, 37.0497337119666], [-121.757338888215, 37.04972685783055], [-121.75731605480402, 37.049716853420904], [-121.7572596424134, 37.0496803344866], [-121.75719898827424, 37.04962512286502], [-121.75714523390694, 37.04956549503233], [-121.756916051287, 37.04927145402262], [-121.75688922429978, 37.04923884728957], [-121.7568557463874, 37.049210465725416], [-121.75681663296217, 37.0491871701602], [-121.7568094922554, 37.04918365346099], [-121.75652108549791, 37.049041319136435], [-121.7564492823037, 37.04900982480881], [-121.75637383760899, 37.04898438091695], [-121.75629554239204, 37.048965254218885], [-121.7562152175143, 37.04895264524197], [-121.75613370511492, 37.048946686180635], [-121.75605185978232, 37.048947439510606], [-121.7559705395951, 37.04895489733379], [-121.75589059712667, 37.04896898146132], [-121.7558128705072, 37.048989544232995], [-121.75573817463734, 37.04901637006543], [-121.7556672926451, 37.04904917771198], [-121.75561664563433, 37.0490754952759], [-121.75559878962609, 37.04908318963679], [-121.755579611503, 37.04908845703023], [-121.75555962064259, 37.049091157552354], [-121.7555393480092, 37.04909121947637], [-121.75551933205124, 37.04908864115752], [-121.75550010439967, 37.04908349107688], [-121.75548217574753, 37.04907590602245], [-121.75546602228556, 37.04906608745586], [-121.7554520730544, 37.04905429616159], [-121.75544069854908, 37.04904084532029], [-121.75543220087857, 37.049026092190495], [-121.75530998603026, 37.048758548168166], [-121.75528856332346, 37.04871935129766], [-121.7552612551828, 37.048682579991436], [-121.75522848121695, 37.04864879925514], [-121.75519074501722, 37.048618528142484], [-121.75514862641934, 37.04859223177983], [-121.75510277259404, 37.04857031421961], [-121.75502059203309, 37.04853642815571], [-121.75497770245043, 37.048515546711755], [-121.75493887737906, 37.04849006293444], [-121.75490487981914, 37.0484604776404], [-121.75487637789644, 37.0484273722501], [-121.75485393173238, 37.04839139736143], [-121.75483798243668, 37.04835325996352], [-121.75482884343903, 37.04831370954275], [-121.75482669433036, 37.04827352335334], [-121.75483715793874, 37.04796529777044], [-121.7548360141394, 37.04791930568791], [-121.75482945454701, 37.04787360594269], [-121.75481753785246, 37.047828607356834], [-121.7547515718982, 37.04762711206202], [-121.75475118113123, 37.04762590323936], [-121.75463112404522, 37.047272042833086], [-121.75461489528709, 37.04723552444372], [-121.75459188476299, 37.047201427320864], [-121.75456263471273, 37.047170554945446], [-121.75434254752331, 37.046972020466505], [-121.75430348828982, 37.04693513616719], [-121.75426656084979, 37.046896866990636], [-121.75415246405966, 37.04677286527868], [-121.75412094632142, 37.04673419818707], [-121.75409509926497, 37.046692916807636], [-121.75407525600187, 37.04664955318171], [-121.75406167226441, 37.04660466618603], [-121.7540378561445, 37.04650043134725], [-121.75403064946765, 37.046450342294406], [-121.75403177154809, 37.04639992925742], [-121.75404120265082, 37.046350078142375], [-121.7540587770276, 37.046301664978955], [-121.7540970335839, 37.0462175255286], [-121.7541068802673, 37.04618833347474], [-121.75411045056957, 37.04615822893821], [-121.75410764242812, 37.04612807256761], [-121.7540985361314, 37.0460987264924], [-121.7540833920229, 37.046071029675765], [-121.75406264305735, 37.04604577393006], [-121.7540368824227, 37.04602368128007], [-121.75348233905122, 37.04562216042244], [-121.75343901047646, 37.045587226937606], [-121.75340060050854, 37.0455487734305], [-121.7533675513139, 37.04550724257663], [-121.75334024334394, 37.045463112477066], [-121.7533189909557, 37.04541689115434], [-121.75330403879335, 37.04536911070413], [-121.75328592462752, 37.045307511328865], [-121.75326182607941, 37.04524724387595], [-121.75311994711733, 37.04493511410579], [-121.75304977819647, 37.04479029006223], [-121.75297208605696, 37.0446479551623], [-121.75288700774149, 37.044508360395675], [-121.75279469331498, 37.04437175191879], [-121.75271021127968, 37.04425276371016], [-121.75268675651652, 37.04421540838904], [-121.75266817588472, 37.04417633063178], [-121.75265466307702, 37.04413593781854], [-121.75260425593977, 37.043947321004964], [-121.75258818861754, 37.04389807406899], [-121.75256668278074, 37.043850178794074], [-121.75253991134336, 37.0438040202512], [-121.75235285319987, 37.04381768437655], [-121.75235845069194, 37.044062333861675], [-121.75096137611885, 37.04407339845747], [-121.74844558794163, 37.042694539362664], [-121.74810457376063, 37.04269667378755], [-121.74811811852548, 37.04409586590855], [-121.74812859929916, 37.045177113116246], [-121.74813037608264, 37.04535943067171], [-121.74815071002514, 37.047451546687185], [-121.74818484583624, 37.050966680041405], [-121.74820546554673, 37.05308781801979], [-121.74820709320808, 37.05325763883929], [-121.74821789611173, 37.05437010297757], [-121.74823678657756, 37.055472662114184], [-121.74827747370676, 37.05785207408001], [-121.74833765235437, 37.0613680065454], [-121.7443765173221, 37.06152846511379], [-121.74055339763304, 37.06168320222081], [-121.73610639447743, 37.061872345249654], [-121.73165934101625, 37.062061341571244], [-121.72743829736831, 37.06215568672924], [-121.72724693108894, 37.06215714835151], [-121.72347001535528, 37.06218545320523], [-121.72264058121625, 37.06219164592116], [-121.71924368153655, 37.06221697877462], [-121.71827982531546, 37.06222415426407], [-121.71516078978225, 37.06224729288323], [-121.71352999115783, 37.06225935429484], [-121.70900606798736, 37.06230463306878], [-121.70378290438859, 37.06237525914188], [-121.69815958181809, 37.062428020830765], [-121.69620629614005, 37.062448028326514], [-121.69579814485677, 37.06244476454044], [-121.69522719730934, 37.06244019896714], [-121.69520432118382, 37.059057911971614], [-121.6951793061639, 37.05535555299204], [-121.69245153515506, 37.05542657016498], [-121.69230747187116, 37.0554283011913], [-121.69074084144239, 37.055447096348495], [-121.68772424729754, 37.05543486047885], [-121.68565915985666, 37.05545674388738], [-121.68335229099786, 37.055475286629154], [-121.68267391551818, 37.055480730805435], [-121.67928871168063, 37.05551369956436], [-121.67791018992989, 37.05552470761521], [-121.67514826032149, 37.05554670152914], [-121.67122488058745, 37.055601438981185], [-121.67110690881744, 37.055603083689476], [-121.67092150968136, 37.05560566942719], [-121.67024578664923, 37.055615076176196], [-121.67001765332276, 37.05561825459163], [-121.66841746131952, 37.055640504721325], [-121.66747752179036, 37.054631230795216], [-121.6667673392894, 37.05386863856102], [-121.66443690118065, 37.05563110508627], [-121.66410624733504, 37.055881169047986], [-121.66443437936442, 37.056539184605946], [-121.66463667271393, 37.05644604526353], [-121.66534649012927, 37.05675950075865], [-121.66548908939706, 37.05732762627367], [-121.66586322608539, 37.05761211394637], [-121.66587561024996, 37.05762153079694], [-121.66567675460445, 37.057748582183], [-121.66325577423223, 37.05929532841078], [-121.66290704313228, 37.059456149362184], [-121.66291433197148, 37.05953087673548], [-121.66292131233553, 37.059654517858604], [-121.66292198406565, 37.0597782843075], [-121.66291634600906, 37.05990196941921], [-121.6629044075489, 37.06002536666551], [-121.66288618858898, 37.06014826999795], [-121.66284618479406, 37.06037789016071], [-121.66278954329367, 37.060703010305296], [-121.66278931332474, 37.06070468272379], [-121.662743340219, 37.06099452741642], [-121.66265987949807, 37.06152107446136], [-121.66261282931237, 37.06181147803958], [-121.66258353530392, 37.061966562881324], [-121.66254611141275, 37.062120520492876], [-121.6624671495106, 37.062127483152146], [-121.66242081980471, 37.06213288883725], [-121.66024810176104, 37.06239734974214], [-121.65979419038362, 37.062453506444974], [-121.65952451878205, 37.062486868984344], [-121.65910301758946, 37.0629233364489], [-121.65832069639953, 37.06373351950317], [-121.65694708715029, 37.0641911617695], [-121.6561120618669, 37.06448261452798], [-121.655784471473, 37.06460039397854], [-121.65546726912879, 37.06532932102752], [-121.65030753465372, 37.065510409465645], [-121.64981936519794, 37.06414984230769], [-121.6493384755607, 37.06396194184843], [-121.64898466789032, 37.063610553230966], [-121.6484204846718, 37.06346286185848], [-121.64799847149132, 37.063424368202504], [-121.6476143501239, 37.06355149312341], [-121.6470771708586, 37.066147462308884], [-121.6461775369485, 37.06648392896137], [-121.6455627021862, 37.06674224476574], [-121.64521494099186, 37.06715310257264], [-121.64505118438738, 37.06753434476611], [-121.63917334977425, 37.06391375632047], [-121.6389132103016, 37.06375204232539], [-121.63104854025147, 37.06367940879246], [-121.62911965281769, 37.06366152171929], [-121.62897326874878, 37.063660161307425], [-121.62532146858342, 37.0636261776601], [-121.62518363470073, 37.06362450744671], [-121.62435805349021, 37.063130391443366], [-121.62414996599475, 37.06293099479226], [-121.62392240662221, 37.06271292480356], [-121.62392287650637, 37.06211160532468], [-121.62376785876626, 37.06198946358275], [-121.62143119843799, 37.060148345956485], [-121.61412217462502, 37.06291897424931], [-121.61410669665436, 37.06292484438734], [-121.61407725438087, 37.06287524961581], [-121.6140659975959, 37.062856310176656], [-121.61399781727032, 37.06288027173995], [-121.61397188111425, 37.06289040129933], [-121.61391066632413, 37.06291430837317], [-121.61195102948537, 37.06360992485455], [-121.6118629595634, 37.06364123077233], [-121.61170374308921, 37.06360401604251], [-121.60782453605854, 37.065043032767164], [-121.600405612373, 37.06779458708882], [-121.60017274751782, 37.06788213815464], [-121.60095073320318, 37.069237908404524], [-121.60095269602141, 37.069241255015584], [-121.60158186865213, 37.0702644868021], [-121.60163296480867, 37.0703475846613], [-121.60201122458872, 37.07096274538416], [-121.60201151654088, 37.07096320052455], [-121.60255791573518, 37.07184080043313], [-121.60272655820471, 37.0721116633122], [-121.60330894210047, 37.073047044723516], [-121.60331049528718, 37.07304963930985], [-121.60333627423226, 37.07309329643764], [-121.60403846190006, 37.07428276449315], [-121.6040399836455, 37.07428524507801], [-121.60414341383687, 37.07445172288321], [-121.60440101284651, 37.07486632252998], [-121.60473735006335, 37.07540766806746], [-121.6047379070186, 37.07540857829449], [-121.6060025494662, 37.077482839249406], [-121.60600333998347, 37.077484113532556], [-121.6068371334917, 37.07888827662185], [-121.60683786561837, 37.07888952794749], [-121.60745914744341, 37.079963055982745], [-121.6074699092568, 37.07998160343135], [-121.60836953936789, 37.0815321067872], [-121.60921880634878, 37.082989346153454], [-121.60927927821825, 37.08309303136695], [-121.60927971749425, 37.083093804623346], [-121.60957204805177, 37.08360544487505], [-121.6096145751811, 37.08367987545033], [-121.60990163352808, 37.08418228440167], [-121.60995097886799, 37.08426753409929], [-121.61030339951168, 37.084876486283164], [-121.61033805560538, 37.084936354524956], [-121.61074293694551, 37.085635949930754], [-121.61078169923684, 37.08570296582701], [-121.61096767828484, 37.086024301916666], [-121.61102393705684, 37.08612150479763], [-121.61224205306463, 37.0882260991264], [-121.61318021819048, 37.089868442464216], [-121.61475647890084, 37.09262774968691], [-121.61483361361483, 37.09276192096446], [-121.61569902870342, 37.09426723539149], [-121.61582159741677, 37.09447297270355], [-121.61595121798152, 37.09467591776042], [-121.61608779141723, 37.09487591550082], [-121.61623121342868, 37.09507281311417], [-121.61638137448526, 37.095266460157355], [-121.61653815990469, 37.095456708669765], [-121.61669920693464, 37.0956409203906], [-121.61686644955705, 37.095821555095085], [-121.61703976406066, 37.09599847911777], [-121.61721902223847, 37.096171561538064], [-121.61740409148248, 37.096340674277194], [-121.61759483488183, 37.09650569219307], [-121.61779111132401, 37.09666649317288], [-121.61799277559925, 37.0968229582236], [-121.61819967850795, 37.096974971560016], [-121.61831169702411, 37.09705390785016], [-121.61852347204513, 37.09719698917993], [-121.61873996973985, 37.09733546146066], [-121.61885060434707, 37.0974040745796], [-121.61980190109739, 37.09799401929371], [-121.6198442003326, 37.098020251225535], [-121.62040710410103, 37.09836933216303], [-121.62331816446483, 37.10017393587168], [-121.62347409907412, 37.100271168660896], [-121.62549374956461, 37.101530500841335], [-121.62738177620787, 37.10272646533423], [-121.62992561303334, 37.10431881643025], [-121.63005928075445, 37.104402386444555], [-121.63029148961463, 37.10454228777009], [-121.63057727937154, 37.10470951914429], [-121.63067934693173, 37.10476924449474], [-121.63101006101212, 37.10496276317047], [-121.63136060067161, 37.105181209327085], [-121.63191429687456, 37.10552627697591], [-121.63197928992221, 37.105566777663284], [-121.63330077270982, 37.10639025373032], [-121.63351433662919, 37.1065233347656], [-121.63514729394126, 37.1075408918885], [-121.6354183537754, 37.107709797411744], [-121.6354695446886, 37.10774169491705], [-121.63558916454203, 37.10781622997566], [-121.63857189204428, 37.10967672565366], [-121.64073104638534, 37.111023409057104], [-121.64085934618298, 37.11101439762014], [-121.64112835520811, 37.1107377889185], [-121.64118828597624, 37.11067154896156], [-121.64124233347464, 37.11060213826647], [-121.64129023719666, 37.11052989141121], [-121.64133176625238, 37.110455156643816], [-121.64136672048123, 37.11037829420364], [-121.64139493141649, 37.110299674584795], [-121.64141626309696, 37.110219676750226], [-121.64143042760372, 37.11014006310717], [-121.64143777834295, 37.11005986107481], [-121.64145024274477, 37.10980467149528], [-121.6414644877912, 37.109513034113526], [-121.64147211021954, 37.10944234564665], [-121.64148798113949, 37.10937254194396], [-121.64151196047042, 37.109304239009504], [-121.64154383657824, 37.10923803960162], [-121.64158332814357, 37.10917452791397], [-121.64163008664498, 37.10911426442026], [-121.64168369943522, 37.109057780928445], [-121.64174093160452, 37.10900776940115], [-121.64180353590002, 37.108962072598395], [-121.64187100724722, 37.10892105918281], [-121.64194280130893, 37.10888506003286], [-121.64201833887687, 37.10885436557363], [-121.64209701054419, 37.10882922343403], [-121.6423286767139, 37.10876467281327], [-121.64242543786509, 37.10873771174674], [-121.64252672892901, 37.10872648167153], [-121.64256376295954, 37.10879205480656], [-121.64260560326673, 37.10885574677563], [-121.64265453037666, 37.10892512472707], [-121.64269966041694, 37.10898234266523], [-121.64275158445939, 37.10903573676417], [-121.64282623384669, 37.10910518478153], [-121.64284934259636, 37.10912646177385], [-121.64337528858358, 37.1090914714058], [-121.64337609445421, 37.10909141485843], [-121.64341557826016, 37.10908492505433], [-121.64345564730559, 37.109077782490616], [-121.64345995975314, 37.109076954493204], [-121.64346179903632, 37.10907663731462], [-121.64346536488215, 37.10907591574902], [-121.64346541311897, 37.10907590626551], [-121.64354425539784, 37.10905995044104], [-121.64354751389048, 37.1090592904551], [-121.64355216000901, 37.10905820867148], [-121.64355219139851, 37.10905820115504], [-121.64362802487429, 37.109040541827575], [-121.64363240749941, 37.10903952029266], [-121.64363707047175, 37.10903828965239], [-121.64371159268737, 37.109018611933436], [-121.64372017826713, 37.109016223676754], [-121.64379510342613, 37.108994051206814], [-121.64380177794203, 37.1089919952487], [-121.64387905600212, 37.108966596136035], [-121.64388109242816, 37.10896592647712], [-121.64388197529414, 37.108965606940366], [-121.6439607299562, 37.10893706816111], [-121.64396164078096, 37.10893673753635], [-121.64396369746345, 37.108935920791744], [-121.64403842350589, 37.108906241808974], [-121.64404480945369, 37.108903562369434], [-121.64410274833793, 37.10887846059854], [-121.64411509728647, 37.10887310945808], [-121.64412289903785, 37.10886956997973], [-121.64419055853885, 37.10883772165993], [-121.64419482816835, 37.1088357117578], [-121.64419872684348, 37.108833724411866], [-121.64426530905482, 37.108799782433934], [-121.64427222154652, 37.108796144418406], [-121.64433926349183, 37.108759229537746], [-121.64434378135383, 37.10875667651421], [-121.64441329408514, 37.10871541642142], [-121.64448095630047, 37.10867219460615], [-121.64448519413041, 37.10866935595515], [-121.64454692150008, 37.10862696901674], [-121.64454953147586, 37.10862517721421], [-121.6445531519155, 37.10862250681374], [-121.6446111868957, 37.10857970453863], [-121.64461456589453, 37.10857721222377], [-121.64461806442985, 37.10857444298895], [-121.64467388061506, 37.10853024492324], [-121.64467743694293, 37.108527429162166], [-121.64468021040504, 37.10852507073972], [-121.64473500561445, 37.10847848921654], [-121.64473982558869, 37.10847428142654], [-121.6447949073473, 37.1084239978839], [-121.6447963676638, 37.108422664305735], [-121.644796986233, 37.10842205808526], [-121.64485162564006, 37.108368453639514], [-121.6448522774482, 37.10836781375084], [-121.6448536992175, 37.10836631383862], [-121.64490407868098, 37.10831314580753], [-121.64490572411383, 37.108311409406504], [-121.64490832967705, 37.108308446155895], [-121.6449542800299, 37.10825620371917], [-121.64495663786275, 37.10825352224879], [-121.64495940335212, 37.10825012758584], [-121.64497071095704, 37.108236720445944], [-121.644993122622, 37.10820917733233], [-121.64500225093553, 37.10819754516547], [-121.64500495680107, 37.108194224979066], [-121.64500733547304, 37.108191066599886], [-121.64504806502084, 37.108136981089], [-121.64505061793777, 37.108133592111415], [-121.64505149894038, 37.10813226781197], [-121.64513374312062, 37.1080086272737], [-121.64565792328354, 37.10716309551747], [-121.6455949811582, 37.10711550793907], [-121.64561648543423, 37.107052338881374], [-121.64561697537667, 37.10705090036226], [-121.64561802902543, 37.107048211840485], [-121.64564097300628, 37.10698965331683], [-121.64564201039884, 37.10698700550547], [-121.64564359300985, 37.106983443998175], [-121.64566855381457, 37.10692728345444], [-121.64567005052677, 37.10692391743538], [-121.64567169998853, 37.10692060759148], [-121.64569930882027, 37.10686522669573], [-121.64570183717163, 37.106860382601624], [-121.64577177519085, 37.10674038572598], [-121.64579324396121, 37.10671134228803], [-121.6457979552645, 37.106705189054146], [-121.64582013854746, 37.106677475897165], [-121.64582130881439, 37.10667601358363], [-121.64582402187094, 37.10667287533762], [-121.64584545990009, 37.10664807926829], [-121.64584818733087, 37.106644924660124], [-121.64584949463823, 37.10664352137885], [-121.64585164363038, 37.10664109425724], [-121.64586924290336, 37.10662212205633], [-121.64587406130354, 37.10661716087953], [-121.64587957974506, 37.10661147823225], [-121.64590599305788, 37.106585141067896], [-121.64593355454461, 37.10655957753008], [-121.64593685052495, 37.10655652097477], [-121.64593951894247, 37.106554216719125], [-121.64594476082237, 37.106549505507594], [-121.64596487783845, 37.106532211754526], [-121.64596749680734, 37.10653005847372], [-121.64597228918015, 37.10652611854072], [-121.64598546734504, 37.106515282831324], [-121.6459989038762, 37.106504714928626], [-121.64600227490176, 37.106502004574594], [-121.64600321078524, 37.106501328550785], [-121.64607236778521, 37.10645134788868], [-121.64645066656966, 37.10606534446643], [-121.64665867830449, 37.105980970734414], [-121.64687282488993, 37.105894111241], [-121.64708694296515, 37.10580727400678], [-121.64730111804458, 37.10572041235264], [-121.64770353467138, 37.10555719862084], [-121.647770874331, 37.1055298940258], [-121.64782861860806, 37.10550495004426], [-121.64819078631048, 37.105348516277424], [-121.64819314359721, 37.1053270912044], [-121.6482207871914, 37.10519876824789], [-121.6482200427877, 37.10518941369621], [-121.6482124544223, 37.10514074731441], [-121.64819754170605, 37.10509317956692], [-121.6481755255015, 37.10504741490506], [-121.64814673186814, 37.105004131076164], [-121.64811158723309, 37.104963969086825], [-121.6480706120754, 37.10492752371011], [-121.64802441321775, 37.10489533467766], [-121.64710165099945, 37.10432759470886], [-121.6472489378148, 37.10423617241659], [-121.64782490828654, 37.103872301723044], [-121.64834534329471, 37.1035434906227], [-121.64838839804479, 37.103520188582095], [-121.64843525524375, 37.10350219833588], [-121.64848490074858, 37.103489909250875], [-121.6485362600703, 37.103483587302314], [-121.64858822162864, 37.103483369317345], [-121.64863966080942, 37.10348926001388], [-121.64868946430398, 37.10350113189841], [-121.64873655420408, 37.10351872802529], [-121.64877991133046, 37.10354166755774], [-121.64979442183167, 37.104175441958574], [-121.65016619932194, 37.10379299217637], [-121.65021093914962, 37.10374392463884], [-121.65025181990137, 37.10369274263269], [-121.65038199449751, 37.10351814440412], [-121.65058391496048, 37.10360542415351], [-121.65063878084034, 37.103626077878026], [-121.65069616316603, 37.10364174192834], [-121.65075535714227, 37.1036522239112], [-121.65081563572113, 37.10365739508192], [-121.65087625853239, 37.103657191925706], [-121.6509364809776, 37.10365161693782], [-121.65099556337603, 37.10364073859293], [-121.65115448607611, 37.10360394624871], [-121.65120957816256, 37.10358832294008], [-121.65126200570006, 37.10356763758353], [-121.65126280052306, 37.10356728643317], [-121.65132823818398, 37.10376074495938], [-121.65147688170461, 37.104200186803375], [-121.6515037286858, 37.10417295331664], [-121.651532672403, 37.10414359350918], [-121.65192790326364, 37.10374266335253], [-121.65214608696898, 37.1035213499086], [-121.65231609762085, 37.10334892136631], [-121.65250166619454, 37.10316065956567], [-121.65283408415814, 37.10282345146991], [-121.65291911598443, 37.10273719095877], [-121.65301599299536, 37.102638910356056], [-121.65306249608118, 37.10258854629772], [-121.65379385301563, 37.10308478951843], [-121.6539123005093, 37.10316298892924], [-121.65403333461683, 37.1032386047967], [-121.6541568675316, 37.103311582258925], [-121.65428498850139, 37.10338734754348], [-121.6544104163587, 37.103465950798736], [-121.65453305314323, 37.10354733064019], [-121.65467424988783, 37.10364699080516], [-121.6548112613221, 37.103750330962626], [-121.65592287771274, 37.10461589777137], [-121.65624313871325, 37.10486576662085], [-121.65628111767782, 37.10489643293103], [-121.65631278687705, 37.10492369114647]]]}}, {"type": "Feature", "properties": {"TRUSTEE_AREA": 3}, "geometry": {"type": "Polygon", "coordinates": [[[-121.65116122624346, 37.12088961709278], [-121.65150302161668, 37.121488232724104], [-121.65152413789467, 37.12152128857735], [-121.65154878852839, 37.121552736393795], [-121.65157678405971, 37.12158233446842], [-121.6516040757689, 37.121611661016885], [-121.65162420407569, 37.121638180468565], [-121.65164138279107, 37.12166599851081], [-121.65189398267204, 37.12212380758964], [-121.65207962485296, 37.122435465693464], [-121.65212076600044, 37.12251143097895], [-121.65215499289442, 37.122589564684894], [-121.65218212900294, 37.122669463871176], [-121.65220203436016, 37.12275071649165], [-121.6522146062887, 37.12283290351908], [-121.65221977992952, 37.12291560110607], [-121.6522171783077, 37.1230030571651], [-121.65220630367894, 37.12309010355543], [-121.65218721861483, 37.12317623919138], [-121.65216003295144, 37.123260968228344], [-121.65208781108747, 37.12345506987488], [-121.65205932711854, 37.12354423542793], [-121.65203959742566, 37.12363490589446], [-121.6520287417717, 37.12372653103455], [-121.65202682606787, 37.123818554812715], [-121.65203386197267, 37.123910418772226], [-121.65204980682054, 37.12400156542426], [-121.65207456387992, 37.124091441630945], [-121.65210798293954, 37.12417950196243], [-121.65214986121924, 37.124265212006854], [-121.65224675077664, 37.12444283661422], [-121.65226453383686, 37.12447022527866], [-121.65228675004944, 37.124495453076044], [-121.65230429777044, 37.124514767572435], [-121.65231923761232, 37.12453544058881], [-121.6532159852286, 37.12426701417199], [-121.65401749346962, 37.124027095160756], [-121.65404094117378, 37.124018628332045], [-121.65406279677174, 37.12400776854013], [-121.65408268150863, 37.123994703984344], [-121.65410079666309, 37.12398272081279], [-121.65412062989355, 37.12397263163756], [-121.6541418741918, 37.123964592633556], [-121.65469589121341, 37.12378770397762], [-121.65540183398966, 37.12359060998409], [-121.65549278301079, 37.123567920348485], [-121.65550198445314, 37.12356588402554], [-121.65560991383067, 37.12353961802503], [-121.65571627035088, 37.12350951803399], [-121.65634345963433, 37.12331934167726], [-121.65629449607917, 37.12322513895206], [-121.65634345963433, 37.12331934167722], [-121.65673760709599, 37.12319982842797], [-121.65692360325345, 37.12314342849773], [-121.65757851274648, 37.122944839411105], [-121.65779292800259, 37.1228803648346], [-121.65880790557405, 37.122577805968874], [-121.6588265074116, 37.12257306945735], [-121.65884559798013, 37.12256981026994], [-121.65884983263781, 37.122569131247815], [-121.65885636608402, 37.122568084064184], [-121.65886401703416, 37.12256685781348], [-121.65929507170704, 37.12305852927168], [-121.65938134408631, 37.12315693380357], [-121.66005220126172, 37.12393136668687], [-121.66070055115495, 37.124671021377445], [-121.66192563906208, 37.12607899788152], [-121.6619963894559, 37.1261603098548], [-121.66233671969967, 37.1265522265104], [-121.66270441082283, 37.12697564938217], [-121.66460135303497, 37.12915997424268], [-121.66497250267054, 37.12959077874145], [-121.6640073582083, 37.13012462500009], [-121.6630613137231, 37.13065403713236], [-121.66356936387521, 37.13123931250251], [-121.6640527840235, 37.131815744958274], [-121.66406855041078, 37.13183285634821], [-121.66408614474942, 37.13184878451846], [-121.66408895467903, 37.13185116008902], [-121.66327514129341, 37.132305393212185], [-121.66230869068053, 37.132842831254685], [-121.66230248601738, 37.13284644075612], [-121.66230583044387, 37.132853823046176], [-121.66231334090544, 37.13286847796668], [-121.66232313827875, 37.13288223998699], [-121.66247185253488, 37.13306279713909], [-121.66249322255057, 37.13309314264399], [-121.66251425300334, 37.13312197916963], [-121.6628521182711, 37.13350675327132], [-121.66294696237243, 37.133614765163024], [-121.66359877077852, 37.13435706308559], [-121.66366402707764, 37.134431810473046], [-121.66393698818544, 37.13474628967541], [-121.66437379027728, 37.13524946929278], [-121.66499141689691, 37.135960946356064], [-121.66506544075081, 37.13604590575847], [-121.6652051826376, 37.136205697353724], [-121.66564183920266, 37.13670489844823], [-121.66597809468976, 37.1370893141674], [-121.66606254887903, 37.13719037520119], [-121.6662502437183, 37.137425701561526], [-121.66623169261109, 37.13743608899062], [-121.66618173909933, 37.1374640602068], [-121.66617588747391, 37.13746733720475], [-121.66450059430119, 37.13840526601756], [-121.66449473638782, 37.138408544407156], [-121.66440932727319, 37.13845634814795], [-121.66476664734972, 37.13886458581491], [-121.66476947165214, 37.13886792219023], [-121.66532022320823, 37.13951037828359], [-121.66568205731679, 37.13993248406096], [-121.66573500581191, 37.13989783537012], [-121.66588221272563, 37.139801506411665], [-121.66618250872105, 37.1396049990523], [-121.6662690218657, 37.13954838648275], [-121.66631487874726, 37.13951461661974], [-121.66635553770689, 37.13947681938497], [-121.66639510048806, 37.13943845350335], [-121.666438117573, 37.13940254932587], [-121.66648435072094, 37.13936930569596], [-121.66705146879269, 37.13899103298308], [-121.66708672069811, 37.13897072311387], [-121.66712520879219, 37.13895461291456], [-121.66717060155668, 37.138937541494464], [-121.66731302042932, 37.13903550359358], [-121.66743530624106, 37.139332939579404], [-121.66754776898043, 37.139596368626016], [-121.66782804052798, 37.14035737896575], [-121.6678850799317, 37.14049313562903], [-121.66791760701703, 37.14056406516295], [-121.66791900569329, 37.140567644936276], [-121.66792097210448, 37.140573849924344], [-121.66805883468588, 37.14100892322288], [-121.66810879626618, 37.14112891250793], [-121.66814532714021, 37.14121822638713], [-121.66834955903859, 37.141676874596904], [-121.66839075845655, 37.141763006256724], [-121.66842286925014, 37.14183200500761], [-121.66845848242063, 37.14189989324501], [-121.66865083231141, 37.142294912787996], [-121.66866613060107, 37.1424544341028], [-121.66883150049422, 37.14285465447399], [-121.66883471376673, 37.14286243034573], [-121.66891374304564, 37.1428270261058], [-121.66883471376673, 37.142862430345765], [-121.66897613368603, 37.14320468390831], [-121.66905369509405, 37.14338915051651], [-121.6695566023272, 37.14456499257005], [-121.66967153633084, 37.14483370437073], [-121.66973256855451, 37.144965329402545], [-121.66980193313712, 37.14509428241574], [-121.66987944843706, 37.145220225648224], [-121.66996491146077, 37.14534282921968], [-121.6700580983941, 37.14546177199564], [-121.6701587651884, 37.14557674242884], [-121.67026664819933, 37.145687439375344], [-121.67038146487727, 37.145793572883626], [-121.67050291450717, 37.145894864953945], [-121.67063067899622, 37.14599105026695], [-121.67076442370686, 37.146081876878604], [-121.6708565041232, 37.14613923464981], [-121.67095096152975, 37.14619405968469], [-121.6717358679345, 37.14663317640487], [-121.67429815003703, 37.14806657646664], [-121.67456688279344, 37.148216906180586], [-121.67467913445067, 37.14827970016333], [-121.67645457338135, 37.14927287539254], [-121.6780831647439, 37.150183804942884], [-121.67823234060037, 37.15026293280948], [-121.67838620917446, 37.15033607678247], [-121.67854439617163, 37.15040305892847], [-121.67870651678898, 37.15046371630321], [-121.67887217665147, 37.150517901348], [-121.67904097277156, 37.1505654822488], [-121.67921249452974, 37.150606343257024], [-121.67938632467374, 37.15064038497119], [-121.67956204033382, 37.15066752457878], [-121.6797392140518, 37.1506876960578], [-121.68038432379663, 37.15074819753781], [-121.68068262101609, 37.15077617316407], [-121.68078120840757, 37.15078541889427], [-121.6808172910317, 37.150788807730066], [-121.68091484895378, 37.15079915252025], [-121.68096237701097, 37.150804761675495], [-121.68117936054014, 37.15083044822074], [-121.68128236853717, 37.15087058148963], [-121.68135584622148, 37.150899209330674], [-121.68151394698877, 37.1509318310139], [-121.68168097698835, 37.15097130556306], [-121.68184608619057, 37.15101565678794], [-121.68200905246897, 37.15106482502252], [-121.68222428517757, 37.151131751535466], [-121.68239744062072, 37.151195268764795], [-121.6825672671047, 37.151264305289445], [-121.68273349019768, 37.151338749553446], [-121.68289584128817, 37.151418481262105], [-121.68305405801907, 37.151503371576396], [-121.68320788471138, 37.15159328332094], [-121.68335707277751, 37.15168807120575], [-121.6835013811227, 37.151787582060706], [-121.68395099859617, 37.152127862088285], [-121.68414335839744, 37.15225935469516], [-121.68437797314498, 37.152406211416896], [-121.68438216108972, 37.15240884696107], [-121.68511249574605, 37.15286275413749], [-121.68594203403097, 37.15338862142798], [-121.6860484088153, 37.15345481772551], [-121.6861526017817, 37.15352320127673], [-121.68619661203392, 37.15355397603637], [-121.68687138859693, 37.15397587458884], [-121.68692418347273, 37.154008884425366], [-121.68692455896843, 37.15400913215117], [-121.68754593159983, 37.154379280938805], [-121.68760322164457, 37.154412483194534], [-121.68766788326329, 37.15444890728523], [-121.68874978251317, 37.15510556603052], [-121.6907023476097, 37.15629566456731], [-121.69185066467911, 37.15703612551258], [-121.69296740238674, 37.15769582169899], [-121.69324778179731, 37.1578614503994], [-121.69579560999433, 37.15943068317038], [-121.6984735735018, 37.16110828053434], [-121.69847571328815, 37.161109769613546], [-121.70094455623551, 37.16260851582723], [-121.70107482809263, 37.162688823526366], [-121.70146210969271, 37.16292689903157], [-121.70192382747709, 37.163214104889214], [-121.70222640065937, 37.163400449141506], [-121.70252014250549, 37.16358699695981], [-121.7026616585722, 37.16367627430095], [-121.70286186875077, 37.163798045246686], [-121.70306342999528, 37.1639184064344], [-121.70326631266155, 37.16403728843179], [-121.70349108097797, 37.16417253871297], [-121.7036143783165, 37.16425099350052], [-121.70361660703617, 37.16425259562579], [-121.70368712566739, 37.16430723895969], [-121.70376086116583, 37.16435905598916], [-121.70383763835936, 37.164407981575486], [-121.7041248081332, 37.164582026377175], [-121.70438175679134, 37.16473340135379], [-121.70460360827956, 37.1648595703216], [-121.70484953101777, 37.16500810633128], [-121.70491548081957, 37.16505064096109], [-121.70498012447148, 37.165091930676304], [-121.70504674621293, 37.16513525986937], [-121.70511218487323, 37.16517974659109], [-121.7051763811636, 37.165225161046585], [-121.70519070389922, 37.16523549598108], [-121.70526655762431, 37.165289099886365], [-121.70534131181167, 37.165343720995025], [-121.70541623128828, 37.165403284380545], [-121.70548273984062, 37.165459112349744], [-121.70555063898445, 37.16551964062543], [-121.705617551778, 37.16558100426233], [-121.70568333359284, 37.16564320254265], [-121.7057478667495, 37.16570424608959], [-121.70603356776698, 37.16598106359967], [-121.70947334725282, 37.169313813341454], [-121.71254937830611, 37.17236041428169], [-121.7132091197429, 37.17301379942043], [-121.71459961353297, 37.1742990450451], [-121.7170013423621, 37.17666355080968], [-121.71963297653564, 37.174959874936846], [-121.72373341895809, 37.172330261405854], [-121.72439620580359, 37.171890487321626], [-121.72643890092901, 37.17059110230584], [-121.72644373476311, 37.17058802717103], [-121.7265631163629, 37.17051216020542], [-121.72657732681033, 37.17050964054015], [-121.72659890972791, 37.17053070623896], [-121.72660492933707, 37.17053658164152], [-121.72662182125332, 37.17055307757663], [-121.72662979020605, 37.17056086062144], [-121.72663135596905, 37.17056238960019], [-121.72663964202728, 37.1705704818757], [-121.72781837690086, 37.17172162198241], [-121.72840104838677, 37.17147562236941], [-121.72930382460883, 37.17109448097648], [-121.72999159000584, 37.170647477148236], [-121.73037047238486, 37.17065335686295], [-121.73112660759895, 37.17066512989143], [-121.73149719403763, 37.17067088576849], [-121.73238447157799, 37.17074691656657], [-121.73312575764298, 37.170758419718304], [-121.7354246718931, 37.17053613917292], [-121.73544389224425, 37.17053440332518], [-121.73546314762953, 37.17053296310837], [-121.73548246320198, 37.170531775574275], [-121.73550172667204, 37.17053088510268], [-121.73552110871974, 37.17053026807222], [-121.73554043956348, 37.17052992663049], [-121.73555980184814, 37.170529836439115], [-121.73557914077658, 37.17053004331074], [-121.73559848329815, 37.17053052577103], [-121.7356178024638, 37.170531283103486], [-121.73563709827302, 37.17053231602468], [-121.73565639857381, 37.17053362238685], [-121.73567564497571, 37.1705351814313], [-121.73569484017348, 37.17053703897038], [-121.7357140093202, 37.170539170665926], [-121.73573312726293, 37.170541555043854], [-121.73575219220497, 37.170544237200296], [-121.73577117540019, 37.17054717275494], [-121.73579010649345, 37.17055038389785], [-121.73582775218546, 37.170557607894665], [-121.73584643893668, 37.17056162217997], [-121.73586501519516, 37.17056588914744], [-121.73590097564782, 37.1705749849955], [-121.73593836352305, 37.17058562270525], [-121.73597433475523, 37.170597052818955], [-121.73599211151304, 37.170603137234785], [-121.73600977777801, 37.17060947361633], [-121.73602727695642, 37.17061606482693], [-121.73611321337238, 37.1706533121709], [-121.73619470133144, 37.170696512193246], [-121.73627107518152, 37.17074528407249], [-121.73634175730632, 37.17079930997721], [-121.73640619793703, 37.17085809598647], [-121.73646387425407, 37.17092125555117], [-121.73651431913382, 37.17098820026516], [-121.73655718313161, 37.17105852067534], [-121.73659208446372, 37.1711315567966], [-121.73661875453388, 37.171206810419385], [-121.73672197091958, 37.17143127022064], [-121.73684933761055, 37.17164762359738], [-121.73699985747734, 37.171854255771336], [-121.73712172738665, 37.171992202075934], [-121.73717241481236, 37.17204955269341], [-121.73724709084449, 37.172120086141945], [-121.73736564238067, 37.17223199695998], [-121.73818378641988, 37.17290859777754], [-121.73821066580345, 37.172928700784546], [-121.73825352621226, 37.17296075678374], [-121.73832932154774, 37.173007220923914], [-121.73841415303615, 37.17304491231047], [-121.73852513675979, 37.1729671944497], [-121.74207779689823, 37.170479279642905], [-121.74259521747986, 37.170116909823044], [-121.74662336821301, 37.173648055450904], [-121.74997841686125, 37.17658878879547], [-121.75047773450767, 37.17702744767132], [-121.75066753590603, 37.17717213049176], [-121.7507634076838, 37.17724521152617], [-121.75123280695321, 37.17760302657056], [-121.75142678641397, 37.17775934488263], [-121.75145464585957, 37.17777804159065], [-121.75146203809449, 37.177783001707205], [-121.75146769568327, 37.177782983813884], [-121.75146998099694, 37.17778298524547], [-121.75149896154173, 37.17778489557205], [-121.75152818732631, 37.17778943483151], [-121.75155714451446, 37.17779509924236], [-121.7515856920707, 37.17780188951974], [-121.75167924709919, 37.17782505962824], [-121.75171112560797, 37.177832592130876], [-121.75174368234481, 37.17783794375816], [-121.75177668823976, 37.17784106870269], [-121.75180991422206, 37.177841971975276], [-121.75184313122124, 37.17784060991491], [-121.75187605267527, 37.17783702976117], [-121.7519085097005, 37.17783123509242], [-121.75194021483618, 37.17782327314696], [-121.75195043945962, 37.17781993705997], [-121.75223504278225, 37.17767354344833], [-121.75260952613361, 37.17748091438036], [-121.75300558971138, 37.17727718139048], [-121.7533444449838, 37.177102876707025], [-121.75355310292991, 37.177114073227635], [-121.75358638415833, 37.1771158583148], [-121.75363799011878, 37.17710780682638], [-121.75376303109721, 37.177094563993585], [-121.75388883204948, 37.17708742437644], [-121.75423340687595, 37.17708203550332], [-121.75437951064802, 37.17708305474463], [-121.7545250538705, 37.177093258515804], [-121.7546691472112, 37.177112542313], [-121.75481090223667, 37.177140800914074], [-121.75486446876738, 37.17715379968004], [-121.75491762386963, 37.177167809800565], [-121.75497036484875, 37.17718278475053], [-121.75543206558032, 37.177331875595286], [-121.75574249992947, 37.177419390283426], [-121.75592102568716, 37.17746197018505], [-121.75610126632925, 37.17749940454975], [-121.75628310956593, 37.17753164829276], [-121.75632354811998, 37.1775379203934], [-121.75636388067252, 37.17754465128802], [-121.7564041045293, 37.17755181807212], [-121.75670939153704, 37.1775983223501], [-121.75687270882153, 37.177621013691194], [-121.75721505222785, 37.1776632041244], [-121.75731437084764, 37.17767511486909], [-121.75736051909298, 37.177678989923585], [-121.75752967812238, 37.17768834187789], [-121.75762194317215, 37.17769419311038], [-121.75763439561678, 37.177694700575294], [-121.75764682111165, 37.17769539127137], [-121.7576591945045, 37.17769633390997], [-121.75766085818412, 37.17769659086307], [-121.75771884622247, 37.1777053966929], [-121.75777722502757, 37.17771873176267], [-121.75783387188048, 37.1777362045571], [-121.75788832594559, 37.177757684807446], [-121.75794012638747, 37.177783016477825], [-121.75798889950694, 37.17781194905371], [-121.75803415302724, 37.177844308604335], [-121.7580756839293, 37.177879775903804], [-121.75817090802141, 37.17795616370581], [-121.75834722301593, 37.17808668163422], [-121.75864967042985, 37.17831296189528], [-121.75877691496218, 37.178417135702816], [-121.75890010000892, 37.17851801052785], [-121.75901324548707, 37.17860704548636], [-121.75905718836557, 37.178637862282834], [-121.75920723752816, 37.17872704883879], [-121.75934162277075, 37.178804959588334], [-121.7593901057344, 37.178833667747256], [-121.7594418154464, 37.17885854098646], [-121.75949625873204, 37.178879310192876], [-121.75955291905981, 37.178895821486925], [-121.75960741265219, 37.178904252847126], [-121.75966260962608, 37.17890860237138], [-121.75971810843416, 37.178908805644085], [-121.75972590850462, 37.17890826383328], [-121.75977336649414, 37.17890486910643], [-121.75982795351341, 37.17889681852477], [-121.75983705074333, 37.17896486269451], [-121.75987360585923, 37.17916868778747], [-121.75991215523648, 37.17935667536287], [-121.75995206736195, 37.17950667444188], [-121.75999870786735, 37.17966211776399], [-121.76006293648031, 37.179859785736205], [-121.76017675746927, 37.18014852256296], [-121.76025350051276, 37.180326415316834], [-121.76037525542546, 37.180574918375534], [-121.7604530917229, 37.18071242290296], [-121.76051975298354, 37.180818255291335], [-121.7605830563433, 37.1809132050738], [-121.76064377974238, 37.181002734627604], [-121.76076695040913, 37.18116524970354], [-121.7608798012336, 37.18131114273536], [-121.76099614650478, 37.18144873610504], [-121.76105203607293, 37.181512840858055], [-121.76122380558589, 37.181707173804575], [-121.76140886387334, 37.18191427373736], [-121.7615684468446, 37.18209330961296], [-121.76157960212075, 37.18210516024963], [-121.76159041873201, 37.18211717549629], [-121.76160092362797, 37.18212939972677], [-121.76169011283552, 37.18223757405961], [-121.76183609801393, 37.18238542103578], [-121.7621155314871, 37.18265678106391], [-121.76230700195059, 37.1828401193869], [-121.76248526898057, 37.18300041257169], [-121.76278681717903, 37.18324610275827], [-121.76299304875992, 37.18340375775792], [-121.76320303350204, 37.18355489534908], [-121.7633425490202, 37.18365293419243], [-121.76359568522773, 37.183816514245315], [-121.76371891968431, 37.18389399104795], [-121.76387741839815, 37.183991298020864], [-121.76398899272547, 37.18405752406035], [-121.76416441928953, 37.184159340355116], [-121.76437818324777, 37.18427143087519], [-121.76466907923644, 37.184414252651166], [-121.76491924202527, 37.184535286666915], [-121.76507879087251, 37.18460646402851], [-121.76527797338238, 37.18469181608449], [-121.76547706965466, 37.18477210962364], [-121.76571556962118, 37.184863009434025], [-121.76590794470067, 37.184933189549916], [-121.76609716130477, 37.184995780560946], [-121.76633735819048, 37.185070318310586], [-121.76654393473515, 37.18513093537512], [-121.76675489236293, 37.185188369783866], [-121.766870436349, 37.18521849899884], [-121.76707911405356, 37.18527135660234], [-121.76741023929694, 37.18534467744091], [-121.76770152067235, 37.185399843008426], [-121.76774154689957, 37.18540675641473], [-121.76795419785394, 37.185443384575095], [-121.76799808414117, 37.1854509442301], [-121.76821830968863, 37.185487950244756], [-121.76852961450936, 37.18553779182554], [-121.76888878515355, 37.18559462119251], [-121.76907393329215, 37.18562294103414], [-121.76939030101674, 37.18567439707884], [-121.76958902359459, 37.18571190753005], [-121.76968534543367, 37.185733614529845], [-121.76986213295166, 37.18577667282182], [-121.77002978729926, 37.18582264529376], [-121.77005010539068, 37.18582807865604], [-121.77007014769916, 37.185834063083064], [-121.77008996902217, 37.18584060072206], [-121.77032256885674, 37.18591708854923], [-121.77051625727289, 37.18598662859465], [-121.77073310335328, 37.186073862727284], [-121.77091609193616, 37.18615683997518], [-121.77108666939677, 37.18624347704353], [-121.77130456380782, 37.18636027067804], [-121.77149621214524, 37.18647634417345], [-121.77161544011618, 37.18655472570676], [-121.77171151221859, 37.18662221192469], [-121.77183399747923, 37.18671211687869], [-121.77195552154242, 37.186802627889506], [-121.77205684968567, 37.186881479271364], [-121.77234718781071, 37.187114539799985], [-121.77265709303393, 37.18736762291383], [-121.77290456805588, 37.187561435550876], [-121.77308647416373, 37.18769308335638], [-121.77319028614924, 37.18776481165194], [-121.77329725211953, 37.18783348190592], [-121.77340722654755, 37.18789905333498], [-121.77363520813947, 37.188014703666276], [-121.77387381500446, 37.18811572598729], [-121.774121573906, 37.18820147269596], [-121.77437693255528, 37.188271456489645], [-121.7745528004706, 37.1883107071204], [-121.77473068905219, 37.18834361721873], [-121.77495421141712, 37.18837526306604], [-121.77496310204192, 37.18837651616112], [-121.77519810846908, 37.18839373101774], [-121.77543410573969, 37.18839511795407], [-121.77566910138971, 37.1883881833712], [-121.77612741998297, 37.18837258663608], [-121.77648462332456, 37.18835978448488], [-121.77680247597111, 37.18834635828631], [-121.77714710739227, 37.188334606697474], [-121.77786592659892, 37.188314555791], [-121.77832477070653, 37.188299585230524], [-121.77888088258182, 37.18828265738229], [-121.77942041425453, 37.18826487647898], [-121.77994430715874, 37.18824774609313], [-121.78016174973074, 37.18824053955012], [-121.7802958035121, 37.18816279957238], [-121.78064828622718, 37.18797337043944], [-121.78122840919048, 37.18775254810806], [-121.78127983324354, 37.18772994212532], [-121.78322264827663, 37.18665852039057], [-121.78520641570319, 37.18556445750092], [-121.78521514372285, 37.18515519380148], [-121.78521958843945, 37.18494677804639], [-121.78522795650555, 37.184554381718236], [-121.78525516180089, 37.18423768207411], [-121.78513880008565, 37.18216656525576], [-121.78510958870432, 37.18164662730886], [-121.78506654570391, 37.1808804929788], [-121.78499377551842, 37.17958565622557], [-121.7849891201158, 37.17950270970623], [-121.78496349400005, 37.17904627689589], [-121.78474112660547, 37.17572782172647], [-121.78321073251024, 37.176118180895315], [-121.78408721061253, 37.17532349454142], [-121.78435169879643, 37.175083685567074], [-121.78471498469891, 37.174754298034735], [-121.78463296061871, 37.17230405534341], [-121.78756015555925, 37.17217446949814], [-121.79455959834327, 37.17186430315654], [-121.7954586689608, 37.1718244324958], [-121.7961053090629, 37.17181847923934], [-121.79660710352596, 37.17181385651731], [-121.79678932304833, 37.171812177365936], [-121.79680697173744, 37.17181201529269], [-121.79745122717058, 37.171806113166014], [-121.80282671949725, 37.17175638603694], [-121.80283024818448, 37.171756353045886], [-121.8028301656543, 37.17175316695866], [-121.80282749048304, 37.17165023304854], [-121.80281510276957, 37.17117351712462], [-121.80281488178501, 37.17116500616634], [-121.80281246802237, 37.17107230824014], [-121.80281224344458, 37.17106367057256], [-121.80279164157182, 37.170271188440864], [-121.80278692004752, 37.17008958340321], [-121.80277885500821, 37.1697793385153], [-121.80277857383682, 37.16976852961341], [-121.80276745992867, 37.16934180939815], [-121.80275801867624, 37.16897994017729], [-121.8026788530377, 37.16733727983201], [-121.80267826194768, 37.167325020995484], [-121.80266555890212, 37.167061657762005], [-121.80265022290462, 37.1667096277235], [-121.80264116880898, 37.16650182252695], [-121.80263127928237, 37.166274822555685], [-121.802630685498, 37.16625864209552], [-121.80263035402065, 37.16624960872564], [-121.80258418435187, 37.165006030032735], [-121.80622554703005, 37.16494128300204], [-121.81041778620212, 37.16486665626382], [-121.81419151651593, 37.16479935347267], [-121.81515889413386, 37.16478206746374], [-121.81515984455129, 37.16478205171486], [-121.8151740720666, 37.16478179758238], [-121.81585505603522, 37.164769626431436], [-121.81591136063201, 37.16476862063987], [-121.81778948608101, 37.16473505368013], [-121.81821616242075, 37.16472742898871], [-121.81995960527586, 37.164696224370246], [-121.81995534638037, 37.16454385069691], [-121.8216967823995, 37.164512642423176], [-121.82195967612472, 37.16450792843001], [-121.82262907182776, 37.16449592045285], [-121.82263333611321, 37.16464831713053], [-121.82273283619405, 37.164646527462864], [-121.82594465960236, 37.16458888582433], [-121.82624284273993, 37.1645835354294], [-121.82889183397799, 37.16453592591887], [-121.82889512720686, 37.16448617215748], [-121.82889609559223, 37.1644714431021], [-121.82890908345423, 37.16427499409639], [-121.82895281974872, 37.16404807191408], [-121.8290516766601, 37.16382640717577], [-121.82916862742339, 37.16371216304731], [-121.82933227170487, 37.163642412098646], [-121.82959018248212, 37.16357911976168], [-121.82992865688317, 37.16327729272564], [-121.830932898699, 37.16290386590401], [-121.83128965198235, 37.16291475241279], [-121.83145312646751, 37.162978950215], [-121.83182444234606, 37.16291291906541], [-121.83216009959533, 37.162932535086895], [-121.83246479728898, 37.1631571118277], [-121.83286451698326, 37.16319091946969], [-121.83310800348788, 37.1633684226331], [-121.83345389613662, 37.16341973348142], [-121.83408007479342, 37.16343431316674], [-121.834567465592, 37.16312681361163], [-121.83479575622238, 37.16307881786754], [-121.83515609468405, 37.16306458681891], [-121.83541098174888, 37.1628545237342], [-121.83557464086341, 37.162685057030444], [-121.83560666077113, 37.162651903817135], [-121.83571920538907, 37.16253537786007], [-121.8361087184592, 37.162273030280986], [-121.8363336619742, 37.16216269402254], [-121.83654997716029, 37.16216022205761], [-121.83685090732753, 37.16231737555665], [-121.83693555286742, 37.16233121733178], [-121.83706828972369, 37.16234569329943], [-121.83718004460323, 37.16235788073475], [-121.83753175382687, 37.16255251710506], [-121.83788119122548, 37.162618264412245], [-121.83838896207483, 37.16253847355545], [-121.83879038858531, 37.16241345548909], [-121.83936134244806, 37.16217419720967], [-121.8402257866357, 37.16205812940152], [-121.84171931921058, 37.161160319583], [-121.84148839209192, 37.16060068403001], [-121.83948693391174, 37.15563436868757], [-121.83929850068075, 37.15518466297013], [-121.83424230539745, 37.1527156403053], [-121.82924609061331, 37.150275538848305], [-121.82621056351812, 37.14879283540157], [-121.82382500782155, 37.147627509417156], [-121.82350813076357, 37.14747271621356], [-121.82309749466683, 37.14813837144511], [-121.81716552928768, 37.145339284001494], [-121.81649034745489, 37.15428600801999], [-121.81563654477559, 37.15379179583132], [-121.81361167967961, 37.152619705681786], [-121.8133213352593, 37.15245165405861], [-121.81330920800553, 37.15244463453684], [-121.81005129765028, 37.15055862425055], [-121.80839788909144, 37.152755341159946], [-121.80839631434478, 37.152757433976596], [-121.80821286489018, 37.15300115543618], [-121.80424481336138, 37.15650735187031], [-121.80255242002865, 37.155908575013896], [-121.80253916538916, 37.155903885523394], [-121.7936576954496, 37.152761137433984], [-121.79364501932504, 37.15275665180288], [-121.79004614440551, 37.15148290727619], [-121.78970716789274, 37.1513629322482], [-121.7888500899355, 37.15105958425968], [-121.78883663587008, 37.15105482215242], [-121.78710738646497, 37.1504426951722], [-121.7871295649658, 37.15045870288243], [-121.78710095811431, 37.15051127475698], [-121.78700043304754, 37.150588740586805], [-121.78687259202006, 37.150609214681126], [-121.7867647843167, 37.15064732248152], [-121.78665223620433, 37.15068575675938], [-121.78656774517144, 37.15070122168099], [-121.78649761191055, 37.15070689097921], [-121.78639754679018, 37.150702980169775], [-121.78631610913509, 37.150676453720294], [-121.78624118696015, 37.1506463322134], [-121.7861529562454, 37.15062386404653], [-121.78602540807327, 37.15060141591856], [-121.78592363256102, 37.15059610388564], [-121.7857477280817, 37.1506002359262], [-121.78564912541685, 37.150609904105906], [-121.78551542647511, 37.150640672878644], [-121.78535242449273, 37.150676798765396], [-121.7852081227353, 37.15072617926098], [-121.78509618278356, 37.15075185578588], [-121.78499627935534, 37.15078902698566], [-121.78488601475637, 37.15086064781891], [-121.78480328351924, 37.150908731522975], [-121.78477005304411, 37.150920267711264], [-121.78472775856972, 37.15092510357113], [-121.78466461689726, 37.15091826648407], [-121.78457433083558, 37.15091271318244], [-121.78450637509077, 37.150918587241144], [-121.78445232526315, 37.150933349005285], [-121.78444460514241, 37.15093672995549], [-121.7844127167541, 37.15091309265101], [-121.78374979885669, 37.150421405974726], [-121.78245993249608, 37.14946479693661], [-121.77471800121207, 37.14778558970312], [-121.77470452738366, 37.14778266686935], [-121.77461010368401, 37.14776215762484], [-121.77434966056892, 37.147711275798095], [-121.77426212513545, 37.14782335807201], [-121.77425436279299, 37.14783341756492], [-121.77425386153321, 37.14783401759718], [-121.77425343842667, 37.147834563211326], [-121.77425106148439, 37.1478373714774], [-121.77424615578492, 37.14784324649515], [-121.77424507780653, 37.14784444154737], [-121.77424419835594, 37.14784548122143], [-121.77424151104579, 37.14784839832321], [-121.77423751129706, 37.14785283483823], [-121.77423583324429, 37.147854562615784], [-121.77423442199098, 37.1478560942016], [-121.77423180609698, 37.147858708422824], [-121.77422844460132, 37.14786216827384], [-121.77422606855757, 37.147864441665114], [-121.77422412101005, 37.147866387115286], [-121.77422181054335, 37.14786851443651], [-121.77421896647702, 37.14787123534554], [-121.7742157173544, 37.147874125297456], [-121.77421139460378, 37.14787797032953], [-121.77420908590796, 37.147880023881214], [-121.77420498150563, 37.14788342215293], [-121.77420201886197, 37.14788594042508], [-121.77420050969228, 37.14788712473645], [-121.7741988190632, 37.147888523856004], [-121.77419355493598, 37.1478925794413], [-121.77419025183092, 37.14789517074836], [-121.77418926278582, 37.14789588677692], [-121.77418817762106, 37.14789672309813], [-121.77418092462393, 37.14790192361225], [-121.77417803384564, 37.14790401727942], [-121.7741776242137, 37.147904290802224], [-121.7741771759546, 37.1479046122987], [-121.77416582529271, 37.1479121782119], [-121.7741653796067, 37.14791245988184], [-121.77415414764424, 37.14791941689939], [-121.77415316129134, 37.14791998399066], [-121.77414862732947, 37.14792259086527], [-121.77414215064464, 37.14792631439875], [-121.77414037382435, 37.14792726032834], [-121.77413514743553, 37.14793004282452], [-121.7741298527095, 37.14793286175964], [-121.77412719891214, 37.147934167567676], [-121.77412169489953, 37.14793687553945], [-121.77411726821198, 37.14793905325366], [-121.77411371187802, 37.1479406651685], [-121.7741079751205, 37.14794326561692], [-121.7741044160165, 37.14794487885729], [-121.77409986605008, 37.14794677203503], [-121.77409638058718, 37.147948278557664], [-121.7740940287979, 37.14794920008549], [-121.77409131049623, 37.14795033069352], [-121.77408564396315, 37.147952485287334], [-121.77407987149599, 37.147954680091594], [-121.77407796871901, 37.14795540375066], [-121.77407066541672, 37.147957927748756], [-121.77406650711555, 37.14795939488963], [-121.77406551896897, 37.1479597063618], [-121.77406440865137, 37.14796009015251], [-121.77405399721061, 37.1479633388363], [-121.77405117629257, 37.147964221573446], [-121.77405064646287, 37.14796438238078], [-121.77403670101818, 37.14796828079318], [-121.77403611083639, 37.147968426892774], [-121.77403199123711, 37.147969446707556], [-121.7740225902834, 37.147971774291754], [-121.77402111345322, 37.14797209364008], [-121.77401985850702, 37.14797239938389], [-121.7740154109486, 37.14797332807167], [-121.77400833222512, 37.147974860370546], [-121.77400596870497, 37.14797529982977], [-121.77399969037613, 37.14797646693941], [-121.77399394570767, 37.14797753473328], [-121.77399060307704, 37.14797805600102], [-121.77398782458822, 37.14797854146782], [-121.77398415676734, 37.14797906058744], [-121.77397944779923, 37.14797979451557], [-121.7739750406827, 37.14798035095797], [-121.77396858719253, 37.147981165826614], [-121.77396485736448, 37.14798163685376], [-121.77395937585206, 37.14798216819063], [-121.77395291699546, 37.14798279419224], [-121.77395019506444, 37.14798305816769], [-121.7739434091967, 37.14798351933679], [-121.77393729706809, 37.147983934703674], [-121.77393547706895, 37.147984058457325], [-121.77393321960156, 37.14798411427153], [-121.77390595663658, 37.14798478808743], [-121.77381345172985, 37.14798309059853], [-121.7738105852125, 37.14798303810907], [-121.7738060873484, 37.14798282616468], [-121.77377882078899, 37.14798184735286], [-121.77373649846773, 37.14797978733819], [-121.77372010152138, 37.14797877917027], [-121.77371535482422, 37.14797855576906], [-121.77371062160178, 37.147978196322796], [-121.77369422375715, 37.14797718815474], [-121.7736520047422, 37.14797405051806], [-121.77362498342276, 37.14797169335279], [-121.77362038494765, 37.14797134393086], [-121.77361747616536, 37.14797103841751], [-121.7735257995501, 37.147961413692194], [-121.77343455676834, 37.14794915786731], [-121.77343171990434, 37.1479487768664], [-121.77342726881045, 37.147948047009805], [-121.77334289357879, 37.14793420937558], [-121.77333826458818, 37.14793345027911], [-121.77333598734296, 37.14793297345399], [-121.77315371383014, 37.14789480979737], [-121.77312977378739, 37.14788943799172], [-121.77312737523076, 37.147888899695744], [-121.7731222360036, 37.14788790788402], [-121.77310519717783, 37.14788461946386], [-121.77309697085697, 37.14788314998396], [-121.77307889137538, 37.1478802185265], [-121.77307397668434, 37.14787942162137], [-121.77307230850606, 37.14787920183538], [-121.77304782587674, 37.14787597659021], [-121.77304698590785, 37.14787586582093], [-121.77304311416195, 37.14787547205352], [-121.77302302782289, 37.14787342930196], [-121.77301985050265, 37.14787310624434], [-121.77301489538662, 37.14787274974905], [-121.77299756688285, 37.14787150318191], [-121.77299260729937, 37.14787114647181], [-121.77298938503131, 37.1478710098849], [-121.7729692016891, 37.14787015490868], [-121.77296529223064, 37.14786998936757], [-121.7729644289455, 37.14786997812374], [-121.7729395959261, 37.14786965784445], [-121.77293300229285, 37.1478697179903], [-121.7729144700485, 37.147870023626965], [-121.77291059561814, 37.14787008745953], [-121.77290843517943, 37.14787021859049], [-121.77285605531173, 37.14787339908865], [-121.77288190071688, 37.14805662274037], [-121.77288303438982, 37.14806443817485], [-121.77268352488183, 37.14808249635704], [-121.77267847096074, 37.14808294029317], [-121.77265477252716, 37.14791498386272], [-121.77263233533523, 37.147922794346215], [-121.7726307434944, 37.14792334850367], [-121.77262531865948, 37.14792542155636], [-121.77261020082902, 37.14793119904562], [-121.77260709624545, 37.14793238549363], [-121.77260202258155, 37.147934502819915], [-121.7725882540188, 37.14794024881232], [-121.77258385952652, 37.14794208266073], [-121.77257994737153, 37.14794385842093], [-121.77256625973524, 37.14795007138441], [-121.77255863483589, 37.14795362503047], [-121.77254359614122, 37.14796102159783], [-121.77253770499009, 37.14796396017581], [-121.77251739144187, 37.14797475865444], [-121.77251691078986, 37.147975014211724], [-121.77251363907664, 37.14797688943322], [-121.77249750180856, 37.147986138435556], [-121.7724956054483, 37.14798722534651], [-121.77249076533062, 37.14799021118629], [-121.77247796329377, 37.147998108817106], [-121.77247484987525, 37.14800002935018], [-121.77247073107925, 37.148002760258656], [-121.77245880164844, 37.14801066968562], [-121.77245466922409, 37.14801340975391], [-121.77245171285539, 37.14801551486213], [-121.77243966197008, 37.148024095744844], [-121.77243341059443, 37.14802863464125], [-121.77241924696163, 37.148039456761715], [-121.77241613599273, 37.14804183388496], [-121.77241569939743, 37.148042191887534], [-121.7723986718847, 37.14805615373883], [-121.77239783102331, 37.148056843242834], [-121.77239410023792, 37.14806012545032], [-121.77238212034233, 37.14807066467587], [-121.77238019619692, 37.148072357396444], [-121.77237629953498, 37.148076037929776], [-121.77236618329313, 37.14808559380924], [-121.77236325486994, 37.14808835987724], [-121.77236014956098, 37.14809151121573], [-121.77235062475823, 37.14810117759558], [-121.77234702680492, 37.14810482920392], [-121.77234591758213, 37.1481060859417], [-121.77231679310651, 37.148139088199265], [-121.77230887625416, 37.148148399402665], [-121.77230840014701, 37.14814891852156], [-121.77230797165075, 37.148149420455844], [-121.77230544918146, 37.14815213705862], [-121.77230055066838, 37.14815747789676], [-121.77229950143624, 37.148158539763294], [-121.7722986453418, 37.14815946200455], [-121.77229590727691, 37.14816217932309], [-121.77229182533242, 37.14816631294082], [-121.77229020297507, 37.14816784093982], [-121.7722888303494, 37.14816920282102], [-121.7722862027773, 37.148171607951895], [-121.77228271282246, 37.14817489522645], [-121.77228038515564, 37.148176935087236], [-121.77227618370864, 37.1481806168724], [-121.77227322391884, 37.1481832104337], [-121.77227016515536, 37.14818570578344], [-121.7722677927048, 37.148187712087335], [-121.77226577329223, 37.14818928949172], [-121.77226337029909, 37.14819124997022], [-121.77225943917713, 37.1481942364332], [-121.77225502560147, 37.14819758945214], [-121.77225316543802, 37.148199002379215], [-121.77224822021282, 37.14820249944799], [-121.77224499166798, 37.14820482867932], [-121.77224387596053, 37.14820557191359], [-121.77224262101416, 37.148206459069215], [-121.77223620187995, 37.14821068240786], [-121.77223615134776, 37.148210715840406], [-121.77223297310854, 37.1482128316956], [-121.77223239818693, 37.148213184696225], [-121.7722317505017, 37.148213610731226], [-121.7722205691723, 37.14822044734151], [-121.7722090905007, 37.14822696030778], [-121.77220838172993, 37.14822733264117], [-121.7722077978251, 37.14822766272864], [-121.77220433751486, 37.14822945852018], [-121.77219732975811, 37.14823314175388], [-121.77219592389481, 37.14823382412592], [-121.77219467972816, 37.14823446998053], [-121.77219084931228, 37.14823628868453], [-121.772185299521, 37.14823898308709], [-121.77218308876711, 37.14823997191784], [-121.7721812337464, 37.14824085262879], [-121.77217771235078, 37.14824237776225], [-121.77217301775563, 37.148244477863834], [-121.77216999761984, 37.148245718019275], [-121.77216748233758, 37.14824680709349], [-121.77216434092927, 37.1482480408046], [-121.77216049973353, 37.14824961820771], [-121.7721565920625, 37.1482510839109], [-121.7721534479594, 37.14825231905409], [-121.7721508149975, 37.148253251318636], [-121.77214775982762, 37.14825439767458], [-121.7721428424351, 37.14825607457674], [-121.77213714984327, 37.14825801577914], [-121.77213481510576, 37.148258811968425], [-121.7721287110542, 37.14826068938554], [-121.77212461743196, 37.14826198682267], [-121.7721232106704, 37.14826238135242], [-121.77212168263634, 37.14826285178092], [-121.77211972341084, 37.14826336015835], [-121.77210986440184, 37.148266127594276], [-121.77209491823405, 37.14826979722145], [-121.77206123770337, 37.14827722168156], [-121.77203199125643, 37.1482832069312], [-121.77202981374046, 37.14828367091512], [-121.77202896210515, 37.148283826894364], [-121.77196762432378, 37.148295056574156], [-121.77196413702048, 37.14829569511454], [-121.77196251827155, 37.14829594363755], [-121.77190219549752, 37.14830520607591], [-121.77189797071883, 37.14830585478407], [-121.77189567374275, 37.14830614055874], [-121.77183609024645, 37.14831355473994], [-121.77183139837899, 37.14831413846767], [-121.77182840250127, 37.1483144249002], [-121.77176935443819, 37.14832007067399], [-121.77176450084929, 37.148320534709804], [-121.77176088694833, 37.14832077692646], [-121.77170217486771, 37.14832471363603], [-121.77169736346958, 37.14832503635091], [-121.7716931899066, 37.14832519760914], [-121.77163463500757, 37.148327461301015], [-121.77163006978331, 37.14832763766297], [-121.77162553418634, 37.148327684686535], [-121.77156682929818, 37.148328291578075], [-121.77156270243547, 37.148328334350026], [-121.7715578910663, 37.14832824818589], [-121.77149899930863, 37.148327191801364], [-121.77149534676579, 37.14832712641207], [-121.77149044285349, 37.148326899567344], [-121.77143112351584, 37.14832415641345], [-121.77142808631781, 37.14832401599716], [-121.77142327945486, 37.14832365708414], [-121.77136338967887, 37.148319184109255], [-121.77136100553297, 37.14831900596922], [-121.77135663431451, 37.148318554262076], [-121.77129577527343, 37.14831226605231], [-121.7712941879548, 37.14831210205629], [-121.77129287189757, 37.14831190884118], [-121.77116167209972, 37.14829265266911], [-121.77111473468494, 37.14828504919859], [-121.7710205108598, 37.148271297934095], [-121.77087824918327, 37.148254310946534], [-121.77083065824394, 37.1482496302868], [-121.77078299813431, 37.148245441536154], [-121.77073527154921, 37.148241747558636], [-121.77068749196351, 37.14823854620645], [-121.77063966297041, 37.14823583962778], [-121.77059179355295, 37.148233627106244], [-121.77054389269468, 37.148231910074024], [-121.77049596937842, 37.14823068781534], [-121.77044802899404, 37.14822996176252], [-121.77040008411782, 37.14822973119881], [-121.77035213564857, 37.14822999612481], [-121.770304197959, 37.14823075582435], [-121.77025627554066, 37.14823201172933], [-121.77020837647858, 37.14823376455593], [-121.7701605106541, 37.14823601072416], [-121.77015574060049, 37.148236481868295], [-121.77015147270522, 37.148237026047134], [-121.77015124363466, 37.148237053972245], [-121.77015099659815, 37.14823709048941], [-121.77014627864698, 37.14823782369916], [-121.77014247158729, 37.14823853041556], [-121.77014208800672, 37.148238598438255], [-121.77014159752662, 37.148238692237314], [-121.77013695683047, 37.1482396925242], [-121.77013363396266, 37.14824050879283], [-121.77013308599034, 37.14824063910949], [-121.77013236374495, 37.14824082097974], [-121.7701278209651, 37.14824207760381], [-121.77012486101665, 37.14824299125177], [-121.77012396359976, 37.14824326835344], [-121.77012333747403, 37.148243460963975], [-121.77011891686503, 37.148244968912955], [-121.77011628120839, 37.148245957027484], [-121.77011570449, 37.14824615894647], [-121.77011536313017, 37.14824630143547], [-121.770110286751, 37.14824835284746], [-121.77010800143721, 37.14824937103484], [-121.77010701418878, 37.14824981067433], [-121.77009998666912, 37.148253249026595], [-121.7700994207305, 37.148253525412024], [-121.77009900121723, 37.14825376313239], [-121.7700979483918, 37.14825431303981], [-121.7700940173645, 37.14825652555686], [-121.77009230966732, 37.148257560213224], [-121.77009178774624, 37.14825785664735], [-121.77009136823303, 37.14825813088489], [-121.77009018694848, 37.1482588469101], [-121.77008645894031, 37.14826127566663], [-121.77008504589058, 37.14826226378101], [-121.77008409187977, 37.14826293111649], [-121.77008284052677, 37.148263806098996], [-121.77007933440234, 37.14826643677451], [-121.77007813964313, 37.14826739839591], [-121.77007771384152, 37.14826771774324], [-121.77007729432854, 37.148268078619715], [-121.77007172028249, 37.14827287169019], [-121.77007092976501, 37.14827360418381], [-121.7700695355798, 37.148274895176506], [-121.77006652263044, 37.1482778924567], [-121.77006576175746, 37.148278705860875], [-121.77006506646144, 37.14827944909446], [-121.77006364263184, 37.14828097136327], [-121.77006089827863, 37.14828412903277], [-121.77006032156025, 37.14828484577358], [-121.77006006015054, 37.148285142923925], [-121.77005970890924, 37.148285607624004], [-121.77005540238589, 37.14829129572442], [-121.77005493975348, 37.14829196950386], [-121.77005351951695, 37.14829403809908], [-121.77005135278031, 37.148297472153416], [-121.77005104914983, 37.14829799771552], [-121.77005092518242, 37.14829820464687], [-121.77004729778503, 37.1483048916007], [-121.7700472043601, 37.14830507705109], [-121.77004413481654, 37.14831199957665], [-121.77004407822257, 37.14831213776962], [-121.77004284303909, 37.14831543363039], [-121.77004162312673, 37.14831915409358], [-121.77004156383789, 37.148319350284375], [-121.77003966479882, 37.148326684522814], [-121.77003875031365, 37.1483305295737], [-121.77003792655827, 37.14833343305254], [-121.77003781606552, 37.148333839754315], [-121.7700355496156, 37.148340408561445], [-121.77003538612229, 37.148340881137415], [-121.770035265748, 37.1483411575228], [-121.77003260493777, 37.148347250888946], [-121.77003215218699, 37.14834819604085], [-121.7700316554185, 37.14834923355993], [-121.77002974290521, 37.148352836593766], [-121.77002904132092, 37.14835403879809], [-121.77002849784023, 37.14835496891361], [-121.77002767228828, 37.14835638234517], [-121.77002544446641, 37.14835986723444], [-121.77002488301939, 37.14836067276136], [-121.77002466742375, 37.14836101358878], [-121.77002431079254, 37.14836149475696], [-121.77002306303267, 37.14836328624937], [-121.77002053158009, 37.14836663509361], [-121.77002017764394, 37.14836706757199], [-121.77002000786231, 37.148367296699725], [-121.77001964045141, 37.14836772488224], [-121.77001785280406, 37.1483699094712], [-121.77001502400918, 37.148373102938024], [-121.77001483356642, 37.14837331344916], [-121.77001206495886, 37.14837621907429], [-121.77000934755529, 37.14837887265864], [-121.77000917328206, 37.148379046652806], [-121.77000896038119, 37.148379243559134], [-121.77000573183639, 37.148382183553345], [-121.77000344292918, 37.14838411753335], [-121.77000305126377, 37.14838446408905], [-121.77000283027814, 37.148384635218655], [-121.76999701009386, 37.14838914330434], [-121.76999649266432, 37.14838954427769], [-121.76999610279555, 37.1483898084907], [-121.76999005174429, 37.148393907726316], [-121.769989005207, 37.14839457148044], [-121.76998263435556, 37.14839833418484], [-121.76998218070634, 37.14839860197785], [-121.7699816021914, 37.148398898411486], [-121.76997483877625, 37.148402363249744], [-121.76997390003675, 37.1484028014561], [-121.76997138744935, 37.14840397430277], [-121.76996707733304, 37.14840582307572], [-121.76996678627889, 37.14840593262722], [-121.76996649612312, 37.14840606007945], [-121.76995822443675, 37.148409147572835], [-121.7699402886761, 37.14841498173224], [-121.76993971824578, 37.14841514928157], [-121.769939225969, 37.14841530895469], [-121.76993363126225, 37.14841693719194], [-121.76992211486174, 37.14842032040237], [-121.76992100454414, 37.148420612539944], [-121.7699134551034, 37.14842259950486], [-121.76990202134793, 37.14842555668094], [-121.7698938969855, 37.148427449846444], [-121.76988284591233, 37.148429958075866], [-121.76988073576997, 37.148430437095335], [-121.7698742993418, 37.14843169872837], [-121.76986637260876, 37.14843331336055], [-121.76986351686482, 37.14843381242872], [-121.76985466756216, 37.14843535903864], [-121.76984396683196, 37.14843713047963], [-121.76984075086364, 37.14843766248473], [-121.7698350267994, 37.14843843793767], [-121.7698243098996, 37.14843989074828], [-121.76982054056909, 37.1484404012728], [-121.76981524589966, 37.148440961918645], [-121.76980451642322, 37.14844209753104], [-121.76979541110083, 37.14844292024095], [-121.76978462413261, 37.148443745099094], [-121.76977552509841, 37.14844431576906], [-121.76977072450221, 37.14844461721458], [-121.76976461236595, 37.14844483202108], [-121.76975935003574, 37.14844508119697], [-121.76975555375596, 37.14844515065088], [-121.76975138287862, 37.14844529743541], [-121.76974465898975, 37.14844535042065], [-121.76973558870179, 37.148445421306214], [-121.76972456098507, 37.14844530316181], [-121.76971836171215, 37.148445236570915], [-121.76971564610554, 37.14844512845125], [-121.7697044081829, 37.14844468236815], [-121.76969788821158, 37.14844442316721], [-121.7696957277638, 37.148444274234244], [-121.76968423651658, 37.14844348374362], [-121.76967746411876, 37.14844301761189], [-121.76967582199853, 37.14844285650663], [-121.76967406579256, 37.14844272547413], [-121.7696639283063, 37.14844168867177], [-121.76965711817918, 37.148441020621426], [-121.76965642378158, 37.14844092181011], [-121.76961676316849, 37.14843526450679], [-121.76958901690908, 37.148429805542264], [-121.76957785354682, 37.14842782860072], [-121.76957309247682, 37.14842691853454], [-121.76956907341491, 37.14842627339705], [-121.76953056264524, 37.14842009053144], [-121.76952906964547, 37.148419850663366], [-121.76952506675316, 37.148419328681875], [-121.76948973512063, 37.14841472249996], [-121.76948475396321, 37.14841407306604], [-121.7694818982194, 37.148413785940626], [-121.76944310088689, 37.14840988289293], [-121.76943515528957, 37.14840923274307], [-121.76941989471196, 37.14840798399662], [-121.76939935922785, 37.148406688708306], [-121.76939401515095, 37.14840635146089], [-121.76935468691399, 37.14840470961597], [-121.76934578281418, 37.1484044797716], [-121.76930575029823, 37.14840397783631], [-121.7692657725791, 37.14840464445155], [-121.7692608614902, 37.148404726077814], [-121.76925677774955, 37.14840491367578], [-121.76921758515778, 37.14840671160838], [-121.76921187995825, 37.148407095396756], [-121.76917651688389, 37.148409755422165], [-121.76917133360547, 37.148410144938474], [-121.76916837725025, 37.14841045497651], [-121.7691297191558, 37.14841450623529], [-121.76912178793123, 37.1484154871873], [-121.76908653175606, 37.148420233704805], [-121.76908165300641, 37.14842093039546], [-121.76899494223683, 37.14843654614493], [-121.7689717486376, 37.148440587379156], [-121.76896669291989, 37.14844135352398], [-121.76896343383237, 37.14844190844171], [-121.76895835296195, 37.14844261802037], [-121.76893691107732, 37.148445611712425], [-121.76893169815446, 37.148446339907885], [-121.76892899153081, 37.148446636341085], [-121.76892499223179, 37.14844715330982], [-121.76890146356115, 37.148449672277856], [-121.76890045834641, 37.14844975748455], [-121.76889978011849, 37.148449831950906], [-121.768896725847, 37.14845007468258], [-121.76887155146312, 37.14845207739787], [-121.76886296626515, 37.148452618710905], [-121.76884071769388, 37.14845372854537], [-121.76883345930739, 37.148454027842405], [-121.76880475364682, 37.148454611399366], [-121.76879886968258, 37.14845459779482], [-121.76878302070844, 37.14845456270819], [-121.76877556828602, 37.148454384418024], [-121.76877115486373, 37.14845434432039], [-121.76876677018748, 37.14845417462246], [-121.76874353796126, 37.14845327672771], [-121.76873757674191, 37.14845300463858], [-121.7687089761844, 37.148451051325104], [-121.76870687951701, 37.14845090812034], [-121.76870181122298, 37.14845041120009], [-121.76867963631378, 37.148448236635645], [-121.76867108165881, 37.14844728289205], [-121.7686461947362, 37.148444093722446], [-121.7686430946507, 37.14844369632955], [-121.76864239935477, 37.14844358606179], [-121.768614144649, 37.14843910590176], [-121.76860945005411, 37.14843826672206], [-121.76854909046405, 37.148425888820825], [-121.7685200757839, 37.14841871283106], [-121.76850380819522, 37.14841500239596], [-121.76849923307641, 37.148413902583194], [-121.76849646177429, 37.14841332690028], [-121.76849086976245, 37.14841205166173], [-121.76846148767147, 37.1484059110409], [-121.76845269675958, 37.148404238408766], [-121.76844884388599, 37.14840343861009], [-121.76844424900416, 37.14840263165098], [-121.7684319420869, 37.14840029096862], [-121.76840224738194, 37.14839519645779], [-121.76839947607967, 37.14839477185552], [-121.76839799475808, 37.148394511938704], [-121.7683943422088, 37.14839398566093], [-121.76837242152287, 37.148390629655864], [-121.76835047658238, 37.14838767032771], [-121.76834675935443, 37.148387134741576], [-121.76834522323547, 37.148386961463736], [-121.76834247349291, 37.1483865905631], [-121.76831242395336, 37.148383082760304], [-121.76829988706723, 37.1483818461861], [-121.768295211337, 37.14838131847616], [-121.76829314521217, 37.14838118099926], [-121.76819147480275, 37.14837439881354], [-121.76819240095216, 37.14849833601711], [-121.7681925779172, 37.1485256408256], [-121.76816192560797, 37.148524050537354], [-121.76804383220176, 37.148512284129765], [-121.76804793929995, 37.14849990266493], [-121.76809589946319, 37.14835501818334], [-121.76806829783195, 37.148355577396245], [-121.76805570614849, 37.14835558956794], [-121.7680476078375, 37.14835559744357], [-121.76804068631927, 37.148355604603374], [-121.7680130819931, 37.14835510052044], [-121.76800864162131, 37.14835493368652], [-121.76800152966044, 37.148354667324924], [-121.76798550192156, 37.14835406586351], [-121.76796480563902, 37.14835289158231], [-121.76796014877328, 37.14835262736908], [-121.76795795778274, 37.148352502780874], [-121.76793047203435, 37.148350408408], [-121.76792098672477, 37.148349501920805], [-121.76791675386386, 37.148349163957], [-121.76791255334234, 37.148348695677036], [-121.76790305635461, 37.14834778775747], [-121.76787572601502, 37.14834463868098], [-121.7678736158728, 37.1483443537032], [-121.76787231601077, 37.14834420906618], [-121.76786883144634, 37.14834370856502], [-121.7678484989815, 37.14834096690676], [-121.7678327380424, 37.148338528126715], [-121.76782815483884, 37.148337870100185], [-121.76782678850148, 37.14833760731916], [-121.76774092574479, 37.14832107860601], [-121.76643842630571, 37.14802687494095], [-121.7663045234532, 37.147996624205895], [-121.76628564356417, 37.14799206597295], [-121.76627998507735, 37.14799053582156], [-121.76626703676294, 37.14798700222427], [-121.76626609622727, 37.147986745170265], [-121.76625985293714, 37.147984839820495], [-121.766248689575, 37.14798143367577], [-121.7662472369997, 37.147980990454705], [-121.76624100089606, 37.14797888032052], [-121.76623253607282, 37.14797606991104], [-121.76623049150759, 37.147975325242044], [-121.76622264113189, 37.147972463994506], [-121.76621271744482, 37.14796876785842], [-121.76621034768957, 37.14796788499587], [-121.76620464518517, 37.14796555933708], [-121.76619512933337, 37.1479616777496], [-121.7661871594817, 37.14795823723501], [-121.76617784305562, 37.1479540971606], [-121.76617471871589, 37.14795270806618], [-121.76617006724028, 37.14795046331811], [-121.76616089544315, 37.14794603754842], [-121.766153217544, 37.147942165268276], [-121.76614434129253, 37.14793752898583], [-121.76613683766648, 37.147933454785125], [-121.76612809256909, 37.14792852206663], [-121.76612403218495, 37.14792623220813], [-121.76612083867467, 37.14792429105538], [-121.76611721127844, 37.14792217519156], [-121.76611229210486, 37.147919096269625], [-121.76610518822937, 37.14791465044942], [-121.76610214743279, 37.14791274724589], [-121.76609688240809, 37.147909217225724], [-121.76609005790836, 37.14790464180381], [-121.76608187246137, 37.147898885650505], [-121.76607716618874, 37.147895576882654], [-121.76607527972709, 37.14789415198569], [-121.76607325582313, 37.14789269844782], [-121.7660673170621, 37.14788813662929], [-121.76606248682215, 37.147884488463276], [-121.76606106568752, 37.14788333565722], [-121.7660530706835, 37.147876849869036], [-121.7660472540935, 37.1478720682289], [-121.76604612041987, 37.14787113595953], [-121.76603934892104, 37.147865180747814], [-121.76603422852511, 37.1478606776424], [-121.76600897778737, 37.147836165821275], [-121.76600145439892, 37.147826025416336], [-121.76600090642694, 37.147825286474344], [-121.76599887713307, 37.14782279540858], [-121.76599490208932, 37.14781781399319], [-121.76599340010662, 37.147816071893885], [-121.7659922709246, 37.147814685661], [-121.76599026049557, 37.14781243016858], [-121.76598726012337, 37.14780895026598], [-121.76598478526535, 37.147806288068786], [-121.76598309014481, 37.14780438701076], [-121.76598143275369, 37.14780268286073], [-121.7659792282884, 37.14780031137108], [-121.76597565029974, 37.14779673552008], [-121.76597338025762, 37.14779440126384], [-121.7659721863969, 37.147793274233216], [-121.7659708164664, 37.14779190590081], [-121.76596550562782, 37.147786971025035], [-121.76596261754491, 37.147784287346106], [-121.76595242885551, 37.1477754579846], [-121.76595083614286, 37.14777418058749], [-121.76594341516197, 37.147768203887175], [-121.76594219435191, 37.14776728880125], [-121.76593844747973, 37.147764479100076], [-121.76593359657838, 37.14776084166882], [-121.76593132923105, 37.14775925852667], [-121.7659295793133, 37.14775797540108], [-121.76592703977654, 37.1477562640896], [-121.76592345729587, 37.14775376299723], [-121.76591993230768, 37.14775147456548], [-121.76591748709399, 37.14774982626452], [-121.76591553415692, 37.14774861832193], [-121.76591300899321, 37.14774697861347], [-121.76590793351309, 37.14774391686897], [-121.7659037536529, 37.14774139572736], [-121.76590226604318, 37.147740497825744], [-121.765894479448, 37.14773614006637], [-121.76589207645506, 37.147734778177444], [-121.76589167670484, 37.14773457124462], [-121.76589123922521, 37.14773432636214], [-121.76587994560803, 37.14772847353187], [-121.76587933116058, 37.147728179243444], [-121.76587880384955, 37.14772790643575], [-121.76587597685193, 37.14772657390366], [-121.76586840046232, 37.14772294649441], [-121.76586661640845, 37.14772216029324], [-121.76586518269764, 37.14772148436064], [-121.76586185713512, 37.147720063040765], [-121.76585661456816, 37.14771775312695], [-121.76585358275476, 37.147716527283045], [-121.76585123815224, 37.14771552555646], [-121.76584842822265, 37.14771444363466], [-121.76584001100989, 37.14771120288112], [-121.7658349993101, 37.14770935409074], [-121.76583238790802, 37.147708390313724], [-121.76582590925943, 37.14770622002566], [-121.7658224732041, 37.14770503571125], [-121.76582134042879, 37.147704689868405], [-121.76581997768469, 37.147704233041026], [-121.76580770580189, 37.1477005254351], [-121.7658073877983, 37.147700435215356], [-121.76579358338977, 37.147696741929735], [-121.7657927138209, 37.14769650921977], [-121.7657892436295, 37.14769570798162], [-121.76577939360416, 37.14769343243611], [-121.7657775269054, 37.14769300138578], [-121.7657740414427, 37.14769232187252], [-121.76576872341715, 37.147691217753135], [-121.76576498283282, 37.14769055470867], [-121.7657621693099, 37.14769000551317], [-121.76575934051553, 37.14768955369779], [-121.76575558825324, 37.14768888778922], [-121.76575016332819, 37.14768808655073], [-121.76574666798399, 37.147687528046866], [-121.76574476086081, 37.14768728889235], [-121.76573457935706, 37.1476860136414], [-121.76573105077522, 37.14768557185056], [-121.76573016683327, 37.14768549165488], [-121.76571567880677, 37.14768416914554], [-121.76571534373522, 37.14768414336832], [-121.76571410136538, 37.14768406961729], [-121.76570226426671, 37.14768335286975], [-121.76570076497875, 37.14768330489555], [-121.76569957740611, 37.14768323687257], [-121.76569591856858, 37.147683150232616], [-121.76568882187887, 37.147682923966514], [-121.76568591313439, 37.14768291394207], [-121.76568377694113, 37.14768286381981], [-121.76568045227668, 37.14768289604073], [-121.76567536871127, 37.14768287957169], [-121.7656710550019, 37.14768298840803], [-121.76566537046372, 37.147683131613896], [-121.76565579711901, 37.14768354762674], [-121.76565218679046, 37.147683704437505], [-121.76565059138284, 37.147683827594356], [-121.76564849830844, 37.147683940010964], [-121.76563956725927, 37.14768467752195], [-121.76563645190217, 37.147684918108034], [-121.7656358545227, 37.14768498469874], [-121.76562127396932, 37.14768660507479], [-121.76562079516734, 37.14768665806082], [-121.7656178504903, 37.14768708696296], [-121.76560854125027, 37.14768839658201], [-121.76560670599218, 37.14768870948714], [-121.7656052435352, 37.14768892214818], [-121.76560162332513, 37.14768957516762], [-121.76559225030478, 37.14769126643091], [-121.76558669692042, 37.14769237985785], [-121.76557780719342, 37.14769430096682], [-121.76557456068244, 37.14769500196037], [-121.76557227896188, 37.147695577648626], [-121.76556317723244, 37.14769787538955], [-121.76555948605548, 37.147698807660824], [-121.76555816822717, 37.147699190021115], [-121.76554694198246, 37.14770244366196], [-121.76554462432924, 37.14770312102655], [-121.76554399550855, 37.147703310774595], [-121.76553154126684, 37.147707384986035], [-121.76553067259627, 37.14770769860751], [-121.76552999885985, 37.14770791986059], [-121.76552698950393, 37.14770902827531], [-121.76551927836647, 37.147711811484605], [-121.76551724368251, 37.14771261701824], [-121.76551563749494, 37.14771320845928], [-121.7655124134418, 37.147714529534554], [-121.76550401329646, 37.147717970775425], [-121.76549895398533, 37.14772015681508], [-121.76549537869087, 37.14772170129195], [-121.76549084130075, 37.14772383219715], [-121.7654878085887, 37.147725205542976], [-121.76548606406051, 37.147726074803394], [-121.7654837751535, 37.14772714956436], [-121.76548162548517, 37.147728287335845], [-121.7654743895563, 37.147731893262765], [-121.76546133164653, 37.1477390242049], [-121.76539613462413, 37.14777485218428], [-121.76539394632833, 37.147775989955335], [-121.76532945089028, 37.14780875331168], [-121.76532809443452, 37.147809442131816], [-121.76532521263937, 37.147810791846865], [-121.76526115647786, 37.14784078916846], [-121.76525917928608, 37.147841714993625], [-121.76525550338039, 37.14784329670157], [-121.76519152357594, 37.14787082514309], [-121.76518456253147, 37.14787366348038], [-121.76512041923402, 37.147898914224236], [-121.76511269462176, 37.1479017962381], [-121.76504806713253, 37.14792495545405], [-121.76503968136039, 37.147927802381695], [-121.76497455171327, 37.14794891589769], [-121.76496576708912, 37.14795161174239], [-121.7648998262636, 37.147970798421], [-121.7648952888736, 37.14797211877586], [-121.76489097606255, 37.147973234346836], [-121.76482399678491, 37.1479905572002], [-121.7648193138678, 37.147991768002385], [-121.76481543404464, 37.14799264871624], [-121.76474726988961, 37.1480081242139], [-121.7647425007344, 37.14800920684709], [-121.76473903683112, 37.14800988635678], [-121.76466950544052, 37.14802352094495], [-121.76466495098275, 37.14802441383057], [-121.76466205481464, 37.14802489356871], [-121.76459095766086, 37.14803667364356], [-121.76458676612236, 37.14803736818966], [-121.76458444128276, 37.14803768395746], [-121.76451142712482, 37.14804759305153], [-121.76450804766323, 37.14804805202476], [-121.76450710712726, 37.148048137948045], [-121.76434941957956, 37.1480625580046], [-121.76431897028905, 37.148064728279834], [-121.76430367737197, 37.14806609589014], [-121.76429541377072, 37.148066834829486], [-121.76428858747394, 37.148067445599864], [-121.76425829269365, 37.14807070924802], [-121.764251632585, 37.14807154843098], [-121.76424821359751, 37.148071916468574], [-121.7642431399135, 37.148072618174666], [-121.76419800855979, 37.148078862641206], [-121.76416805513898, 37.14808374880544], [-121.76415313142914, 37.14808646397781], [-121.76414816464467, 37.14808730530874], [-121.76414488309923, 37.14808796476926], [-121.76410202358434, 37.148096577134595], [-121.76409874832724, 37.1480972351627], [-121.76409387137421, 37.14809837221262], [-121.76407911654753, 37.14810162010814], [-121.76404983057472, 37.14810863645004], [-121.76400632427246, 37.14812020671819], [-121.76400147965872, 37.148121494849086], [-121.76399829872469, 37.14812244788012], [-121.76399188385611, 37.14812423937743], [-121.76396325275472, 37.14813281808656], [-121.76395693759902, 37.14813484086043], [-121.76394906027329, 37.14813736413621], [-121.76393487048672, 37.1481419087534], [-121.76390674872991, 37.14815150636579], [-121.76386510283807, 37.14816691452637], [-121.76385887931039, 37.14816930820063], [-121.76385134783591, 37.148172204524975], [-121.76382409924116, 37.148183295763275], [-121.7637971659553, 37.14819487318131], [-121.76377056414756, 37.14820693176663], [-121.76366613143279, 37.14807627130283], [-121.76348468257756, 37.147849251074085], [-121.75782847526617, 37.1407721312895], [-121.75762509225324, 37.14051763822586], [-121.75601625135718, 37.13859865565784], [-121.75194770753728, 37.13821434044136], [-121.74909337935739, 37.1388684809496], [-121.74880895214973, 37.138601915630375], [-121.74901605873134, 37.138377981391194], [-121.7489072925543, 37.13815677918369], [-121.74897043606663, 37.13776993480958], [-121.74847273986019, 37.13750038293598], [-121.74818694629126, 37.137452499790804], [-121.74609849587908, 37.13514456998375], [-121.74589302878323, 37.134814264759974], [-121.74497005229607, 37.1338487147375], [-121.74459966711443, 37.133526738568676], [-121.74438615380662, 37.13322770632987], [-121.7442350913666, 37.132937238308735], [-121.74398188600338, 37.13264128614602], [-121.74393561559877, 37.13253181044081], [-121.74356740794326, 37.132118631351624], [-121.74311541088068, 37.13134008684387], [-121.74304824394392, 37.130548233223074], [-121.7429908605061, 37.13022363249878], [-121.74265110255165, 37.12925756198672], [-121.7424745737764, 37.128960478154056], [-121.74229828124723, 37.12876048975743], [-121.74209467454583, 37.128578991261], [-121.74168101660719, 37.12842439398926], [-121.7412285155397, 37.1281032964498], [-121.74058778419379, 37.12794177809806], [-121.74041041190463, 37.12760643362111], [-121.7402017665603, 37.12736270264287], [-121.74010154515885, 37.12712353467387], [-121.73988162773887, 37.12703614368326], [-121.7394910816432, 37.12696469435333], [-121.73908642569428, 37.12705074890542], [-121.73885632316495, 37.12707589414126], [-121.73820802258112, 37.127229362459], [-121.73765567105195, 37.1272571340056], [-121.73736724722099, 37.12716576023875], [-121.73664296536171, 37.12717034116105], [-121.73641648215965, 37.127053321401185], [-121.73599732027935, 37.12657583505098], [-121.73589622571026, 37.126383241901365], [-121.73571160040079, 37.12626792198143], [-121.7356224174915, 37.126068129170136], [-121.7350853086585, 37.12532127343258], [-121.73534657016937, 37.12509265862888], [-121.73536621905275, 37.124761832523696], [-121.73537116608327, 37.124678514274585], [-121.73490729769829, 37.12470223709684], [-121.73478557324216, 37.12471154617989], [-121.73466482068427, 37.124726965827115], [-121.73454551794656, 37.12474843500985], [-121.73442813721375, 37.124775868756075], [-121.73431314306498, 37.124809158486826], [-121.73422103791141, 37.12483846801932], [-121.73412726474183, 37.12487138947967], [-121.73403655343401, 37.12490941590882], [-121.73394933678848, 37.124952365877704], [-121.73386603093434, 37.125000034466055], [-121.733779925054, 37.12505727232715], [-121.73369947802452, 37.12511956589958], [-121.73362515162782, 37.12518655761735], [-121.73355737251649, 37.12525786294602], [-121.73354574472381, 37.125271132773975], [-121.73348160239648, 37.12534961319839], [-121.73342411479766, 37.12543133318898], [-121.73337353608638, 37.12551593148411], [-121.7333300898817, 37.125603034096706], [-121.7332939682739, 37.12569225596744], [-121.73326533097467, 37.12578320266685], [-121.73324430461086, 37.12587547213902], [-121.7332309821642, 37.12596865647873], [-121.73322542255953, 37.126062343734915], [-121.73322765040415, 37.12615611973151], [-121.7332376558782, 37.12624956989871], [-121.73325539477779, 37.12634228110554], [-121.73329541829527, 37.12648657389014], [-121.73330513087477, 37.12652158827532], [-121.73332250877439, 37.12658423839287], [-121.73319890061099, 37.12657674231845], [-121.73313518221997, 37.12657016803567], [-121.73293334967332, 37.126549340039624], [-121.73284871941195, 37.126470298936596], [-121.7327269375349, 37.1263565598786], [-121.73241821180316, 37.1260682177587], [-121.72903326512156, 37.12593844563487], [-121.72877868170221, 37.126014583650374], [-121.72850820888385, 37.12609547380665], [-121.72716215096563, 37.12649803673869], [-121.72549999843476, 37.126627344864275], [-121.72503681904485, 37.12676719287257], [-121.724817398486, 37.12583112870723], [-121.72252223295519, 37.125596715872845], [-121.72022377056578, 37.12574659728879], [-121.72007383898301, 37.12656773551713], [-121.71889998013404, 37.125684283018295], [-121.71693898336429, 37.125288473274324], [-121.71340620027988, 37.12315633235043], [-121.7124419119829, 37.12303881067819], [-121.71075593966745, 37.12371903963274], [-121.70853141939405, 37.123873845450255], [-121.70837673774824, 37.12338456372135], [-121.7083408355572, 37.123270998409794], [-121.70831361308058, 37.12318488866396], [-121.70616756411864, 37.12434385093153], [-121.70554746530537, 37.12390466500873], [-121.70457027277472, 37.123209868048384], [-121.7040678541381, 37.122826295045854], [-121.70403448802139, 37.122800842534154], [-121.70338665735996, 37.12200737744492], [-121.70286726066992, 37.12068450961886], [-121.70285239456446, 37.11966041705697], [-121.7022343429877, 37.119439579131786], [-121.70206963606603, 37.1189008130707], [-121.7015439888135, 37.118360083330955], [-121.7007788498056, 37.11817572398539], [-121.70018638943313, 37.11793298192455], [-121.69937568164804, 37.11724217808183], [-121.69860166726119, 37.11728811624357], [-121.69766762256623, 37.11693364027726], [-121.69751961347392, 37.11687747633918], [-121.69689867739974, 37.11672418679783], [-121.69672601943641, 37.11668157268707], [-121.69580070004169, 37.116647121015], [-121.69531430551933, 37.11654946156701], [-121.69416378034758, 37.11620580226903], [-121.69413699349329, 37.11615949448535], [-121.69413136105844, 37.11614975742608], [-121.6940166489306, 37.1159515195656], [-121.69379625091491, 37.11584017300288], [-121.69379755706521, 37.1158391894795], [-121.69374084822952, 37.11581218375796], [-121.69351768789477, 37.115699443005944], [-121.69350581306746, 37.115693443714065], [-121.69304093949616, 37.115458609927764], [-121.69246090730437, 37.11530240632327], [-121.69174627341775, 37.11468516627036], [-121.69149140077455, 37.11445413531252], [-121.69118455159196, 37.1144522742267], [-121.690456607303, 37.114447904470985], [-121.69044949085028, 37.11444786292251], [-121.69027627143575, 37.11444681203228], [-121.69004748673761, 37.1144454337681], [-121.68911651958068, 37.11491226074503], [-121.68839672482656, 37.11472639800043], [-121.6883518845288, 37.11471480471071], [-121.68833820678283, 37.114711268126385], [-121.68832406101467, 37.114707616210936], [-121.68820742737238, 37.11467750903348], [-121.68807687793087, 37.114643793622434], [-121.68717447904663, 37.11461277159366], [-121.6866199230556, 37.114609477807534], [-121.68624516305299, 37.11452980601154], [-121.68614133222786, 37.114228449391824], [-121.68638052481349, 37.11415611693828], [-121.68559051057565, 37.11383590514754], [-121.68482762814895, 37.1135266515019], [-121.6843256218193, 37.1133231974081], [-121.6840701904349, 37.11299357347669], [-121.68385540331356, 37.112716455992256], [-121.6838448337433, 37.112664329933075], [-121.68427736262369, 37.11249388649283], [-121.68430280292225, 37.112369295011234], [-121.68429874972568, 37.11235683312916], [-121.68429625959672, 37.112350710358456], [-121.68429346583731, 37.11234467068569], [-121.68429037383716, 37.11233872557222], [-121.68427726652453, 37.11230507503362], [-121.6839196445547, 37.1124418727254], [-121.68382426324501, 37.112478357846896], [-121.68371302222425, 37.11212332930905], [-121.683678308647, 37.111984698544184], [-121.68363755210824, 37.11180730904996], [-121.68357664275693, 37.11172552533216], [-121.68355962957168, 37.11167799626137], [-121.68349322343049, 37.11159194210959], [-121.68332635872302, 37.11135386835768], [-121.68308318037879, 37.11082578328042], [-121.68305507479464, 37.11080874061237], [-121.68298914835042, 37.110753032769296], [-121.68295642452762, 37.11074036215257], [-121.6828634767633, 37.110689254136965], [-121.68273217184321, 37.11061253115741], [-121.68252376903419, 37.110458536219596], [-121.68239793305632, 37.11038606044439], [-121.68232151967875, 37.11035215686657], [-121.68225039737817, 37.110309501924995], [-121.68212269290298, 37.110252633166695], [-121.68209378063328, 37.11022422205658], [-121.682049731755, 37.110178477990736], [-121.68202025175114, 37.110139498013474], [-121.68198796810475, 37.110107482722235], [-121.6819499720723, 37.11007767603623], [-121.68187488820253, 37.11003016168777], [-121.68178562981716, 37.109991809901686], [-121.68173999091889, 37.10996663533111], [-121.68169215294711, 37.10992333255935], [-121.68150821036208, 37.109759773140055], [-121.68147758320868, 37.10973142560354], [-121.68144709978462, 37.10971211818078], [-121.68136527944714, 37.10968687402497], [-121.68135007726094, 37.10967796427966], [-121.68132496127167, 37.10964200721303], [-121.68130393620773, 37.10962260377189], [-121.68123547112265, 37.10958708510718], [-121.68111976364463, 37.10954600221077], [-121.68101559143012, 37.109516887333506], [-121.68098166476392, 37.10949855199944], [-121.68095790882201, 37.10948002323606], [-121.68058348840313, 37.10921124317856], [-121.6804221941345, 37.109095451503094], [-121.68033197994673, 37.10901078064214], [-121.6802969744064, 37.10897290904582], [-121.67980253821463, 37.10843787974184], [-121.67962845732953, 37.10831031423149], [-121.67915863764703, 37.10796604302997], [-121.67917497354215, 37.10765298354258], [-121.67900120077832, 37.10753205210416], [-121.6789355402326, 37.10750197359942], [-121.67866984647323, 37.10738022950269], [-121.67863272809191, 37.10737506488624], [-121.67851513052454, 37.10764780743868], [-121.67844502241942, 37.10762781459409], [-121.67837400791393, 37.10760999604817], [-121.67830218851803, 37.10759437759248], [-121.67822967382594, 37.10758098358676], [-121.6781565698387, 37.10756983409168], [-121.67808298345606, 37.107560944152745], [-121.6780090242726, 37.10755432809911], [-121.67793480278067, 37.10754999524452], [-121.67786042857489, 37.10754795132064], [-121.67774955582635, 37.10753128617369], [-121.67769483406205, 37.107520298581385], [-121.67764070518596, 37.10750756366176], [-121.67758725723303, 37.10749310290628], [-121.67753457554294, 37.10747693852297], [-121.67744025335443, 37.10744295698543], [-121.6773943242997, 37.10742390831899], [-121.67734929984846, 37.107403520674396], [-121.67730524108612, 37.10738182199062], [-121.67726220730155, 37.107358842356], [-121.67722025778356, 37.10733461257486], [-121.6771794473292, 37.10730916345166], [-121.67713982983747, 37.107282532238784], [-121.67710146280052, 37.10725475260657], [-121.67706439472735, 37.107225861807215], [-121.67702867592392, 37.107195900674654], [-121.67699435669543, 37.10716490932715], [-121.67696148285611, 37.10713292931548], [-121.67693009662659, 37.10710000290677], [-121.67690024292322, 37.10706617523393], [-121.676845286705, 37.10699600164255], [-121.67680040868264, 37.10694440394083], [-121.67678521099212, 37.10689742780889], [-121.67675687634343, 37.106827420988175], [-121.67673938974404, 37.10679671964014], [-121.67669687698353, 37.106762814458], [-121.67666687775268, 37.10673052191828], [-121.67664006035434, 37.10669705372271], [-121.67661470721148, 37.10664585414753], [-121.67650276817947, 37.106476617903915], [-121.67649047923285, 37.10643474024936], [-121.67646567855294, 37.10639129432469], [-121.67642413777295, 37.10632469362155], [-121.67600829240212, 37.106488142208036], [-121.67581472799709, 37.10601965054743], [-121.67645385409985, 37.10575818661541], [-121.67621081405738, 37.10558603466278], [-121.67588331173486, 37.10536735228571], [-121.67552828769144, 37.105512768979104], [-121.67541928973125, 37.10545426315955], [-121.67464697680342, 37.10504018398113], [-121.67458702145639, 37.10501892952485], [-121.6745282105629, 37.10499571561455], [-121.67447064114107, 37.104970582368516], [-121.67441441470073, 37.104943571338104], [-121.67436736275259, 37.10491896250609], [-121.67432142471547, 37.10489303972358], [-121.67427665897971, 37.1048658337959], [-121.67423311764753, 37.10483737982712], [-121.67419085910977, 37.104807712921165], [-121.67414993187505, 37.104776869614874], [-121.6741103907407, 37.10474489002734], [-121.67407228331749, 37.10471181141171], [-121.6740356563177, 37.10467767675294], [-121.67401763971046, 37.10466518351401], [-121.67400018365196, 37.10465219091562], [-121.67398331060006, 37.10463871328675], [-121.67396703941937, 37.10462476853805], [-121.67395139166936, 37.10461037386375], [-121.67393638621479, 37.10459554574138], [-121.67392204192012, 37.104580304947696], [-121.67390837765015, 37.10456466867695], [-121.67389540867613, 37.104548655556286], [-121.67388315206604, 37.10453228779519], [-121.67387162129462, 37.104515584736724], [-121.67386083342997, 37.10449856644178], [-121.67385080014988, 37.10448125440275], [-121.67384153403107, 37.10446366939645], [-121.67383304675157, 37.10444583434868], [-121.67382534998929, 37.1044277707525], [-121.67381845003275, 37.10440950225011], [-121.67381235945803, 37.10439104961833], [-121.67380708275684, 37.104372437215936], [-121.67380262891245, 37.10435368653578], [-121.67379900061957, 37.10433482337004], [-121.6737962050649, 37.104315867778716], [-121.67379424404506, 37.104296846270344], [-121.67379429165646, 37.10429073431103], [-121.67379683392873, 37.10392022586813], [-121.67371917281883, 37.10363445776346], [-121.67371477107523, 37.10362889383298], [-121.67352987718232, 37.103395290769015], [-121.67332481252379, 37.103136139739625], [-121.67324930465453, 37.1030407419328], [-121.67306242818071, 37.10280063379079], [-121.67251941831019, 37.10210297723842], [-121.67251617000315, 37.10209806589219], [-121.6724461032298, 37.10199231174077], [-121.6723856969361, 37.1019012012465], [-121.67234942297986, 37.10181467888362], [-121.6723346115634, 37.10177932564697], [-121.67222887899997, 37.10152716539959], [-121.67222316302389, 37.10149790128745], [-121.67216495672639, 37.10120026359645], [-121.67211982719515, 37.100969489567795], [-121.6721191085436, 37.10096553750487], [-121.67208571190146, 37.100781523473785], [-121.67208818945544, 37.100773693841845], [-121.67217172919953, 37.10051134769155], [-121.67234522358989, 37.09967710751385], [-121.67207758321318, 37.09926566069511], [-121.67189764082654, 37.09909364588753], [-121.67175134302865, 37.098998979537775], [-121.6717017174139, 37.098917164794024], [-121.6716861388355, 37.098891481417546], [-121.67166843754362, 37.09881671828364], [-121.67156690636818, 37.098856644117106], [-121.67138115814393, 37.0989296876171], [-121.67130147569421, 37.098958790844875], [-121.67121984930422, 37.098984203514], [-121.67113654512455, 37.09900584276354], [-121.67104019778441, 37.099030886561124], [-121.67094579867698, 37.099060308236524], [-121.67059378399222, 37.09917937954366], [-121.67046118921029, 37.099226966028446], [-121.6703312867753, 37.09927909991724], [-121.67020431961163, 37.09933568371933], [-121.6700805251562, 37.09939661162238], [-121.66996013491466, 37.099461769690244], [-121.66991348540613, 37.09948821592718], [-121.66972712553206, 37.09959808761688], [-121.6695460060031, 37.09971344540879], [-121.66937037840368, 37.099834129080755], [-121.66936432914896, 37.09983842439763], [-121.66929049182393, 37.09989251023115], [-121.66921844904532, 37.09994812720814], [-121.66913095375126, 37.100019787674675], [-121.66904643695025, 37.10009370621175], [-121.66860997971332, 37.10048817084424], [-121.66849803795674, 37.10059011686251], [-121.66761100825413, 37.10140404079045], [-121.66740864388248, 37.10159002285992], [-121.6668444345399, 37.10210940421966], [-121.66618343891732, 37.10271576698936], [-121.66614297392498, 37.102750368156435], [-121.66609963688651, 37.10278266102144], [-121.66607065660213, 37.102804168332625], [-121.66604346164229, 37.1028271227942], [-121.66586566170092, 37.10298719800065], [-121.66586411120896, 37.10298858720402], [-121.66563633798924, 37.10321169404873], [-121.66557867333735, 37.103266996187735], [-121.66537897696158, 37.10345255957605], [-121.66530344571797, 37.10352216328261], [-121.66487461248221, 37.103913310835516], [-121.66482149706415, 37.1039581712805], [-121.66476425756383, 37.10399965006161], [-121.66470322861554, 37.104037504680335], [-121.66463876700948, 37.104071513825836], [-121.66457653663338, 37.104099326814485], [-121.66451201157291, 37.104123554164], [-121.6644455133624, 37.1041440751465], [-121.66344913540918, 37.10441958398369], [-121.66325660760313, 37.10446911001311], [-121.66303051065796, 37.10452293034273], [-121.66301674495179, 37.10452693825113], [-121.66300367607789, 37.104532235365916], [-121.66299149143957, 37.1045387457283], [-121.6629839384052, 37.104543719245584], [-121.662974808606, 37.104549415852915], [-121.66296480907563, 37.104554082542386], [-121.66295411973076, 37.10455763534845], [-121.66198859351444, 37.10481842637012], [-121.66182553134414, 37.10486281529655], [-121.66158985117184, 37.10492697135617], [-121.6609974248912, 37.105088230659725], [-121.65799959803697, 37.10590415222178], [-121.65788982419562, 37.105937715843574], [-121.65778346008057, 37.10597770702745], [-121.65768109140538, 37.106023905556874], [-121.6576105871487, 37.1059548235476], [-121.6575528084229, 37.1058982108705], [-121.6575168312292, 37.10586507520475], [-121.65747839649468, 37.10583375972755], [-121.65689320171779, 37.105385117008346], [-121.65643939450315, 37.10503716365257], [-121.65640143843319, 37.10500620566253], [-121.65636596712831, 37.10497341173391], [-121.65631950178218, 37.10492968412701], [-121.65631278687705, 37.10492369114647], [-121.65628111767782, 37.10489643293103], [-121.65624313871325, 37.10486576662085], [-121.65592287771274, 37.10461589777137], [-121.6548112613221, 37.103750330962626], [-121.65467424988783, 37.10364699080516], [-121.65453305314323, 37.10354733064019], [-121.6544104163587, 37.103465950798736], [-121.65428498850139, 37.10338734754348], [-121.6541568675316, 37.103311582258925], [-121.65403333461683, 37.1032386047967], [-121.6539123005093, 37.10316298892924], [-121.65379385301563, 37.10308478951843], [-121.65306249608118, 37.10258854629772], [-121.65301599299536, 37.102638910356056], [-121.65291911598443, 37.10273719095877], [-121.65283408415814, 37.10282345146991], [-121.65250166619454, 37.10316065956567], [-121.65231609762085, 37.10334892136631], [-121.65214608696898, 37.1035213499086], [-121.65192790326364, 37.10374266335253], [-121.651532672403, 37.10414359350918], [-121.6515037286858, 37.10417295331664], [-121.65147688170461, 37.104200186803375], [-121.65132823818398, 37.10376074495938], [-121.65126280052306, 37.10356728643317], [-121.65126200570006, 37.10356763758353], [-121.65120957816256, 37.10358832294008], [-121.65115448607611, 37.10360394624871], [-121.65099556337603, 37.10364073859293], [-121.6509364809776, 37.10365161693782], [-121.65087625853239, 37.103657191925706], [-121.65081563572113, 37.10365739508192], [-121.65075535714227, 37.1036522239112], [-121.65069616316603, 37.10364174192834], [-121.65063878084034, 37.103626077878026], [-121.65058391496048, 37.10360542415351], [-121.65038199449751, 37.10351814440412], [-121.65025181990137, 37.10369274263269], [-121.65021093914962, 37.10374392463884], [-121.65016619932194, 37.10379299217637], [-121.64979442183167, 37.104175441958574], [-121.64877991133046, 37.10354166755774], [-121.64873655420408, 37.10351872802529], [-121.64868946430398, 37.10350113189841], [-121.64863966080942, 37.10348926001388], [-121.64858822162864, 37.103483369317345], [-121.6485362600703, 37.103483587302314], [-121.64848490074858, 37.103489909250875], [-121.64843525524375, 37.10350219833588], [-121.64838839804479, 37.103520188582095], [-121.64834534329471, 37.1035434906227], [-121.64782490828654, 37.103872301723044], [-121.6472489378148, 37.10423617241659], [-121.64710165099945, 37.10432759470886], [-121.64802441321775, 37.10489533467766], [-121.6480706120754, 37.10492752371011], [-121.64811158723309, 37.104963969086825], [-121.64814673186814, 37.105004131076164], [-121.6481755255015, 37.10504741490506], [-121.64819754170605, 37.10509317956692], [-121.6482124544223, 37.10514074731441], [-121.6482200427877, 37.10518941369621], [-121.6482207871914, 37.10519876824789], [-121.64819314359721, 37.1053270912044], [-121.64819078631048, 37.105348516277424], [-121.64782861860806, 37.10550495004426], [-121.647770874331, 37.1055298940258], [-121.64770353467138, 37.10555719862084], [-121.64730111804458, 37.10572041235264], [-121.64708694296515, 37.10580727400678], [-121.64687282488993, 37.105894111241], [-121.64665867830449, 37.105980970734414], [-121.64645066656966, 37.10606534446643], [-121.64607236778521, 37.10645134788868], [-121.64600321078524, 37.106501328550785], [-121.64600227490176, 37.106502004574594], [-121.6459989038762, 37.106504714928626], [-121.64598546734504, 37.106515282831324], [-121.64597228918015, 37.10652611854072], [-121.64596749680734, 37.10653005847372], [-121.64596487783845, 37.106532211754526], [-121.64594476082237, 37.106549505507594], [-121.64593951894247, 37.106554216719125], [-121.64593685052495, 37.10655652097477], [-121.64593355454461, 37.10655957753008], [-121.64590599305788, 37.106585141067896], [-121.64587957974506, 37.10661147823225], [-121.64587406130354, 37.10661716087953], [-121.64586924290336, 37.10662212205633], [-121.64585164363038, 37.10664109425724], [-121.64584949463823, 37.10664352137885], [-121.64584818733087, 37.106644924660124], [-121.64584545990009, 37.10664807926829], [-121.64582402187094, 37.10667287533762], [-121.64582130881439, 37.10667601358363], [-121.64582013854746, 37.106677475897165], [-121.6457979552645, 37.106705189054146], [-121.64579324396121, 37.10671134228803], [-121.64577177519085, 37.10674038572598], [-121.64570183717163, 37.106860382601624], [-121.64569930882027, 37.10686522669573], [-121.64567169998853, 37.10692060759148], [-121.64567005052677, 37.10692391743538], [-121.64566855381457, 37.10692728345444], [-121.64564359300985, 37.106983443998175], [-121.64564201039884, 37.10698700550547], [-121.64564097300628, 37.10698965331683], [-121.64561802902543, 37.107048211840485], [-121.64561697537667, 37.10705090036226], [-121.64561648543423, 37.107052338881374], [-121.6455949811582, 37.10711550793907], [-121.64565792328354, 37.10716309551747], [-121.64513374312062, 37.1080086272737], [-121.64505149894038, 37.10813226781197], [-121.64505061793777, 37.108133592111415], [-121.64504806502084, 37.108136981089], [-121.64500733547304, 37.108191066599886], [-121.64500495680107, 37.108194224979066], [-121.64500225093553, 37.10819754516547], [-121.644993122622, 37.10820917733233], [-121.64497071095704, 37.108236720445944], [-121.64495940335212, 37.10825012758584], [-121.64495663786275, 37.10825352224879], [-121.6449542800299, 37.10825620371917], [-121.64490832967705, 37.108308446155895], [-121.64490572411383, 37.108311409406504], [-121.64490407868098, 37.10831314580753], [-121.6448536992175, 37.10836631383862], [-121.6448522774482, 37.10836781375084], [-121.64485162564006, 37.108368453639514], [-121.644796986233, 37.10842205808526], [-121.6447963676638, 37.108422664305735], [-121.6447949073473, 37.1084239978839], [-121.64473982558869, 37.10847428142654], [-121.64473500561445, 37.10847848921654], [-121.64468021040504, 37.10852507073972], [-121.64467743694293, 37.108527429162166], [-121.64467388061506, 37.10853024492324], [-121.64461806442985, 37.10857444298895], [-121.64461456589453, 37.10857721222377], [-121.6446111868957, 37.10857970453863], [-121.6445531519155, 37.10862250681374], [-121.64454953147586, 37.10862517721421], [-121.64454692150008, 37.10862696901674], [-121.64448519413041, 37.10866935595515], [-121.64448095630047, 37.10867219460615], [-121.64441329408514, 37.10871541642142], [-121.64434378135383, 37.10875667651421], [-121.64433926349183, 37.108759229537746], [-121.64427222154652, 37.108796144418406], [-121.64426530905482, 37.108799782433934], [-121.64419872684348, 37.108833724411866], [-121.64419482816835, 37.1088357117578], [-121.64419055853885, 37.10883772165993], [-121.64412289903785, 37.10886956997973], [-121.64411509728647, 37.10887310945808], [-121.64410274833793, 37.10887846059854], [-121.64404480945369, 37.108903562369434], [-121.64403842350589, 37.108906241808974], [-121.64396369746345, 37.108935920791744], [-121.64396164078096, 37.10893673753635], [-121.6439607299562, 37.10893706816111], [-121.64388197529414, 37.108965606940366], [-121.64388109242816, 37.10896592647712], [-121.64387905600212, 37.108966596136035], [-121.64380177794203, 37.1089919952487], [-121.64379510342613, 37.108994051206814], [-121.64372017826713, 37.109016223676754], [-121.64371159268737, 37.109018611933436], [-121.64363707047175, 37.10903828965239], [-121.64363240749941, 37.10903952029266], [-121.64362802487429, 37.109040541827575], [-121.64355219139851, 37.10905820115504], [-121.64355216000901, 37.10905820867148], [-121.64354751389048, 37.1090592904551], [-121.64354425539784, 37.10905995044104], [-121.64346541311897, 37.10907590626551], [-121.64346536488215, 37.10907591574902], [-121.64346179903632, 37.10907663731462], [-121.64345995975314, 37.109076954493204], [-121.64345564730559, 37.109077782490616], [-121.64341557826016, 37.10908492505433], [-121.64337609445421, 37.10909141485843], [-121.64337528858358, 37.1090914714058], [-121.64284934259636, 37.10912646177385], [-121.64282623384669, 37.10910518478153], [-121.64275158445939, 37.10903573676417], [-121.64269966041694, 37.10898234266523], [-121.64265453037666, 37.10892512472707], [-121.64260560326673, 37.10885574677563], [-121.64256376295954, 37.10879205480656], [-121.64252672892901, 37.10872648167153], [-121.64242543786509, 37.10873771174674], [-121.6423286767139, 37.10876467281327], [-121.64209701054419, 37.10882922343403], [-121.64201833887687, 37.10885436557363], [-121.64194280130893, 37.10888506003286], [-121.64187100724722, 37.10892105918281], [-121.64180353590002, 37.108962072598395], [-121.64174093160452, 37.10900776940115], [-121.64168369943522, 37.109057780928445], [-121.64163008664498, 37.10911426442026], [-121.64158332814357, 37.10917452791397], [-121.64154383657824, 37.10923803960162], [-121.64151196047042, 37.109304239009504], [-121.64148798113949, 37.10937254194396], [-121.64147211021954, 37.10944234564665], [-121.6414644877912, 37.109513034113526], [-121.64145024274477, 37.10980467149528], [-121.64143777834295, 37.11005986107481], [-121.64143042760372, 37.11014006310715], [-121.64141626309696, 37.110219676750226], [-121.64139493141649, 37.110299674584795], [-121.64136672048123, 37.11037829420364], [-121.64133176625238, 37.110455156643816], [-121.64129023719664, 37.11052989141121], [-121.64124233347464, 37.11060213826647], [-121.64118828597624, 37.11067154896156], [-121.64112835520811, 37.1107377889185], [-121.64085934618298, 37.11101439762014], [-121.64073104638534, 37.111023409057104], [-121.64114150917807, 37.11132016295688], [-121.64128229597985, 37.111423961023625], [-121.64142052739949, 37.11152993931716], [-121.6416241286058, 37.11169387263206], [-121.64182161874115, 37.11186253322833], [-121.64201282672909, 37.11203577503898], [-121.64219758693035, 37.112213448028506], [-121.6423757392864, 37.11239539832268], [-121.642547129458, 37.11258146834182], [-121.6427116089591, 37.112771496937064], [-121.64286903528547, 37.11296531952997], [-121.64281121598998, 37.11298333627821], [-121.64275461250216, 37.113003679120084], [-121.64269738533332, 37.113025646969305], [-121.64269483950854, 37.11302199855529], [-121.64164778129594, 37.113423997059115], [-121.64164990131933, 37.11342775219086], [-121.6415578051481, 37.11346310929565], [-121.64148753380542, 37.11348622174314], [-121.64141441877511, 37.113502734417565], [-121.64135498172337, 37.11351508249062], [-121.64129682386911, 37.11353086083033], [-121.64124025342933, 37.11354998581706], [-121.64082027401311, 37.11370659555665], [-121.64106669528499, 37.11414282622551], [-121.6416574550589, 37.115188608250186], [-121.64313478972869, 37.1177931049671], [-121.64369867730966, 37.118781245747556], [-121.64373985466699, 37.118845626770465], [-121.64378804300964, 37.11890680786949], [-121.64384285774099, 37.118964300730156], [-121.64390386137312, 37.119017646474404], [-121.64397056701847, 37.11906641932344], [-121.64404244227572, 37.11911022999612], [-121.6441189134791, 37.11914872881634], [-121.64419937027724, 37.11918160850427], [-121.64428317050483, 37.11920860662892], [-121.64436949010097, 37.11923642645883], [-121.6444523584939, 37.11927031436473], [-121.64453111210146, 37.1193099989858], [-121.64460512028833, 37.119355162542995], [-121.6446737904155, 37.11940544338346], [-121.64473657258596, 37.11946043887632], [-121.64479296404814, 37.11951970863641], [-121.64484251322176, 37.119582778050784], [-121.64488482331438, 37.11964914207871], [-121.64491296033584, 37.11969860372554], [-121.64608999100541, 37.12176834325872], [-121.64764581271562, 37.12119215602838], [-121.64768475287296, 37.12126063177165], [-121.64810811524558, 37.12200509653506], [-121.65008064919829, 37.121285708203], [-121.65027504101056, 37.12121460231501], [-121.65116122624346, 37.12088961709278]]]}}, {"type": "Feature", "properties": {"TRUSTEE_AREA": 4}, "geometry": {"type": "Polygon", "coordinates": [[[-121.64417134253408, 37.13847693368125], [-121.64428986893965, 37.138383368561435], [-121.6450103186481, 37.137814640872236], [-121.64540297852085, 37.13750463021146], [-121.64543232400702, 37.13747863702172], [-121.64545776045752, 37.137450125533704], [-121.64547895353375, 37.137419470509634], [-121.64550293525319, 37.13738703237316], [-121.64553348306644, 37.1373583489913], [-121.64603129612618, 37.13696462999523], [-121.64559882838803, 37.13661722494778], [-121.64569333025125, 37.136543374900825], [-121.64570854477718, 37.1365294424598], [-121.64572084048375, 37.13651377140129], [-121.64572991280114, 37.136496749906335], [-121.64573553700534, 37.13647879960681], [-121.64573757378423, 37.1364603651413], [-121.6457359726884, 37.13644190314113], [-121.64573077338045, 37.13642387091931], [-121.64572210465228, 37.1364067151427], [-121.64571018123465, 37.13639086076788], [-121.64569529847792, 37.13637670051487], [-121.6449419984123, 37.135764933190146], [-121.64492532248745, 37.13575336517891], [-121.64490658769094, 37.135744033173616], [-121.64488625729601, 37.13573716793532], [-121.64486483403122, 37.135732939227054], [-121.64484284764927, 37.135731451615904], [-121.6448208418273, 37.135732741887395], [-121.64479936072318, 37.13573677813583], [-121.64477893551978, 37.135743460553186], [-121.64476007129014, 37.13575262389727], [-121.64474323450796, 37.135764041577644], [-121.64464358170521, 37.13584322908022], [-121.64395927133971, 37.13527577985732], [-121.64429389286232, 37.135012966009995], [-121.64434454624293, 37.13496942008283], [-121.64439008266159, 37.13492239083356], [-121.64443347020243, 37.13487740464591], [-121.6444815563058, 37.13483559253474], [-121.64505452421425, 37.13437872337224], [-121.64507054311939, 37.134364187607325], [-121.64508410393866, 37.13434812844802], [-121.64507323612298, 37.134340452678614], [-121.64445982707036, 37.133834181779676], [-121.64382959796494, 37.133326765923094], [-121.6432043509156, 37.1328174001104], [-121.64301405634318, 37.1326647602187], [-121.64294973313699, 37.13260855675173], [-121.64289163298974, 37.13254816463376], [-121.64284017950554, 37.13248402419566], [-121.64279574782344, 37.13241660309686], [-121.64275574248477, 37.13235544024975], [-121.64270981965936, 37.132297002848915], [-121.6426582671764, 37.13224165714351], [-121.64260140814599, 37.13218975000509], [-121.64243581184877, 37.132050131123506], [-121.64241438433952, 37.13203206480114], [-121.64223224104644, 37.13217566563726], [-121.64211903360278, 37.13226159723944], [-121.64200186176606, 37.13234405192195], [-121.64188089199922, 37.132422912534565], [-121.64187823118947, 37.13242463278661], [-121.6411365120696, 37.133029798152265], [-121.6401623934124, 37.133807399893776], [-121.63985700037429, 37.13402825885716], [-121.63974298620694, 37.13411069524023], [-121.63971187358709, 37.134137135431544], [-121.63968646870318, 37.13416723310315], [-121.63965292180231, 37.134207896971944], [-121.63961259844366, 37.134244402713854], [-121.63930271652228, 37.134488056348026], [-121.63915525628175, 37.13460274782618], [-121.63907395140971, 37.134670167009354], [-121.63899819125746, 37.134741606500576], [-121.6389282852583, 37.13481677452913], [-121.63887021343787, 37.134878863026245], [-121.63880691539089, 37.134937586004845], [-121.63873869446057, 37.13499266203574], [-121.63866587758517, 37.13504382716713], [-121.63858881373113, 37.135090836189626], [-121.6384742224963, 37.13515946717373], [-121.6383642078055, 37.13523274151552], [-121.6382590628778, 37.135310463928164], [-121.63780800263467, 37.13566162464524], [-121.63747221959073, 37.13592301183356], [-121.63655057242838, 37.136619977137], [-121.63681495093405, 37.136946419723714], [-121.63708657176612, 37.13726902935204], [-121.63736534832947, 37.13758770306068], [-121.63765119174174, 37.137902339143075], [-121.63794401086174, 37.13821283718007], [-121.63765119174174, 37.13790233914309], [-121.63736534832947, 37.13758770306068], [-121.63708657176612, 37.13726902935204], [-121.63681495093405, 37.136946419723714], [-121.63655057242838, 37.136619977137], [-121.63634037569668, 37.13635096759988], [-121.63609810957284, 37.13602965821855], [-121.63586280259068, 37.13570505117208], [-121.63563452467669, 37.135377243049824], [-121.63381043232414, 37.13233107178278], [-121.63344533825212, 37.13170978666443], [-121.63338824494511, 37.13161262866975], [-121.63337039542628, 37.131585449532366], [-121.63341180955288, 37.13156973576447], [-121.63369138050923, 37.13146491587689], [-121.63402631193524, 37.13134225496071], [-121.63427926760912, 37.13125073862982], [-121.63459884593023, 37.131135165469864], [-121.635684408624, 37.13074257722581], [-121.63596020754562, 37.130724996189294], [-121.63682341208099, 37.13039446261936], [-121.63697749738954, 37.130336130741156], [-121.63711960725853, 37.13028178301151], [-121.63795609230695, 37.1299619389122], [-121.63796299855404, 37.12995928539798], [-121.6379574219371, 37.12992998303834], [-121.63795653141015, 37.129900351010825], [-121.63796034134758, 37.12987086780271], [-121.63796474336475, 37.12983390891679], [-121.63796256019407, 37.129796823520216], [-121.63796040504444, 37.129774691730994], [-121.6379539785942, 37.1297530973588], [-121.63776921948568, 37.129180565424946], [-121.63774268971918, 37.12911167339351], [-121.63770832900501, 37.12904503698631], [-121.63746462243945, 37.12862815754413], [-121.63736066673519, 37.12845033147582], [-121.63733297052259, 37.12840716221794], [-121.63730143813193, 37.12836571449036], [-121.63725021410113, 37.12830966783213], [-121.63719210588988, 37.128258105482956], [-121.63712772180062, 37.128211567208304], [-121.63705773582909, 37.128170540179525], [-121.63698288060894, 37.12813545387451], [-121.6369039397424, 37.128106675582124], [-121.63682173959775, 37.12808450655754], [-121.63673714065936, 37.128069178869005], [-121.63665102852038, 37.12806085296862], [-121.63656430461316, 37.12805961601288], [-121.6364778767736, 37.1280654809504], [-121.63639264973847, 37.12807838638629], [-121.63630951567552, 37.128098197224936], [-121.63622934484466, 37.12812470608395], [-121.63549459309273, 37.12840369944647], [-121.63540108207526, 37.12843921643467], [-121.63532258797778, 37.128465422979296], [-121.63524133019618, 37.12848551597769], [-121.63431963817831, 37.128631914565794], [-121.63423895991421, 37.12864225804813], [-121.6341574178563, 37.12864639954177], [-121.63407575394778, 37.12864430136363], [-121.63399471124056, 37.128635982604855], [-121.63391502713392, 37.12862151895696], [-121.63383742666433, 37.12860104202326], [-121.63376261590798, 37.1285747381211], [-121.63369127555583, 37.1285428465866], [-121.63362405471979, 37.12850565759675], [-121.63356156502613, 37.128463509528935], [-121.63350437505048, 37.128416785881875], [-121.63345300514423, 37.128365911786055], [-121.63340792270013, 37.12831135013523], [-121.63336953789981, 37.1282535973745], [-121.63294548651793, 37.12752352565709], [-121.63259299670399, 37.12691664880382], [-121.63368035692935, 37.126496507474684], [-121.63385539184652, 37.12642888951514], [-121.63395804807293, 37.12639147389461], [-121.63406269424392, 37.126357777715725], [-121.63406353866024, 37.126357524169485], [-121.63408290723373, 37.12635176566233], [-121.63417147708407, 37.126324242972345], [-121.63425869224298, 37.12629407384678], [-121.63431150419267, 37.12627426570881], [-121.63446783708591, 37.1262138320902], [-121.63540628809471, 37.12585110545583], [-121.63544193593651, 37.125834256693395], [-121.63515883466488, 37.125359199316755], [-121.63513603642379, 37.12531560980203], [-121.63511863449254, 37.125270452997526], [-121.63510679348659, 37.12522415609455], [-121.63509795423313, 37.12518956863036], [-121.63508497945669, 37.12515582769735], [-121.63506799077484, 37.12512324954816], [-121.6349622258639, 37.12494518031577], [-121.63486592829457, 37.12478305003357], [-121.63463336622397, 37.124391495959095], [-121.63427066615836, 37.12379924000749], [-121.63426424859351, 37.12378727475636], [-121.63425934828851, 37.12377485791255], [-121.63425707734858, 37.12376828768823], [-121.63424742076144, 37.123745277226476], [-121.6342353255505, 37.123723018089905], [-121.63398669621706, 37.12331491719694], [-121.63394897014193, 37.123259036402985], [-121.63390555421309, 37.12320587039631], [-121.6338567510844, 37.12315578978451], [-121.6338029009606, 37.123109143666866], [-121.63374775519502, 37.12306518156888], [-121.63363263162735, 37.12297348401594], [-121.63357459796008, 37.122923597833015], [-121.6335214688488, 37.12287032287248], [-121.63347355184298, 37.122813967539], [-121.63343112431792, 37.122754858068554], [-121.63339443186892, 37.122693336639806], [-121.6333636868899, 37.12262975939311], [-121.63329112819743, 37.12246074080595], [-121.63330306231441, 37.12245799248159], [-121.63333004697988, 37.12245081809991], [-121.63335621472513, 37.122441912238266], [-121.63375689563759, 37.122279415628675], [-121.63335837526468, 37.121603880249765], [-121.6333559983232, 37.121599828268444], [-121.6333565966011, 37.12159968572929], [-121.63338895485195, 37.12159100345134], [-121.63342032936787, 37.121580252409174], [-121.6343369486223, 37.121230885128995], [-121.63458317785341, 37.121135259100555], [-121.63482761388137, 37.121036727658826], [-121.63478097877648, 37.120963203286706], [-121.63477586264973, 37.12095498842286], [-121.63463575710522, 37.12072575494014], [-121.63449997132827, 37.12049486070041], [-121.63449117072736, 37.12048019099692], [-121.63416049101754, 37.11992587190556], [-121.63383301898011, 37.11937033395147], [-121.6336149953412, 37.11900416215052], [-121.6336102102471, 37.118996121699546], [-121.63307655070912, 37.11809747676044], [-121.63287301949762, 37.117758323145274], [-121.6326743274263, 37.117417334612824], [-121.63257306997922, 37.117250689557196], [-121.63247499597134, 37.11708282801783], [-121.63247032374414, 37.117074697971766], [-121.63243565884254, 37.11701380503747], [-121.63054639882877, 37.11772900266935], [-121.63044749781882, 37.117768366946926], [-121.62960041727253, 37.11809322787174], [-121.62890005713172, 37.11835060710388], [-121.62855403897886, 37.118424676132484], [-121.62739011336738, 37.11888110151955], [-121.62728975442326, 37.1189187612527], [-121.62716159778493, 37.118968449939274], [-121.62703735517232, 37.119024150037404], [-121.62695967319493, 37.11905946008019], [-121.62687996726437, 37.119091748242454], [-121.62677747921173, 37.11913081223858], [-121.62656028607763, 37.119213596039394], [-121.62646631651037, 37.11924941304948], [-121.62631999801711, 37.119305184356335], [-121.62618760165515, 37.11935564938525], [-121.62614110688831, 37.11937336937709], [-121.62611848372485, 37.119335691947335], [-121.62605682596781, 37.119233006570056], [-121.62522249435662, 37.11784346979955], [-121.62493589021628, 37.117360637957404], [-121.62489030884022, 37.117283849757946], [-121.62425781857638, 37.11621830011603], [-121.62412274681307, 37.115984620932316], [-121.62398155237251, 37.11575327470643], [-121.62383429809829, 37.11552436431475], [-121.62368104952685, 37.115297991549475], [-121.62352187485845, 37.11507425707352], [-121.62335684492662, 37.114853260375625], [-121.6231576039075, 37.11458625718569], [-121.62295170363468, 37.11432251455786], [-121.62273922733435, 37.114062139009086], [-121.62252026088595, 37.11380523569534], [-121.62229489278722, 37.1135519083692], [-121.62206321411858, 37.11330225933805], [-121.6218253185062, 37.113056389422745], [-121.62158130208408, 37.11281439791692], [-121.62133126345526, 37.11257638254702], [-121.62107530365192, 37.11234243943281], [-121.62081352609454, 37.112112663048634], [-121.62054603655004, 37.111887146185275], [-121.62027294308916, 37.11166597991261], [-121.61999435604268, 37.11144925354278], [-121.61982541293494, 37.11131713194246], [-121.6111457058229, 37.10452882162626], [-121.61109860827041, 37.104491957933426], [-121.6110375121937, 37.10444417139284], [-121.60809662718228, 37.10214377450113], [-121.60780266103983, 37.10190538735997], [-121.60751461027996, 37.101662412209514], [-121.60723258644983, 37.10141494319051], [-121.60695669875824, 37.10116307618395], [-121.6066870540333, 37.10090690877379], [-121.60642375668112, 37.100646540209205], [-121.60616690864549, 37.10038207136591], [-121.60591660936825, 37.10011360470725], [-121.60567295575099, 37.09984124424427], [-121.60543604211745, 37.099565095495414], [-121.60520596017722, 37.099285265445644], [-121.60498279899, 37.09900186250494], [-121.60476664493146, 37.09871499646618], [-121.60455758165976, 37.09842477846265], [-121.60435569008318, 37.098131320924864], [-121.60416104832892, 37.097834737537035], [-121.60397373171294, 37.09753514319294], [-121.60379381271086, 37.097232653951394], [-121.60362136093002, 37.09692738699124], [-121.60133793860528, 37.092756952177474], [-121.60102646046613, 37.09219312177025], [-121.60102137061335, 37.092183908298004], [-121.60093657596859, 37.09203041475338], [-121.5993044068396, 37.08907583094132], [-121.59925484320956, 37.08898610870679], [-121.59925457281672, 37.08898561927855], [-121.59924460331703, 37.08896757206044], [-121.59921141956221, 37.08890782094002], [-121.59918812895006, 37.088865100182296], [-121.59704002070889, 37.08492469555228], [-121.59628468604024, 37.08356971672877], [-121.5946686120174, 37.08067105338941], [-121.59466796702725, 37.08066986874312], [-121.5940668380078, 37.07956351482838], [-121.59406598640531, 37.07956194315998], [-121.59157936163902, 37.075038981996734], [-121.58969398717677, 37.07150945841692], [-121.58966525367454, 37.071453214220035], [-121.58966485302618, 37.07145242937675], [-121.58957401000515, 37.071484580691134], [-121.58760060918154, 37.07218297552099], [-121.58467034009514, 37.07321802216576], [-121.58243320740966, 37.07400509609259], [-121.57987947162277, 37.074909681607735], [-121.57987139756607, 37.07491236500286], [-121.57983126892876, 37.07492468396376], [-121.57726114517845, 37.07583220132], [-121.57209164404367, 37.07766008170229], [-121.57194892960885, 37.07771431096141], [-121.57194333041026, 37.077716331317085], [-121.5717383762086, 37.07778712972995], [-121.57173729643364, 37.077787528927104], [-121.56973187336928, 37.078493492668], [-121.56923316112028, 37.07867043480374], [-121.56883664569753, 37.078810366363506], [-121.56877772251003, 37.07883116303699], [-121.5683269227993, 37.07899081662591], [-121.56832643950575, 37.07899098146227], [-121.56824801389533, 37.07901843245982], [-121.5679359886091, 37.07912771890904], [-121.56789915768667, 37.07914114803772], [-121.56769781471127, 37.07921733095752], [-121.56648377857532, 37.07964410653904], [-121.56593420282235, 37.07983729223352], [-121.56552571555342, 37.07998192228391], [-121.56374270903913, 37.08061470632772], [-121.56374165801033, 37.080615081860124], [-121.56338967746139, 37.08073815533536], [-121.5632095365216, 37.08080116079905], [-121.56320567196963, 37.08080254682547], [-121.56303286577274, 37.080867109543945], [-121.56281916718626, 37.0809444858256], [-121.5626032267747, 37.081017758299396], [-121.5625399000462, 37.08103852211733], [-121.56190338624879, 37.081258938729796], [-121.56116518856308, 37.08151122226748], [-121.56084231701946, 37.081622601339745], [-121.56076641567488, 37.081649108983015], [-121.56003693523927, 37.08190425855092], [-121.55946667488121, 37.082103712763775], [-121.55925791092466, 37.08217740807971], [-121.55835568717411, 37.08249875043874], [-121.55808955142034, 37.08259237243699], [-121.55722568123689, 37.082895162725976], [-121.55627968707965, 37.08322752826846], [-121.55571693933095, 37.0834283377465], [-121.55511827334733, 37.0836467895625], [-121.5550980307132, 37.08365392582564], [-121.55509601489389, 37.08365463601204], [-121.55503966537921, 37.08367455061113], [-121.55501459866576, 37.08368340954022], [-121.55491106456819, 37.08371995963749], [-121.5427272325278, 37.08802110973181], [-121.5430358254193, 37.088361017889774], [-121.54552279982353, 37.091100312634566], [-121.5479970298324, 37.093825293644606], [-121.54853696396914, 37.09362886971872], [-121.54906621891519, 37.09361894493229], [-121.5494288920748, 37.09381282881189], [-121.54970261586328, 37.09402481409686], [-121.54983900886023, 37.09391781910919], [-121.5498375464151, 37.093809294147405], [-121.54983310966811, 37.093518967238424], [-121.55017474521082, 37.09347968636397], [-121.55058904006289, 37.093558704606544], [-121.55084587013333, 37.09380050298482], [-121.55079078986293, 37.09450837490311], [-121.55100400134741, 37.09471430999408], [-121.55107097426217, 37.09538047949866], [-121.55092370982827, 37.0957352755295], [-121.55101383236084, 37.096067632845646], [-121.5516378621776, 37.09671816836498], [-121.55220111473461, 37.09692813644569], [-121.55277989200393, 37.09686393780997], [-121.55312474353474, 37.09664169287382], [-121.55322834804389, 37.09639740581309], [-121.55342295635792, 37.096252573484854], [-121.55387443338304, 37.09623309714453], [-121.55406418266138, 37.09653939982303], [-121.55405711737708, 37.09686601721536], [-121.55417745026135, 37.09707582794005], [-121.55441647213578, 37.097287154221405], [-121.55440139479416, 37.09747266635187], [-121.55439638668491, 37.09749248776081], [-121.5543802295739, 37.097629646121725], [-121.55438801886373, 37.09763703686213], [-121.55438394949063, 37.097686970730805], [-121.5549466962578, 37.09824983026168], [-121.55501888933448, 37.098433477866685], [-121.55507756636528, 37.09858264012306], [-121.5554443735822, 37.09867573430361], [-121.55573865440203, 37.09900168978402], [-121.55625720049336, 37.09935665375844], [-121.55631392909042, 37.09939772999721], [-121.5564743663472, 37.0996869209748], [-121.5564502061088, 37.100170411893494], [-121.5564192222743, 37.10059765995769], [-121.55646411286266, 37.10074559636259], [-121.55634377273297, 37.10107747242733], [-121.55790751726296, 37.10342452814028], [-121.55831821708185, 37.10328246258053], [-121.5587761215669, 37.10312406881452], [-121.55998346615243, 37.10270643344449], [-121.56377596958727, 37.10139454532845], [-121.56378748778438, 37.101390560331026], [-121.56643632819718, 37.10047417232473], [-121.5664388641408, 37.10047329464034], [-121.57081898967144, 37.098957660295255], [-121.57298686944173, 37.09820750795945], [-121.5737827578269, 37.09793208327385], [-121.57382028494354, 37.09791909668972], [-121.57394852931695, 37.0978739241376], [-121.57400323850834, 37.0978546538224], [-121.57451766408659, 37.09767342735448], [-121.57469384884644, 37.09761135733993], [-121.57506068932526, 37.097482116356716], [-121.57514609484438, 37.0974520324388], [-121.57615702371491, 37.097095845164795], [-121.57617092154906, 37.0970909485419], [-121.57663123890904, 37.096928770834474], [-121.57688627058882, 37.09683891891532], [-121.57727077374085, 37.096703451551875], [-121.57733351836129, 37.09668133423288], [-121.57739631957563, 37.09665921690758], [-121.58158979677434, 37.09518160687935], [-121.58170098663437, 37.09514023244062], [-121.58239106231169, 37.09639456400263], [-121.58241384447759, 37.09643597430849], [-121.58242764618882, 37.09646106094338], [-121.58296572607495, 37.09743909718886], [-121.58387845989722, 37.099096254198635], [-121.58453120070602, 37.10028359757085], [-121.58453140642003, 37.10028396154207], [-121.58472980287453, 37.10064122295546], [-121.5847300364364, 37.10064163277954], [-121.58571061100425, 37.10242753627318], [-121.58673045810679, 37.10427781937634], [-121.58711638050536, 37.10497926158815], [-121.58721291972002, 37.10515472841215], [-121.58721301134808, 37.1051548946245], [-121.587316033702, 37.10534215135109], [-121.5873164981308, 37.105342994590664], [-121.58759319800573, 37.105845873187185], [-121.58837347438711, 37.10726462859357], [-121.58882214498566, 37.10806910315201], [-121.58884116141527, 37.10810319974446], [-121.58884136712946, 37.10810358588693], [-121.58890661893214, 37.10822183777061], [-121.58927189266309, 37.108883792161336], [-121.58983232352382, 37.10990414698564], [-121.59029864960351, 37.11075295607], [-121.59062359707733, 37.11134020418487], [-121.59080069711324, 37.11166178827435], [-121.59110297394345, 37.11221070180059], [-121.59173764152752, 37.11336196634996], [-121.59181552438552, 37.11350333285689], [-121.59210336895529, 37.114025805739], [-121.59250346122869, 37.1147507324966], [-121.59263107309667, 37.11498000704828], [-121.59275357985592, 37.11520012915477], [-121.59275399055538, 37.11520083426866], [-121.5932264898397, 37.11606280500789], [-121.59356143553315, 37.11666997976002], [-121.59356164018156, 37.116670343679935], [-121.59386529676146, 37.11722681484053], [-121.59386550259421, 37.11722720192785], [-121.59420089767771, 37.11783517216928], [-121.5944839708412, 37.11835161765063], [-121.59448417667703, 37.118352005092774], [-121.59482414917645, 37.11896540159179], [-121.59493602376938, 37.11916699136058], [-121.59510579698345, 37.11947291117669], [-121.59514254349659, 37.1195391256334], [-121.59527152827606, 37.119771544267465], [-121.59527220187901, 37.119772659252924], [-121.59534328635667, 37.119897767982266], [-121.59539891478202, 37.11999563597181], [-121.59543426165101, 37.12005782368343], [-121.59543520026949, 37.12005943963559], [-121.5959884319421, 37.12100018157486], [-121.59598863762076, 37.121000546285664], [-121.59684286139144, 37.12243872020697], [-121.59723300621417, 37.12309295357694], [-121.598496127768, 37.1252138740774], [-121.59931439202396, 37.12659098172512], [-121.59938743046831, 37.1267139863468], [-121.6004850716719, 37.1285622124941], [-121.60056400390754, 37.128694979572494], [-121.60056622976965, 37.12869855254534], [-121.60075105182221, 37.128987386823155], [-121.60095389784891, 37.128917197881016], [-121.60095927245612, 37.128915247651854], [-121.60150960703143, 37.12870660291172], [-121.60275789706655, 37.128231788676096], [-121.60460761441186, 37.127529827737995], [-121.6059401001781, 37.127023512253636], [-121.607229276243, 37.126531737017736], [-121.60808175403265, 37.126207195214704], [-121.60923163281947, 37.128146447121914], [-121.61049912736473, 37.13027710230308], [-121.6105110894154, 37.13029720940426], [-121.61051496200173, 37.13030504157843], [-121.61051751722242, 37.13031321296426], [-121.6105187108687, 37.13032158218731], [-121.61051957295622, 37.130328390079626], [-121.610521341005, 37.13033508483965], [-121.61052404575602, 37.13034164642031], [-121.61052762123751, 37.13034793518988], [-121.61070595638563, 37.13062250941914], [-121.61070865135348, 37.13062687842275], [-121.61132909085161, 37.13167069029899], [-121.61190211513097, 37.13264094969021], [-121.61262988842005, 37.13387590964623], [-121.61263797468303, 37.13389203054815], [-121.61264363286642, 37.13390880184051], [-121.6126467841843, 37.13392599000059], [-121.61265446335975, 37.13396773036729], [-121.61266829062203, 37.13400844276869], [-121.61268806955617, 37.1340475488601], [-121.61289832721437, 37.13440103508774], [-121.61333544383145, 37.13513593396055], [-121.61339985222553, 37.13524422010804], [-121.61406752590013, 37.136366728150186], [-121.61411977995658, 37.13645189767193], [-121.61413347441561, 37.136466218763005], [-121.61414960833002, 37.13647880655686], [-121.6141831663071, 37.1365049296711], [-121.61421175713791, 37.136534599358335], [-121.61423480273213, 37.136567215720795], [-121.61461461030605, 37.137207025905155], [-121.61533260202947, 37.1384165421466], [-121.61535491161149, 37.1384493309198], [-121.61538154762154, 37.13847998017396], [-121.61538677312019, 37.13848526369018], [-121.61542611912513, 37.13852898890216], [-121.61545888625696, 37.13857606305451], [-121.61564505035922, 37.13888429411923], [-121.61570727594629, 37.13899346713329], [-121.61576337309312, 37.13910474840328], [-121.6158132306826, 37.139217917558135], [-121.61585674995253, 37.13933275048732], [-121.6159324293867, 37.13954967910508], [-121.6159797535238, 37.139675688986216], [-121.61603324027944, 37.13980010889221], [-121.61609280667969, 37.13992274573974], [-121.61615836031447, 37.14004340921167], [-121.61622979948093, 37.140161912052335], [-121.61628468293398, 37.14024557345757], [-121.61629754500815, 37.14026451647412], [-121.61638412191961, 37.14038624014793], [-121.61647670080423, 37.14050509930608], [-121.61657513403475, 37.14062090437822], [-121.61667926464447, 37.14073347066421], [-121.61678892657773, 37.14084261862866], [-121.61690394495433, 37.14094817418743], [-121.6170241363487, 37.141049968985286], [-121.61713805347904, 37.141142678673326], [-121.61793391391554, 37.14179028990499], [-121.61799883245045, 37.14184313706047], [-121.61802881641076, 37.1418675477075], [-121.61891160769473, 37.14258584836551], [-121.61992382551838, 37.14340947417752], [-121.62061087394929, 37.14396852237632], [-121.62058351126771, 37.14398954462784], [-121.62151909562981, 37.144751083663635], [-121.62386226334425, 37.14665825808503], [-121.62386344193378, 37.14665690190503], [-121.62387188070763, 37.14664555409894], [-121.62386344193378, 37.14665690190516], [-121.62386226334425, 37.14665825808503], [-121.62508091846219, 37.14764737963701], [-121.62634402400607, 37.14867334616868], [-121.62690682288687, 37.14913229431826], [-121.626907633167, 37.1491329501899], [-121.62753310299782, 37.14964789629903], [-121.62875899404493, 37.15063056981101], [-121.62962239624744, 37.14995458091075], [-121.6305271389171, 37.14924133525964], [-121.63052860856084, 37.14924017674625], [-121.63086138674068, 37.148978746786284], [-121.63165068242941, 37.14835498353936], [-121.63165104984047, 37.14835470500601], [-121.6321359316527, 37.14796982389135], [-121.6321368632056, 37.14796908280253], [-121.63294883776034, 37.14732923054257], [-121.63295090119045, 37.147327604429734], [-121.63303365309046, 37.147262394485736], [-121.63400747979422, 37.1464950050311], [-121.63400821461613, 37.14649440284003], [-121.63589778296094, 37.14500661894561], [-121.63609018321735, 37.144855127882494], [-121.63614041880123, 37.14481557358678], [-121.63692104305284, 37.14420089936779], [-121.63692191980873, 37.14420020407024], [-121.63823963775025, 37.14315872489318], [-121.63824147480481, 37.1431572877341], [-121.63932606557329, 37.1422934885918], [-121.64038457375358, 37.141501091596595], [-121.6407182448575, 37.141251300731184], [-121.64081299735075, 37.1411763531419], [-121.64083112535187, 37.141162754552624], [-121.64087511134805, 37.1412076957757], [-121.64099694712291, 37.14133217607122], [-121.64485224310611, 37.14532262653648], [-121.64507968120425, 37.14555680626672], [-121.64533751474146, 37.14535483032505], [-121.64552259821492, 37.14525893580268], [-121.6455734078224, 37.14521893848076], [-121.64634064538068, 37.144614967617876], [-121.64631397889856, 37.14458757904872], [-121.64635375809327, 37.14455631157688], [-121.64647707880728, 37.144459311871444], [-121.64688782805354, 37.144136379139816], [-121.64806444672386, 37.143211295373455], [-121.64808893928854, 37.14319201081473], [-121.64816236488011, 37.14313429602737], [-121.64820296244005, 37.14310237919171], [-121.64823579047153, 37.14307655756535], [-121.6482602848327, 37.1430572966027], [-121.64936015504375, 37.14219251958298], [-121.64928913515281, 37.14213482836973], [-121.64922648127018, 37.142083875459065], [-121.64916374384423, 37.14203296905991], [-121.64882381782948, 37.14175690382559], [-121.64873403752694, 37.14168399184438], [-121.64856544984, 37.14154705504808], [-121.64839683700018, 37.14141014163497], [-121.64828748600546, 37.141321307042126], [-121.64822827895776, 37.141273227258175], [-121.64805729187132, 37.14113434481075], [-121.64788870777757, 37.14099742993461], [-121.6477511604695, 37.14088570918271], [-121.64772012458236, 37.14086051481048], [-121.64755756369124, 37.140728485364704], [-121.64736492272003, 37.14057200667809], [-121.64699270048226, 37.14026967884999], [-121.64698908117077, 37.140266739256155], [-121.64695897234465, 37.14024226793992], [-121.64693064218255, 37.14021832724702], [-121.64580161086268, 37.14110788216518], [-121.64578802923475, 37.1411185834536], [-121.64580161086268, 37.14110788216514], [-121.64693064218255, 37.14021832724706], [-121.64716119119154, 37.14003667795381], [-121.64684001391065, 37.13977587280376], [-121.64677386691305, 37.139718371434526], [-121.64671275370763, 37.139657404372855], [-121.64665695682334, 37.139593253484726], [-121.64660673420838, 37.139526215354834], [-121.64656231803805, 37.13945659991563], [-121.6465239136412, 37.13938472901408], [-121.6464916985516, 37.139310934923664], [-121.64647482909673, 37.13926417723642], [-121.64637193880867, 37.13895439948867], [-121.64634716911932, 37.1388918243202], [-121.64631517218874, 37.138831386797655], [-121.64627623056975, 37.13877362058964], [-121.64623068813506, 37.13871903577566], [-121.64617894704045, 37.13866811434216], [-121.64612146417343, 37.138621305926875], [-121.64605874711859, 37.13857902384859], [-121.64599134967564, 37.13854164145792], [-121.64591892565261, 37.138502567448406], [-121.64585000356946, 37.138459625219696], [-121.64578490519094, 37.138413015252695], [-121.64548254845461, 37.13866432434853], [-121.64542856792237, 37.13871372793108], [-121.64538074323117, 37.138767042041614], [-121.64533951375554, 37.13882377688838], [-121.64530525828307, 37.13888341125251], [-121.64527829153398, 37.138945397276174], [-121.64525886126934, 37.139009165495594], [-121.6452471460143, 37.13907413007254], [-121.64524325341725, 37.13913969417629], [-121.64508785118872, 37.139105121015405], [-121.64501064377531, 37.13908441706094], [-121.6449365632587, 37.13905736424327], [-121.64486642160944, 37.139024259080294], [-121.64480098762257, 37.13898546442731], [-121.6447409784908, 37.13894140549989], [-121.64431236991481, 37.13859192563094], [-121.64417134253408, 37.13847693368125]]]}}, {"type": "Feature", "properties": {"TRUSTEE_AREA": 5}, "geometry": {"type": "MultiPolygon", "coordinates": [[[[-121.66518411708645, 37.14496554301405], [-121.66529336657445, 37.14502787998855], [-121.66582202589986, 37.14536283221802], [-121.66600210539194, 37.14546651979127], [-121.66617897669894, 37.14557368800205], [-121.66635253485792, 37.145684273260684], [-121.6664343003949, 37.145738323523084], [-121.66663548397439, 37.14587693932555], [-121.66683152748281, 37.14602019731519], [-121.66702226381223, 37.14616797540041], [-121.66720753037478, 37.1463201476367], [-121.6673871692415, 37.14647658433378], [-121.66750713123099, 37.146594487123515], [-121.66762957237164, 37.14671074545567], [-121.66793478568992, 37.1470083582096], [-121.66823323469588, 37.147299373685776], [-121.66927246483604, 37.14830848755826], [-121.66932236803375, 37.148356513464144], [-121.67166161725747, 37.15063472993482], [-121.67173449936685, 37.15059042512024], [-121.67198884563933, 37.15043581057843], [-121.67207575763575, 37.150382977313306], [-121.67248418016729, 37.15077748358633], [-121.67299001238962, 37.151266081990975], [-121.67347398770877, 37.15173354258297], [-121.67360327860091, 37.15185840937488], [-121.67449205175026, 37.15271572287295], [-121.67469331654218, 37.152914965620546], [-121.6750839075189, 37.15330157434091], [-121.67530346200515, 37.153518890343754], [-121.67532159988436, 37.153536842706586], [-121.67557091105661, 37.15378357592949], [-121.67583594004726, 37.15404589860244], [-121.67611950127754, 37.15432652766076], [-121.67617030638336, 37.15437683081619], [-121.67645433563573, 37.154657959105634], [-121.67653200754711, 37.15474315382363], [-121.67657752157699, 37.15479307580903], [-121.67663766736213, 37.154859046781205], [-121.67657523714865, 37.15491129913909], [-121.6766413468479, 37.15497890168462], [-121.67748068392194, 37.15580049954058], [-121.6776155416723, 37.15593250625377], [-121.67829626505444, 37.15659900923233], [-121.67840052170277, 37.15670108804879], [-121.67948495165625, 37.155990775581046], [-121.67840052170277, 37.15670108804885], [-121.67941282664486, 37.15769228116037], [-121.67968208310724, 37.15794711306509], [-121.68011464605875, 37.158369652900625], [-121.68017988079944, 37.158433382043164], [-121.68002060591924, 37.158537808039334], [-121.67989587934363, 37.15862035516897], [-121.68004424056572, 37.15876544909186], [-121.68022025372203, 37.15893559292153], [-121.68046095095168, 37.15917068338941], [-121.68060547906349, 37.159311754930776], [-121.68078777054353, 37.159489891480575], [-121.68100183632518, 37.15969721124872], [-121.68118689281897, 37.159878317221896], [-121.68140578165469, 37.16008659453268], [-121.6815834629814, 37.160264181584], [-121.68171175764175, 37.160391178438445], [-121.68169039120863, 37.160458047281864], [-121.68179792581822, 37.16047456260517], [-121.68187711139169, 37.16055039455901], [-121.6819556456867, 37.16062666886782], [-121.68203352870319, 37.16070336118968], [-121.68217503847663, 37.16084127988454], [-121.68232039303824, 37.16098353169875], [-121.682457784037, 37.1611177379237], [-121.68262861930509, 37.16128527487211], [-121.68275055928491, 37.161404438058725], [-121.68288333474133, 37.16153237368984], [-121.68305208052854, 37.161697870842126], [-121.68315577033981, 37.16179851885512], [-121.68319334326537, 37.16183437239521], [-121.6832302379628, 37.16187066691059], [-121.68326639514339, 37.16190738163905], [-121.68334750760248, 37.16198731351872], [-121.68348599634234, 37.162122033405254], [-121.68361621160066, 37.16224704053661], [-121.68367326089465, 37.16230271047675], [-121.68372901302168, 37.1623571139636], [-121.6837425973418, 37.16237037012766], [-121.68391108261771, 37.162535457388024], [-121.68404627813447, 37.16266785252273], [-121.68417602806545, 37.162794100816086], [-121.68438479468672, 37.162997851423384], [-121.68454966244767, 37.163161852748864], [-121.68465959914235, 37.16326483903427], [-121.68474331312196, 37.163346391667645], [-121.68476977389021, 37.163370248439804], [-121.68480583045965, 37.163406159936855], [-121.68475862040218, 37.16343549532498], [-121.68475702858771, 37.16343648395702], [-121.6847539895873, 37.16343837245177], [-121.68475212558329, 37.16343953074761], [-121.68475925550986, 37.163446576451804], [-121.68476963643852, 37.163456835030004], [-121.68487265251343, 37.16355863684696], [-121.68502158775902, 37.16370425963218], [-121.68518148155005, 37.163857322966926], [-121.68535266266949, 37.16402425823462], [-121.68550278818243, 37.16417083008809], [-121.68565936629221, 37.16432573513496], [-121.68581658310436, 37.16447761244358], [-121.68598995970592, 37.16464571535705], [-121.68612665271363, 37.16478012912454], [-121.68626501479093, 37.16491699950972], [-121.68638634571339, 37.16503483834543], [-121.68646968240063, 37.16511575266458], [-121.68661386286436, 37.165258743080614], [-121.68665526261178, 37.165299213016816], [-121.68673072197431, 37.165372975581356], [-121.68675583257493, 37.16539752180537], [-121.6869089620536, 37.165545640120065], [-121.68706194690331, 37.165695383862236], [-121.68719407377586, 37.165824831282386], [-121.68734619983616, 37.16597442342571], [-121.68746551763455, 37.166091389415385], [-121.6875819671126, 37.16620781117413], [-121.68764780372398, 37.16627441359129], [-121.68776245028381, 37.16638890799059], [-121.6878811599225, 37.16650704590487], [-121.68802012926024, 37.166647548254005], [-121.6882038625357, 37.166829641195115], [-121.68838833332819, 37.16700769846484], [-121.68867766443695, 37.16728485409051], [-121.68879991523426, 37.16739942856592], [-121.68883769836533, 37.167437269494485], [-121.68887339021883, 37.16747314040323], [-121.68903071393045, 37.16762524332023], [-121.6892644662867, 37.16785017691712], [-121.68942485055763, 37.16800600000177], [-121.68957975331067, 37.16815169367631], [-121.68975933187892, 37.168327417787935], [-121.68991263383411, 37.168476629164864], [-121.69008750343514, 37.1686475027593], [-121.69025589708293, 37.1688122849662], [-121.69041419187302, 37.168965976475484], [-121.69057779840001, 37.16912459399742], [-121.6906306435795, 37.1691759782264], [-121.69068048389535, 37.16922376682367], [-121.69082924127439, 37.1693692920786], [-121.69088757605707, 37.169426373389726], [-121.69092182342008, 37.169459884713774], [-121.6913072427975, 37.169837016540505], [-121.69131575433256, 37.169845238457285], [-121.69142848838011, 37.16995393575059], [-121.69153897574147, 37.17006153339004], [-121.6915902309033, 37.17011187045593], [-121.69168165242608, 37.17020048153399], [-121.69177214509108, 37.170288255003335], [-121.69183226841905, 37.170347565386926], [-121.6919751445292, 37.170488205906224], [-121.69208727850211, 37.17059853289777], [-121.6921929419115, 37.17070128142094], [-121.69228405890551, 37.170790467320664], [-121.69240545360796, 37.17091106861669], [-121.69251371494462, 37.17101710872335], [-121.69261499457667, 37.171115712145415], [-121.69273239177727, 37.17123138745061], [-121.69285396883745, 37.17135265016381], [-121.69299823014988, 37.17149373332791], [-121.69312575764945, 37.17161864335679], [-121.69323040596278, 37.17172215497022], [-121.69344733377596, 37.171935901289956], [-121.6935151278161, 37.17200257238608], [-121.69363794185686, 37.17212054834411], [-121.69374447753009, 37.17222571276388], [-121.69410167005205, 37.172575292733406], [-121.69455296287185, 37.17301933403276], [-121.69498357288606, 37.173441360855634], [-121.69501524567818, 37.173472349399475], [-121.69548865411642, 37.17393575520432], [-121.69588091595958, 37.17432010550628], [-121.69597681558264, 37.174414435721715], [-121.69604179340527, 37.17447829520704], [-121.69606402490585, 37.17450017936363], [-121.69614783500523, 37.17458257021472], [-121.69662216511459, 37.17504900622829], [-121.69675592063209, 37.17518158558346], [-121.69705839408931, 37.175477931732274], [-121.69710090954403, 37.175519585800394], [-121.69714972937366, 37.175567416194745], [-121.69724932197015, 37.17566499084963], [-121.6976421973624, 37.17604900883059], [-121.69801964419376, 37.1764196330207], [-121.69849720823733, 37.176888340948004], [-121.69871167736258, 37.177094915133246], [-121.6987718375214, 37.177154153609315], [-121.6988119625594, 37.17719833049096], [-121.69970554977758, 37.17807273627293], [-121.6997288924944, 37.17809414986153], [-121.70010453640731, 37.178463436322374], [-121.70041551870432, 37.17876929461495], [-121.7009640685017, 37.179306572208326], [-121.70147472647147, 37.17981002362627], [-121.7015510518097, 37.17988527147156], [-121.70210413719975, 37.18042602167626], [-121.70258778103948, 37.180901380229365], [-121.70267631717414, 37.18098861664815], [-121.70311895832178, 37.18142376589079], [-121.70338806835808, 37.181685825879434], [-121.70344000264609, 37.181736392815694], [-121.70349195580798, 37.181703682094785], [-121.70360781778824, 37.1818166966516], [-121.70363240017963, 37.181840674988486], [-121.70392398246497, 37.182126673128266], [-121.70423891285621, 37.18244300948616], [-121.70459349307768, 37.182792974461336], [-121.70494574756172, 37.18313689592023], [-121.7052549404161, 37.1834357558631], [-121.70554564864187, 37.18371265226909], [-121.70565593208603, 37.18381769606252], [-121.70583124545487, 37.1839868022855], [-121.7075047102766, 37.18560067359814], [-121.7076038204779, 37.18569625288644], [-121.71092235078928, 37.18889650113874], [-121.71141382344558, 37.189371354100786], [-121.71171127981353, 37.18965953860866], [-121.7117294967444, 37.189676700200664], [-121.71189568502945, 37.18983362328003], [-121.71219042668922, 37.19012004987118], [-121.71265343353804, 37.190567496750276], [-121.71303687931776, 37.19093899575619], [-121.71349714630593, 37.19138271442972], [-121.71390187316919, 37.191774567183415], [-121.71436267824824, 37.192217361389666], [-121.7147006612014, 37.19254373192659], [-121.71495770327371, 37.19279231788068], [-121.71496977303467, 37.19280436935428], [-121.71554053097718, 37.193357396174356], [-121.71609905566521, 37.19390003998673], [-121.71650407807428, 37.19429078267851], [-121.717041580394, 37.19480839509352], [-121.71744342186929, 37.1951964897299], [-121.71832911020428, 37.19605423542837], [-121.71842243527286, 37.195997307344285], [-121.7188320633426, 37.19639767861323], [-121.71910403451231, 37.19666351850132], [-121.72100049346642, 37.19851695198057], [-121.72108771895944, 37.19860189976348], [-121.7211377317609, 37.198566654004026], [-121.72124234146622, 37.198492865185194], [-121.72165468834359, 37.19820210320757], [-121.72219555299444, 37.19782072194776], [-121.722108493421, 37.197735660869675], [-121.72219555003082, 37.197820724020595], [-121.72308356500108, 37.19868810193988], [-121.72255018495036, 37.19907192337443], [-121.7237338896109, 37.200228114809015], [-121.72387761881225, 37.200368500392486], [-121.72561332820555, 37.19911945714256], [-121.72567585543626, 37.19907441941087], [-121.72657406106006, 37.198428087581576], [-121.72672719505866, 37.19831787209308], [-121.72777370533836, 37.197564730404544], [-121.72886165220434, 37.19678173068464], [-121.7299541840711, 37.195995422622346], [-121.73056139485287, 37.195558397446966], [-121.73186435975173, 37.1946467583968], [-121.73344447845811, 37.193541120099795], [-121.73368236828988, 37.19337466053257], [-121.73379460558967, 37.19329615585506], [-121.73388718505626, 37.19324304842077], [-121.73389250757239, 37.19325242920727], [-121.73390373920452, 37.193272253440306], [-121.73391845539999, 37.19330068703292], [-121.7339442190727, 37.19335356472806], [-121.73396832625217, 37.19340659623948], [-121.73399129975783, 37.19346030395267], [-121.73401301921538, 37.193514368710154], [-121.7340367311349, 37.193579925181936], [-121.7340896769135, 37.193742223557045], [-121.73409422867444, 37.19375970981541], [-121.73411485038764, 37.19384427294841], [-121.73413298825965, 37.19392751428708], [-121.73415015684942, 37.194010925129405], [-121.7341902477341, 37.19421259147277], [-121.73423100876155, 37.19441502939703], [-121.73428036665929, 37.194670204726705], [-121.73432225686769, 37.194883847460574], [-121.73436323079602, 37.1950851837361], [-121.73440970061176, 37.195328396611245], [-121.73445922379986, 37.19557970187696], [-121.73451014746031, 37.19583957602458], [-121.73454808418651, 37.196028493853355], [-121.73457830708469, 37.196179999729836], [-121.7346002403347, 37.196293688866355], [-121.73462854443194, 37.1964433144117], [-121.7346503150874, 37.19655240491487], [-121.73466836582195, 37.19664413704503], [-121.73468405848044, 37.196722940218955], [-121.73470763474856, 37.196842607797926], [-121.73473626403569, 37.196992826173165], [-121.73475669260941, 37.19709332340875], [-121.73477729276087, 37.19719734393519], [-121.73479836812041, 37.19730763191259], [-121.7348218940822, 37.1974311919226], [-121.73484067963766, 37.19752930290305], [-121.73485351296127, 37.197590831591356], [-121.73487506891921, 37.19770253293379], [-121.73490150901361, 37.19784135223268], [-121.73492104106896, 37.19793961580906], [-121.73493985177727, 37.19803742917394], [-121.73496115081812, 37.19814219758318], [-121.73497973874505, 37.1982334440687], [-121.7349878792725, 37.198272476685354], [-121.73499892674631, 37.198326401325716], [-121.73501314527127, 37.19839210388398], [-121.73504344542516, 37.19853774896611], [-121.73507473641942, 37.19869485182658], [-121.73510270993887, 37.198824292786384], [-121.7351124252121, 37.198870243708136], [-121.73512724291321, 37.19893589427393], [-121.73514305864262, 37.19899965717665], [-121.73516101595526, 37.199064793869695], [-121.73516168160648, 37.19906698414919], [-121.73519430660454, 37.199171357581484], [-121.73522791076603, 37.19927611082274], [-121.73523189569084, 37.19928698705669], [-121.73524860255102, 37.19933190230945], [-121.73532472263413, 37.19951131400911], [-121.73540852452959, 37.199688521399835], [-121.7354999087946, 37.1998633140854], [-121.73559876698167, 37.20003548453517], [-121.73570498176717, 37.20020482833034], [-121.73581842709046, 37.20037114440693], [-121.73640391468392, 37.2011286873057], [-121.73652934282275, 37.201238513042846], [-121.73664994970443, 37.20134399396934], [-121.73685328691097, 37.201527751296645], [-121.73706174361494, 37.20171822904334], [-121.73722295343846, 37.201865099122315], [-121.73736381013775, 37.201992361631596], [-121.73747171664068, 37.20209101835234], [-121.73766814041424, 37.20227001712789], [-121.73780894321489, 37.20239741776376], [-121.73804807288651, 37.20261515139572], [-121.73826581098164, 37.2028127163701], [-121.73829450406276, 37.20283990281791], [-121.73839762344465, 37.202934534418894], [-121.73855393924748, 37.203079279940894], [-121.73875255580785, 37.20326422865019], [-121.73893665020672, 37.20343788699563], [-121.73906031764692, 37.203554914469926], [-121.73917576909759, 37.20366491125796], [-121.73941818480432, 37.203897394087306], [-121.73950457755943, 37.20398048267752], [-121.73959885123256, 37.20407117833359], [-121.7396972553583, 37.20416595005882], [-121.73981536402475, 37.204278939584675], [-121.74001834280236, 37.20447299572113], [-121.74011986587804, 37.2045693596259], [-121.7402282368097, 37.204671418713666], [-121.740374341465, 37.20480912836002], [-121.74047859272382, 37.20490610357862], [-121.74058351322728, 37.205003599547176], [-121.74072448401236, 37.20513367148757], [-121.74082944763491, 37.20523038799868], [-121.74093504097661, 37.205327050724776], [-121.74100166181788, 37.20538764150102], [-121.7410260034611, 37.20540940293963], [-121.74118636258022, 37.2055540793222], [-121.74132319752326, 37.20567785551118], [-121.74148394561293, 37.205823442184794], [-121.74160338288789, 37.20593176931721], [-121.74166811816596, 37.20599068682005], [-121.74182949238126, 37.20613601388734], [-121.74196520263366, 37.20625920672491], [-121.74209943246278, 37.20638101777993], [-121.74222511931569, 37.20649509150985], [-121.74238310239164, 37.206637639428386], [-121.74253511616381, 37.20677571896281], [-121.74268497487844, 37.206911531637694], [-121.74282303781787, 37.207036597736014], [-121.74294239065134, 37.20714471850345], [-121.74305912669317, 37.20725034857802], [-121.7431384191665, 37.20732240886958], [-121.74327219085521, 37.20744234655389], [-121.7434256113887, 37.20758224046143], [-121.74355460943106, 37.2076988873233], [-121.74368788435137, 37.20781979099659], [-121.74370926784297, 37.20783917998213], [-121.74381430422937, 37.207934656711885], [-121.74387910688094, 37.20799400621909], [-121.74397501818301, 37.2080810417759], [-121.7441955239868, 37.2082813827226], [-121.74431173810757, 37.20838642167095], [-121.74466437887004, 37.208704220585496], [-121.74487829822856, 37.20889206381828], [-121.74669899062289, 37.210429833487204], [-121.75129827667787, 37.2137145422442], [-121.75121534152285, 37.21376644985132], [-121.7511847287372, 37.21378560980666], [-121.75115409978173, 37.213804656723276], [-121.75109282749807, 37.213842758411666], [-121.75091929455972, 37.21394703198681], [-121.75027948662171, 37.2143314833447], [-121.75108552235788, 37.21421826712994], [-121.75116937378746, 37.21422927571165], [-121.75146470387095, 37.21426804754025], [-121.75295064097634, 37.215315082806335], [-121.7531069612778, 37.21539651415125], [-121.75365394174617, 37.21568145091126], [-121.75643746179979, 37.21713144204703], [-121.7566414053777, 37.21723767909003], [-121.75677669161196, 37.21748170263985], [-121.75728280682998, 37.21773018073089], [-121.75781873357924, 37.21757230273041], [-121.7578580204953, 37.21756072878894], [-121.75786494291214, 37.21755868927411], [-121.75786809150678, 37.21755776144128], [-121.75787350744889, 37.217556166170034], [-121.75815213514679, 37.21770536185287], [-121.75838805604666, 37.21783169271856], [-121.7586252031708, 37.21774031113402], [-121.75885774104852, 37.21757033124856], [-121.75888259114257, 37.21755216590094], [-121.75885774104852, 37.21757033124861], [-121.7586252031708, 37.21774031113402], [-121.75868647185396, 37.217769023090455], [-121.75884955916386, 37.21784591708382], [-121.75902308309841, 37.217928993183314], [-121.75921566658448, 37.218020514780925], [-121.75948114205255, 37.21814901982382], [-121.75970023841018, 37.218254585856194], [-121.75995463226329, 37.21837760010691], [-121.76024087497981, 37.218515493635046], [-121.76043960383929, 37.2186130821917], [-121.76057254369384, 37.21867899100479], [-121.76062217560262, 37.21870800662991], [-121.76066910537914, 37.21873982143656], [-121.76071293327296, 37.21877430093398], [-121.7607315822941, 37.21878719238082], [-121.76076834314398, 37.21880991425662], [-121.76082542837271, 37.21884480147622], [-121.76088074661573, 37.218878310188565], [-121.76089714895089, 37.21888809125035], [-121.76091993740827, 37.21890168158043], [-121.76093530308782, 37.21891084385661], [-121.76094577564508, 37.218917528854796], [-121.76101066543482, 37.21896029637761], [-121.76107507462595, 37.219005106929174], [-121.76113430772565, 37.21904683642249], [-121.76119318060097, 37.21908754079082], [-121.76123542207101, 37.21911615494498], [-121.76129081846722, 37.21915263797591], [-121.76134674486939, 37.21918831478649], [-121.76140765602187, 37.219227646317016], [-121.76147055334899, 37.21926933634359], [-121.76153345337043, 37.21931631422682], [-121.7616068160662, 37.219382909873495], [-121.76165927586827, 37.21943535511049], [-121.76170998934613, 37.21948603554237], [-121.76197475513368, 37.219717842270384], [-121.76203340073046, 37.219802725413324], [-121.76207464506719, 37.2198624561627], [-121.7620877281269, 37.21988184276837], [-121.7621208418143, 37.219931771070414], [-121.76215906511705, 37.2199937092731], [-121.76219501388563, 37.22005649582396], [-121.76223336564655, 37.22012596435183], [-121.76226937909334, 37.22019428969653], [-121.76230507723108, 37.22026593774665], [-121.76230801831409, 37.2202722914209], [-121.76235695401965, 37.22038216011109], [-121.76240476503423, 37.220494923624685], [-121.76245262635427, 37.22061059339399], [-121.76250826977643, 37.22074304983013], [-121.76258451425447, 37.220926028837056], [-121.76260309769494, 37.220970622901504], [-121.76267025302282, 37.22113053682744], [-121.7627428521397, 37.22129583830328], [-121.76275252968668, 37.22131644847458], [-121.76278169168455, 37.221377180205096], [-121.76281156155483, 37.22143760643998], [-121.76284761273091, 37.22150469522012], [-121.76288233170636, 37.22156573367627], [-121.76291821399988, 37.22162623200867], [-121.7629592436387, 37.22169145933506], [-121.76310342139953, 37.22190436462675], [-121.7631850935046, 37.22202496870225], [-121.76322595695699, 37.22207358010228], [-121.76327299632585, 37.222123519830234], [-121.76340327536319, 37.222261854292164], [-121.76345216346427, 37.22231447492734], [-121.76357035477564, 37.222429102548276], [-121.76358513115987, 37.2224434333133], [-121.7636298133504, 37.2224867682316], [-121.76367509022603, 37.22252722824872], [-121.76372052161204, 37.22256661097074], [-121.76395637063976, 37.22275633460133], [-121.7640267042185, 37.22280758005061], [-121.76409816518297, 37.22285782902718], [-121.76417066909134, 37.222907104423044], [-121.76424421504541, 37.22295531610969], [-121.76431891713128, 37.22300260000001], [-121.76439443219238, 37.223048752945466], [-121.76447110248691, 37.223093908712634], [-121.76454766947526, 37.223137945699186], [-121.76462727995546, 37.22318096333605], [-121.76470823701003, 37.223225661938116], [-121.76480437469127, 37.223277703930485], [-121.76499931266079, 37.22337518761254], [-121.7652104643204, 37.22347169619907], [-121.765295293114, 37.223508340216526], [-121.76538061957437, 37.22354390338053], [-121.76546661258462, 37.22357833776615], [-121.76555068140412, 37.22361061833481], [-121.7656380111076, 37.2236427722796], [-121.76568903630418, 37.22366089753926], [-121.76581911233268, 37.22370559013782], [-121.76595208812252, 37.22374915180572], [-121.76608394012025, 37.22379057467317], [-121.76621645058319, 37.22383029651354], [-121.76635269174926, 37.223868878846766], [-121.76645118122215, 37.223895783034685], [-121.76653412086092, 37.22391713427555], [-121.7666177279476, 37.22393733314929], [-121.76670185785416, 37.22395633673835], [-121.7667864827324, 37.22397405276886], [-121.7668714274108, 37.22399046049816], [-121.76695669458465, 37.22400560642188], [-121.76696212400125, 37.224006520585135], [-121.76697687523401, 37.22400900413292], [-121.76712884589938, 37.224034986243915], [-121.76723790494933, 37.224055480509634], [-121.76741831806832, 37.224089372466125], [-121.76752071162035, 37.22410499476526], [-121.76766531250831, 37.224130627058244], [-121.7676910429487, 37.224135188566905], [-121.76787349434478, 37.22416752970509], [-121.76837592738677, 37.224255817014544], [-121.76897001372474, 37.22436098540151], [-121.76945925051757, 37.22444739767427], [-121.76995277676488, 37.22453513387322], [-121.77048211793829, 37.224628270497774], [-121.77087681065679, 37.224697551723104], [-121.77127055744963, 37.22476670341545], [-121.77157304530667, 37.224820275099894], [-121.77193258425926, 37.22488411987459], [-121.77227114755283, 37.224949978158364], [-121.77253176763558, 37.22500564982416], [-121.77270111890104, 37.225045123534464], [-121.77277086408701, 37.22506401024976], [-121.77279871634738, 37.2250715523453], [-121.77285649419665, 37.22492932968041], [-121.77288981181636, 37.22484464902089], [-121.7728950148593, 37.224831424566304], [-121.77295888597959, 37.224695796522006], [-121.77300005397478, 37.2246171355784], [-121.77302321164582, 37.224573485010275], [-121.77305263776128, 37.22451797899611], [-121.7730893366372, 37.224452618927636], [-121.77317002780879, 37.224329900729614], [-121.77325899785241, 37.22421091408068], [-121.77335593505246, 37.2240959386832], [-121.77339996597495, 37.22404766693248], [-121.77344642684005, 37.22399579715544], [-121.77350783656904, 37.22393092376089], [-121.77354568618361, 37.22389116478939], [-121.77358348010303, 37.22385142940238], [-121.77362557605399, 37.22380720686058], [-121.77372733091785, 37.22369785461674], [-121.77377662147583, 37.22364419203039], [-121.77382577279512, 37.22359064528638], [-121.77392071124424, 37.223474363498], [-121.77396240564927, 37.223421699328966], [-121.77400219562628, 37.223368116660644], [-121.77404005242931, 37.223313639096524], [-121.77404728207065, 37.22330282498169], [-121.77405442457574, 37.223291989405986], [-121.77406151048677, 37.223281108048575], [-121.77417029826637, 37.22311257985549], [-121.77426924320507, 37.22295928682757], [-121.77433220432788, 37.22286301509037], [-121.77434708132746, 37.222840672842366], [-121.77440932469564, 37.22274932950293], [-121.7744416900975, 37.22270182514302], [-121.77450164005405, 37.222729532333], [-121.77464052765495, 37.222780528159205], [-121.77513983005592, 37.22298578581], [-121.77590708278468, 37.22330396317758], [-121.77622113733887, 37.223435037209846], [-121.7765652899409, 37.22357869119785], [-121.77661037098625, 37.22359715195325], [-121.77666807785022, 37.2236207858342], [-121.77698402964643, 37.223750509526454], [-121.77702529195408, 37.22376818769121], [-121.77706638178529, 37.22378586799759], [-121.7776209952432, 37.224019466251804], [-121.77765970364143, 37.22403348698848], [-121.77769838509008, 37.22404750772247], [-121.77844173634897, 37.224354348049175], [-121.77847394004726, 37.22436789090033], [-121.77851049428554, 37.22438312472723], [-121.77875458626286, 37.22448478721316], [-121.77894236286573, 37.22456601481458], [-121.77898729828743, 37.2245854530322], [-121.77902646130615, 37.22455398704313], [-121.7790636244326, 37.22452100861762], [-121.77909867245252, 37.22448661203735], [-121.77915182487587, 37.22442791435912], [-121.7793554102249, 37.224211169126534], [-121.77938869797242, 37.22417596741576], [-121.7794223343173, 37.22414099053645], [-121.77943569329862, 37.224127328904885], [-121.77945631681054, 37.224106238841976], [-121.7794740927222, 37.224087847568214], [-121.77954525276539, 37.22400764307481], [-121.7797698648161, 37.223770272296896], [-121.7800096763611, 37.2235145830671], [-121.78009281992941, 37.22342550307977], [-121.78027026414138, 37.223235411344106], [-121.78034496624132, 37.22315480036038], [-121.78045190168922, 37.22303936626625], [-121.78061786633086, 37.222859264405876], [-121.78076038404593, 37.22270567257779], [-121.78088363828859, 37.22257385409032], [-121.7810131322291, 37.22243361173937], [-121.78127287649171, 37.22215231722293], [-121.78148140510591, 37.22193414069691], [-121.78151110430626, 37.221903395226235], [-121.78159293633422, 37.22181817396129], [-121.7816741907453, 37.221732661461175], [-121.78175450012881, 37.221647159593985], [-121.78178447331555, 37.22161570153784], [-121.78185570702014, 37.221540118313], [-121.7819249994656, 37.22146476248762], [-121.78199440060762, 37.22138745945307], [-121.78206317742017, 37.22131043818015], [-121.78207410273043, 37.22129823317108], [-121.78212484496609, 37.22124278841273], [-121.78217630854851, 37.22118770199583], [-121.78222839107023, 37.22113363846725], [-121.78228189652296, 37.22107921580188], [-121.78233586101463, 37.22102639044131], [-121.78238146847937, 37.22098370564608], [-121.78242914296747, 37.22093799924618], [-121.78247634494213, 37.22089149664867], [-121.78254189770067, 37.22082513125181], [-121.78258787078127, 37.22076870899354], [-121.78272618168825, 37.22059890975324], [-121.78277261560363, 37.220549325261764], [-121.78281492804892, 37.22050310498366], [-121.78284295907794, 37.220473682310036], [-121.7828679286493, 37.220442575712184], [-121.78288975232101, 37.220409971891456], [-121.78290482605223, 37.220382456281676], [-121.78290626605174, 37.22037982811635], [-121.78290829175269, 37.220376121216006], [-121.78292340590899, 37.220341186066584], [-121.78293324875165, 37.220309261776656], [-121.78293964745386, 37.22027682528737], [-121.7829426056094, 37.220244038266266], [-121.78294204236933, 37.22021119829475], [-121.7829380475655, 37.220178487070974], [-121.7829305664006, 37.22014618000202], [-121.78288690919418, 37.22004210025434], [-121.78284319000336, 37.219944498535], [-121.78279898302745, 37.21984674074378], [-121.78275572916344, 37.219752841410966], [-121.78269513332893, 37.21962740724566], [-121.78263531813037, 37.2195023999359], [-121.78257618744792, 37.2193772250265], [-121.78252076950113, 37.21925827991348], [-121.78248380653689, 37.219177359215685], [-121.78244630278671, 37.219096627284294], [-121.78240799953606, 37.21901601830765], [-121.78236915999112, 37.21893582772761], [-121.78236572124158, 37.21892886016584], [-121.78236320416298, 37.21892373822064], [-121.78235266423141, 37.21892391705906], [-121.78228619699512, 37.218925035154896], [-121.78068543892557, 37.21895224787391], [-121.78078514135152, 37.216917793182816], [-121.78078589324278, 37.216903181657486], [-121.7807877320982, 37.21686514160225], [-121.78078929606845, 37.21683273653903], [-121.78079000933224, 37.21681759919599], [-121.78079282645493, 37.21675977251568], [-121.7807957477822, 37.216701372059156], [-121.78084310975845, 37.215734505136616], [-121.78086553355148, 37.21527711188104], [-121.7807148106428, 37.21527816635534], [-121.78011415140975, 37.214474337620075], [-121.7801295935021, 37.213976643126074], [-121.78095387141377, 37.21305071580841], [-121.78104708959333, 37.21289892115293], [-121.78114301891445, 37.212505889623024], [-121.78130966988893, 37.21214495121852], [-121.78065524555653, 37.211698469978394], [-121.77926514455804, 37.208347483319564], [-121.77972608540139, 37.20771325563157], [-121.77769193346424, 37.20708835786005], [-121.77588850837513, 37.20653221048309], [-121.77931982206839, 37.20235220889287], [-121.78106782477938, 37.202244945015934], [-121.78281369219516, 37.202137812641226], [-121.7859593987246, 37.20194469235631], [-121.78767289982277, 37.20204521245505], [-121.78984525407485, 37.20155822617698], [-121.79155709774012, 37.20203549316569], [-121.79261126064729, 37.202367810149056], [-121.7963119526933, 37.20099563038495], [-121.79621394832138, 37.20086839768141], [-121.7957319520079, 37.20024271850907], [-121.79447787549539, 37.198614691063106], [-121.79437949652552, 37.198493550109966], [-121.7932272610886, 37.19699501276231], [-121.79304899317248, 37.19672278976885], [-121.79279192147, 37.196345962475824], [-121.79216927687358, 37.19552691997086], [-121.79168333785681, 37.19488611632275], [-121.79094684979849, 37.19391487305391], [-121.78934722384105, 37.19180537175253], [-121.78900148664657, 37.191340052528375], [-121.78899847190135, 37.191335994979944], [-121.78897134817775, 37.19129948991424], [-121.78887982962537, 37.19131690230737], [-121.78884603591281, 37.19127095680471], [-121.78877970433214, 37.19118219010611], [-121.78874355703395, 37.191136492841224], [-121.7887071114952, 37.191090419132856], [-121.78868579088645, 37.19106346675543], [-121.78859440709438, 37.190961974647514], [-121.78846486647082, 37.19083446454466], [-121.78836933066407, 37.19075107738148], [-121.7882057816261, 37.19062078385893], [-121.7881084375094, 37.190550302747845], [-121.78796001609508, 37.19045108563494], [-121.78795306942465, 37.19044640186603], [-121.7879312691139, 37.190433159930286], [-121.78787441205714, 37.19039945109214], [-121.7878161617134, 37.19036621598308], [-121.78775723763327, 37.19033376733325], [-121.7876946987329, 37.19030069392672], [-121.78763092644569, 37.190269075375674], [-121.78756611929923, 37.19023891096626], [-121.78748631657895, 37.190203463779945], [-121.78740292059719, 37.19017373301354], [-121.7873165943107, 37.190149984887704], [-121.78722802852397, 37.19013235108373], [-121.78713782600632, 37.19012102911928], [-121.78704673056268, 37.1901160569258], [-121.78695548779478, 37.19011747243258], [-121.78686472742115, 37.19012529281467], [-121.78677516270461, 37.190139484435726], [-121.78668750780524, 37.1901598361813], [-121.78660241579821, 37.19018629437497], [-121.78652788528271, 37.190211193923], [-121.78645115389546, 37.19023126512412], [-121.78637270762536, 37.19024645717302], [-121.78629297406988, 37.19025664913107], [-121.7862124940153, 37.190261769438266], [-121.78601433737201, 37.190261704302166], [-121.78584023850657, 37.19026144380156], [-121.78569681261186, 37.19026132714416], [-121.78554008536464, 37.1902614015586], [-121.78548081183652, 37.190260107700354], [-121.78542189583818, 37.190254735482505], [-121.78536379820538, 37.19024534787954], [-121.78530689263722, 37.19023198782738], [-121.78525166422382, 37.19021478699963], [-121.78519846240981, 37.190193831984345], [-121.78514771569162, 37.190169325301795], [-121.78509980046299, 37.19014140077036], [-121.78505503382932, 37.19011030527855], [-121.7850137939813, 37.190076217729334], [-121.78497634143024, 37.19003945728987], [-121.78494299597628, 37.19000024723272], [-121.78491396153694, 37.18995888382436], [-121.78488950131862, 37.18991568623256], [-121.78486976533972, 37.189870947863646], [-121.7848548730763, 37.18982503511716], [-121.78484500059787, 37.18977826501655], [-121.7848401559895, 37.18973100539452], [-121.78483863155374, 37.18968554198139], [-121.78484248802563, 37.18964017729863], [-121.78485173169348, 37.189595304229016], [-121.78486628350537, 37.189551357163595], [-121.78488600781576, 37.18950870322407], [-121.7849168972856, 37.18946148637411], [-121.78494257562951, 37.18941233513244], [-121.78496287576081, 37.189361571530725], [-121.78497766203385, 37.18930963353584], [-121.7849867691586, 37.18925684175004], [-121.78499017737215, 37.189203631994964], [-121.78499028429309, 37.18900819980497], [-121.78499013164055, 37.18845423015531], [-121.78498872490873, 37.1881838978915], [-121.78498827486256, 37.18809435896313], [-121.78474294140196, 37.188100671674015], [-121.78410654081358, 37.18811850914534], [-121.78342738761097, 37.18813582919639], [-121.78279593763733, 37.188153743233954], [-121.7823595612901, 37.188167523704024], [-121.78152736842264, 37.18819610014181], [-121.78095745842658, 37.18821417733682], [-121.78043814513299, 37.18823137643312], [-121.78027939398117, 37.18823664000129], [-121.78016174973074, 37.18824053955012], [-121.77994430715874, 37.18824774609313], [-121.77942041425453, 37.18826487647898], [-121.77888088258182, 37.18828265738229], [-121.77832477070653, 37.188299585230524], [-121.77786592659892, 37.188314555791], [-121.77714710739227, 37.188334606697474], [-121.77680247597111, 37.18834635828631], [-121.77648462332456, 37.18835978448488], [-121.77612741998297, 37.18837258663608], [-121.77566910138971, 37.1883881833712], [-121.77543410573969, 37.18839511795407], [-121.77519810846908, 37.18839373101774], [-121.77496310204192, 37.18837651616112], [-121.77495421141712, 37.18837526306604], [-121.77473068905219, 37.18834361721873], [-121.7745528004706, 37.1883107071204], [-121.77437693255528, 37.188271456489645], [-121.774121573906, 37.18820147269596], [-121.77387381500446, 37.18811572598729], [-121.77363520813947, 37.188014703666276], [-121.77340722654755, 37.18789905333498], [-121.77329725211953, 37.18783348190592], [-121.77319028614924, 37.18776481165194], [-121.77308647416373, 37.18769308335638], [-121.77290456805588, 37.187561435550876], [-121.77265709303393, 37.18736762291383], [-121.77234718781071, 37.187114539799985], [-121.77205684968567, 37.186881479271364], [-121.77195552154242, 37.186802627889506], [-121.77183399747923, 37.18671211687869], [-121.77171151221859, 37.18662221192469], [-121.77161544011618, 37.18655472570676], [-121.77149621214524, 37.18647634417345], [-121.77130456380782, 37.18636027067804], [-121.77108666939677, 37.18624347704353], [-121.77091609193616, 37.18615683997518], [-121.77073310335328, 37.186073862727284], [-121.77051625727289, 37.18598662859465], [-121.77032256885674, 37.18591708854923], [-121.77008996902217, 37.18584060072206], [-121.77007014769916, 37.185834063083064], [-121.77005010539068, 37.18582807865604], [-121.77002978729926, 37.18582264529376], [-121.76986213295166, 37.18577667282182], [-121.76968534543367, 37.185733614529845], [-121.76958902359459, 37.18571190753005], [-121.76939030101674, 37.18567439707884], [-121.76907393329215, 37.18562294103414], [-121.76888878515355, 37.18559462119251], [-121.76852961450936, 37.18553779182554], [-121.76821830968863, 37.185487950244756], [-121.76799808414117, 37.1854509442301], [-121.76795419785394, 37.185443384575095], [-121.76774154689957, 37.18540675641473], [-121.76770152067235, 37.185399843008426], [-121.76741023929694, 37.18534467744091], [-121.76707911405356, 37.18527135660234], [-121.766870436349, 37.18521849899884], [-121.76675489236293, 37.185188369783866], [-121.76654393473515, 37.18513093537512], [-121.76633735819048, 37.185070318310586], [-121.76609716130477, 37.184995780560946], [-121.76590794470067, 37.184933189549916], [-121.76571556962118, 37.184863009434025], [-121.76547706965466, 37.18477210962364], [-121.76527797338238, 37.18469181608449], [-121.76507879087251, 37.18460646402851], [-121.76491924202527, 37.184535286666915], [-121.76466907923644, 37.184414252651166], [-121.76437818324777, 37.18427143087519], [-121.76416441928953, 37.184159340355116], [-121.76398899272547, 37.18405752406035], [-121.76387741839815, 37.183991298020864], [-121.76371891968431, 37.18389399104795], [-121.76359568522773, 37.183816514245315], [-121.7633425490202, 37.18365293419243], [-121.76320303350204, 37.18355489534908], [-121.76299304875992, 37.18340375775792], [-121.76278681717903, 37.18324610275827], [-121.76248526898057, 37.18300041257169], [-121.76230700195059, 37.1828401193869], [-121.7621155314871, 37.18265678106391], [-121.76183609801393, 37.18238542103578], [-121.76169011283552, 37.18223757405961], [-121.76160092362797, 37.18212939972677], [-121.76159041873201, 37.18211717549629], [-121.76157960212075, 37.18210516024963], [-121.7615684468446, 37.18209330961296], [-121.76140886387334, 37.18191427373736], [-121.76122380558589, 37.181707173804575], [-121.76105203607293, 37.181512840858055], [-121.76099614650478, 37.18144873610504], [-121.7608798012336, 37.18131114273536], [-121.76076695040913, 37.18116524970354], [-121.76064377974238, 37.181002734627604], [-121.7605830563433, 37.1809132050738], [-121.76051975298354, 37.180818255291335], [-121.7604530917229, 37.18071242290296], [-121.76037525542546, 37.180574918375534], [-121.76025350051276, 37.180326415316834], [-121.76017675746927, 37.18014852256296], [-121.76006293648031, 37.179859785736205], [-121.75999870786735, 37.17966211776399], [-121.75995206736195, 37.17950667444188], [-121.75991215523648, 37.17935667536287], [-121.75987360585923, 37.17916868778747], [-121.75983705074333, 37.17896486269451], [-121.75982795351341, 37.17889681852477], [-121.75977336649414, 37.17890486910643], [-121.75972590850462, 37.17890826383328], [-121.75971810843416, 37.178908805644085], [-121.75966260962608, 37.17890860237138], [-121.75960741265219, 37.178904252847126], [-121.75955291905981, 37.178895821486925], [-121.75949625873204, 37.178879310192876], [-121.7594418154464, 37.17885854098646], [-121.7593901057344, 37.178833667747256], [-121.75934162277075, 37.178804959588334], [-121.75920723752816, 37.17872704883879], [-121.75905718836557, 37.178637862282834], [-121.75901324548707, 37.17860704548636], [-121.75890010000892, 37.17851801052785], [-121.75877691496218, 37.178417135702816], [-121.75864967042985, 37.17831296189528], [-121.75834722301593, 37.17808668163422], [-121.75817090802141, 37.17795616370581], [-121.7580756839293, 37.177879775903804], [-121.75803415302724, 37.177844308604335], [-121.75798889950694, 37.17781194905371], [-121.75794012638747, 37.177783016477825], [-121.75788832594559, 37.177757684807446], [-121.75783387188048, 37.1777362045571], [-121.75777722502757, 37.17771873176267], [-121.75771884622247, 37.1777053966929], [-121.75766085818412, 37.17769659086307], [-121.7576591945045, 37.17769633390997], [-121.75764682111165, 37.17769539127137], [-121.75763439561678, 37.177694700575294], [-121.75762194317215, 37.17769419311038], [-121.75752967812238, 37.17768834187789], [-121.75736051909298, 37.177678989923585], [-121.75731437084764, 37.17767511486909], [-121.75721505222785, 37.1776632041244], [-121.75687270882153, 37.177621013691194], [-121.75670939153704, 37.1775983223501], [-121.7564041045293, 37.17755181807212], [-121.75636388067252, 37.17754465128802], [-121.75632354811998, 37.1775379203934], [-121.75628310956593, 37.17753164829276], [-121.75610126632925, 37.17749940454975], [-121.75592102568716, 37.17746197018505], [-121.75574249992947, 37.177419390283426], [-121.75543206558032, 37.177331875595286], [-121.75497036484875, 37.17718278475053], [-121.75491762386963, 37.177167809800565], [-121.75486446876738, 37.17715379968004], [-121.75481090223667, 37.177140800914074], [-121.7546691472112, 37.177112542313], [-121.7545250538705, 37.177093258515804], [-121.75437951064802, 37.17708305474463], [-121.75423340687595, 37.17708203550332], [-121.75388883204948, 37.17708742437644], [-121.75376303109721, 37.177094563993585], [-121.75363799011878, 37.17710780682638], [-121.75358638415833, 37.1771158583148], [-121.75355310292991, 37.177114073227635], [-121.7533444449838, 37.177102876707025], [-121.75300558971138, 37.17727718139048], [-121.75260952613361, 37.17748091438036], [-121.75223504278225, 37.17767354344833], [-121.75195043945962, 37.17781993705997], [-121.75194021483618, 37.17782327314696], [-121.7519085097005, 37.17783123509242], [-121.75187605267527, 37.17783702976117], [-121.75184313122124, 37.17784060991491], [-121.75180991422206, 37.177841971975276], [-121.75177668823976, 37.17784106870269], [-121.75174368234481, 37.17783794375816], [-121.75171112560797, 37.177832592130876], [-121.75167924709919, 37.17782505962824], [-121.7515856920707, 37.17780188951974], [-121.75155714451446, 37.17779509924236], [-121.75152818732631, 37.17778943483151], [-121.75149896154173, 37.17778489557205], [-121.75146998099694, 37.17778298524547], [-121.75146769568327, 37.177782983813884], [-121.75146203809449, 37.177783001707205], [-121.75145464585957, 37.17777804159065], [-121.75142678641397, 37.17775934488263], [-121.75123280695321, 37.17760302657056], [-121.7507634076838, 37.17724521152617], [-121.75066753590603, 37.17717213049176], [-121.75047773450767, 37.17702744767132], [-121.74997841686125, 37.17658878879547], [-121.74662336821301, 37.173648055450904], [-121.74259521747986, 37.170116909823044], [-121.74207779689823, 37.170479279642905], [-121.73852513675979, 37.1729671944497], [-121.73841415303615, 37.17304491231047], [-121.73832932154774, 37.173007220923914], [-121.73825352621226, 37.17296075678374], [-121.73821066580345, 37.172928700784546], [-121.73818378641988, 37.17290859777754], [-121.73736564238067, 37.17223199695998], [-121.73724709084449, 37.172120086141945], [-121.73717241481236, 37.17204955269341], [-121.73712172738665, 37.171992202075934], [-121.73699985747734, 37.171854255771336], [-121.73684933761055, 37.17164762359738], [-121.73672197091958, 37.17143127022064], [-121.73661875453388, 37.171206810419385], [-121.73659208446372, 37.1711315567966], [-121.73655718313161, 37.17105852067534], [-121.73651431913382, 37.17098820026516], [-121.73646387425407, 37.17092125555117], [-121.73640619793703, 37.17085809598647], [-121.73634175730632, 37.17079930997721], [-121.73627107518152, 37.17074528407249], [-121.73619470133144, 37.170696512193246], [-121.73611321337238, 37.1706533121709], [-121.73602727695642, 37.17061606482693], [-121.73600977777801, 37.17060947361633], [-121.73599211151304, 37.170603137234785], [-121.73597433475523, 37.170597052818955], [-121.73593836352305, 37.17058562270525], [-121.73590097564782, 37.1705749849955], [-121.73586501519516, 37.17056588914744], [-121.73584643893668, 37.17056162217997], [-121.73582775218546, 37.170557607894665], [-121.73579010649345, 37.17055038389785], [-121.73577117540019, 37.17054717275494], [-121.73575219220497, 37.170544237200296], [-121.73573312726293, 37.170541555043854], [-121.7357140093202, 37.170539170665926], [-121.73569484017348, 37.17053703897038], [-121.73567564497571, 37.1705351814313], [-121.73565639857381, 37.17053362238685], [-121.73563709827302, 37.17053231602468], [-121.7356178024638, 37.170531283103486], [-121.73559848329815, 37.17053052577103], [-121.73557914077658, 37.17053004331074], [-121.73555980184814, 37.170529836439115], [-121.73554043956348, 37.17052992663049], [-121.73552110871974, 37.17053026807222], [-121.73550172667204, 37.17053088510268], [-121.73548246320198, 37.170531775574275], [-121.73546314762953, 37.17053296310837], [-121.73544389224425, 37.17053440332518], [-121.7354246718931, 37.17053613917292], [-121.73312575764298, 37.170758419718304], [-121.73238447157799, 37.17074691656657], [-121.73149719403763, 37.17067088576849], [-121.73112660759895, 37.17066512989143], [-121.73037047238486, 37.17065335686295], [-121.72999159000584, 37.170647477148236], [-121.72930382460883, 37.17109448097648], [-121.72840104838677, 37.17147562236941], [-121.72781837690086, 37.17172162198241], [-121.72663964202728, 37.1705704818757], [-121.72663135596905, 37.17056238960019], [-121.72662979020605, 37.17056086062144], [-121.72662182125332, 37.17055307757663], [-121.72660492933707, 37.17053658164152], [-121.72659890972791, 37.17053070623896], [-121.72657732681033, 37.17050964054015], [-121.7265631163629, 37.17051216020542], [-121.72644373476311, 37.17058802717103], [-121.72643890092901, 37.17059110230584], [-121.72439620580359, 37.171890487321626], [-121.72373341895809, 37.172330261405854], [-121.71963297653564, 37.174959874936846], [-121.7170013423621, 37.17666355080968], [-121.71459961353297, 37.1742990450451], [-121.7132091197429, 37.17301379942043], [-121.71254937830611, 37.17236041428169], [-121.70947334725282, 37.169313813341454], [-121.70603356776698, 37.16598106359967], [-121.7057478667495, 37.16570424608959], [-121.70568333359284, 37.16564320254265], [-121.705617551778, 37.16558100426233], [-121.70555063898445, 37.16551964062543], [-121.70548273984062, 37.165459112349744], [-121.70541623128828, 37.165403284380545], [-121.70534131181167, 37.165343720995025], [-121.70526655762431, 37.165289099886365], [-121.70519070389922, 37.16523549598108], [-121.7051763811636, 37.165225161046585], [-121.70511218487323, 37.16517974659109], [-121.70504674621293, 37.16513525986937], [-121.70498012447148, 37.165091930676304], [-121.70491548081957, 37.16505064096109], [-121.70484953101777, 37.16500810633128], [-121.70460360827956, 37.1648595703216], [-121.70438175679134, 37.16473340135379], [-121.7041248081332, 37.164582026377175], [-121.70383763835936, 37.164407981575486], [-121.70376086116583, 37.16435905598916], [-121.70368712566739, 37.16430723895969], [-121.70361660703617, 37.16425259562579], [-121.7036143783165, 37.16425099350052], [-121.70349108097797, 37.16417253871297], [-121.70326631266155, 37.16403728843179], [-121.70306342999528, 37.1639184064344], [-121.70286186875077, 37.163798045246686], [-121.7026616585722, 37.16367627430095], [-121.70252014250549, 37.16358699695981], [-121.70222640065937, 37.163400449141506], [-121.70192382747709, 37.163214104889214], [-121.70146210969271, 37.16292689903157], [-121.70107482809263, 37.162688823526366], [-121.70094455623551, 37.16260851582723], [-121.69847571328815, 37.161109769613546], [-121.6984735735018, 37.16110828053434], [-121.69579560999433, 37.15943068317038], [-121.69324778179731, 37.1578614503994], [-121.69296740238674, 37.15769582169899], [-121.69185066467911, 37.15703612551258], [-121.6907023476097, 37.15629566456731], [-121.68874978251317, 37.15510556603052], [-121.68766788326329, 37.15444890728523], [-121.68760322164457, 37.154412483194534], [-121.68754593159983, 37.154379280938805], [-121.68692455896843, 37.15400913215117], [-121.68692418347273, 37.154008884425366], [-121.68687138859693, 37.15397587458884], [-121.68619661203392, 37.15355397603637], [-121.6861526017817, 37.15352320127673], [-121.6860484088153, 37.15345481772551], [-121.68594203403097, 37.15338862142798], [-121.68511249574605, 37.15286275413749], [-121.68438216108972, 37.15240884696107], [-121.68437797314498, 37.152406211416896], [-121.68414335839744, 37.15225935469516], [-121.68395099859617, 37.152127862088285], [-121.6835013811227, 37.151787582060706], [-121.68335707277751, 37.15168807120575], [-121.68320788471138, 37.151593283320956], [-121.68305405801904, 37.1515033715764], [-121.68289584128817, 37.151418481262105], [-121.68273349019768, 37.151338749553446], [-121.6825672671047, 37.151264305289445], [-121.68239744062072, 37.151195268764795], [-121.68222428517757, 37.151131751535466], [-121.68200905246897, 37.15106482502252], [-121.68184608619057, 37.15101565678794], [-121.68168097698835, 37.15097130556306], [-121.68151394698877, 37.1509318310139], [-121.68135584622148, 37.150899209330674], [-121.68128236853717, 37.15087058148963], [-121.68117936054014, 37.15083044822074], [-121.68096237701097, 37.150804761675495], [-121.68091484895378, 37.15079915252025], [-121.6808172910317, 37.150788807730066], [-121.68078120840757, 37.15078541889427], [-121.68068262101609, 37.15077617316407], [-121.68038432379663, 37.15074819753781], [-121.6797392140518, 37.1506876960578], [-121.67956204033382, 37.15066752457878], [-121.67938632467374, 37.15064038497119], [-121.67921249452974, 37.150606343257024], [-121.67904097277156, 37.1505654822488], [-121.67887217665147, 37.15051790134798], [-121.67870651678898, 37.15046371630321], [-121.67854439617163, 37.15040305892847], [-121.67838620917446, 37.15033607678247], [-121.67823234060037, 37.15026293280948], [-121.6780831647439, 37.150183804942884], [-121.67645457338135, 37.14927287539249], [-121.67467913445067, 37.14827970016333], [-121.67456688279344, 37.148216906180586], [-121.67429815003703, 37.14806657646664], [-121.6717358679345, 37.14663317640487], [-121.67095096152975, 37.14619405968469], [-121.6708565041232, 37.14613923464981], [-121.67076442370686, 37.146081876878604], [-121.67063067899622, 37.14599105026694], [-121.67050291450717, 37.14589486495394], [-121.67038146487725, 37.1457935728836], [-121.6702666481993, 37.145687439375315], [-121.67015876518838, 37.14557674242879], [-121.6700580983941, 37.14546177199557], [-121.66996491146074, 37.1453428292196], [-121.66987944843706, 37.145220225648146], [-121.66980193313712, 37.145094282415634], [-121.66973256855451, 37.144965329402446], [-121.66967153633084, 37.144833704370626], [-121.6695566023272, 37.144564992570004], [-121.66905369509405, 37.14338915051651], [-121.66897613368603, 37.14320468390831], [-121.66883471376673, 37.14286243034573], [-121.66883150049422, 37.14285465447399], [-121.66866613060107, 37.1424544341028], [-121.66865083231141, 37.142294912787996], [-121.66845848242063, 37.14189989324501], [-121.66842286925014, 37.14183200500761], [-121.66839075845655, 37.141763006256724], [-121.66834955903859, 37.141676874596904], [-121.66814532714021, 37.14121822638713], [-121.66810879626618, 37.14112891250793], [-121.66805883468588, 37.14100892322288], [-121.66792097210448, 37.140573849924344], [-121.66791900569329, 37.140567644936276], [-121.66791760701703, 37.14056406516295], [-121.6678850799317, 37.14049313562903], [-121.66782804052798, 37.14035737896575], [-121.66754776898043, 37.139596368626016], [-121.66743530624106, 37.139332939579404], [-121.66731302042932, 37.13903550359358], [-121.66717060155668, 37.138937541494464], [-121.66712520879219, 37.13895461291456], [-121.66708672069811, 37.13897072311387], [-121.66705146879269, 37.13899103298308], [-121.66648435072094, 37.13936930569596], [-121.666438117573, 37.13940254932587], [-121.66639510048806, 37.13943845350335], [-121.66635553770689, 37.13947681938497], [-121.66631487874726, 37.13951461661974], [-121.6662690218657, 37.13954838648275], [-121.66618250872105, 37.1396049990523], [-121.66588221272563, 37.139801506411665], [-121.66573500581191, 37.13989783537012], [-121.66568205731679, 37.13993248406096], [-121.66467640601046, 37.14062579469847], [-121.66466014111508, 37.140637011645246], [-121.66351965000186, 37.14140686873344], [-121.663378721413, 37.14149982716511], [-121.66339120619524, 37.141516032975666], [-121.66382930185367, 37.1420846971158], [-121.6643247522311, 37.14272779899926], [-121.6644857024349, 37.14293608917831], [-121.66496778678092, 37.1435812217556], [-121.66269258112771, 37.14140633805276], [-121.6626735377472, 37.14138579486033], [-121.6626115081953, 37.14131888121594], [-121.66259746663287, 37.141303733745474], [-121.66252253458205, 37.14122285695749], [-121.66250860351248, 37.14120782046182], [-121.66225036488784, 37.140927517955404], [-121.6601263780018, 37.13885592552213], [-121.66001753904855, 37.138749766540315], [-121.65970077699198, 37.13844080590982], [-121.6594945256531, 37.13823819149056], [-121.6594736003022, 37.13821763526362], [-121.65946298760818, 37.138207270855666], [-121.65831661722925, 37.137087765355254], [-121.6575034094447, 37.13629360499331], [-121.65720666454249, 37.13600379182649], [-121.65680078154797, 37.135607388768676], [-121.65635295891873, 37.13517001490769], [-121.65594336947632, 37.13476998231603], [-121.65587868899595, 37.134706819044176], [-121.65562663796253, 37.13446067886637], [-121.65502641708332, 37.13387442649617], [-121.65499686880632, 37.13384555731298], [-121.65498389534031, 37.133832913479715], [-121.65492871274306, 37.13379729445296], [-121.65402384448446, 37.1329089117426], [-121.6537059424663, 37.132596776097614], [-121.65289732147896, 37.13180265382332], [-121.6528646704218, 37.131770794509706], [-121.65277725089246, 37.131686391792414], [-121.65270411635575, 37.131738745385334], [-121.65252693266115, 37.13187619622395], [-121.6519049176409, 37.1323587202992], [-121.65143836774861, 37.13272064159484], [-121.65142899113434, 37.1327280360713], [-121.65140393173178, 37.13275673379572], [-121.65137101207117, 37.13279111719425], [-121.65134693183278, 37.13281470143216], [-121.65017985776174, 37.13373059864261], [-121.64975646832201, 37.1340628636679], [-121.64975251393825, 37.134066016201515], [-121.64974164412239, 37.134059544810285], [-121.6497316900965, 37.13405218930899], [-121.64889506591926, 37.133365321803694], [-121.64823462019041, 37.13282982245235], [-121.64759441799154, 37.13231076056777], [-121.6473131285942, 37.132085753459634], [-121.64725799665351, 37.1320463128164], [-121.64719738659882, 37.132012414435394], [-121.64713216250072, 37.131984541575775], [-121.64706325420482, 37.13196309159567], [-121.64699164407611, 37.13194837028773], [-121.64688742335129, 37.13193218032569], [-121.64660986373858, 37.13188905697075], [-121.64657994625125, 37.131884406095544], [-121.64650445697539, 37.131869985521], [-121.64643077610452, 37.13185046926503], [-121.64635943914944, 37.131825999171795], [-121.6462909645839, 37.13179675308969], [-121.64622585007626, 37.13176294357876], [-121.64616456887224, 37.131724816365654], [-121.64610756635523, 37.131682648557586], [-121.64596241211503, 37.131565736046255], [-121.64530344411415, 37.131034737377156], [-121.64450739503174, 37.13038101876015], [-121.64461341868616, 37.13029706570946], [-121.6449438127375, 37.13003544637552], [-121.64485245139899, 37.1299739006222], [-121.64478006696626, 37.12992507737349], [-121.64475467815028, 37.12990483651722], [-121.64473384435985, 37.12988149831649], [-121.64471814521265, 37.12985571206929], [-121.64466079319337, 37.12973731922014], [-121.64462590188876, 37.12975356751187], [-121.64458837342094, 37.129765465773055], [-121.6445490478881, 37.12977274765337], [-121.64450880561776, 37.12977525014311], [-121.6444685474598, 37.12977291722241], [-121.6444256869073, 37.12977038345314], [-121.64438282437303, 37.12977289563841], [-121.6443408814994, 37.12978039976049], [-121.64430076015458, 37.129792734463585], [-121.64369682195817, 37.13002039539461], [-121.64366613260682, 37.13003068280027], [-121.64363444025746, 37.13003878949359], [-121.64362357334069, 37.13002346931003], [-121.64345544740462, 37.12973275264179], [-121.6432534693669, 37.12938345012756], [-121.64276889670894, 37.12854548421612], [-121.64356387420533, 37.128247200145545], [-121.6434017148759, 37.12798002444137], [-121.64335198864985, 37.127898050490586], [-121.64335174790149, 37.12789765513838], [-121.6449428841792, 37.12729750461156], [-121.64498210462017, 37.12728271101699], [-121.64494002574817, 37.12722656407515], [-121.64490098138398, 37.12717812438522], [-121.64472418130731, 37.12697335762875], [-121.64338795117045, 37.12542574302722], [-121.64226444652574, 37.12411903198272], [-121.64215154639291, 37.12398618750765], [-121.64203150709052, 37.12385741904142], [-121.64190455782361, 37.123732972417834], [-121.6417709409855, 37.12361308521852], [-121.64171823414546, 37.123571919687926], [-121.64169431112352, 37.12349222941374], [-121.64167999112466, 37.12344452657277], [-121.64155687050233, 37.123414740127096], [-121.64149255246711, 37.12339918018168], [-121.64142281585642, 37.123349064887], [-121.64129130157349, 37.12326606671612], [-121.64115561456396, 37.12318749349735], [-121.64101598686698, 37.123113479591794], [-121.64089556235353, 37.123054794716], [-121.64077266228513, 37.12299949862878], [-121.64075035248287, 37.12298998231213], [-121.6406065053924, 37.12293174202304], [-121.64045986084214, 37.122878161846934], [-121.64042949685275, 37.12286768583625], [-121.64040444294515, 37.122860662737544], [-121.64039234790474, 37.122857272638704], [-121.64039141925437, 37.12285571828114], [-121.64038103913074, 37.12283834540686], [-121.64035923727837, 37.122846698323265], [-121.6403572865309, 37.12284744543644], [-121.64013043711103, 37.12278386028083], [-121.64008541089031, 37.122771239942566], [-121.64007562718315, 37.122768871818224], [-121.64003906135025, 37.12275995055291], [-121.63996831799973, 37.122742624103786], [-121.63996418688477, 37.122741607991635], [-121.6399477289333, 37.1227377171164], [-121.63980328226296, 37.122706419224095], [-121.6396572878751, 37.122680126512414], [-121.6395100161027, 37.12265888766644], [-121.63936173964326, 37.122642742013134], [-121.63929941900204, 37.122637432508554], [-121.63928666847444, 37.12263638891892], [-121.63924563872297, 37.12263294567879], [-121.63918542566229, 37.12262851856236], [-121.63912463239568, 37.12262768275984], [-121.63911447882174, 37.122627543009365], [-121.63911160820462, 37.12262273822979], [-121.6390933841407, 37.12259223463154], [-121.63901640882801, 37.122621430356496], [-121.63900430271062, 37.122626021622494], [-121.63872321492383, 37.12262180495152], [-121.63858804177191, 37.12261956518541], [-121.63819693235608, 37.12261232716699], [-121.63804384249936, 37.122605527872025], [-121.63789123643348, 37.12259365106325], [-121.63773937668735, 37.12257671717244], [-121.63758852450557, 37.12255475533111], [-121.63743893939885, 37.12252780332028], [-121.63728443282457, 37.12249845231392], [-121.63713164346166, 37.12246381365855], [-121.63698085338739, 37.12242395130409], [-121.63683234098664, 37.122378938844335], [-121.63668638043796, 37.122328859381106], [-121.63654324120706, 37.12227380537067], [-121.63640318754929, 37.122213878453074], [-121.63625719679514, 37.12214884443678], [-121.63611478837828, 37.122078902463954], [-121.63597621945551, 37.12200417883884], [-121.63584174024793, 37.12192480850014], [-121.63571159358906, 37.12184093477744], [-121.63558601448618, 37.12175270913206], [-121.63546689953463, 37.121661688872734], [-121.63535266744523, 37.12156673998375], [-121.63522053551159, 37.12144976351991], [-121.63509424035801, 37.121328723469176], [-121.63497397667822, 37.12120380645163], [-121.63485992986381, 37.12107520506401], [-121.63482761388137, 37.121036727658826], [-121.63458317785341, 37.121135259100555], [-121.6343369486223, 37.121230885128995], [-121.63342032936787, 37.121580252409174], [-121.63338895485195, 37.12159100345134], [-121.6333565966011, 37.12159968572929], [-121.6333559983232, 37.121599828268444], [-121.63335837526468, 37.121603880249765], [-121.63375689563759, 37.122279415628675], [-121.63335621472513, 37.122441912238266], [-121.63333004697988, 37.12245081809991], [-121.63330306231441, 37.12245799248159], [-121.63329112819743, 37.12246074080595], [-121.6333636868899, 37.12262975939311], [-121.63339443186892, 37.122693336639806], [-121.63343112431792, 37.122754858068554], [-121.63347355184298, 37.122813967539], [-121.6335214688488, 37.12287032287248], [-121.63357459796008, 37.122923597833015], [-121.63363263162735, 37.12297348401594], [-121.63374775519502, 37.12306518156888], [-121.6338029009606, 37.123109143666866], [-121.6338567510844, 37.12315578978451], [-121.63390555421309, 37.12320587039631], [-121.63394897014193, 37.123259036402985], [-121.63398669621706, 37.12331491719694], [-121.6342353255505, 37.123723018089905], [-121.63424742076144, 37.123745277226476], [-121.63425707734858, 37.12376828768823], [-121.63425934828851, 37.12377485791255], [-121.63426424859351, 37.12378727475636], [-121.63427066615836, 37.12379924000749], [-121.63463336622397, 37.124391495959095], [-121.63486592829457, 37.12478305003357], [-121.6349622258639, 37.12494518031577], [-121.63506799077484, 37.12512324954816], [-121.63508497945669, 37.12515582769735], [-121.63509795423313, 37.12518956863036], [-121.63510679348659, 37.12522415609455], [-121.63511863449254, 37.125270452997526], [-121.63513603642379, 37.12531560980203], [-121.63515883466488, 37.125359199316755], [-121.63544193593651, 37.125834256693395], [-121.63540628809471, 37.12585110545583], [-121.63446783708591, 37.1262138320902], [-121.63431150419267, 37.12627426570881], [-121.63425869224298, 37.12629407384678], [-121.63417147708407, 37.126324242972345], [-121.63408290723373, 37.12635176566233], [-121.63406353866024, 37.126357524169485], [-121.63406269424392, 37.126357777715725], [-121.63395804807293, 37.12639147389461], [-121.63385539184652, 37.12642888951514], [-121.63368035692935, 37.126496507474684], [-121.63259299670399, 37.12691664880382], [-121.63294548651793, 37.12752352565709], [-121.63336953789981, 37.1282535973745], [-121.63340792270013, 37.12831135013523], [-121.63345300514423, 37.128365911786055], [-121.63350437505048, 37.128416785881875], [-121.63356156502613, 37.128463509528935], [-121.63362405471979, 37.12850565759675], [-121.63369127555583, 37.1285428465866], [-121.63376261590798, 37.1285747381211], [-121.63383742666433, 37.12860104202326], [-121.63391502713392, 37.12862151895696], [-121.63399471124056, 37.128635982604855], [-121.63407575394778, 37.12864430136363], [-121.6341574178563, 37.12864639954177], [-121.63423895991421, 37.12864225804813], [-121.63431963817831, 37.128631914565794], [-121.63524133019618, 37.12848551597769], [-121.63532258797778, 37.128465422979296], [-121.63540108207526, 37.12843921643467], [-121.63549459309273, 37.12840369944647], [-121.63622934484466, 37.12812470608395], [-121.63630951567552, 37.128098197224936], [-121.63639264973847, 37.12807838638629], [-121.6364778767736, 37.1280654809504], [-121.63656430461316, 37.12805961601288], [-121.63665102852038, 37.12806085296862], [-121.63673714065936, 37.128069178869005], [-121.63682173959775, 37.12808450655754], [-121.6369039397424, 37.128106675582124], [-121.63698288060894, 37.12813545387451], [-121.63705773582909, 37.128170540179525], [-121.63712772180062, 37.128211567208304], [-121.63719210588988, 37.128258105482956], [-121.63725021410113, 37.12830966783213], [-121.63730143813193, 37.12836571449036], [-121.63733297052259, 37.12840716221794], [-121.63736066673519, 37.12845033147582], [-121.63746462243945, 37.12862815754413], [-121.63770832900501, 37.12904503698631], [-121.63774268971918, 37.12911167339351], [-121.63776921948568, 37.129180565424946], [-121.6379539785942, 37.1297530973588], [-121.63796040504444, 37.129774691730994], [-121.63796256019407, 37.129796823520216], [-121.63796474336475, 37.12983390891679], [-121.63796034134758, 37.12987086780271], [-121.63795653141015, 37.129900351010825], [-121.6379574219371, 37.12992998303834], [-121.63796299855404, 37.12995928539798], [-121.63795609230695, 37.1299619389122], [-121.63711960725853, 37.13028178301151], [-121.63697749738954, 37.130336130741156], [-121.63682341208099, 37.13039446261936], [-121.63596020754562, 37.130724996189294], [-121.635684408624, 37.13074257722581], [-121.63459884593023, 37.131135165469864], [-121.63427926760912, 37.13125073862982], [-121.63402631193524, 37.13134225496071], [-121.63369138050923, 37.13146491587689], [-121.63341180955288, 37.13156973576447], [-121.63337039542628, 37.131585449532366], [-121.63338824494511, 37.13161262866975], [-121.63344533825212, 37.13170978666443], [-121.63381043232414, 37.13233107178278], [-121.63563452467669, 37.135377243049824], [-121.63586280259068, 37.13570505117208], [-121.63609810957284, 37.13602965821855], [-121.63634037569668, 37.13635096759988], [-121.63655057242838, 37.136619977137], [-121.63747221959073, 37.13592301183356], [-121.63780800263467, 37.13566162464524], [-121.6382590628778, 37.135310463928164], [-121.6383642078055, 37.13523274151552], [-121.6384742224963, 37.13515946717373], [-121.63858881373113, 37.135090836189626], [-121.63866587758517, 37.13504382716713], [-121.63873869446057, 37.13499266203574], [-121.63880691539089, 37.134937586004845], [-121.63887021343787, 37.134878863026245], [-121.6389282852583, 37.13481677452913], [-121.63899819125746, 37.134741606500576], [-121.63907395140971, 37.134670167009354], [-121.63915525628175, 37.13460274782618], [-121.63930271652228, 37.134488056348026], [-121.63961259844366, 37.134244402713854], [-121.63965292180231, 37.134207896971944], [-121.63968646870318, 37.13416723310315], [-121.63971187358709, 37.134137135431544], [-121.63974298620694, 37.13411069524023], [-121.63985700037429, 37.13402825885716], [-121.6401623934124, 37.133807399893776], [-121.6411365120696, 37.133029798152265], [-121.64187823118947, 37.13242463278661], [-121.64188089199922, 37.132422912534565], [-121.64200186176606, 37.13234405192195], [-121.64211903360278, 37.13226159723944], [-121.64223224104644, 37.13217566563726], [-121.64241438433952, 37.13203206480114], [-121.64243581184877, 37.132050131123506], [-121.64260140814599, 37.13218975000509], [-121.6426582671764, 37.13224165714351], [-121.64270981965936, 37.132297002848915], [-121.64275574248474, 37.13235544024975], [-121.64279574782344, 37.13241660309686], [-121.64284017950554, 37.13248402419566], [-121.64289163298974, 37.13254816463376], [-121.64294973313699, 37.13260855675173], [-121.64301405634318, 37.1326647602187], [-121.6432043509156, 37.1328174001104], [-121.64382959796494, 37.133326765923094], [-121.64445982707036, 37.133834181779676], [-121.64507323612298, 37.134340452678614], [-121.64508410393866, 37.13434812844802], [-121.64519520036103, 37.13442683189306], [-121.64526008444327, 37.13446874136617], [-121.64532946278153, 37.134505749619294], [-121.64540275965682, 37.13453754954528], [-121.64548778368619, 37.1345741343049], [-121.64556866803528, 37.134616308986224], [-121.64564484074667, 37.1346637753634], [-121.64571576317704, 37.13471619779128], [-121.64589310674116, 37.134858774474566], [-121.64657041384334, 37.135412524075214], [-121.64684680472722, 37.135645456171304], [-121.64687927988389, 37.13567507762193], [-121.64690875073624, 37.13570664854767], [-121.6469279261692, 37.13572741170597], [-121.64696162466201, 37.135757927301164], [-121.64722115776624, 37.13596904968175], [-121.64724710358419, 37.1359869290524], [-121.64727637000826, 37.136001147136795], [-121.64729038282559, 37.136007052437044], [-121.64731707536033, 37.13601988711796], [-121.64731716519199, 37.1360199300861], [-121.64735525015845, 37.13604258162296], [-121.64739256975984, 37.13607112269222], [-121.64748447996699, 37.13615111053089], [-121.64753408764854, 37.136189906607285], [-121.64758858120977, 37.136224244835745], [-121.64764444473074, 37.136252449968595], [-121.6477700803845, 37.13631262808733], [-121.64789140474436, 37.13637823213583], [-121.64800805260951, 37.13644906464449], [-121.64811967285256, 37.136524912405285], [-121.64822592947641, 37.136605547113504], [-121.6485374669385, 37.13685534190604], [-121.64857344535544, 37.136884171270154], [-121.64861745530197, 37.13691678493069], [-121.648664522304, 37.13694653702045], [-121.64871435685625, 37.136973244534566], [-121.64906110378931, 37.13714374749558], [-121.64912108512333, 37.137174757058276], [-121.64917924929198, 37.13720791131832], [-121.64926188799193, 37.13725734072679], [-121.64927891123574, 37.13726938767723], [-121.64929322301792, 37.13728351524725], [-121.64929345747815, 37.137283879041], [-121.64931766584367, 37.13730975062545], [-121.64934471174172, 37.137333753113495], [-121.64995546268116, 37.13782853617066], [-121.65052710467592, 37.13737712335765], [-121.65157619133079, 37.13655047723353], [-121.65219378933583, 37.13606223286114], [-121.65220231973724, 37.13605548824987], [-121.65358092907931, 37.134953080704385], [-121.65361001472344, 37.1349876321208], [-121.65365023857551, 37.13503541511556], [-121.65366197326476, 37.135049329914295], [-121.65376724561435, 37.13515477407911], [-121.653866410591, 37.13526394749571], [-121.65395926236808, 37.13537662359377], [-121.65404560821817, 37.13549256853272], [-121.65412526891329, 37.13561154168695], [-121.65419807909718, 37.13573329614507], [-121.65426388762845, 37.13585757922232], [-121.65432255789456, 37.13598413298486], [-121.65437396809581, 37.13611269478499], [-121.65441801149804, 37.136242997806214], [-121.6544545966547, 37.1363747716169], [-121.65448364759685, 37.136507742731524], [-121.65450553448872, 37.136644339663796], [-121.65451946319794, 37.13678160371421], [-121.65452540354022, 37.13691923785511], [-121.65452334261703, 37.137056944256244], [-121.65451328484401, 37.13719442492949], [-121.65449525194177, 37.13733138237345], [-121.65445290264286, 37.137585022490626], [-121.65443214707733, 37.13771696116678], [-121.65441699703585, 37.1378493878308], [-121.65440747000669, 37.1379821498774], [-121.65440357699856, 37.13811509431399], [-121.65440594638349, 37.138269252512096], [-121.65441589884372, 37.13842321634328], [-121.65443341897723, 37.13857674681633], [-121.65445804779614, 37.138734352944624], [-121.65449071405405, 37.13889101990161], [-121.65453136304703, 37.13904648508713], [-121.65457992668952, 37.13920048791374], [-121.65463632362825, 37.13935277024359], [-121.65470045937815, 37.13950307682115], [-121.65477222648049, 37.139651155701095], [-121.65485150468272, 37.13979675867072], [-121.6549381611398, 37.13993964166604], [-121.65503205063658, 37.140079565181004], [-121.65504736600911, 37.14010150512722], [-121.65512927380466, 37.14021355938613], [-121.65521578763658, 37.14032337274292], [-121.65530681196304, 37.14043082389933], [-121.65540224625855, 37.14053579416574], [-121.65700622549261, 37.142268516484734], [-121.65711796645486, 37.14238445508232], [-121.6572249166962, 37.14250325418762], [-121.65732641551443, 37.14262706281616], [-121.6574474221242, 37.142788728753054], [-121.6575606709339, 37.14295395762666], [-121.65766599844079, 37.143122510963806], [-121.65776325257174, 37.143294145491474], [-121.65785229290306, 37.143468613487975], [-121.65793299086319, 37.14364566314021], [-121.65800522991887, 37.14382503890716], [-121.65808578181681, 37.14401975877331], [-121.6581578941326, 37.1441987048275], [-121.65823821989986, 37.14437539476789], [-121.65832664938812, 37.14454958709697], [-121.65842306178831, 37.144721043729284], [-121.6585273253778, 37.144889530316924], [-121.65863929770002, 37.14505481656985], [-121.65875882575895, 37.14521667657083], [-121.65888574622811, 37.145374889084195], [-121.65901988567357, 37.14552923785845], [-121.65907777757796, 37.145592720155825], [-121.65913780299758, 37.14565491973371], [-121.6597997309316, 37.14632592484673], [-121.66008346373916, 37.146613546051206], [-121.66026064563489, 37.146497835239224], [-121.66205739463379, 37.145332274408], [-121.6621362936445, 37.14541044728629], [-121.66216951423337, 37.14544336204518], [-121.66233544200617, 37.14560726755069], [-121.66249741090455, 37.14576726092664], [-121.66261011979888, 37.14587859639379], [-121.66267187716191, 37.14593959933266], [-121.66278407222002, 37.14605042472136], [-121.66284463302739, 37.14611024676299], [-121.66285450820477, 37.14612000144974], [-121.66286982537474, 37.14613513220268], [-121.66307765775005, 37.14632121279561], [-121.6634153335386, 37.14610985297793], [-121.6646015102649, 37.14534238095464], [-121.66504088252151, 37.14506942264429], [-121.66518411708645, 37.14496554301405]]], [[[-121.72124234146622, 37.198492865185194], [-121.72168096355249, 37.19892125971496], [-121.72208976884197, 37.19862707424469], [-121.7216546915069, 37.19820210124631], [-121.72124234146622, 37.198492865185194]]]]}}, {"type": "Feature", "properties": {"TRUSTEE_AREA": 6}, "geometry": {"type": "Polygon", "coordinates": [[[-121.64716119122411, 37.14003667807693], [-121.64710788243767, 37.14007867999714], [-121.64693064218255, 37.14021832724706], [-121.64695897234465, 37.14024226793992], [-121.64698908117077, 37.1402667392562], [-121.64699270048226, 37.14026967884999], [-121.64736492272003, 37.14057200667807], [-121.64755756369124, 37.140728485364704], [-121.64772012458236, 37.14086051481048], [-121.6477511604695, 37.14088570918271], [-121.64788870777757, 37.14099742993465], [-121.64805729187132, 37.14113434481075], [-121.64822827895776, 37.141273227258154], [-121.64828748600546, 37.141321307042126], [-121.64839683700018, 37.141410141635], [-121.64856544984, 37.14154705504808], [-121.64873403752694, 37.14168399184438], [-121.64882381782948, 37.14175690382559], [-121.64916374384423, 37.14203296905991], [-121.64922648127018, 37.142083875459065], [-121.64928913515281, 37.14213482836978], [-121.64936015504375, 37.14219251958298], [-121.6482602848327, 37.1430572966027], [-121.64823579047153, 37.14307655756535], [-121.64820296244005, 37.14310237919171], [-121.64816236488011, 37.14313429602737], [-121.64808893928854, 37.14319201081473], [-121.64806444672386, 37.14321129537349], [-121.64688782805354, 37.144136379139816], [-121.64647707880728, 37.144459311871444], [-121.64635375809327, 37.14455631157688], [-121.64631397889856, 37.14458757904872], [-121.64634064538068, 37.144614967617876], [-121.6455734078224, 37.14521893848076], [-121.64552259821492, 37.14525893580254], [-121.64533751474146, 37.14535483032509], [-121.64536525111686, 37.14538323326262], [-121.64867901404686, 37.148795168611656], [-121.64889424763696, 37.1490152628264], [-121.65168039600678, 37.15186426893696], [-121.6525202307401, 37.1527539669769], [-121.6525342615227, 37.15276882790934], [-121.6525586885054, 37.15279470565696], [-121.65258414136387, 37.15282091489578], [-121.65267261641274, 37.152912034279844], [-121.65272370538604, 37.15296444908672], [-121.65274734095311, 37.15298869719634], [-121.65371849317864, 37.153992713326524], [-121.65669289424238, 37.15706768390519], [-121.65671549944233, 37.15709105295451], [-121.65688260217982, 37.157260343283845], [-121.65705382268312, 37.15742697706217], [-121.65722909506482, 37.15759089014054], [-121.65740835187628, 37.15775201941692], [-121.65768704469433, 37.158026626422206], [-121.65797169724192, 37.158297289656225], [-121.6582622224676, 37.15856392628464], [-121.65855853151973, 37.15882645470454], [-121.65886053377368, 37.159084794569445], [-121.6591681368596, 37.15933886681399], [-121.65948124669062, 37.159588593678116], [-121.65979976749155, 37.15983389873084], [-121.66012360182829, 37.16007470689387], [-121.66045265063765, 37.160310944464506], [-121.66078681325752, 37.16054253913818], [-121.6611259874578, 37.16076942003075], [-121.66147777418223, 37.16102590948716], [-121.66182445799257, 37.16128681272707], [-121.66216595241198, 37.16155206471124], [-121.66250217225458, 37.161821599315665], [-121.66283303364665, 37.16209534934801], [-121.66315845404758, 37.16237324656438], [-121.66321388008686, 37.162421507656276], [-121.66324859996396, 37.16245180272592], [-121.66326583863004, 37.162466931643095], [-121.66360970320187, 37.162773614636016], [-121.66394697039222, 37.16308495597482], [-121.66427754163281, 37.16340086474481], [-121.66460132030709, 37.163721248696326], [-121.6649182117783, 37.16404601427179], [-121.66522812341728, 37.16437506663282], [-121.66756369937517, 37.16715114984303], [-121.66764150154164, 37.16724362422999], [-121.66783784356265, 37.16747699230782], [-121.66817153262926, 37.167260125930824], [-121.6685623508734, 37.16770445830998], [-121.66928871761809, 37.16864464655896], [-121.66957343497653, 37.168955151675505], [-121.66991646735406, 37.169329321784865], [-121.66992117721975, 37.169334458549], [-121.6707876065667, 37.17027938241394], [-121.67225786265209, 37.1716083593665], [-121.6731428664772, 37.17240834053354], [-121.67614058157679, 37.17490979071285], [-121.67630750917715, 37.175047827355584], [-121.67648878017683, 37.17517383952526], [-121.67884439404459, 37.17710794829333], [-121.67894479871971, 37.17719038568848], [-121.67852114158865, 37.177460239069795], [-121.67860897883475, 37.17754194243815], [-121.67907008591398, 37.17797683672361], [-121.67952487481837, 37.17841597194021], [-121.67997328454712, 37.17885928929455], [-121.68041525495023, 37.17930672943237], [-121.6808507267368, 37.17975823244627], [-121.68127964148275, 37.1802137378838], [-121.6817019416388, 37.18067318475555], [-121.68211757053824, 37.18113651154317], [-121.68252647240446, 37.18160365620776], [-121.68292859235855, 37.182074556197946], [-121.68332387642663, 37.1825491484584], [-121.68371227154714, 37.183027369438115], [-121.6839591596398, 37.18332984561114], [-121.68421295287894, 37.18362864130928], [-121.68447356565268, 37.18392365564329], [-121.68474091004339, 37.18421478899954], [-121.68501489585734, 37.184501943073684], [-121.68529543065503, 37.18478502090386], [-121.6855824197824, 37.185063926903595], [-121.68587576640276, 37.185338566893996], [-121.68617537152927, 37.18560884813567], [-121.6864811340586, 37.18587467936008], [-121.68679295080479, 37.18613597080038], [-121.68711071653419, 37.18639263422185], [-121.68743432400099, 37.18664458295166], [-121.68776366398325, 37.18689173190824], [-121.68809862531998, 37.18713399763], [-121.68843909494849, 37.187371298303646], [-121.68878495794267, 37.18760355379181], [-121.68913609755181, 37.18783068566015], [-121.68918072584515, 37.18785895384229], [-121.69195845709997, 37.18981369798437], [-121.69210840475102, 37.18991921777657], [-121.69319748691659, 37.19068561122467], [-121.69323493228231, 37.190711959752306], [-121.69327434226291, 37.19073969085395], [-121.7017204928604, 37.1966821949919], [-121.70183731334623, 37.196764384189606], [-121.70205492298712, 37.19691748216356], [-121.70259208702349, 37.19729530028591], [-121.70313380424655, 37.19766893751248], [-121.70368002384562, 37.19803835875104], [-121.70423069458495, 37.19840352930475], [-121.70478576480845, 37.19876441487551], [-121.70534518244446, 37.199120981567276], [-121.70590889501082, 37.19947319588905], [-121.70597997868349, 37.19951711285718], [-121.7064912261283, 37.199829743821454], [-121.70700586079748, 37.20013880034213], [-121.70752384365441, 37.20044425895121], [-121.70755409621171, 37.20046146817993], [-121.7128182307282, 37.203455985214426], [-121.7129446030003, 37.20352787097259], [-121.71901404285978, 37.20698033662719], [-121.71937973587964, 37.207173482704356], [-121.71974045781423, 37.20737252069246], [-121.72009606029567, 37.20757736874774], [-121.72044639705749, 37.20778794263659], [-121.72079132399494, 37.208004155770254], [-121.72113069922413, 37.20822591924034], [-121.72146438314037, 37.20845314185532], [-121.7217922384756, 37.20868573017795], [-121.72211413035478, 37.20892358856364], [-121.72242992635141, 37.20916661919976], [-121.72273949654193, 37.209414722145794], [-121.72301813680595, 37.209656029430136], [-121.72312393406544, 37.20974962367848], [-121.72322837486915, 37.209843069714296], [-121.72352457240781, 37.21011400394166], [-121.72381514069284, 37.210388810784266], [-121.72410000054204, 37.21066741541413], [-121.724379074325, 37.21094974196826], [-121.72465228598435, 37.211235713569366], [-121.72491956105628, 37.21152525234667], [-121.72518082669106, 37.21181827945719], [-121.72805872357175, 37.214736149007905], [-121.72835978500355, 37.2150665021848], [-121.7286674123274, 37.21539296407641], [-121.72898152699506, 37.21571545123475], [-121.72930204879695, 37.21603388122676], [-121.72962889588256, 37.216348172655415], [-121.72996198478134, 37.21665824518057], [-121.73030123042406, 37.21696401953954], [-121.73064654616446, 37.21726541756741], [-121.73099784380135, 37.217562362217016], [-121.73135503360119, 37.21785477757875], [-121.73171802432095, 37.21814258889995], [-121.7415241061761, 37.225856245641566], [-121.74166945445253, 37.22597167687269], [-121.74181477937282, 37.226085633719556], [-121.74218272940746, 37.22636781730329], [-121.74255621846775, 37.226645309863585], [-121.74293515307387, 37.22691804190198], [-121.74331943837896, 37.227185945111586], [-121.743708978193, 37.22744895239416], [-121.7441036750068, 37.22770699787701], [-121.74450343001652, 37.227960016929465], [-121.74490814314832, 37.228207946179175], [-121.74531771308354, 37.22845072352797], [-121.74573203728394, 37.22868828816741], [-121.74615101201756, 37.22892058059422], [-121.7465745323847, 37.22914754262503], [-121.74660720410472, 37.22916473171772], [-121.74734222886812, 37.22958388915709], [-121.74740276452542, 37.229618412335824], [-121.74748016606392, 37.229523525250706], [-121.7479410700688, 37.22895849680165], [-121.74808170090418, 37.22879203090514], [-121.74822885146008, 37.228629208454954], [-121.74838237418696, 37.22847019266849], [-121.74854211515068, 37.228315142946215], [-121.74870791418671, 37.2281642147119], [-121.74876500661156, 37.22811440559379], [-121.74891097710456, 37.22799172963036], [-121.749060983513, 37.22787220751096], [-121.74923897139232, 37.22773830276543], [-121.74942202001331, 37.22760883419815], [-121.74960995651863, 37.22748392405134], [-121.750091142656, 37.22716169161767], [-121.75027718194049, 37.22703374414257], [-121.7503838559738, 37.22696123489785], [-121.7504730514885, 37.226898046394396], [-121.75049922659744, 37.22687863155319], [-121.7505237757558, 37.2268604226693], [-121.75054795121498, 37.226842973408495], [-121.75058274565824, 37.22681785991336], [-121.75064474108586, 37.22677819402162], [-121.75070956261271, 37.226741496526664], [-121.7508663419723, 37.22664929242712], [-121.75090676346157, 37.226625559363036], [-121.75094523381051, 37.22659980919398], [-121.75098149520292, 37.22657213705082], [-121.75104855353631, 37.2265168306439], [-121.75106267056015, 37.226505187975306], [-121.75114929599609, 37.226433786196445], [-121.75118261449886, 37.22648821072632], [-121.75124417243156, 37.22658876238872], [-121.75138530040844, 37.22683949005224], [-121.75148042297684, 37.22704346986931], [-121.7514849486874, 37.22705317548242], [-121.75181962669613, 37.22777086166168], [-121.7518724530042, 37.22788414128293], [-121.75351873280097, 37.23141433346512], [-121.75613931203308, 37.23221453298206], [-121.75733208496388, 37.232578720564355], [-121.75752421210947, 37.23263738267266], [-121.75794160434708, 37.232764823601194], [-121.7607974738138, 37.234127164805884], [-121.76308308746516, 37.23521727994916], [-121.76313948189257, 37.23522526374072], [-121.76314610606835, 37.23522626716768], [-121.76319936088427, 37.23523539170333], [-121.76320825869563, 37.23523703523526], [-121.76326022532731, 37.235247510783246], [-121.7632691743427, 37.23524946685758], [-121.7633213404002, 37.235261588080554], [-121.76332354306882, 37.23526210016422], [-121.76332788552406, 37.23526324591583], [-121.76338220843625, 37.23527757567498], [-121.76343581089931, 37.235293440966466], [-121.76344014167643, 37.235294722605516], [-121.76344226709006, 37.2352954220715], [-121.76349257722798, 37.23531197681191], [-121.76350097916927, 37.23531486765088], [-121.7635497064759, 37.23533255883943], [-121.76355817309575, 37.23533579726464], [-121.7636067737398, 37.23535515271792], [-121.76360881291502, 37.23535596518482], [-121.7636127969425, 37.235357697398484], [-121.76363306562617, 37.235366259053684], [-121.76366308552029, 37.23537955818936], [-121.76371236079851, 37.23540284508146], [-121.76371817649046, 37.23540566940308], [-121.76372210661899, 37.23540757755467], [-121.76375107817921, 37.235422287055435], [-121.76376391420361, 37.23542909360491], [-121.76377168552753, 37.23543321386612], [-121.76381573530624, 37.23545759928624], [-121.76381907614015, 37.235459448789946], [-121.76382314191433, 37.235461876174575], [-121.76386669851797, 37.235487882224675], [-121.76387224920674, 37.235491364525615], [-121.76391671490518, 37.23551995600669], [-121.76394285138245, 37.235537742982046], [-121.76395999842056, 37.2355498920488], [-121.76396343717073, 37.23555227008138], [-121.76396510444353, 37.23555350951931], [-121.76400492495407, 37.23558311083512], [-121.76400867901283, 37.235585901535835], [-121.76401157068898, 37.23558821090856], [-121.76401852724095, 37.23559354985751], [-121.76404280869721, 37.23561294457845], [-121.76404945892362, 37.23561847162252], [-121.76405400619448, 37.23562225143937], [-121.76413496234755, 37.23569426889596], [-121.7641829168145, 37.235740131962665], [-121.7644295800404, 37.235976036460556], [-121.76446588005318, 37.23601203573054], [-121.76446870435565, 37.23601489793457], [-121.76450184319748, 37.23605025565768], [-121.76450592154784, 37.23605472704478], [-121.764536609786, 37.236090008938476], [-121.76453931820586, 37.2360931228876], [-121.76454128641396, 37.23609556598543], [-121.76457001452856, 37.23613122762742], [-121.76457457976538, 37.23613712081135], [-121.76458086617392, 37.23614523752787], [-121.76459747781516, 37.23616761517165], [-121.7646017466081, 37.23617362278375], [-121.76460356928918, 37.23617607160083], [-121.76460582405983, 37.236179360768084], [-121.7646316236667, 37.236216998444014], [-121.76463374099524, 37.236220257571354], [-121.76468577948381, 37.23630679067929], [-121.7647316160044, 37.236394706149234], [-121.76473345754997, 37.23639823847159], [-121.764734900244, 37.23640131235712], [-121.76477617422192, 37.23648925489377], [-121.76477816937947, 37.23649380993156], [-121.76481510898675, 37.2365820398655], [-121.76481632799998, 37.23658495068061], [-121.76481701161778, 37.23658680301724], [-121.76485024028513, 37.23667679720865], [-121.76485261453126, 37.23668371735868], [-121.7648821996322, 37.236775942099904], [-121.76490764260181, 37.2368690478358], [-121.76490865051096, 37.23687273461583], [-121.76490937365435, 37.23687592648751], [-121.7649123336015, 37.23688769056801], [-121.76492108408524, 37.236925149807995], [-121.76492918688348, 37.23696270271827], [-121.76493029630227, 37.23696830404202], [-121.76493073108654, 37.2369702243119], [-121.7649312853465, 37.23697329745894], [-121.76494787003077, 37.23706528011275], [-121.7649485284952, 37.23706932948121], [-121.7649704913806, 37.23726561844997], [-121.76498254944488, 37.237446374633905], [-121.76499055611458, 37.237566405306055], [-121.76503119582449, 37.238175617755836], [-121.76497119282911, 37.23849417795404], [-121.76498522810104, 37.238528451031186], [-121.7652031835514, 37.239061501470026], [-121.76523548875204, 37.23914051065402], [-121.76544481323738, 37.239249248370434], [-121.7656635233575, 37.23901202784013], [-121.76689841937214, 37.23767260224162], [-121.76702421405051, 37.237536155532865], [-121.76830429172917, 37.23614765227919], [-121.76842923570338, 37.23600850653111], [-121.7685174457701, 37.23591027251206], [-121.76860559924306, 37.23581209844135], [-121.76873083516972, 37.23567262451353], [-121.76885836269946, 37.23552380626674], [-121.76886019526252, 37.23552166782462], [-121.7687733210066, 37.23547332899836], [-121.7690349696979, 37.23518757806921], [-121.76903953852917, 37.23518239572137], [-121.76912414635201, 37.23508644784213], [-121.76914817269173, 37.23505991026286], [-121.7691723436605, 37.23503348496129], [-121.76919668980044, 37.2350071726522], [-121.76924712571008, 37.23495629167265], [-121.76929969152529, 37.23490087912712], [-121.76934421382585, 37.23485404541711], [-121.76943963017717, 37.234751175363705], [-121.76948218516746, 37.23470479714686], [-121.76954999000286, 37.23463143345223], [-121.76961951690853, 37.23455672295119], [-121.76979306961695, 37.23438884648419], [-121.76982852881459, 37.23435451717254], [-121.7698781831896, 37.23430648300206], [-121.76992926947904, 37.2342585017262], [-121.77007412460858, 37.23411858578617], [-121.77018067018727, 37.234007034197504], [-121.7702891902628, 37.233893697271284], [-121.77032512556794, 37.23385540258874], [-121.7703604706798, 37.233817778042265], [-121.77039542143122, 37.23378052395834], [-121.77043175379177, 37.23374201823023], [-121.77055540329336, 37.23360766571211], [-121.77065939496208, 37.23349582084331], [-121.77078629277155, 37.233359051163404], [-121.77082688224787, 37.23331665442917], [-121.77086600926658, 37.23327928566273], [-121.77090038060469, 37.23324329725132], [-121.77093405844347, 37.23320690329306], [-121.77096706973263, 37.23317010450248], [-121.77100646265355, 37.23312479099172], [-121.77114544729568, 37.232964794514274], [-121.77134603390704, 37.23273559833596], [-121.77151158442629, 37.23254711357835], [-121.77162023745345, 37.23242510017983], [-121.77166641984034, 37.23237833860043], [-121.77171209288248, 37.23233204117512], [-121.77181103332485, 37.232222973079715], [-121.77196584538247, 37.23205628012882], [-121.77197764654946, 37.232046584458736], [-121.77199049425386, 37.232037792839805], [-121.77200427261236, 37.232029951762], [-121.77201887113257, 37.23202315492084], [-121.77203417393183, 37.23201740446266], [-121.77205006961877, 37.232012813394014], [-121.77242835107143, 37.23189941128974], [-121.7724981789611, 37.23175315952409], [-121.77251993590852, 37.23171689009662], [-121.77261821196709, 37.231553059826865], [-121.7726789704244, 37.23146805178026], [-121.77274408742927, 37.23138512454967], [-121.77281342106029, 37.231304417130055], [-121.7729070947743, 37.23120227316909], [-121.77296934720985, 37.231134438321284], [-121.77305734678326, 37.23103874143384], [-121.77332631862853, 37.230749514804344], [-121.77355012598899, 37.230507952649425], [-121.77382493943185, 37.23021234324989], [-121.77405620594027, 37.22996516073566], [-121.7741445633407, 37.22986874993142], [-121.77420279316124, 37.22980519261136], [-121.77426560612818, 37.22974016610959], [-121.77433831930851, 37.22965996338889], [-121.7745036776547, 37.229477572632156], [-121.77474047893986, 37.229212817720125], [-121.77498852157667, 37.228934182865956], [-121.77520880202164, 37.22868785024876], [-121.77531936499157, 37.22856601848486], [-121.7753381971034, 37.228545670259365], [-121.77540692023894, 37.22847146913511], [-121.77550322139952, 37.22835931369714], [-121.77575374172844, 37.22808026200781], [-121.7758562115994, 37.22796570447409], [-121.77589084623592, 37.22792703288159], [-121.77592542418925, 37.22788833878158], [-121.77599084369773, 37.22781520305651], [-121.77622116549693, 37.22755710779477], [-121.77630946389733, 37.2274575832579], [-121.77643699389446, 37.227317093193584], [-121.77658241663244, 37.22715319756987], [-121.7765905213749, 37.22714374439318], [-121.77660690027503, 37.22712464063111], [-121.77663318801221, 37.227093978313626], [-121.77670127628379, 37.227016235302216], [-121.77677147348543, 37.22693968195674], [-121.77684375303234, 37.22686438855354], [-121.77696478827741, 37.22674090682081], [-121.77707306665936, 37.2266213633692], [-121.77721314998499, 37.22647018387327], [-121.77743006060855, 37.226238532977966], [-121.77757536499426, 37.22608308278653], [-121.77769892137233, 37.22594989095422], [-121.77772182917455, 37.22592524087449], [-121.77774965425894, 37.22589520354453], [-121.77781348595477, 37.22582645642462], [-121.77795659289264, 37.225673204568764], [-121.77802560607326, 37.22559780868914], [-121.77819044044143, 37.22541783674161], [-121.77829614910469, 37.22530564496639], [-121.77832388636193, 37.225277234055945], [-121.77834852984289, 37.225251969627514], [-121.77844398452649, 37.225147741263136], [-121.7788278428309, 37.224733161429285], [-121.77887646767851, 37.22468085417485], [-121.77892972336686, 37.224631540861964], [-121.77898729828743, 37.2245854530322], [-121.77894236286573, 37.22456601481458], [-121.77875458626286, 37.22448478721316], [-121.77851049428554, 37.22438312472723], [-121.77847394004726, 37.22436789090033], [-121.77844173634897, 37.224354348049175], [-121.77769838509008, 37.22404750772247], [-121.77765970364143, 37.22403348698848], [-121.7776209952432, 37.22401946625177], [-121.77706638178529, 37.22378586799759], [-121.77702529195408, 37.22376818769121], [-121.77698402964643, 37.223750509526454], [-121.77666807785022, 37.2236207858342], [-121.77661037098625, 37.22359715195328], [-121.7765652899409, 37.22357869119785], [-121.77622113733887, 37.223435037209846], [-121.77590708278468, 37.22330396317758], [-121.77513983005592, 37.22298578581], [-121.77464052765495, 37.222780528159205], [-121.77450164005405, 37.222729532333], [-121.7744416900975, 37.22270182514302], [-121.77440932469564, 37.22274932950293], [-121.77434708132746, 37.222840672842366], [-121.77433220432788, 37.22286301509037], [-121.77426924320507, 37.22295928682757], [-121.77417029826637, 37.22311257985549], [-121.77406151048677, 37.223281108048575], [-121.77405442457574, 37.223291989405986], [-121.77404728207065, 37.22330282498169], [-121.77404005242931, 37.223313639096524], [-121.77400219562628, 37.223368116660644], [-121.77396240564927, 37.223421699328966], [-121.77392071124424, 37.223474363498], [-121.77382577279512, 37.22359064528638], [-121.77377662147583, 37.22364419203039], [-121.77372733091785, 37.22369785461674], [-121.77362557605399, 37.22380720686058], [-121.77358348010303, 37.22385142940238], [-121.77354568618361, 37.22389116478939], [-121.77350783656904, 37.22393092376089], [-121.77344642684005, 37.22399579715544], [-121.77339996597495, 37.22404766693248], [-121.77335593505246, 37.2240959386832], [-121.77325899785241, 37.22421091408068], [-121.77317002780879, 37.224329900729614], [-121.7730893366372, 37.224452618927636], [-121.77305263776128, 37.22451797899611], [-121.77302321164582, 37.224573485010275], [-121.77300005397478, 37.2246171355784], [-121.77295888597959, 37.224695796522006], [-121.7728950148593, 37.224831424566304], [-121.77288981181636, 37.22484464902089], [-121.77285649419665, 37.22492932968041], [-121.77279871634738, 37.2250715523453], [-121.77277086408701, 37.22506401024976], [-121.77270111890104, 37.225045123534464], [-121.77253176763558, 37.22500564982416], [-121.77227114755283, 37.224949978158364], [-121.77193258425926, 37.22488411987459], [-121.77157304530667, 37.224820275099894], [-121.77127055744963, 37.22476670341545], [-121.77087681065679, 37.224697551723104], [-121.77048211793829, 37.224628270497774], [-121.76995277676488, 37.22453513387322], [-121.76945925051757, 37.22444739767427], [-121.76897001372474, 37.22436098540151], [-121.76837592738677, 37.224255817014544], [-121.76787349434478, 37.22416752970509], [-121.7676910429487, 37.224135188566905], [-121.76766531250831, 37.224130627058244], [-121.76752071162035, 37.22410499476526], [-121.76741831806832, 37.224089372466125], [-121.76723790494933, 37.224055480509634], [-121.76712884589938, 37.224034986243915], [-121.76697687523401, 37.22400900413292], [-121.76696212400125, 37.224006520585135], [-121.76695669458465, 37.22400560642188], [-121.7668714274108, 37.22399046049816], [-121.7667864827324, 37.22397405276886], [-121.76670185785416, 37.22395633673835], [-121.7666177279476, 37.22393733314929], [-121.76653412086092, 37.22391713427555], [-121.76645118122215, 37.223895783034685], [-121.76635269174926, 37.223868878846766], [-121.76621645058319, 37.22383029651354], [-121.76608394012025, 37.22379057467317], [-121.76595208812252, 37.22374915180572], [-121.76581911233268, 37.22370559013782], [-121.76568903630418, 37.22366089753926], [-121.7656380111076, 37.2236427722796], [-121.76555068140412, 37.22361061833481], [-121.76546661258462, 37.22357833776615], [-121.76538061957437, 37.22354390338053], [-121.765295293114, 37.223508340216526], [-121.7652104643204, 37.22347169619907], [-121.76499931266079, 37.22337518761254], [-121.76480437469127, 37.223277703930485], [-121.76470823701003, 37.223225661938116], [-121.76462727995546, 37.22318096333605], [-121.76454766947526, 37.223137945699186], [-121.76447110248691, 37.223093908712634], [-121.76439443219238, 37.223048752945466], [-121.76431891713128, 37.22300260000001], [-121.76424421504541, 37.22295531610969], [-121.76417066909134, 37.222907104423044], [-121.76409816518297, 37.22285782902718], [-121.7640267042185, 37.22280758005061], [-121.76395637063976, 37.22275633460133], [-121.76372052161204, 37.22256661097074], [-121.76367509022603, 37.22252722824872], [-121.7636298133504, 37.2224867682316], [-121.76358513115987, 37.2224434333133], [-121.76357035477564, 37.222429102548276], [-121.76345216346427, 37.22231447492734], [-121.76340327536319, 37.222261854292164], [-121.76327299632585, 37.222123519830234], [-121.76322595695699, 37.22207358010228], [-121.7631850935046, 37.22202496870225], [-121.76310342139953, 37.22190436462675], [-121.7629592436387, 37.22169145933506], [-121.76291821399988, 37.22162623200867], [-121.76288233170636, 37.22156573367627], [-121.76284761273091, 37.22150469522012], [-121.76281156155483, 37.22143760643998], [-121.76278169168455, 37.221377180205096], [-121.76275252968668, 37.22131644847458], [-121.7627428521397, 37.22129583830328], [-121.76267025302282, 37.22113053682744], [-121.76260309769494, 37.220970622901504], [-121.76258451425447, 37.220926028837056], [-121.76250826977643, 37.22074304983013], [-121.76245262635427, 37.22061059339399], [-121.76240476503423, 37.220494923624685], [-121.76235695401965, 37.22038216011109], [-121.76230801831409, 37.2202722914209], [-121.76230507723108, 37.22026593774665], [-121.76226937909334, 37.22019428969653], [-121.76223336564655, 37.22012596435183], [-121.76219501388563, 37.22005649582396], [-121.76215906511705, 37.2199937092731], [-121.7621208418143, 37.219931771070414], [-121.7620877281269, 37.21988184276837], [-121.76207464506719, 37.2198624561627], [-121.76203340073046, 37.219802725413324], [-121.76197475513368, 37.219717842270384], [-121.76170998934613, 37.21948603554237], [-121.76165927586827, 37.21943535511049], [-121.7616068160662, 37.219382909873495], [-121.76153345337043, 37.21931631422682], [-121.76147055334899, 37.21926933634359], [-121.76140765602187, 37.219227646317016], [-121.76134674486939, 37.21918831478649], [-121.76129081846722, 37.21915263797591], [-121.76123542207101, 37.21911615494498], [-121.76119318060097, 37.21908754079082], [-121.76113430772565, 37.21904683642249], [-121.76107507462595, 37.219005106929174], [-121.76101066543482, 37.21896029637761], [-121.76094577564508, 37.218917528854796], [-121.76093530308782, 37.21891084385661], [-121.76091993740827, 37.21890168158043], [-121.76089714895089, 37.21888809125035], [-121.76088074661573, 37.218878310188565], [-121.76082542837271, 37.21884480147622], [-121.76076834314398, 37.21880991425662], [-121.7607315822941, 37.21878719238082], [-121.76071293327296, 37.21877430093398], [-121.76066910537914, 37.21873982143656], [-121.76062217560262, 37.21870800662991], [-121.76057254369384, 37.21867899100479], [-121.76043960383929, 37.2186130821917], [-121.76024087497981, 37.218515493635046], [-121.75995463226329, 37.21837760010691], [-121.75970023841018, 37.218254585856194], [-121.75948114205255, 37.21814901982382], [-121.75921566658448, 37.218020514780925], [-121.75902308309841, 37.217928993183314], [-121.75884955916386, 37.21784591708382], [-121.75868647185396, 37.217769023090455], [-121.7586252031708, 37.21774031113402], [-121.75838805604666, 37.21783169271856], [-121.75815213514679, 37.21770536185287], [-121.75787350744889, 37.217556166170034], [-121.75786809150678, 37.21755776144128], [-121.75786494291214, 37.21755868927411], [-121.7578580204953, 37.21756072878894], [-121.75781873357924, 37.21757230273041], [-121.75728280682998, 37.21773018073089], [-121.75677669161196, 37.21748170263985], [-121.7566414053777, 37.21723767909003], [-121.75643746179979, 37.21713144204703], [-121.75365394174617, 37.21568145091126], [-121.7531069612778, 37.21539651415125], [-121.75295064097634, 37.215315082806335], [-121.75146470387095, 37.21426804754025], [-121.75116937378746, 37.21422927571165], [-121.75108552235788, 37.21421826712994], [-121.75027948662171, 37.2143314833447], [-121.75091929455972, 37.21394703198681], [-121.75109282749807, 37.213842758411666], [-121.75115409978173, 37.213804656723276], [-121.7511847287372, 37.21378560980666], [-121.75121534152285, 37.21376644985132], [-121.75129827667787, 37.2137145422442], [-121.74669899062289, 37.210429833487204], [-121.74487829822856, 37.20889206381828], [-121.74466437887004, 37.208704220585496], [-121.74431173810757, 37.20838642167095], [-121.7441955239868, 37.2082813827226], [-121.74397501818301, 37.2080810417759], [-121.74387910688094, 37.20799400621909], [-121.74381430422937, 37.207934656711885], [-121.74370926784297, 37.20783917998213], [-121.74368788435137, 37.20781979099659], [-121.74355460943106, 37.2076988873233], [-121.7434256113887, 37.20758224046143], [-121.74327219085521, 37.20744234655389], [-121.7431384191665, 37.20732240886958], [-121.74305912669317, 37.20725034857802], [-121.74294239065134, 37.20714471850345], [-121.74282303781787, 37.207036597736014], [-121.74268497487844, 37.206911531637694], [-121.74253511616381, 37.20677571896281], [-121.74238310239164, 37.206637639428386], [-121.74222511931569, 37.20649509150985], [-121.74209943246278, 37.20638101777993], [-121.74196520263366, 37.20625920672491], [-121.74182949238126, 37.20613601388734], [-121.74166811816596, 37.20599068682005], [-121.74160338288789, 37.20593176931721], [-121.74148394561293, 37.205823442184794], [-121.74132319752326, 37.20567785551118], [-121.74118636258022, 37.2055540793222], [-121.7410260034611, 37.20540940293963], [-121.74100166181788, 37.20538764150102], [-121.74093504097661, 37.205327050724776], [-121.74082944763491, 37.20523038799868], [-121.74072448401236, 37.20513367148757], [-121.74058351322728, 37.205003599547176], [-121.74047859272382, 37.20490610357862], [-121.740374341465, 37.20480912836002], [-121.7402282368097, 37.204671418713666], [-121.74011986587804, 37.2045693596259], [-121.74001834280236, 37.20447299572113], [-121.73981536402475, 37.204278939584675], [-121.7396972553583, 37.20416595005882], [-121.73959885123256, 37.20407117833359], [-121.73950457755943, 37.20398048267752], [-121.73941818480432, 37.203897394087306], [-121.73917576909759, 37.20366491125796], [-121.73906031764692, 37.203554914469926], [-121.73893665020672, 37.20343788699563], [-121.73875255580785, 37.20326422865019], [-121.73855393924748, 37.203079279940894], [-121.73839762344465, 37.202934534418894], [-121.73829450406276, 37.20283990281791], [-121.73826581098164, 37.2028127163701], [-121.73804807288651, 37.20261515139572], [-121.73780894321489, 37.20239741776376], [-121.73766814041424, 37.20227001712789], [-121.73747171664068, 37.20209101835234], [-121.73736381013775, 37.201992361631596], [-121.73722295343846, 37.201865099122315], [-121.73706174361494, 37.20171822904334], [-121.73685328691097, 37.201527751296645], [-121.73664994970443, 37.20134399396934], [-121.73652934282275, 37.201238513042846], [-121.73640391468392, 37.2011286873057], [-121.73581842709046, 37.20037114440693], [-121.73570498176717, 37.20020482833034], [-121.73559876698167, 37.20003548453517], [-121.7354999087946, 37.1998633140854], [-121.73540852452959, 37.199688521399835], [-121.73532472263413, 37.19951131400911], [-121.73524860255102, 37.19933190230945], [-121.73523189569084, 37.19928698705669], [-121.73522791076603, 37.19927611082274], [-121.73519430660454, 37.199171357581484], [-121.73516168160648, 37.19906698414919], [-121.73516101595526, 37.199064793869695], [-121.73514305864262, 37.19899965717665], [-121.73512724291321, 37.19893589427393], [-121.7351124252121, 37.198870243708136], [-121.73510270993887, 37.198824292786384], [-121.73507473641942, 37.19869485182658], [-121.73504344542516, 37.19853774896611], [-121.73501314527127, 37.19839210388398], [-121.73499892674631, 37.198326401325716], [-121.7349878792725, 37.198272476685354], [-121.73497973874505, 37.1982334440687], [-121.73496115081812, 37.19814219758318], [-121.73493985177727, 37.19803742917394], [-121.73492104106896, 37.19793961580906], [-121.73490150901361, 37.19784135223268], [-121.73487506891921, 37.19770253293379], [-121.73485351296127, 37.197590831591356], [-121.73484067963766, 37.19752930290305], [-121.7348218940822, 37.1974311919226], [-121.73479836812041, 37.19730763191259], [-121.73477729276087, 37.19719734393519], [-121.73475669260941, 37.19709332340875], [-121.73473626403569, 37.196992826173165], [-121.73470763474856, 37.196842607797926], [-121.73468405848044, 37.196722940218955], [-121.73466836582195, 37.19664413704503], [-121.7346503150874, 37.19655240491487], [-121.73462854443194, 37.1964433144117], [-121.7346002403347, 37.196293688866355], [-121.73457830708469, 37.196179999729836], [-121.73454808418651, 37.196028493853355], [-121.73451014746031, 37.19583957602458], [-121.73445922379986, 37.19557970187696], [-121.73440970061176, 37.195328396611245], [-121.73436323079602, 37.1950851837361], [-121.73432225686769, 37.194883847460574], [-121.73428036665929, 37.194670204726705], [-121.73423100876155, 37.19441502939703], [-121.7341902477341, 37.19421259147277], [-121.73415015684942, 37.194010925129405], [-121.73413298825965, 37.19392751428708], [-121.73411485038764, 37.19384427294841], [-121.73409422867444, 37.19375970981541], [-121.7340896769135, 37.193742223557045], [-121.7340367311349, 37.193579925181936], [-121.73401301921538, 37.193514368710154], [-121.73399129975783, 37.19346030395267], [-121.73396832625217, 37.19340659623948], [-121.7339442190727, 37.19335356472806], [-121.73391845539999, 37.19330068703292], [-121.73390373920452, 37.193272253440306], [-121.73389250757239, 37.19325242920727], [-121.73388718505626, 37.19324304842077], [-121.73379460558967, 37.19329615585506], [-121.73368236828988, 37.19337466053257], [-121.73344447845811, 37.193541120099795], [-121.73186435975173, 37.1946467583968], [-121.73056139485287, 37.195558397446966], [-121.7299541840711, 37.195995422622346], [-121.72886165220434, 37.19678173068464], [-121.72777370533836, 37.197564730404544], [-121.72672719505866, 37.19831787209308], [-121.72657406106006, 37.198428087581576], [-121.72567585543626, 37.19907441941087], [-121.72561332820555, 37.19911945714256], [-121.72387761881225, 37.200368500392486], [-121.7237338896109, 37.200228114809015], [-121.72255018495036, 37.19907192337443], [-121.72308356500108, 37.19868810193988], [-121.72219555299444, 37.19782072194776], [-121.72165468834359, 37.19820210320757], [-121.72208976884197, 37.19862707424469], [-121.72168096355249, 37.19892125971496], [-121.72124234146622, 37.198492865185194], [-121.7211377317609, 37.198566654004026], [-121.72108771895944, 37.19860189976348], [-121.72100049346642, 37.19851695198057], [-121.71910403451231, 37.19666351850132], [-121.7188320633426, 37.19639767861323], [-121.71842243527286, 37.195997307344285], [-121.71832911020428, 37.19605423542837], [-121.71744342186929, 37.1951964897299], [-121.717041580394, 37.19480839509352], [-121.71650407807428, 37.19429078267851], [-121.71609905566521, 37.19390003998673], [-121.71554053097718, 37.193357396174356], [-121.71496977303467, 37.19280436935428], [-121.71495770327371, 37.19279231788068], [-121.7147006612014, 37.19254373192659], [-121.71436267824824, 37.192217361389666], [-121.71390187316919, 37.191774567183415], [-121.71349714630593, 37.19138271442972], [-121.71303687931776, 37.19093899575619], [-121.71265343353804, 37.190567496750276], [-121.71219042668922, 37.19012004987118], [-121.71189568502945, 37.18983362328003], [-121.7117294967444, 37.189676700200664], [-121.71171127981353, 37.18965953860866], [-121.71141382344558, 37.189371354100786], [-121.71092235078928, 37.18889650113874], [-121.7076038204779, 37.18569625288644], [-121.7075047102766, 37.18560067359814], [-121.70583124545487, 37.1839868022855], [-121.70565593208603, 37.18381769606252], [-121.70554564864187, 37.18371265226909], [-121.7052549404161, 37.1834357558631], [-121.70494574756172, 37.18313689592023], [-121.70459349307768, 37.182792974461336], [-121.70423891285621, 37.18244300948616], [-121.70392398246497, 37.182126673128266], [-121.70363240017963, 37.181840674988486], [-121.70360781778824, 37.1818166966516], [-121.70349195580798, 37.181703682094785], [-121.70344000264609, 37.181736392815694], [-121.70338806835808, 37.181685825879434], [-121.70311895832178, 37.18142376589079], [-121.70267631717414, 37.18098861664815], [-121.70258778103948, 37.180901380229365], [-121.70210413719975, 37.18042602167626], [-121.7015510518097, 37.17988527147156], [-121.70147472647147, 37.17981002362627], [-121.7009640685017, 37.179306572208326], [-121.70041551870432, 37.17876929461495], [-121.70010453640731, 37.178463436322374], [-121.6997288924944, 37.17809414986153], [-121.69970554977758, 37.17807273627293], [-121.6988119625594, 37.17719833049096], [-121.6987718375214, 37.177154153609315], [-121.69871167736258, 37.177094915133246], [-121.69849720823733, 37.176888340948004], [-121.69801964419376, 37.1764196330207], [-121.6976421973624, 37.17604900883059], [-121.69724932197015, 37.17566499084963], [-121.69714972937366, 37.175567416194745], [-121.69710090954403, 37.175519585800394], [-121.69705839408931, 37.175477931732274], [-121.69675592063209, 37.17518158558346], [-121.69662216511459, 37.17504900622829], [-121.69614783500523, 37.17458257021472], [-121.69606402490585, 37.17450017936363], [-121.69604179340527, 37.17447829520704], [-121.69597681558264, 37.174414435721715], [-121.69588091595958, 37.17432010550628], [-121.69548865411642, 37.17393575520432], [-121.69501524567818, 37.173472349399475], [-121.69498357288606, 37.173441360855634], [-121.69455296287185, 37.17301933403276], [-121.69410167005205, 37.172575292733406], [-121.69374447753009, 37.17222571276388], [-121.69363794185686, 37.17212054834411], [-121.6935151278161, 37.17200257238608], [-121.69344733377596, 37.171935901289956], [-121.69323040596278, 37.17172215497022], [-121.69312575764945, 37.17161864335679], [-121.69299823014988, 37.17149373332791], [-121.69285396883745, 37.17135265016381], [-121.69273239177727, 37.17123138745061], [-121.69261499457667, 37.171115712145415], [-121.69251371494462, 37.17101710872335], [-121.69240545360796, 37.17091106861669], [-121.69228405890551, 37.170790467320664], [-121.6921929419115, 37.17070128142094], [-121.69208727850211, 37.17059853289777], [-121.6919751445292, 37.170488205906224], [-121.69183226841905, 37.170347565386926], [-121.69177214509108, 37.170288255003335], [-121.69168165242608, 37.17020048153399], [-121.6915902309033, 37.17011187045593], [-121.69153897574147, 37.17006153339004], [-121.69142848838011, 37.16995393575059], [-121.69131575433256, 37.169845238457285], [-121.6913072427975, 37.169837016540505], [-121.69092182342008, 37.169459884713774], [-121.69088757605707, 37.169426373389726], [-121.69082924127439, 37.1693692920786], [-121.69068048389535, 37.16922376682367], [-121.6906306435795, 37.1691759782264], [-121.69057779840001, 37.16912459399742], [-121.69041419187302, 37.168965976475484], [-121.69025589708293, 37.1688122849662], [-121.69008750343514, 37.1686475027593], [-121.68991263383411, 37.168476629164864], [-121.68975933187892, 37.168327417787935], [-121.68957975331067, 37.16815169367631], [-121.68942485055763, 37.16800600000177], [-121.6892644662867, 37.16785017691712], [-121.68903071393045, 37.16762524332023], [-121.68887339021883, 37.16747314040323], [-121.68883769836533, 37.167437269494485], [-121.68879991523426, 37.16739942856592], [-121.68867766443695, 37.16728485409051], [-121.68838833332819, 37.16700769846484], [-121.6882038625357, 37.166829641195115], [-121.68802012926024, 37.166647548254005], [-121.6878811599225, 37.16650704590487], [-121.68776245028381, 37.16638890799059], [-121.68764780372398, 37.16627441359129], [-121.6875819671126, 37.16620781117413], [-121.68746551763455, 37.166091389415385], [-121.68734619983616, 37.16597442342571], [-121.68719407377586, 37.165824831282386], [-121.68706194690331, 37.165695383862236], [-121.6869089620536, 37.165545640120065], [-121.68675583257493, 37.16539752180537], [-121.68673072197431, 37.165372975581356], [-121.68665526261178, 37.165299213016816], [-121.68661386286436, 37.165258743080614], [-121.68646968240063, 37.16511575266458], [-121.68638634571339, 37.16503483834543], [-121.68626501479093, 37.16491699950972], [-121.68612665271363, 37.16478012912454], [-121.68598995970592, 37.16464571535705], [-121.68581658310436, 37.16447761244358], [-121.68565936629221, 37.16432573513496], [-121.68550278818243, 37.16417083008809], [-121.68535266266949, 37.16402425823462], [-121.68518148155005, 37.163857322966926], [-121.68502158775902, 37.16370425963218], [-121.68487265251343, 37.16355863684696], [-121.68476963643852, 37.163456835030004], [-121.68475925550986, 37.163446576451804], [-121.68475212558329, 37.16343953074761], [-121.6847539895873, 37.16343837245177], [-121.68475702858771, 37.16343648395702], [-121.68475862040218, 37.16343549532498], [-121.68480583045965, 37.163406159936855], [-121.68476977389021, 37.163370248439804], [-121.68474331312196, 37.163346391667645], [-121.68465959914235, 37.16326483903427], [-121.68454966244767, 37.163161852748864], [-121.68438479468672, 37.162997851423384], [-121.68417602806545, 37.162794100816086], [-121.68404627813447, 37.16266785252273], [-121.68391108261771, 37.162535457388024], [-121.6837425973418, 37.16237037012766], [-121.68372901302168, 37.1623571139636], [-121.68367326089465, 37.16230271047675], [-121.68361621160066, 37.16224704053661], [-121.68348599634234, 37.162122033405254], [-121.68334750760248, 37.16198731351872], [-121.68326639514339, 37.16190738163905], [-121.6832302379628, 37.16187066691059], [-121.68319334326537, 37.16183437239521], [-121.68315577033981, 37.16179851885512], [-121.68305208052854, 37.161697870842126], [-121.68288333474133, 37.16153237368984], [-121.68275055928491, 37.161404438058725], [-121.68262861930509, 37.16128527487211], [-121.682457784037, 37.1611177379237], [-121.68232039303824, 37.16098353169875], [-121.68217503847663, 37.16084127988454], [-121.68203352870319, 37.16070336118968], [-121.6819556456867, 37.16062666886782], [-121.68187711139169, 37.16055039455901], [-121.68179792581822, 37.16047456260517], [-121.68169039120863, 37.160458047281864], [-121.68171175764175, 37.160391178438445], [-121.6815834629814, 37.160264181584], [-121.68140578165469, 37.16008659453268], [-121.68118689281897, 37.159878317221896], [-121.68100183632518, 37.15969721124872], [-121.68078777054353, 37.159489891480575], [-121.68060547906349, 37.159311754930776], [-121.68046095095168, 37.15917068338941], [-121.68022025372203, 37.15893559292153], [-121.68004424056572, 37.15876544909186], [-121.67989587934363, 37.15862035516897], [-121.68002060591924, 37.158537808039334], [-121.68017988079944, 37.158433382043164], [-121.68011464605875, 37.158369652900625], [-121.67968208310724, 37.15794711306509], [-121.67941282664486, 37.15769228116037], [-121.67840052170277, 37.15670108804885], [-121.67829626505444, 37.15659900923228], [-121.6776155416723, 37.15593250625377], [-121.67748068392194, 37.15580049954056], [-121.67701224577485, 37.15612620330676], [-121.67748068392194, 37.15580049954058], [-121.6766413468479, 37.15497890168462], [-121.67657523714865, 37.15491129913909], [-121.67663766736213, 37.154859046781205], [-121.67657752157699, 37.15479307580903], [-121.67653200754711, 37.15474315382363], [-121.67645433563573, 37.154657959105634], [-121.67617030638336, 37.15437683081619], [-121.67611950127754, 37.15432652766076], [-121.67583594004726, 37.15404589860244], [-121.67557091105661, 37.15378357592949], [-121.67532159988436, 37.153536842706586], [-121.67530346200515, 37.153518890343754], [-121.6750839075189, 37.15330157434091], [-121.67469331654218, 37.152914965620546], [-121.67449205175026, 37.15271572287295], [-121.67360327860091, 37.15185840937488], [-121.67347398770877, 37.15173354258297], [-121.67299001238962, 37.151266081990975], [-121.67248418016729, 37.15077748358633], [-121.67207575763575, 37.150382977313306], [-121.67198884563933, 37.15043581057838], [-121.67173449936685, 37.1505904251202], [-121.67166161725747, 37.15063472993482], [-121.66932236803375, 37.148356513464144], [-121.66927246483604, 37.14830848755822], [-121.66823323469588, 37.147299373685776], [-121.66793478568992, 37.1470083582096], [-121.66762957237164, 37.14671074545567], [-121.66750713123099, 37.146594487123515], [-121.6673871692415, 37.14647658433378], [-121.66720753037478, 37.1463201476367], [-121.66702226381223, 37.14616797540041], [-121.66683152748281, 37.14602019731519], [-121.66663548397439, 37.14587693932555], [-121.6664343003949, 37.145738323523084], [-121.66635253485792, 37.145684273260684], [-121.66617897669894, 37.14557368800205], [-121.66600210539194, 37.14546651979127], [-121.66582202589986, 37.14536283221802], [-121.66529336657445, 37.14502787998855], [-121.66518411708645, 37.14496554301405], [-121.66504088252151, 37.14506942264429], [-121.6646015102649, 37.14534238095467], [-121.6634153335386, 37.14610985297793], [-121.66307765775005, 37.14632121279558], [-121.66286982537474, 37.14613513220268], [-121.66285450820477, 37.14612000144974], [-121.66284463302739, 37.14611024676299], [-121.66278407222002, 37.14605042472136], [-121.66267187716191, 37.14593959933266], [-121.66261011979888, 37.14587859639383], [-121.66249741090455, 37.14576726092669], [-121.66233544200617, 37.14560726755069], [-121.66216951423337, 37.14544336204518], [-121.6621362936445, 37.14541044728629], [-121.66205739463379, 37.145332274408], [-121.66026064563489, 37.146497835239224], [-121.66008346373916, 37.146613546051206], [-121.6597997309316, 37.14632592484673], [-121.65913780299758, 37.14565491973371], [-121.65907777757796, 37.145592720155825], [-121.65901988567357, 37.14552923785845], [-121.65888574622811, 37.145374889084195], [-121.65875882575895, 37.14521667657083], [-121.65863929770002, 37.14505481656985], [-121.65852732537783, 37.144889530316924], [-121.65842306178831, 37.144721043729284], [-121.65832664938812, 37.14454958709697], [-121.65823821989986, 37.14437539476789], [-121.6581578941326, 37.1441987048275], [-121.65808578181681, 37.14401975877331], [-121.65800522991887, 37.14382503890716], [-121.65793299086319, 37.14364566314021], [-121.65785229290306, 37.143468613487975], [-121.65776325257174, 37.143294145491474], [-121.65766599844079, 37.143122510963806], [-121.6575606709339, 37.14295395762666], [-121.6574474221242, 37.142788728753054], [-121.65732641551443, 37.14262706281616], [-121.6572249166962, 37.14250325418762], [-121.65711796645486, 37.142384455082315], [-121.65700622549261, 37.142268516484734], [-121.65540224625855, 37.14053579416574], [-121.65530681196304, 37.14043082389933], [-121.65521578763658, 37.14032337274292], [-121.65512927380466, 37.14021355938613], [-121.65504736600911, 37.14010150512722], [-121.65503205063658, 37.140079565181004], [-121.65493816113982, 37.13993964166604], [-121.65485150468274, 37.13979675867072], [-121.65477222648049, 37.139651155701095], [-121.65470045937815, 37.13950307682115], [-121.65463632362825, 37.13935277024359], [-121.65457992668952, 37.13920048791374], [-121.65453136304703, 37.13904648508713], [-121.65449071405405, 37.13889101990161], [-121.65445804779614, 37.138734352944624], [-121.65443341897723, 37.13857674681633], [-121.65441589884375, 37.13842321634329], [-121.65440594638349, 37.13826925251214], [-121.65440357699856, 37.138115094314024], [-121.65440747000669, 37.13798214987743], [-121.65441699703585, 37.13784938783081], [-121.65443214707733, 37.137716961166795], [-121.65445290264286, 37.137585022490626], [-121.65449525194177, 37.13733138237345], [-121.65451328484401, 37.13719442492949], [-121.65452334261703, 37.13705694425626], [-121.65452540354022, 37.136919237855125], [-121.65451946319794, 37.13678160371424], [-121.65450553448872, 37.13664433966384], [-121.65448364759685, 37.13650774273156], [-121.65445459665473, 37.13637477161695], [-121.65441801149804, 37.13624299780625], [-121.65437396809581, 37.13611269478501], [-121.65432255789456, 37.135984132984895], [-121.65426388762845, 37.13585757922234], [-121.65419807909718, 37.135733296145084], [-121.65412526891332, 37.135611541686956], [-121.65404560821817, 37.135492568532726], [-121.65395926236808, 37.13537662359378], [-121.65386641059102, 37.135263947495716], [-121.65376724561435, 37.13515477407911], [-121.65366197326476, 37.135049329914295], [-121.65365023857551, 37.13503541511556], [-121.65361001472344, 37.1349876321208], [-121.65358092907931, 37.134953080704385], [-121.65220231973724, 37.13605548824987], [-121.65219378933583, 37.13606223286114], [-121.65157619133079, 37.13655047723353], [-121.65052710467592, 37.13737712335765], [-121.64995546283428, 37.13782853601162], [-121.64934471174172, 37.137333753113495], [-121.64931766584367, 37.13730975062545], [-121.64929345747815, 37.137283879041], [-121.64929322301792, 37.13728351524728], [-121.64927891123574, 37.13726938767725], [-121.64926188799193, 37.13725734072679], [-121.64917924929198, 37.13720791131832], [-121.64912108512333, 37.137174757058276], [-121.64906110378931, 37.13714374749558], [-121.64871435685625, 37.136973244534566], [-121.648664522304, 37.13694653702045], [-121.64861745530197, 37.13691678493069], [-121.64857344535544, 37.136884171270154], [-121.6485374669385, 37.13685534190604], [-121.64822592947641, 37.136605547113504], [-121.64811967285256, 37.136524912405285], [-121.64800805260951, 37.13644906464449], [-121.64789140474436, 37.13637823213583], [-121.6477700803845, 37.13631262808733], [-121.64764444473074, 37.136252449968595], [-121.64758858120977, 37.136224244835745], [-121.64753408764854, 37.1361899066073], [-121.64748447996699, 37.13615111053093], [-121.64739256975984, 37.13607112269222], [-121.64735525015845, 37.136042581622995], [-121.64731716519199, 37.1360199300861], [-121.64731707536033, 37.13601988711796], [-121.64729038282559, 37.136007052437044], [-121.64727637000826, 37.136001147136795], [-121.64724710358419, 37.1359869290524], [-121.64722115776624, 37.13596904968175], [-121.64696162466201, 37.135757927301164], [-121.6469279261692, 37.13572741170597], [-121.64690875073624, 37.13570664854767], [-121.64687927988389, 37.13567507762193], [-121.64684680472722, 37.135645456171304], [-121.64657041384334, 37.135412524075214], [-121.64589310674116, 37.134858774474566], [-121.64571576317704, 37.13471619779128], [-121.64564484074667, 37.1346637753634], [-121.64556866803528, 37.134616308986224], [-121.64548778368619, 37.1345741343049], [-121.64540275965682, 37.13453754954528], [-121.64532946278153, 37.134505749619294], [-121.64526008444327, 37.13446874136617], [-121.64519520036103, 37.13442683189306], [-121.64508410393866, 37.13434812844802], [-121.64507054311939, 37.134364187607325], [-121.64505452421425, 37.13437872337224], [-121.6444815563058, 37.13483559253474], [-121.64443347020243, 37.13487740464591], [-121.64439008266159, 37.13492239083356], [-121.64434454624293, 37.13496942008283], [-121.64429389286232, 37.135012966009995], [-121.64395927133971, 37.13527577985732], [-121.64464358170521, 37.13584322908022], [-121.64474323450796, 37.135764041577644], [-121.64476007129014, 37.13575262389727], [-121.64477893551978, 37.135743460553186], [-121.64479936072318, 37.13573677813583], [-121.6448208418273, 37.135732741887395], [-121.64484284764927, 37.135731451615904], [-121.64486483403122, 37.135732939227054], [-121.64488625729601, 37.13573716793532], [-121.64490658769094, 37.135744033173616], [-121.64492532248745, 37.13575336517891], [-121.6449419984123, 37.135764933190146], [-121.64569529847792, 37.13637670051487], [-121.64571018123465, 37.13639086076788], [-121.64572210465228, 37.1364067151427], [-121.64573077338045, 37.13642387091931], [-121.6457359726884, 37.13644190314113], [-121.64573757378423, 37.1364603651413], [-121.64573553700534, 37.13647879960681], [-121.64572991280114, 37.136496749906335], [-121.64572084048375, 37.13651377140129], [-121.64570854477718, 37.1365294424598], [-121.64569333025125, 37.136543374900825], [-121.64559882838803, 37.13661722494778], [-121.64603129612618, 37.13696462999523], [-121.64553348306644, 37.1373583489913], [-121.64550293525319, 37.13738703237316], [-121.64547895353375, 37.137419470509634], [-121.64545776045752, 37.137450125533704], [-121.64543232400702, 37.13747863702172], [-121.64540297852085, 37.13750463021146], [-121.6450103186481, 37.137814640872236], [-121.64428986893965, 37.138383368561435], [-121.64417134253408, 37.13847693368125], [-121.64431236991481, 37.13859192563094], [-121.6447409784908, 37.13894140549989], [-121.64480098762257, 37.13898546442731], [-121.64486642160944, 37.139024259080294], [-121.6449365632587, 37.13905736424327], [-121.64501064377531, 37.13908441706094], [-121.64508785118872, 37.139105121015405], [-121.64524325341725, 37.13913969417629], [-121.6452471460143, 37.13907413007254], [-121.64525886126934, 37.139009165495594], [-121.64527829153398, 37.138945397276174], [-121.64530525828307, 37.13888341125251], [-121.64533951375554, 37.13882377688838], [-121.64538074323117, 37.138767042041614], [-121.64542856792237, 37.13871372793108], [-121.64548254845461, 37.13866432434853], [-121.64578490519094, 37.138413015252695], [-121.64585000356946, 37.138459625219696], [-121.64591892565261, 37.138502567448406], [-121.64599134967564, 37.13854164145792], [-121.64605874711859, 37.13857902384859], [-121.64612146417343, 37.138621305926875], [-121.64617894704045, 37.13866811434216], [-121.64623068813506, 37.13871903577566], [-121.64627623056975, 37.13877362058964], [-121.64631517218874, 37.138831386797655], [-121.64634716911932, 37.1388918243202], [-121.64637193880867, 37.13895439948867], [-121.64647482909673, 37.13926417723642], [-121.6464916985516, 37.139310934923664], [-121.6465239136412, 37.13938472901408], [-121.64656231803805, 37.13945659991563], [-121.64660673420838, 37.139526215354834], [-121.64665695682334, 37.139593253484726], [-121.64671275370763, 37.139657404372855], [-121.64677386691305, 37.139718371434526], [-121.64684001391065, 37.13977587280376], [-121.64716119122411, 37.14003667807693]]]}}, {"type": "Feature", "properties": {"TRUSTEE_AREA": 7}, "geometry": {"type": "Polygon", "coordinates": [[[-121.65277725089246, 37.131686391792414], [-121.6528646704218, 37.131770794509706], [-121.65289732147896, 37.13180265382332], [-121.6537059424663, 37.132596776097614], [-121.65402384448446, 37.1329089117426], [-121.65492871274306, 37.13379729445296], [-121.65498389534031, 37.133832913479715], [-121.65499686880632, 37.13384555731298], [-121.65502641708332, 37.13387442649617], [-121.65562663796253, 37.13446067886637], [-121.65587868899595, 37.134706819044176], [-121.65594336947632, 37.13476998231609], [-121.65635295891873, 37.13517001490769], [-121.65680078154797, 37.135607388768676], [-121.65720666454249, 37.13600379182649], [-121.6575034094447, 37.13629360499331], [-121.65831661722925, 37.137087765355254], [-121.65946298760818, 37.138207270855666], [-121.6594736003022, 37.13821763526362], [-121.6594945256531, 37.13823819149056], [-121.65970077699198, 37.13844080590986], [-121.66001753904855, 37.138749766540315], [-121.6601263780018, 37.13885592552218], [-121.66225036488784, 37.140927517955404], [-121.66250860351248, 37.14120782046182], [-121.66252253458205, 37.14122285695749], [-121.66259746663287, 37.141303733745474], [-121.6626115081953, 37.14131888121594], [-121.6626735377472, 37.14138579486033], [-121.66269258112771, 37.14140633805276], [-121.66496778678092, 37.1435812217556], [-121.6644857024349, 37.14293608917831], [-121.6643247522311, 37.14272779899926], [-121.66382930185367, 37.1420846971158], [-121.66339120619524, 37.141516032975666], [-121.663378721413, 37.14149982716511], [-121.66351965000186, 37.14140686873344], [-121.66466014111508, 37.140637011645246], [-121.66467640601046, 37.14062579469847], [-121.66568205731679, 37.13993248406096], [-121.66532022320823, 37.13951037828359], [-121.66476947165214, 37.13886792219023], [-121.66476664734972, 37.13886458581491], [-121.66440932727319, 37.13845634814795], [-121.66449473638782, 37.138408544407156], [-121.66450059430119, 37.13840526601756], [-121.66617588747391, 37.13746733720475], [-121.66618173909933, 37.1374640602068], [-121.66623169261109, 37.13743608899062], [-121.6662502437183, 37.137425701561526], [-121.66606254887903, 37.13719037520119], [-121.66597809468976, 37.1370893141674], [-121.66564183920266, 37.13670489844823], [-121.6652051826376, 37.136205697353724], [-121.66506544075081, 37.13604590575847], [-121.66499141689691, 37.135960946356064], [-121.66437379027728, 37.13524946929278], [-121.66393698818544, 37.13474628967541], [-121.66366402707764, 37.134431810473046], [-121.66359877077852, 37.13435706308559], [-121.66294696237243, 37.133614765163024], [-121.6628521182711, 37.13350675327132], [-121.66251425300334, 37.13312197916963], [-121.66249322255057, 37.13309314264399], [-121.66247185253488, 37.13306279713909], [-121.66232313827875, 37.13288223998699], [-121.66231334090544, 37.13286847796668], [-121.66230583044387, 37.132853823046176], [-121.66230248601738, 37.13284644075612], [-121.66230869068053, 37.132842831254685], [-121.66327514129341, 37.132305393212185], [-121.66408895467903, 37.13185116008902], [-121.66408614474942, 37.13184878451846], [-121.66406855041078, 37.13183285634821], [-121.6640527840235, 37.131815744958274], [-121.66356936387521, 37.13123931250251], [-121.6630613137231, 37.13065403713236], [-121.6640073582083, 37.13012462500009], [-121.66497250267054, 37.12959077874145], [-121.66460135303497, 37.12915997424268], [-121.66270441082283, 37.12697564938217], [-121.66233671969967, 37.1265522265104], [-121.6619963894559, 37.1261603098548], [-121.66192563906208, 37.12607899788152], [-121.66070055115495, 37.124671021377445], [-121.66005220126172, 37.12393136668687], [-121.65938134408631, 37.12315693380357], [-121.65929507170704, 37.12305852927168], [-121.65886401703416, 37.12256685781348], [-121.65885636608402, 37.122568084064184], [-121.65884983263781, 37.122569131247815], [-121.65884559798013, 37.12256981026997], [-121.6588265074116, 37.12257306945736], [-121.65880790557405, 37.122577805968874], [-121.65779292800259, 37.1228803648346], [-121.65757851274648, 37.122944839411105], [-121.65692360325345, 37.12314342849768], [-121.65673760709599, 37.12319982842797], [-121.65634345963433, 37.12331934167726], [-121.65571627035088, 37.12350951803399], [-121.65560991383067, 37.12353961802503], [-121.65550198445314, 37.12356588402554], [-121.65549278301079, 37.123567920348485], [-121.65540183398966, 37.12359060998409], [-121.65469589121341, 37.12378770397762], [-121.6541418741918, 37.123964592633556], [-121.65412062989355, 37.12397263163756], [-121.65410079666309, 37.12398272081279], [-121.65408268150863, 37.123994703984344], [-121.65406279677174, 37.12400776854013], [-121.65404094117378, 37.124018628332045], [-121.65401749346962, 37.124027095160756], [-121.6532159852286, 37.12426701417199], [-121.65231923761232, 37.12453544058881], [-121.65230429777044, 37.124514767572435], [-121.65228675004944, 37.124495453076044], [-121.65226453383686, 37.12447022527866], [-121.65224675077664, 37.12444283661422], [-121.65214986121924, 37.124265212006854], [-121.65210798293954, 37.12417950196243], [-121.65207456387992, 37.124091441630945], [-121.65204980682054, 37.12400156542426], [-121.65203386197267, 37.123910418772226], [-121.65202682606787, 37.123818554812715], [-121.6520287417717, 37.12372653103455], [-121.65203959742563, 37.12363490589446], [-121.65205932711854, 37.12354423542793], [-121.65208781108747, 37.12345506987488], [-121.65216003295144, 37.123260968228344], [-121.65218721861483, 37.12317623919138], [-121.65220630367894, 37.12309010355543], [-121.6522171783077, 37.1230030571651], [-121.65221977992952, 37.12291560110607], [-121.6522146062887, 37.1228329035191], [-121.65220203436016, 37.122750716491666], [-121.65218212900294, 37.122669463871205], [-121.65215499289442, 37.122589564684915], [-121.65212076600044, 37.12251143097898], [-121.65207962485296, 37.1224354656935], [-121.65189398267204, 37.12212380758969], [-121.65164138279107, 37.12166599851081], [-121.65162420407569, 37.121638180468565], [-121.6516040757689, 37.121611661016885], [-121.65157678405971, 37.12158233446842], [-121.65154878852839, 37.121552736393795], [-121.65152413789467, 37.12152128857735], [-121.65150302161668, 37.121488232724104], [-121.65116122624346, 37.12088961709278], [-121.65027504101056, 37.121214602314964], [-121.65008064919829, 37.121285708203], [-121.64810811524558, 37.12200509653506], [-121.64768475287296, 37.12126063177165], [-121.64764581271562, 37.12119215602838], [-121.64608999100541, 37.12176834325872], [-121.64491296033584, 37.11969860372554], [-121.64488482331438, 37.119649142078764], [-121.64484251322176, 37.119582778050834], [-121.64479296404814, 37.11951970863646], [-121.64473657258598, 37.11946043887637], [-121.6446737904155, 37.11940544338354], [-121.64460512028833, 37.119355162543066], [-121.64453111210146, 37.11930999898588], [-121.6444523584939, 37.119270314364826], [-121.64436949010097, 37.11923642645895], [-121.64428317050483, 37.11920860662903], [-121.64419937027724, 37.11918160850437], [-121.6441189134791, 37.11914872881643], [-121.64404244227572, 37.119110229996195], [-121.64397056701848, 37.11906641932351], [-121.64390386137312, 37.11901764647448], [-121.64384285774099, 37.11896430073022], [-121.64378804300964, 37.11890680786955], [-121.64373985466699, 37.11884562677052], [-121.64369867730966, 37.11878124574759], [-121.64313478972869, 37.1177931049671], [-121.6416574550589, 37.115188608250186], [-121.64106669528499, 37.11414282622551], [-121.64082027401311, 37.113706595556685], [-121.64124025342933, 37.11354998581706], [-121.64129682386911, 37.11353086083033], [-121.64135498172337, 37.11351508249062], [-121.64141441877511, 37.113502734417565], [-121.64148753380542, 37.11348622174314], [-121.6415578051481, 37.11346310929565], [-121.64164990131933, 37.11342775219086], [-121.64164778129594, 37.113423997059115], [-121.64269483950854, 37.11302199855529], [-121.64269738533332, 37.113025646969305], [-121.64275461250216, 37.11300367912021], [-121.64281121598995, 37.112983336278255], [-121.64286903528547, 37.11296531952997], [-121.6427116089591, 37.11277149693707], [-121.64254712945798, 37.11258146834182], [-121.6423757392864, 37.112395398322704], [-121.64219758693035, 37.11221344802853], [-121.64201282672907, 37.11203577503901], [-121.64182161874115, 37.11186253322838], [-121.6416241286058, 37.11169387263211], [-121.64142052739949, 37.1115299393172], [-121.64128229597985, 37.11142396102368], [-121.64114150917807, 37.11132016295701], [-121.64073104638534, 37.111023409057104], [-121.63857189204428, 37.10967672565366], [-121.63558916454203, 37.10781622997566], [-121.6354695446886, 37.10774169491705], [-121.6354183537754, 37.107709797411744], [-121.63514729394126, 37.1075408918885], [-121.63351433662919, 37.1065233347656], [-121.63330077270982, 37.10639025373032], [-121.63197928992221, 37.105566777663284], [-121.63191429687456, 37.10552627697591], [-121.63136060067161, 37.105181209327085], [-121.63101006101212, 37.10496276317047], [-121.63067934693173, 37.10476924449474], [-121.63057727937154, 37.10470951914429], [-121.63029148961463, 37.10454228777013], [-121.63005928075445, 37.104402386444555], [-121.62992561303334, 37.10431881643025], [-121.62738177620787, 37.10272646533423], [-121.62549374956461, 37.101530500841335], [-121.62347409907412, 37.100271168660896], [-121.62331816446483, 37.10017393587168], [-121.62040710410103, 37.09836933216303], [-121.6198442003326, 37.098020251225535], [-121.61980190109739, 37.09799401929371], [-121.61885060434707, 37.0974040745796], [-121.61873996973985, 37.09733546146066], [-121.61852347204513, 37.09719698917993], [-121.61831169702411, 37.09705390785016], [-121.61819967850795, 37.096974971560016], [-121.61799277559925, 37.0968229582236], [-121.61779111132401, 37.09666649317288], [-121.61759483488183, 37.09650569219307], [-121.61740409148248, 37.096340674277194], [-121.61721902223847, 37.096171561538064], [-121.61703976406066, 37.09599847911777], [-121.61686644955705, 37.095821555095085], [-121.61669920693464, 37.0956409203906], [-121.61653815990469, 37.095456708669765], [-121.61638137448526, 37.09526646015734], [-121.61623121342868, 37.09507281311412], [-121.61608779141723, 37.09487591550077], [-121.61595121798149, 37.09467591776032], [-121.61582159741675, 37.09447297270345], [-121.61569902870342, 37.09426723539137], [-121.61483361361483, 37.09276192096446], [-121.61475647890084, 37.09262774968691], [-121.61318021819048, 37.089868442464216], [-121.61224205306463, 37.0882260991264], [-121.61102393705684, 37.08612150479763], [-121.61096767828484, 37.086024301916666], [-121.61078169923684, 37.08570296582701], [-121.61074293694551, 37.085635949930754], [-121.61033805560538, 37.084936354524956], [-121.61030339951168, 37.084876486283164], [-121.60995097886799, 37.08426753409929], [-121.60990163352808, 37.08418228440167], [-121.6096145751811, 37.08367987545033], [-121.60957204805177, 37.08360544487505], [-121.60927971749425, 37.083093804623346], [-121.60927927821825, 37.08309303136695], [-121.60921880634878, 37.082989346153454], [-121.60836953936789, 37.0815321067872], [-121.6074699092568, 37.07998160343135], [-121.60745914744341, 37.079963055982745], [-121.60683786561837, 37.07888952794745], [-121.6068371334917, 37.07888827662182], [-121.60600333998347, 37.077484113532556], [-121.6060025494662, 37.077482839249406], [-121.6047379070186, 37.07540857829449], [-121.60473735006335, 37.07540766806746], [-121.60440101284651, 37.07486632252998], [-121.60414341383687, 37.07445172288321], [-121.6040399836455, 37.07428524507801], [-121.60403846190006, 37.07428276449315], [-121.60333627423226, 37.07309329643764], [-121.60331049528718, 37.07304963930985], [-121.60330894210047, 37.073047044723516], [-121.60272655820471, 37.0721116633122], [-121.60255791573518, 37.07184080043308], [-121.60201151654088, 37.07096320052455], [-121.60201122458872, 37.07096274538416], [-121.60163296480867, 37.07034758466127], [-121.60158186865213, 37.0702644868021], [-121.60095269602141, 37.069241255015584], [-121.60095073320318, 37.069237908404524], [-121.60017274751782, 37.06788213815464], [-121.60009373981732, 37.067744452157086], [-121.59987743270675, 37.06783591621568], [-121.59979429992467, 37.06786805687837], [-121.59828382157546, 37.06839791279646], [-121.59816613240552, 37.06843836500139], [-121.59807280284808, 37.06847062367652], [-121.59741753222904, 37.06870278825339], [-121.5927715027053, 37.0703528780462], [-121.58999323932721, 37.07133620875203], [-121.58984963659933, 37.07138703159257], [-121.58966485312129, 37.07145242934132], [-121.58966525367454, 37.071453214220035], [-121.58969398717677, 37.07150945841692], [-121.59157936163902, 37.075038981996734], [-121.59406598640531, 37.07956194315998], [-121.5940668380078, 37.07956351482838], [-121.59466796702725, 37.08066986874312], [-121.5946686120174, 37.08067105338941], [-121.59628468604024, 37.08356971672877], [-121.59704002070889, 37.08492469555228], [-121.59918812895006, 37.088865100182296], [-121.59921141956221, 37.08890782094002], [-121.59924460331703, 37.0889675720604], [-121.59925457281672, 37.08898561927855], [-121.59925484320956, 37.08898610870679], [-121.5993044068396, 37.089075830941276], [-121.60093657596859, 37.09203041475338], [-121.60102137061335, 37.092183908298004], [-121.60102646046613, 37.09219312177025], [-121.60133793860528, 37.092756952177474], [-121.60362136093002, 37.09692738699124], [-121.60379381271086, 37.097232653951394], [-121.60397373171294, 37.09753514319294], [-121.60416104832892, 37.097834737537035], [-121.60435569008318, 37.098131320924864], [-121.60455758165976, 37.09842477846265], [-121.60476664493146, 37.09871499646618], [-121.60498279899, 37.09900186250494], [-121.60520596017722, 37.099285265445644], [-121.60543604211747, 37.0995650954954], [-121.60567295575099, 37.09984124424427], [-121.60591660936825, 37.10011360470725], [-121.60616690864549, 37.10038207136591], [-121.60642375668112, 37.1006465402092], [-121.6066870540333, 37.10090690877379], [-121.60695669875824, 37.10116307618395], [-121.60723258644983, 37.10141494319051], [-121.60751461027996, 37.101662412209514], [-121.60780266103983, 37.10190538735997], [-121.60809662718228, 37.10214377450113], [-121.6110375121937, 37.10444417139284], [-121.61109860827041, 37.104491957933426], [-121.6111457058229, 37.10452882162626], [-121.61982541293494, 37.11131713194246], [-121.62009684206024, 37.11122255319912], [-121.62019751975109, 37.111187471870075], [-121.62009684206024, 37.11122255319917], [-121.61982541293494, 37.11131713194246], [-121.61999435604268, 37.11144925354278], [-121.62027294308916, 37.11166597991261], [-121.62054603655004, 37.111887146185275], [-121.62081352609454, 37.11211266304864], [-121.62107530365192, 37.11234243943282], [-121.62133126345526, 37.11257638254704], [-121.62158130208408, 37.11281439791695], [-121.6218253185062, 37.113056389422766], [-121.62206321411858, 37.11330225933808], [-121.62229489278722, 37.11355190836923], [-121.62252026088595, 37.11380523569536], [-121.62273922733435, 37.11406213900913], [-121.62295170363468, 37.1143225145579], [-121.6231576039075, 37.114586257185735], [-121.62335684492662, 37.11485326037566], [-121.62352187485845, 37.11507425707355], [-121.62368104952685, 37.11529799154952], [-121.62383429809829, 37.11552436431479], [-121.62398155237251, 37.11575327470648], [-121.62412274681307, 37.115984620932345], [-121.62425781857638, 37.11621830011607], [-121.62489030884022, 37.117283849757946], [-121.62493589021628, 37.117360637957404], [-121.62522249435662, 37.11784346979955], [-121.62605682596781, 37.119233006570056], [-121.62611848372485, 37.119335691947335], [-121.62614110688831, 37.11937336937709], [-121.62618760165515, 37.11935564938525], [-121.62631999801711, 37.119305184356335], [-121.62646631651037, 37.11924941304948], [-121.62656028607763, 37.119213596039394], [-121.62677747921173, 37.11913081223858], [-121.62687996726437, 37.119091748242454], [-121.62695967319493, 37.11905946008019], [-121.62703735517232, 37.119024150037404], [-121.62716159778493, 37.118968449939274], [-121.62728975442326, 37.1189187612527], [-121.62739011336738, 37.11888110151955], [-121.62855403897886, 37.118424676132484], [-121.62890005713172, 37.11835060710388], [-121.62960041727253, 37.11809322787174], [-121.63044749781882, 37.117768366946926], [-121.63054639882877, 37.11772900266935], [-121.63243565884254, 37.11701380503747], [-121.63247032374414, 37.117074697971766], [-121.63247499597134, 37.11708282801783], [-121.63257306997922, 37.117250689557196], [-121.6326743274263, 37.117417334612824], [-121.63287301949762, 37.117758323145274], [-121.63307655070912, 37.11809747676044], [-121.6336102102471, 37.118996121699546], [-121.6336149953412, 37.11900416215052], [-121.63383301898011, 37.11937033395147], [-121.63416049101754, 37.11992587190556], [-121.63449117072736, 37.12048019099692], [-121.63449997132827, 37.12049486070041], [-121.63463575710522, 37.12072575494014], [-121.63477586264973, 37.12095498842286], [-121.63478097877648, 37.120963203286706], [-121.63482761388137, 37.121036727658826], [-121.63485992986381, 37.12107520506401], [-121.63497397667822, 37.12120380645163], [-121.63509424035801, 37.121328723469176], [-121.63522053551159, 37.12144976351991], [-121.63535266744523, 37.12156673998375], [-121.63546689953463, 37.121661688872734], [-121.63558601448618, 37.12175270913206], [-121.63571159358906, 37.12184093477744], [-121.63584174024793, 37.12192480850014], [-121.63597621945551, 37.12200417883884], [-121.63611478837828, 37.12207890246396], [-121.63625719679514, 37.12214884443678], [-121.63640318754929, 37.122213878453074], [-121.63654324120706, 37.12227380537067], [-121.63668638043796, 37.122328859381085], [-121.63683234098664, 37.122378938844335], [-121.63698085338739, 37.122423951304086], [-121.63713164346166, 37.12246381365855], [-121.63728443282457, 37.12249845231392], [-121.63743893939885, 37.12252780332028], [-121.63758852450557, 37.12255475533111], [-121.63773937668735, 37.12257671717244], [-121.63789123643348, 37.12259365106325], [-121.63804384249936, 37.122605527872025], [-121.63819693235608, 37.12261232716699], [-121.63858804177191, 37.12261956518541], [-121.63872321492383, 37.12262180495152], [-121.63900430271062, 37.122626021622494], [-121.63901640882801, 37.122621430356496], [-121.6390933841407, 37.12259223463154], [-121.63911160820462, 37.12262273822979], [-121.63911447882174, 37.122627543009365], [-121.63912463239568, 37.12262768275984], [-121.63918542566229, 37.12262851856236], [-121.63924563872297, 37.12263294567879], [-121.63928666847444, 37.12263638891892], [-121.63929941900204, 37.122637432508554], [-121.63936173964326, 37.122642742013134], [-121.6395100161027, 37.12265888766644], [-121.6396572878751, 37.122680126512414], [-121.63980328226296, 37.122706419224095], [-121.6399477289333, 37.1227377171164], [-121.63996418688477, 37.122741607991635], [-121.63996831799973, 37.122742624103786], [-121.64003906135025, 37.12275995055291], [-121.64007562718315, 37.122768871818224], [-121.64008541089031, 37.122771239942566], [-121.64013043711103, 37.12278386028083], [-121.6403572865309, 37.12284744543644], [-121.64035923727837, 37.122846698323265], [-121.64038103913074, 37.12283834540686], [-121.64039141925437, 37.12285571828114], [-121.64039234790474, 37.122857272638704], [-121.64040444294515, 37.122860662737544], [-121.64042949685275, 37.12286768583625], [-121.64045986084214, 37.122878161846934], [-121.6406065053924, 37.12293174202304], [-121.64075035248287, 37.12298998231213], [-121.64077266228513, 37.12299949862878], [-121.64089556235353, 37.123054794716], [-121.64101598686698, 37.123113479591794], [-121.64115561456396, 37.12318749349735], [-121.64129130157349, 37.12326606671612], [-121.64142281585642, 37.123349064887], [-121.64149255246711, 37.12339918018168], [-121.64155687050233, 37.123414740127096], [-121.64167999112466, 37.12344452657277], [-121.64169431112352, 37.12349222941374], [-121.64171823414546, 37.123571919687926], [-121.6417709409855, 37.12361308521852], [-121.64190455782361, 37.123732972417834], [-121.64203150709052, 37.12385741904142], [-121.64215154639291, 37.12398618750765], [-121.64226444652574, 37.12411903198272], [-121.64338795117045, 37.12542574302722], [-121.64472418130731, 37.12697335762875], [-121.64490098138398, 37.12717812438522], [-121.64494002574817, 37.12722656407515], [-121.64498210462017, 37.12728271101699], [-121.6449428841792, 37.12729750461156], [-121.64335174790149, 37.12789765513838], [-121.64335198864985, 37.127898050490586], [-121.6434017148759, 37.12798002444137], [-121.64356387420533, 37.128247200145545], [-121.64276889670894, 37.12854548421612], [-121.6432534693669, 37.12938345012756], [-121.64345544740462, 37.12973275264179], [-121.64362357334069, 37.13002346931003], [-121.64363444025746, 37.13003878949359], [-121.64366613260682, 37.13003068280027], [-121.64369682195817, 37.13002039539461], [-121.64430076015458, 37.129792734463585], [-121.6443408814994, 37.1297803997605], [-121.64438282437303, 37.12977289563841], [-121.6444256869073, 37.12977038345314], [-121.6444685474598, 37.12977291722241], [-121.64450880561776, 37.12977525014311], [-121.6445490478881, 37.12977274765337], [-121.64458837342094, 37.129765465773055], [-121.64462590188876, 37.12975356751187], [-121.64466079319337, 37.12973731922014], [-121.64471814521265, 37.12985571206929], [-121.64473384435985, 37.12988149831649], [-121.64475467815028, 37.12990483651722], [-121.64478006696626, 37.12992507737349], [-121.64485245139899, 37.1299739006222], [-121.6449438127375, 37.13003544637552], [-121.64461341868616, 37.13029706570946], [-121.64450739503174, 37.13038101876015], [-121.64530344411415, 37.131034737377156], [-121.64596241211503, 37.131565736046255], [-121.64610756635523, 37.131682648557586], [-121.64616456887224, 37.131724816365654], [-121.64622585007626, 37.13176294357876], [-121.6462909645839, 37.13179675308969], [-121.64635943914944, 37.131825999171795], [-121.64643077610452, 37.13185046926503], [-121.64650445697539, 37.131869985521], [-121.64657994625125, 37.131884406095544], [-121.64660986373858, 37.13188905697075], [-121.64688742335129, 37.13193218032569], [-121.64699164407611, 37.13194837028773], [-121.64706325420482, 37.13196309159567], [-121.64713216250072, 37.131984541575775], [-121.64719738659882, 37.132012414435394], [-121.64725799665351, 37.1320463128164], [-121.6473131285942, 37.132085753459634], [-121.64759441799154, 37.13231076056777], [-121.64823462019041, 37.13282982245235], [-121.64889506591926, 37.133365321803694], [-121.6497316900965, 37.13405218930899], [-121.64974164412239, 37.134059544810285], [-121.64975251393825, 37.134066016201515], [-121.64975646832201, 37.1340628636679], [-121.65017985776174, 37.13373059864261], [-121.65134693183278, 37.13281470143216], [-121.65137101207117, 37.1327911171943], [-121.65140393173178, 37.13275673379572], [-121.65142899113434, 37.1327280360713], [-121.65143836774861, 37.13272064159484], [-121.6519049176409, 37.1323587202992], [-121.65252693266115, 37.13187619622395], [-121.65270411635575, 37.131738745385334], [-121.65277725089246, 37.131686391792414]]]}}]}