{"type": "FeatureCollection", "features": [{"type": "Feature", "properties": {"TRUSTEE_AREA": 1, "NAME": "TA #1 (Alviso)"}, "geometry": {"type": "Polygon", "coordinates": [[[-121.98629800479463, 37.41203321296949], [-121.98630369115736, 37.41178523008184], [-121.98630318096963, 37.41129223511054], [-121.98630289533638, 37.41101637573425], [-121.98630275072335, 37.4108769897051], [-121.98630270760891, 37.410834315538594], [-121.98630266808745, 37.41079524040266], [-121.98637776185579, 37.41069048172559], [-121.9864402226161, 37.41060334575869], [-121.98641574195872, 37.408579025433774], [-121.986391318793, 37.40655942563361], [-121.98638789983727, 37.4062767120685], [-121.98638628214154, 37.40476220180071], [-121.98643454684449, 37.40452542035735], [-121.98645133546428, 37.404452444165486], [-121.98646748538208, 37.40438224306539], [-121.98649703726987, 37.40425378766248], [-121.98659846697309, 37.4038838752338], [-121.98659942906895, 37.40388000253914], [-121.98664148640876, 37.40369114295408], [-121.98664202809786, 37.40364668354901], [-121.98664362352027, 37.40351564650124], [-121.98664410232652, 37.40347628282107], [-121.98575991587889, 37.40347867260969], [-121.98550871762613, 37.40347686638302], [-121.9852576522049, 37.403470104933746], [-121.98500687320059, 37.4034583923981], [-121.98475653402316, 37.403441735941044], [-121.98450678781332, 37.403420145751845], [-121.98432530120596, 37.40340264250414], [-121.98370115005113, 37.40334246364135], [-121.9834823336657, 37.403323614500195], [-121.98326298655017, 37.403309217284054], [-121.983043250991, 37.40329928133212], [-121.98057887880023, 37.403212895149096], [-121.9803666564576, 37.4032073047018], [-121.98015433236722, 37.40320536588176], [-121.98010234237795, 37.40320544936969], [-121.97894567718593, 37.40318105757935], [-121.9784613829128, 37.40318360297158], [-121.97840995077728, 37.40318387342393], [-121.97839687580043, 37.40318394335637], [-121.97825502465192, 37.40318470404846], [-121.97824195506476, 37.40318477255352], [-121.97801970021888, 37.40318593928095], [-121.97783460328087, 37.403186911196634], [-121.97764884069154, 37.40318524563097], [-121.97620828005836, 37.4032198196513], [-121.97590833908681, 37.403224448413816], [-121.9756086997158, 37.40323613276256], [-121.97530962264823, 37.40325486253146], [-121.97503700578987, 37.40327812386609], [-121.97476527373063, 37.40330723824218], [-121.97449462386899, 37.40334218450981], [-121.97422525281803, 37.40338293728251], [-121.97395735626273, 37.40342946695566], [-121.97369112881798, 37.403481739728], [-121.97342676388729, 37.40353971762613], [-121.9731644535224, 37.403603358532095], [-121.97290438828402, 37.40367261621394], [-121.97265963476742, 37.40374355285236], [-121.97241723555594, 37.40381946058411], [-121.97211970099171, 37.40391617448], [-121.97182403919383, 37.404015591989754], [-121.97153145792868, 37.40412065018217], [-121.97124212625522, 37.404231288357344], [-121.97095621135695, 37.40434744259118], [-121.9706738784456, 37.40446904577212], [-121.97039529066558, 37.40459602764012], [-121.96954386483088, 37.40497463084765], [-121.96748998930549, 37.405957397396925], [-121.9673948954572, 37.40600078661787], [-121.96729857899909, 37.406042424429465], [-121.96684876024392, 37.40623162699713], [-121.96684506098198, 37.40623318473178], [-121.96669841192549, 37.406294851875714], [-121.96669157305195, 37.406297729722276], [-121.96652911813973, 37.406366093704555], [-121.96652150402014, 37.40636929122926], [-121.96648343701563, 37.40638528384618], [-121.9663768258671, 37.40643010125971], [-121.966298961703, 37.4064628457055], [-121.96613463919343, 37.406531944516566], [-121.96590958844847, 37.406623343844394], [-121.9656813448583, 37.406709558172814], [-121.96391616001199, 37.40735173546689], [-121.96309536673269, 37.407650328804884], [-121.96241477799582, 37.40789791646279], [-121.96227065955281, 37.4079532519188], [-121.96212954420776, 37.40801331114284], [-121.9619916751432, 37.408077990638716], [-121.96185728994935, 37.40814717894801], [-121.9617266202148, 37.408220756842354], [-121.96159989112743, 37.408298597528535], [-121.96151498955993, 37.408354637308285], [-121.96141869555737, 37.408431166762675], [-121.9612212252087, 37.40858985180109], [-121.96116279698971, 37.40863645106688], [-121.96110701790161, 37.40868505395767], [-121.96105400382753, 37.408735614802595], [-121.96101127815821, 37.408773777664166], [-121.96097122856953, 37.408813784321765], [-121.96093405179235, 37.408855494916445], [-121.96084530273484, 37.40896718186848], [-121.96076098776066, 37.40908103355947], [-121.96068118771807, 37.40919693438492], [-121.96064039522075, 37.4092533395453], [-121.96058123756568, 37.40933602241682], [-121.96051812732347, 37.40942502577779], [-121.96051516827289, 37.40942920643715], [-121.96051453765551, 37.4094300962278], [-121.9605127949238, 37.40943255510344], [-121.96023091796005, 37.40981965359311], [-121.96019574801848, 37.4098641771191], [-121.96013484044656, 37.409939694661325], [-121.96013119867646, 37.40994420352024], [-121.96012937419809, 37.40994646258769], [-121.96016389105685, 37.409968511685165], [-121.96024372431712, 37.41003025996812], [-121.96025417711135, 37.410038347935014], [-121.9603235279331, 37.410092007486725], [-121.96025417711135, 37.410038347934965], [-121.9601989424003, 37.4101037723009], [-121.96012819019248, 37.410179160450475], [-121.96007648406513, 37.41023212990228], [-121.95997732533381, 37.41032380296286], [-121.95995974530459, 37.41034004376101], [-121.95982977076729, 37.41046011681549], [-121.95955623018811, 37.4106677908892], [-121.95925854829024, 37.41085310303062], [-121.95919397469852, 37.4108879197787], [-121.95912918371448, 37.41092191737758], [-121.9590637207912, 37.410955234966416], [-121.95899783835452, 37.41098773340819], [-121.95898729213408, 37.410992832292806], [-121.9589645333187, 37.41100347673078], [-121.95892635402454, 37.41102133281166], [-121.95886445561617, 37.41104918115335], [-121.95880211344002, 37.411076279565634], [-121.95873929605551, 37.41110260664336], [-121.95867591812242, 37.41112816167381], [-121.95862291842462, 37.411148756959605], [-121.95850516637168, 37.41119222438166], [-121.95832054464609, 37.4111617181822], [-121.9582399702664, 37.411183961707096], [-121.95816403209143, 37.41120257693568], [-121.95808760703005, 37.41121986999278], [-121.95801069777691, 37.41123577309381], [-121.95794372029623, 37.41124891983527], [-121.957876350252, 37.41126108761501], [-121.95780881940962, 37.41127234207756], [-121.95744864174289, 37.41131421967269], [-121.95708508551606, 37.4113284866162], [-121.95686903892722, 37.41132047940283], [-121.95672150324128, 37.411315010921975], [-121.95662454988506, 37.41130527341251], [-121.95652440301846, 37.4112951170613], [-121.95642471878467, 37.41128214013553], [-121.95632566965985, 37.41126638544521], [-121.95625552651946, 37.41125409421649], [-121.9559209077284, 37.411180765648645], [-121.95559642462983, 37.41108270323995], [-121.95528485122095, 37.41096078810331], [-121.95498901719431, 37.41081606259218], [-121.95492139293253, 37.41077840023536], [-121.95483876591051, 37.41073066920226], [-121.95475932880558, 37.410683150058425], [-121.95468321097513, 37.41063666622163], [-121.95463842996816, 37.41060903962756], [-121.95453816003821, 37.410547580801705], [-121.95443678607909, 37.410485626731926], [-121.9542611654797, 37.41037793283096], [-121.95422471544677, 37.41035551709634], [-121.95410243949198, 37.41028016906855], [-121.95398276056652, 37.41020700795757], [-121.95386322716774, 37.41013544795499], [-121.95382711310448, 37.41011405821576], [-121.95370881848204, 37.410044176368174], [-121.95358623440505, 37.409972150268345], [-121.95346508493715, 37.40990003704716], [-121.95340425553108, 37.409864945117896], [-121.95331537803256, 37.40981440643115], [-121.95321003711342, 37.40975541866148], [-121.95311096194239, 37.409695439022], [-121.95298614106119, 37.40961899932287], [-121.95291577693934, 37.40957166428215], [-121.95285805300878, 37.40953390140443], [-121.95282832596585, 37.40951625474641], [-121.95275746866845, 37.40947300111506], [-121.95268396852805, 37.40942819978003], [-121.95262665153393, 37.4093936820337], [-121.95251207413968, 37.409322997488715], [-121.95239765484884, 37.4092530428351], [-121.9523234917519, 37.40920804442943], [-121.9522431105179, 37.409159025156356], [-121.95216297901561, 37.409109635519975], [-121.95208492351962, 37.40906067968832], [-121.95200668386902, 37.409011106605114], [-121.95192659818095, 37.408959634734195], [-121.95189104915833, 37.40893622317344], [-121.9518552468107, 37.40891308988994], [-121.95181919203634, 37.40889021062317], [-121.95176295302082, 37.408853482049814], [-121.9517002155937, 37.40881312505266], [-121.95163666249626, 37.408773602888786], [-121.95157226498257, 37.408734936965416], [-121.95146035378764, 37.40866552334916], [-121.95134842282957, 37.40859654493571], [-121.95123589269538, 37.408527755550196], [-121.95113298082072, 37.40846512050647], [-121.95100441666007, 37.40838929677668], [-121.95089242012457, 37.408325720436814], [-121.95083311695521, 37.40829516384376], [-121.95077024567817, 37.408264101326594], [-121.95070965971449, 37.408235459893255], [-121.95064822843625, 37.40820762976255], [-121.95058641088237, 37.40818060665423], [-121.95052415135734, 37.40815443480978], [-121.9504642597908, 37.40813047712459], [-121.95025286019401, 37.4080534335793], [-121.95019022696917, 37.4080330572101], [-121.95012354773297, 37.40801273221125], [-121.95001703091587, 37.40798307813871], [-121.94995031484855, 37.40796531694346], [-121.94990514846236, 37.407954956065225], [-121.94985998387284, 37.40794457235174], [-121.94981484443608, 37.40793414296902], [-121.94952646461839, 37.40788096350873], [-121.94942096559085, 37.407865305146956], [-121.94931491589577, 37.407852263406085], [-121.94920840087303, 37.40784188252835], [-121.94915414713036, 37.407837838066264], [-121.94909979547097, 37.407834663433675], [-121.94904537464126, 37.40783233722401], [-121.94896827225226, 37.40782939877791], [-121.94890506140892, 37.407828096526096], [-121.94888548532502, 37.40782776614629], [-121.94873972470926, 37.40782812362958], [-121.94868335273851, 37.4078308001895], [-121.9485633010031, 37.40783650009889], [-121.94844194760921, 37.407842261374036], [-121.94838122330123, 37.40784784140856], [-121.94832062835037, 37.40785412858082], [-121.94826013221422, 37.40786110148322], [-121.94819183510928, 37.4078697733705], [-121.94812484684934, 37.40787932079451], [-121.94805810742257, 37.40788991857662], [-121.94799161862561, 37.40790156743059], [-121.94792189230061, 37.40791497092503], [-121.94785524809488, 37.40792897808804], [-121.94754989280119, 37.40800505556624], [-121.94725418900312, 37.40810243837124], [-121.9469705028628, 37.40822034222204], [-121.94684692164154, 37.408276916510964], [-121.94672242773197, 37.408335333156955], [-121.94660281616531, 37.40839247677623], [-121.94651936178526, 37.408431914931256], [-121.94632343924107, 37.40852464410642], [-121.94614728142787, 37.40860788220421], [-121.94595342950028, 37.40869933319037], [-121.94591305292715, 37.408718417842444], [-121.9457787000082, 37.40878194459622], [-121.94564491033286, 37.4088449846549], [-121.94551142788137, 37.40890753873295], [-121.94541061805191, 37.40895472076798], [-121.94528906073454, 37.40901220784506], [-121.94517177849919, 37.40906822282817], [-121.9451036457832, 37.40910032892338], [-121.94485009182772, 37.40922012210488], [-121.94473881215487, 37.40909108916338], [-121.94451121506326, 37.40878478657955], [-121.94448655721453, 37.408750205746614], [-121.94438968112739, 37.40861813368977], [-121.944285958981, 37.408479255522614], [-121.94424007125347, 37.408417840620665], [-121.94419419071251, 37.40835643494452], [-121.9441822098852, 37.408340400645415], [-121.94407846168775, 37.408201592605245], [-121.94402734127551, 37.40813108033461], [-121.94397282972417, 37.40805582497739], [-121.94395468106615, 37.408029930666736], [-121.94382127230448, 37.40784261711048], [-121.94368612799775, 37.40765749871566], [-121.94354585071864, 37.40746955985988], [-121.94341261892416, 37.407290914007646], [-121.9434061600392, 37.40728225346508], [-121.94334109059136, 37.40719369210094], [-121.94316255228081, 37.406939751294175], [-121.94314655957876, 37.40691698845139], [-121.94313677872564, 37.40689790476413], [-121.94312383220992, 37.40687831015581], [-121.93990866774654, 37.40889191444401], [-121.93962142966711, 37.40901855659796], [-121.9395562317456, 37.40906060815279], [-121.93863136502998, 37.40965712931716], [-121.93853470271937, 37.40972325328448], [-121.93819000839281, 37.40994186653762], [-121.9380169219162, 37.410050746942254], [-121.93782185815799, 37.41017285546565], [-121.93769479775953, 37.41025239490013], [-121.93753635382106, 37.41035134385975], [-121.93748565560537, 37.41038302699302], [-121.93713122084749, 37.410602740016216], [-121.9368154127459, 37.41079586121033], [-121.93649424892357, 37.410682053481615], [-121.93647713871991, 37.410638428776466], [-121.9363578541843, 37.410300044080024], [-121.93627601411332, 37.41001222212591], [-121.93619815267871, 37.409737191447284], [-121.93613707266175, 37.40953046592405], [-121.93605753675988, 37.40932501921672], [-121.93596300169489, 37.40907667629092], [-121.93584139321482, 37.40876647409876], [-121.93577774311316, 37.4086051014629], [-121.93575375900367, 37.408545628957825], [-121.93573052229218, 37.40848779543872], [-121.935601166744, 37.40816255759119], [-121.93549878759252, 37.40790156154409], [-121.93535180351257, 37.407533940518725], [-121.93520847198165, 37.407170716826805], [-121.93520572044295, 37.407163744569], [-121.9351438472083, 37.40700662990906], [-121.93510547658597, 37.40690929132391], [-121.93505001911599, 37.40676938031077], [-121.93499436491496, 37.406629723067454], [-121.93497875938877, 37.40658935203146], [-121.93496407912687, 37.40655137500907], [-121.93492602740558, 37.40646014473266], [-121.934887788835, 37.40636962435149], [-121.93486768544541, 37.40632392990994], [-121.93484701072735, 37.4062783810095], [-121.93482590930967, 37.4062329733693], [-121.93476638157091, 37.406117169276186], [-121.9347405136943, 37.40606117633825], [-121.93471327498865, 37.40600554442827], [-121.93468679176598, 37.40595029210047], [-121.93466044059568, 37.40589448813599], [-121.93463463200774, 37.40583860920408], [-121.93459761065327, 37.405754667278735], [-121.93452645063817, 37.40558299331506], [-121.93445686267448, 37.405410956457914], [-121.93444251478876, 37.40537505822066], [-121.93442859539967, 37.40533906220491], [-121.93441507576081, 37.40530296983818], [-121.93439779577687, 37.4052473758994], [-121.93437586162432, 37.40517208410955], [-121.93435538633571, 37.40509652322223], [-121.93433639865687, 37.405020738906], [-121.9342968889768, 37.404871476361], [-121.9342901740741, 37.40484452555307], [-121.93428807471241, 37.40483686732013], [-121.93426221851809, 37.40474254939602], [-121.93423228397454, 37.40463462318253], [-121.93419715357842, 37.404505702945784], [-121.93418047456782, 37.404445522871356], [-121.93415791429237, 37.40434657109382], [-121.93413286658212, 37.4042480394923], [-121.9341053287421, 37.404149903806626], [-121.93408873417299, 37.404091095690944], [-121.93407162486926, 37.40403240955418], [-121.93405400083114, 37.40397382113405], [-121.93403583331204, 37.40391535326625], [-121.93402685914691, 37.40388728604732], [-121.93401718070284, 37.403856960994126], [-121.93399798551135, 37.403798688560876], [-121.9339900722558, 37.40377511768416], [-121.93395611236166, 37.403671246177694], [-121.93386550204022, 37.40338019539458], [-121.93382578574526, 37.40325262242407], [-121.93364519212625, 37.40267253242145], [-121.93346751084378, 37.40210179841259], [-121.93342815387471, 37.401975380750415], [-121.9333645963042, 37.40177122424264], [-121.93335888931016, 37.40175341662101], [-121.9333157899606, 37.40162321975731], [-121.93327312000562, 37.40149294845042], [-121.93326403175443, 37.4014649495454], [-121.93322088389597, 37.40133365534351], [-121.93317807739722, 37.40120228598065], [-121.93313900429519, 37.40108147089373], [-121.93310504170583, 37.40097878954847], [-121.9330668130199, 37.40085860351945], [-121.93306653633893, 37.40085769150487], [-121.93306625516622, 37.40085684942564], [-121.93300501255162, 37.40067335583471], [-121.93299784849084, 37.400651378220985], [-121.93297820593826, 37.400593729147644], [-121.93295065911359, 37.40051136489166], [-121.932923660261, 37.40042910759009], [-121.9328970566671, 37.40034657116828], [-121.93287556178953, 37.40028142872459], [-121.93286333302967, 37.40024436909063], [-121.93285410284462, 37.40021639540985], [-121.9327924856309, 37.40004808353425], [-121.93271468437078, 37.39988415728499], [-121.9326212048161, 37.39972550588342], [-121.93257142109701, 37.39965355193714], [-121.93250255537018, 37.39955601325596], [-121.93243170167219, 37.39945804055458], [-121.93240852334834, 37.399426872326075], [-121.93235976370791, 37.39936037744523], [-121.93231148736108, 37.39929364843111], [-121.93226366645993, 37.399226707405894], [-121.93220807962572, 37.39914830093614], [-121.93219855658825, 37.399134981505135], [-121.93203763962454, 37.39890976329818], [-121.93189476890998, 37.39871728797011], [-121.93178528047962, 37.39857054988346], [-121.93170606526557, 37.39845985937658], [-121.93162533908591, 37.398346624542384], [-121.9315839573068, 37.39828839420998], [-121.93147018301615, 37.39812982863499], [-121.93129776941649, 37.39789135983444], [-121.93112543756355, 37.39765256984276], [-121.93106776843409, 37.39757913377946], [-121.93099993756572, 37.39749048458512], [-121.93095530298893, 37.397419085861294], [-121.930840036597, 37.39725948435246], [-121.93072433003077, 37.39709794348334], [-121.93066683517533, 37.397017997556105], [-121.93060946338908, 37.396938223536246], [-121.93052469748626, 37.396822083927624], [-121.9304386326203, 37.39670266341559], [-121.93035006235367, 37.39658112312157], [-121.93026499192239, 37.39646260715737], [-121.93025487060719, 37.396447966248715], [-121.93020197422665, 37.396371975496834], [-121.9300928011056, 37.39621886901702], [-121.93002752504714, 37.39611250702528], [-121.92992376427674, 37.39594343585936], [-121.92986407034715, 37.39585109432148], [-121.92983134113862, 37.39580049408782], [-121.9297973848326, 37.395742699260545], [-121.92976297487724, 37.395685207700865], [-121.92972385595489, 37.39561996699865], [-121.92969043414553, 37.39556919318567], [-121.92966984566411, 37.39553829096895], [-121.92963462542788, 37.39548639448546], [-121.9295970498097, 37.395431344222075], [-121.9295605009655, 37.39537900518378], [-121.92952131017681, 37.3953234952318], [-121.92948358633629, 37.39527121606703], [-121.92944637004379, 37.395220007386364], [-121.92936263001691, 37.395104862127596], [-121.92927783716448, 37.394990164171155], [-121.92919199328347, 37.39487600558363], [-121.92915386250586, 37.39482794397915], [-121.92911465734323, 37.394780673105636], [-121.92907198378586, 37.39473207189391], [-121.92903074753244, 37.39468658802787], [-121.92899239037861, 37.394644641160895], [-121.92895471324942, 37.394602295319956], [-121.92891771883977, 37.394559553359166], [-121.92883371470658, 37.39445905980449], [-121.92875396679061, 37.39435748487748], [-121.92867442728439, 37.39425187818137], [-121.92864579169665, 37.39421422962562], [-121.92859728268607, 37.39414850875603], [-121.92854890572778, 37.394080635337], [-121.92849794521608, 37.39400823705046], [-121.92845218864308, 37.39394239039088], [-121.92840672402285, 37.39387379452799], [-121.92839904073479, 37.39386061190245], [-121.9281627461601, 37.39351808121369], [-121.92802041713202, 37.39330393486301], [-121.92791476720357, 37.39314497405885], [-121.92764342037566, 37.39276793967583], [-121.92759100908485, 37.39269459803207], [-121.92746079922269, 37.39251342968961], [-121.92732966499446, 37.39233190762404], [-121.92719836367955, 37.392150614933534], [-121.92715312812871, 37.39208792124033], [-121.92706094663589, 37.39196154663416], [-121.92696984491774, 37.3918345630183], [-121.92696769255491, 37.39183156756692], [-121.92684560435889, 37.39166092156811], [-121.92672413061004, 37.39149237279138], [-121.92671581311158, 37.39148097617771], [-121.92671156497987, 37.39147515653862], [-121.92683323459175, 37.391371283696486], [-121.92766247747122, 37.39064123707903], [-121.92696754901343, 37.39014474413031], [-121.92687309297987, 37.39007703338147], [-121.92685607170262, 37.390091968875204], [-121.92672444067223, 37.39021289445027], [-121.92657935827191, 37.39032356999897], [-121.92642201297274, 37.39042306272722], [-121.92638072550791, 37.39044377718757], [-121.9263394389412, 37.39046449092859], [-121.92629815057823, 37.390485227503], [-121.92607539805364, 37.39059524387638], [-121.92591899152934, 37.39037723933491], [-121.92584079680117, 37.39026824967348], [-121.92570949997804, 37.39008524332479], [-121.92565467940629, 37.39000870154628], [-121.92557058544308, 37.38989543538696], [-121.92549559410762, 37.38977816573454], [-121.92543003238674, 37.38965737219842], [-121.92539756638821, 37.38957484818084], [-121.92535597081554, 37.389468637353154], [-121.92532414980724, 37.38938702528211], [-121.92527179421886, 37.38925169657773], [-121.92524609971714, 37.38919356980963], [-121.92522744171585, 37.389155410532396], [-121.92521205447913, 37.389124765472566], [-121.92518459568589, 37.389071925269285], [-121.92513890828481, 37.38899138266093], [-121.92509288221842, 37.388915535663145], [-121.92504195763927, 37.38884169348632], [-121.92498625851482, 37.38877008382057], [-121.9249324736988, 37.3887086370623], [-121.92487252823787, 37.388643099079346], [-121.92480875595473, 37.388578408966154], [-121.92477760957505, 37.388548710807406], [-121.92473043096673, 37.38850572414852], [-121.92468589699752, 37.38846755880957], [-121.92466110170517, 37.38844600015211], [-121.92463506224631, 37.388425348658366], [-121.92460789360523, 37.38840569640194], [-121.92449926844958, 37.388313099332386], [-121.92433954263969, 37.38819445466292], [-121.92429065542633, 37.388237046077876], [-121.92401191270022, 37.388479891551476], [-121.9238645198314, 37.388608303323025], [-121.9236003459818, 37.388838829141264], [-121.92336503410274, 37.38904091889472], [-121.92316634114601, 37.38921237236181], [-121.92315708221084, 37.38922035337245], [-121.92311534199355, 37.38925629931375], [-121.92281043673495, 37.38951881343676], [-121.92266437516889, 37.38964904273479], [-121.92252753660573, 37.38976820396434], [-121.92235675609967, 37.38991692273735], [-121.92201722078855, 37.39021119187365], [-121.92175410245939, 37.390441998253515], [-121.92137542216331, 37.390771898646605], [-121.92116279723513, 37.39095842051103], [-121.92107785344484, 37.39103293648588], [-121.92102082300374, 37.391082965387135], [-121.92092572375944, 37.3911674825796], [-121.92079722515535, 37.391275820008325], [-121.92038202744679, 37.39163644285125], [-121.92028942372252, 37.39171495423407], [-121.92022204648723, 37.39176990444488], [-121.92015156557238, 37.39182901270408], [-121.92000196644116, 37.39195948636021], [-121.91989335024778, 37.39205421647315], [-121.91985441816351, 37.392090281672836], [-121.91981612388315, 37.39212675081478], [-121.91977852669508, 37.39216366886246], [-121.919708617107, 37.392237763265975], [-121.91964405069699, 37.392315316938785], [-121.91958652977293, 37.3923922817235], [-121.91951521521672, 37.39249363234429], [-121.91945474332421, 37.392599404946125], [-121.91940555696439, 37.392708841556406], [-121.91936798671736, 37.392821159227054], [-121.91936037438997, 37.39286437464701], [-121.91935095015778, 37.392936065327774], [-121.91934521709963, 37.393032959582904], [-121.91934324439156, 37.393104215459324], [-121.91935062314249, 37.393190536040144], [-121.91935894422501, 37.3932860525285], [-121.91936493957262, 37.39335486446328], [-121.91937598164814, 37.393481616401445], [-121.91930500576754, 37.393489227971955], [-121.91922083543395, 37.393496930180234], [-121.91915275302622, 37.393505788577215], [-121.91905192972581, 37.393518819240064], [-121.9190302686522, 37.39352180605793], [-121.91900873424109, 37.393525385243414], [-121.91898738218796, 37.39352951183422], [-121.91893151776435, 37.39353973267403], [-121.91887583480047, 37.393550386012585], [-121.91879636534881, 37.39356846963661], [-121.91868932480779, 37.39359551513126], [-121.91858423540658, 37.39362711542036], [-121.91848146904805, 37.39366321911207], [-121.91840124950191, 37.39369316859844], [-121.91834967902358, 37.393714919152465], [-121.91815251500904, 37.39379734938454], [-121.91811919110876, 37.39381157686572], [-121.91802593072005, 37.393855783028506], [-121.91794434932643, 37.393901633514226], [-121.91786458342759, 37.393949476600945], [-121.91778669141384, 37.39399924234289], [-121.91772028166474, 37.394044840095084], [-121.91768452063415, 37.394071320893616], [-121.91764905245411, 37.39409805004672], [-121.91761387532814, 37.39412500543044], [-121.91748836362368, 37.3942173947577], [-121.91736039772202, 37.39431191932813], [-121.91718086133946, 37.39444883682768], [-121.91711820564927, 37.394496619616504], [-121.91705788737511, 37.394542618872194], [-121.91665835988138, 37.39485707494698], [-121.91664076457764, 37.39490085728428], [-121.9165798704718, 37.395052380643385], [-121.91639420937425, 37.395210616564334], [-121.91630942548422, 37.39528285096064], [-121.9161989434904, 37.39537517177611], [-121.91608530481713, 37.395469041872204], [-121.91597009319345, 37.39556618049059], [-121.91589281652386, 37.39563191509523], [-121.91582938558693, 37.395684961202754], [-121.91576540847451, 37.395737990857846], [-121.91569922330338, 37.39579258056855], [-121.91563375678415, 37.395847230187954], [-121.91556820133164, 37.39590323217947], [-121.91550389992709, 37.39595880663867], [-121.91543978986365, 37.396015430869525], [-121.91542754313205, 37.3960262687002], [-121.91526515468699, 37.3961667792586], [-121.91521482747416, 37.396212078092766], [-121.91528576560947, 37.39634781601197], [-121.91529208705158, 37.3963619538031], [-121.91530328185203, 37.39638864788699], [-121.9153132046381, 37.39641566025721], [-121.91532917487851, 37.39647048499074], [-121.91533229203074, 37.39648358651231], [-121.91533425035672, 37.396492870621096], [-121.91533508309423, 37.39649721400499], [-121.91533602991795, 37.39650217328414], [-121.9153374645265, 37.396509623264286], [-121.91533850926628, 37.396515810764775], [-121.91533872306518, 37.3965170882304], [-121.91533885691396, 37.39651809378826], [-121.9153400696386, 37.39652609043633], [-121.91534122487094, 37.396534019284886], [-121.91534221930482, 37.396542135827254], [-121.91534319307769, 37.39655006396014], [-121.91534404647611, 37.396558017070845], [-121.91534442286967, 37.39656240969401], [-121.91534472829642, 37.39656597660372], [-121.91534486484011, 37.39656798914572], [-121.91534579998465, 37.396581666579635], [-121.91534583861218, 37.3965822146761], [-121.91534622129326, 37.39659026769682], [-121.91534650426192, 37.39659763488248], [-121.9153465464825, 37.39659832143016], [-121.9153465563641, 37.39659882456559], [-121.91534667224595, 37.396604934982726], [-121.91534673961883, 37.396613036530375], [-121.91534673692362, 37.396614433890115], [-121.91534664170067, 37.396629106880646], [-121.91534661115777, 37.39663052636399], [-121.91534604970916, 37.39664474760024], [-121.91534492681319, 37.39666272914273], [-121.91534357394892, 37.39667764762488], [-121.91534351016846, 37.39667879305953], [-121.9153428427197, 37.39668447741138], [-121.91534172970614, 37.39669387568164], [-121.91533767111531, 37.396720692396514], [-121.91533241866358, 37.39674737635991], [-121.91532597953763, 37.39677389402972], [-121.91531836182224, 37.396800212577574], [-121.91529962835236, 37.396852117425006], [-121.91514669913965, 37.397225395218165], [-121.91513295042247, 37.397261202441015], [-121.91512088604581, 37.397297394310044], [-121.91511052577327, 37.397333920868064], [-121.91510188218069, 37.39737073073142], [-121.91509496784487, 37.39740777180268], [-121.91508979174883, 37.39744499412476], [-121.91508636377404, 37.397482344173646], [-121.91508468481886, 37.39751976985182], [-121.91508476117134, 37.39755721977572], [-121.9150901690203, 37.39763198183162], [-121.91512801500804, 37.39789458011858], [-121.91517862425758, 37.39815580656029], [-121.9152419213103, 37.3984152650957], [-121.91531780825025, 37.39867256609119], [-121.91540617368628, 37.39892731920599], [-121.9155068819725, 37.39917914123952], [-121.91574470366623, 37.399672469277405], [-121.91578742572952, 37.39974794214949], [-121.9158335560007, 37.399822128973376], [-121.91588303249598, 37.39989492841582], [-121.9159357923333, 37.39996624628188], [-121.91599176454568, 37.40003598908926], [-121.91605087367473, 37.40010406264255], [-121.91611304426195, 37.400170379169836], [-121.91617819276429, 37.400234850898656], [-121.91624623473983, 37.40029739148457], [-121.91631707856048, 37.40035791886462], [-121.91639063080173, 37.40041635383076], [-121.91654547337127, 37.40052663967998], [-121.91685547651608, 37.400731787256724], [-121.91690652866028, 37.400766881322305], [-121.9169558946668, 37.400803478270284], [-121.91700350536532, 37.4008415274303], [-121.9170492933823, 37.40088097385128], [-121.91709319403901, 37.400921761867984], [-121.9171351471483, 37.40096383652908], [-121.91717509162488, 37.40100713574706], [-121.91721297267135, 37.40105160028917], [-121.91724873728724, 37.40109716664044], [-121.91731371420784, 37.40119134999954], [-121.9173140977884, 37.4011918937803], [-121.91734182068691, 37.401237950304704], [-121.9173674675793, 37.401284766095124], [-121.91739100702412, 37.40133228191899], [-121.91741240668217, 37.401380435690285], [-121.91743164140063, 37.4014291688912], [-121.91744868692498, 37.40147841729381], [-121.91746352079745, 37.401528119526475], [-121.91748647902642, 37.40162863214316], [-121.91770919996097, 37.40284864484209], [-121.91770942903118, 37.40285012985929], [-121.91771468057824, 37.40287881616406], [-121.91772889191613, 37.40294793613347], [-121.9177462087296, 37.403016606467595], [-121.91776660406893, 37.40308473439905], [-121.91779005637504, 37.40315223429675], [-121.9178165324099, 37.4032190191026], [-121.91784599893604, 37.40328500175907], [-121.91787841642746, 37.403350097349055], [-121.91791374625669, 37.403414220956655], [-121.91795193991476, 37.403477291947546], [-121.91799294889266, 37.40353922683233], [-121.91803672108803, 37.40359994783217], [-121.91808319900873, 37.40365937431282], [-121.91813232336622, 37.40371742920859], [-121.91818403037969, 37.40377404044956], [-121.91823825357423, 37.403829133110705], [-121.91829492108435, 37.403882635122386], [-121.91841529979426, 37.40398459889788], [-121.91841556569558, 37.40398493928346], [-121.91841599958168, 37.40398513909085], [-121.91847861663379, 37.404032779511624], [-121.91854331148899, 37.4040786209274], [-121.91860999970548, 37.40412260554014], [-121.91867859953716, 37.40416467840611], [-121.9187490247454, 37.40420478529504], [-121.91882118549862, 37.404242878400005], [-121.91889499286371, 37.40427890848533], [-121.91897035251769, 37.40431283059799], [-121.91904717283221, 37.404344602639], [-121.91912535409462, 37.40437418393579], [-121.91928541139019, 37.404426628735166], [-121.92110615689576, 37.40496394498838], [-121.92119369321229, 37.40498977756838], [-121.92120765572439, 37.404994121887675], [-121.92122141791185, 37.40499885368484], [-121.92123496270698, 37.40500396796437], [-121.92124827483865, 37.405009458303525], [-121.9212613381369, 37.40501531828075], [-121.92127413463547, 37.405021540045794], [-121.92128664996136, 37.40502811646278], [-121.92129886794494, 37.40503503896908], [-121.92131077421303, 37.405042299714495], [-121.92132235259615, 37.40504988942274], [-121.92133359141609, 37.405057798103506], [-121.92134447360492, 37.40506601790687], [-121.92135498838255, 37.40507453598857], [-121.92136512137661, 37.40508334378519], [-121.92137486180673, 37.40509242916574], [-121.9213841953, 37.405101782139994], [-121.92139311287345, 37.405111391290426], [-121.92140160105215, 37.40512124377264], [-121.92140965175143, 37.40513132816872], [-121.92141725239475, 37.40514163092052], [-121.92142439579553, 37.40515213989711], [-121.92143107207258, 37.4051628436813], [-121.92143727314085, 37.405173727287305], [-121.92144299181385, 37.40518477787044], [-121.92144822090502, 37.4051959818732], [-121.92145295322793, 37.405207324309316], [-121.92145718429104, 37.405218793762096], [-121.92146090780602, 37.40523037381858], [-121.92146411928137, 37.405242050920755], [-121.92146681602209, 37.40525381079702], [-121.92146899263842, 37.40526563917542], [-121.92147064733359, 37.40527752107087], [-121.92147238557067, 37.40530138761203], [-121.92147586203683, 37.405422204455746], [-121.92147657889065, 37.405436185687165], [-121.92147791917527, 37.405450138372686], [-121.92147988109407, 37.40546404324583], [-121.9214824646468, 37.40547788460725], [-121.92148566354555, 37.405491642477244], [-121.92148947419685, 37.40550530115689], [-121.92149389210932, 37.405518843520156], [-121.92149891368943, 37.40553225101386], [-121.92150452995416, 37.40554550793938], [-121.92151073461552, 37.4055585964576], [-121.92151752048672, 37.40557150015576], [-121.92152487768632, 37.40558420333543], [-121.92153279812953, 37.405596688870375], [-121.92154127013826, 37.40560894177611], [-121.92155028562784, 37.40562094635339], [-121.92155983022491, 37.40563268619028], [-121.92156989314998, 37.405644148442505], [-121.92158046182642, 37.40565531598426], [-121.92159152188134, 37.405666176684306], [-121.92160306163647, 37.40567671627169], [-121.92161506312577, 37.405686921902216], [-121.92162751287418, 37.40569677859006], [-121.921640396509, 37.405706276345995], [-121.92165369426716, 37.40571540089821], [-121.92166739177556, 37.40572414297051], [-121.92168147106798, 37.40573248971831], [-121.92169591417802, 37.405740430438314], [-121.92171070313947, 37.405747956567474], [-121.92172581729095, 37.405755055975014], [-121.92174124046299, 37.40576172295261], [-121.92175695109592, 37.405767946796594], [-121.92177293032515, 37.405773721085026], [-121.92178915569278, 37.40577903654118], [-121.92180560923236, 37.40578388745666], [-121.92182226938472, 37.40578826812281], [-121.92183911369168, 37.40579217211787], [-121.9218561232884, 37.405795595159816], [-121.92187327302278, 37.40579853225439], [-121.92189054402934, 37.405800980546545], [-121.92190791385084, 37.40580293646916], [-121.92192535823264, 37.40580439716744], [-121.92194285830992, 37.405805361214476], [-121.92197793212644, 37.40580579507318], [-121.92199557503606, 37.405805266312115], [-121.92201318380964, 37.40580423376382], [-121.92203073598962, 37.40580269671518], [-121.92204820552445, 37.40580065802003], [-121.92206557354976, 37.4057981205328], [-121.92208281491283, 37.40579508710754], [-121.92209990985049, 37.405791562025776], [-121.92211683500643, 37.40578754956929], [-121.92213356792341, 37.40578305401898], [-121.92215008883781, 37.40577808322442], [-121.92218240482828, 37.40576673873639], [-121.92238694939961, 37.40568782891808], [-121.92260083644891, 37.405605281893166], [-121.92261573500627, 37.40559980943894], [-121.9226308841933, 37.40559479510388], [-121.92264626424766, 37.405590248163925], [-121.92266184911757, 37.4055861729014], [-121.92267761814215, 37.40558257573818], [-121.92270961792495, 37.40557683711744], [-121.92272615680538, 37.405574637860184], [-121.92274279270374, 37.40557296237176], [-121.92277625045166, 37.405571199827705], [-121.9227855192674, 37.40557104569461], [-121.92280405600044, 37.405571249780365], [-121.92284078181841, 37.405572856055215], [-121.92287741331332, 37.40557550487255], [-121.92291390377247, 37.40557919195133], [-121.9229502046871, 37.40558391443668], [-121.92298627293788, 37.405589664478576], [-121.92302206271091, 37.405596435655255], [-121.92305752639547, 37.405604218689575], [-121.92309261997414, 37.40561300359118], [-121.92312729942932, 37.405622780369455], [-121.92316152074355, 37.40563353617963], [-121.92319523989971, 37.40564525817675], [-121.92322841467666, 37.40565792852104], [-121.92326100285369, 37.40567153508086], [-121.92329296221011, 37.405686057875855], [-121.92332425501658, 37.405701479065314], [-121.92335483815405, 37.40571778009625], [-121.92338467479127, 37.40573493813319], [-121.92341372630119, 37.40575293462235], [-121.92344195585262, 37.40577174387463], [-121.9234693284113, 37.40579134305471], [-121.92349580804462, 37.40581170790026], [-121.92352136241327, 37.40583281129437], [-121.92354595917789, 37.40585462754789], [-121.92356956599919, 37.405877129544415], [-121.92359215323263, 37.40590028659879], [-121.92361369213229, 37.405924070881525], [-121.92363415574863, 37.40594845242121], [-121.92367175562174, 37.40599888096703], [-121.92367199547185, 37.40599940473285], [-121.92368069565259, 37.40601225055548], [-121.9236971554782, 37.40603833252088], [-121.92375209462517, 37.40613438922849], [-121.92380238409274, 37.4062320534975], [-121.92384794932099, 37.40633118189386], [-121.92388872563096, 37.40643163026952], [-121.92392465014059, 37.40653324876911], [-121.9239556716461, 37.406635889678384], [-121.92398174523163, 37.40673940385706], [-121.92401890042102, 37.40694844047947], [-121.92402509968758, 37.40700450553706], [-121.92403572405014, 37.407100580982615], [-121.92405264557827, 37.40740571234298], [-121.92405316119687, 37.407533608619275], [-121.92404242989545, 37.40778924139218], [-121.92388000283141, 37.40785308361179], [-121.9236089756669, 37.40869521654206], [-121.923396291412, 37.40922046378997], [-121.92303716828688, 37.409980321684934], [-121.92301433483759, 37.41064758458882], [-121.92308399736503, 37.41078696248734], [-121.92309006188901, 37.410801103976155], [-121.92313852957183, 37.41091400317996], [-121.92314005041881, 37.4109175472875], [-121.92314247946251, 37.41092320701295], [-121.92318181577409, 37.41101484784231], [-121.92318998235508, 37.41103387411223], [-121.92327750160764, 37.41102578340573], [-121.92318998235508, 37.41103387411219], [-121.92321804571304, 37.411099251948784], [-121.92323117099217, 37.411129828800846], [-121.9232337985633, 37.41113595087696], [-121.92326104984453, 37.41119944062916], [-121.92391797952563, 37.412104909401414], [-121.92434507533524, 37.412485990611536], [-121.92484943345323, 37.41269464163273], [-121.92522293850828, 37.41278752397177], [-121.92552066528705, 37.41291229446246], [-121.92587244634397, 37.413386554229575], [-121.92594399887443, 37.41399109787568], [-121.92600096460413, 37.41423154890335], [-121.92639360642899, 37.414660057452586], [-121.92653871305039, 37.414848530513275], [-121.92674223619895, 37.415112882169694], [-121.92701841060237, 37.4152235373875], [-121.92727035206981, 37.4152134914701], [-121.9275276286311, 37.415203219375094], [-121.92803176938256, 37.415183075448496], [-121.9281306702683, 37.415350066195], [-121.92813173836487, 37.415351884163705], [-121.9281319458755, 37.415352248042936], [-121.92813977469062, 37.415365451859856], [-121.92814968040992, 37.41538220028411], [-121.92851711279515, 37.41600257357361], [-121.9300934230259, 37.417696970743535], [-121.93017859406692, 37.41782846458223], [-121.92994258151343, 37.417930454299935], [-121.92996582271954, 37.41796124454356], [-121.92996925967273, 37.41796591273602], [-121.92997341078635, 37.41797155123884], [-121.92998818088171, 37.41799239864097], [-121.93000251529406, 37.41801343795865], [-121.9300164095321, 37.418034665624546], [-121.9300321354343, 37.418059783796906], [-121.93004724419391, 37.41808514168378], [-121.93006172952266, 37.41811072858362], [-121.93007132442487, 37.4181285993831], [-121.93007218141747, 37.41813006554761], [-121.93007321358122, 37.418132118177795], [-121.93007558692932, 37.41813653878847], [-121.93008880832888, 37.41816255802833], [-121.93009485488668, 37.418175155620816], [-121.93009806187098, 37.41818183718847], [-121.93010139372113, 37.418188777741804], [-121.93011333412294, 37.41821518794029], [-121.93011746637171, 37.41822491741034], [-121.93011906267726, 37.41822846259861], [-121.93012049099806, 37.418232041319364], [-121.93012462683983, 37.4182417800619], [-121.93013526648147, 37.41826854340481], [-121.93013791022214, 37.41827567301705], [-121.93014044886, 37.418282518671504], [-121.93014525125126, 37.41829546583947], [-121.93015457306453, 37.41832253880456], [-121.930156040911, 37.41832715061101], [-121.93015680178367, 37.41832932951828], [-121.93015793725357, 37.41833311014344], [-121.93016323281948, 37.41834975231151], [-121.93017122512632, 37.41837709565812], [-121.93017183777702, 37.41837939371171], [-121.93017217644164, 37.41838052097808], [-121.93017284658447, 37.41838317718812], [-121.93017854729007, 37.41840455671547], [-121.93018519661554, 37.41843212620868], [-121.93013107671199, 37.41851484603716], [-121.93013178368558, 37.41851875222134], [-121.93013364858666, 37.41852923506356], [-121.93013679807756, 37.418546821806274], [-121.93013917861103, 37.41856022982233], [-121.93014065903361, 37.41856858940799], [-121.93014095098582, 37.41857034808159], [-121.9301421843714, 37.41857928342683], [-121.93014332612911, 37.418587989751096], [-121.9301451047916, 37.41860138206343], [-121.93014667684174, 37.418613082052204], [-121.93014818331503, 37.41862430330955], [-121.93014871242224, 37.418627935520696], [-121.93014994760472, 37.41863549745367], [-121.9301519185068, 37.41864700908467], [-121.93015382922192, 37.41865831737891], [-121.93015538061103, 37.41866743107765], [-121.93015712603636, 37.41867759569722], [-121.93015881127448, 37.4186876704201], [-121.93015961616429, 37.418692237969786], [-121.93015972396202, 37.41869335809649], [-121.93015973384324, 37.41869541784595], [-121.93015953531471, 37.418702997608534], [-121.930159280192, 37.41871211058838], [-121.93015899901835, 37.41872294085658], [-121.93015867562362, 37.41873452667361], [-121.93015845643379, 37.41874256375762], [-121.93015805758024, 37.418756165798214], [-121.93015783749216, 37.41876415650538], [-121.93015779077982, 37.41876472941067], [-121.93015592228228, 37.418782515151925], [-121.93015414810789, 37.41879926851867], [-121.93015287878737, 37.41881093565764], [-121.93015173882421, 37.418821821561025], [-121.93015076774448, 37.41883105795401], [-121.93015001226071, 37.41883804838888], [-121.93014955142449, 37.41884247181136], [-121.93014953166153, 37.41884290773252], [-121.93014930169197, 37.418850371900504], [-121.93014900255183, 37.41886177433973], [-121.93014871508966, 37.41887372685095], [-121.93014842762751, 37.41888416826305], [-121.93014816442009, 37.41889435782401], [-121.93014791917902, 37.41890404297122], [-121.93014770627732, 37.41891237683411], [-121.93014758051275, 37.4189163386473], [-121.93014715650713, 37.418924172377366], [-121.93014638395469, 37.41893624402537], [-121.93014570842055, 37.41894739959622], [-121.93014494215639, 37.41895981583882], [-121.93014406809401, 37.41897415483804], [-121.93014355785013, 37.41898201281948], [-121.93014303952124, 37.41899085465286], [-121.93014266492328, 37.41899676419042], [-121.93014256700687, 37.41899768097856], [-121.93014178906523, 37.41900348135706], [-121.93014067695016, 37.41901137001415], [-121.93013951273288, 37.41901948697531], [-121.93013804488481, 37.419029737161146], [-121.93013665249516, 37.41903943584637], [-121.93013501217045, 37.419051220667754], [-121.93013364583194, 37.41906080662451], [-121.93013283734774, 37.419066538506705], [-121.93013215642429, 37.41907139854891], [-121.9301315464679, 37.419075526588244], [-121.93014138122089, 37.41908578889606], [-121.93015156901188, 37.41909583074557], [-121.93015759131602, 37.419101440625155], [-121.93015855341142, 37.41910239736547], [-121.9301599880206, 37.41910367301893], [-121.93016210265418, 37.4191056421486], [-121.93017297316474, 37.419115216684176], [-121.93018668145251, 37.41912734109796], [-121.93019122962168, 37.419131113121594], [-121.93019965671537, 37.41913810210208], [-121.93020089818678, 37.419139065263124], [-121.93020658182614, 37.41914347439892], [-121.93021370366803, 37.419148997947424], [-121.93021563774043, 37.41915040059463], [-121.93022196637004, 37.419154990233686], [-121.9302308255535, 37.419161291444055], [-121.93023755213677, 37.4191658532578], [-121.93024659906786, 37.419171831987185], [-121.93024947547283, 37.4191737326236], [-121.93025351968717, 37.41917621401019], [-121.93025847569145, 37.419179351772364], [-121.93026275885802, 37.41918188238688], [-121.9302663000161, 37.41918405484852], [-121.93026993459887, 37.419186121718916], [-121.93027422135853, 37.41918865447357], [-121.93027939924667, 37.419191504714384], [-121.9302835835984, 37.41919388407662], [-121.93028675015894, 37.41919555070049], [-121.930290347911, 37.419197530529566], [-121.93029641063956, 37.41920063475892], [-121.93030394570664, 37.41920449167993], [-121.93030683738294, 37.41920597209235], [-121.9303140014457, 37.41920937454413], [-121.93031943355727, 37.41921201217549], [-121.9303214889022, 37.419212930388085], [-121.93032367450293, 37.4192139684605], [-121.93033220759787, 37.419217719076315], [-121.93033933393174, 37.41922085184291], [-121.93034083501634, 37.41922151178592], [-121.93035153574577, 37.41922584885872], [-121.93035754367726, 37.41922828386928], [-121.9303583036519, 37.41922859208043], [-121.93037605795172, 37.41923520292339], [-121.93039486417851, 37.41924157547311], [-121.93040131497942, 37.41924356957018], [-121.93041398122251, 37.419247435764234], [-121.93041542032347, 37.419247875250164], [-121.93042149113681, 37.41924953045784], [-121.9304333533881, 37.419252763820005], [-121.93044146337701, 37.41925478431464], [-121.93044955180636, 37.41925679981502], [-121.930452906115, 37.419257538237396], [-121.9304558292326, 37.41925824170059], [-121.93046144819373, 37.419259418895436], [-121.93046844067854, 37.419260957810295], [-121.93047263491198, 37.41926176187009], [-121.9304814797227, 37.4192634570308], [-121.93048749214584, 37.41926460925495], [-121.93049264577986, 37.419265453268316], [-121.93049707357501, 37.41926624448574], [-121.93050147801411, 37.41926689943425], [-121.93051290368417, 37.41926859744884], [-121.93051794053733, 37.41926934585949], [-121.93052164878209, 37.41926978677268], [-121.93052600291561, 37.41927037893726], [-121.93053327387834, 37.41927116872843], [-121.93053893595858, 37.419271842226465], [-121.93054196417897, 37.419272113338224], [-121.93054541820067, 37.4192724886138], [-121.9305537644467, 37.41927316924689], [-121.930560031093, 37.4192737300197], [-121.93056237030571, 37.41927387128331], [-121.93057455145895, 37.419274605425144], [-121.93058217815454, 37.419275022794665], [-121.93062363629677, 37.41927571912585], [-121.9308108649348, 37.41929202220838], [-121.93083232658182, 37.419293173006146], [-121.93083336952579, 37.419293255766725], [-121.93083432084147, 37.41929330784854], [-121.93084074828626, 37.419293840796826], [-121.93085373253331, 37.419294870307404], [-121.9308558516587, 37.41929509290425], [-121.93085770667949, 37.419295247009956], [-121.93086451950155, 37.41929600469512], [-121.93087821521402, 37.41929752791394], [-121.93088099370276, 37.419297836838325], [-121.93088756757275, 37.41929875576345], [-121.93090045300522, 37.41930055794123], [-121.93091005329906, 37.41930207117111], [-121.9309173871438, 37.41930322696198], [-121.93092265396541, 37.419304197969076], [-121.9309271545242, 37.41930495708102], [-121.93093219137707, 37.419305955198915], [-121.93093834663216, 37.41930708958623], [-121.93094478485686, 37.41930845156418], [-121.93095415787694, 37.41931043353126], [-121.9309666130161, 37.41931327377944], [-121.93097592225575, 37.41931549903288], [-121.93098845914157, 37.41931874024017], [-121.93099494497658, 37.419320417563206], [-121.93099740546187, 37.4193211303006], [-121.93101036186066, 37.41932488447877], [-121.93101859042731, 37.419327318772844], [-121.93102031070066, 37.41932782746319], [-121.93103334076149, 37.41933206536054], [-121.93103949242338, 37.41933406587636], [-121.93104022904178, 37.41933430559581], [-121.93105987519334, 37.41934129241799], [-121.9310603288424, 37.41934146007878], [-121.93108037025246, 37.41934924596466], [-121.93108146709524, 37.41934967189463], [-121.93108758462093, 37.41935226528715], [-121.93109828265565, 37.419356741475454], [-121.93110036584841, 37.419357682516534], [-121.9311082710213, 37.41936125262227], [-121.93111700264417, 37.41936519586253], [-121.93111992396481, 37.4193666156288], [-121.93112259375735, 37.41936784419031], [-121.93112816061601, 37.41937061808503], [-121.93113537318794, 37.4193741232662], [-121.93113918833207, 37.419376113079004], [-121.93114253455586, 37.41937778112545], [-121.93114734593148, 37.4193803695227], [-121.93115337452403, 37.419383514411095], [-121.93115802599965, 37.41938611422346], [-121.93116609376746, 37.41939062322811], [-121.93117099048291, 37.41939335930915], [-121.93117651961248, 37.41939666543667], [-121.93118104801873, 37.41939928950573], [-121.93118432956355, 37.41940133496693], [-121.93118820309849, 37.41940365082543], [-121.93119456766081, 37.41940771606322], [-121.93119957397072, 37.4194108366931], [-121.93120209015116, 37.419412521148125], [-121.93120499260738, 37.419414375404294], [-121.93121230399369, 37.419419360278326], [-121.93121758249309, 37.41942289399497], [-121.9312193306143, 37.41942415038017], [-121.93122134463668, 37.41942552305723], [-121.93122987144338, 37.41943172436203], [-121.93123505022969, 37.41943544571548], [-121.93123608958032, 37.41943624691941], [-121.9312372403219, 37.41943708379582], [-121.93124792308474, 37.419445367658895], [-121.9312519574178, 37.41944847758546], [-121.9312523266253, 37.419448782941764], [-121.93126791149331, 37.41946166569843], [-121.93126828249737, 37.41946197248148], [-121.93127190809702, 37.419465187997886], [-121.93128308403466, 37.4194750985219], [-121.93128400570593, 37.4194759161348], [-121.9312883966699, 37.419480094806836], [-121.93129757385645, 37.419488828137816], [-121.93129910817852, 37.41949028856817], [-121.93130338415811, 37.419494659870736], [-121.93131154175708, 37.419502999376284], [-121.93131730175315, 37.41950917570376], [-121.93132216882398, 37.419514395295835], [-121.93132493832924, 37.419517572283574], [-121.93132737635628, 37.41952025342406], [-121.93133048901782, 37.41952394124088], [-121.93133444699386, 37.41952848162889], [-121.93133771416558, 37.4195324997719], [-121.93134307890286, 37.41953909703152], [-121.93134984590998, 37.419547752589736], [-121.93135491689823, 37.41955444616345], [-121.93136146920789, 37.41956351908723], [-121.9313661072082, 37.41957011063645], [-121.93136780412534, 37.419572522091826], [-121.93137243134586, 37.41957962232879], [-121.9313766408499, 37.419586081888994], [-121.9313777260144, 37.4195877463635], [-121.93138295241096, 37.419596433307404], [-121.93138647650066, 37.41960229142944], [-121.93138703165907, 37.41960321320414], [-121.93139387951425, 37.419615596519996], [-121.93139551534588, 37.41961854520002], [-121.93139570938187, 37.419618912625644], [-121.93140402238836, 37.419635394696094], [-121.9314064190926, 37.41964060785798], [-121.93141173981196, 37.4196523169597], [-121.93141230934363, 37.419653571200406], [-121.93141445541784, 37.419658865694196], [-121.93141791932013, 37.41966721945017], [-121.9314187511596, 37.419669464668885], [-121.93141954167687, 37.41967141452058], [-121.93142138771394, 37.41967657845232], [-121.93142401708157, 37.41968367368509], [-121.93142503127893, 37.419686770759405], [-121.93142598798431, 37.41968944832658], [-121.93142746032225, 37.419694193463606], [-121.93143059544101, 37.41970429230685], [-121.93143274959988, 37.41971185698529], [-121.93143421564959, 37.41971700521829], [-121.93143541400148, 37.419721940130465], [-121.9314372753096, 37.41972960397592], [-121.93143830657495, 37.41973384969762], [-121.9314394995368, 37.41973977273213], [-121.93144052810698, 37.41974447505904], [-121.93144104104469, 37.41974742587422], [-121.93144284126701, 37.41975778297799], [-121.93144375664968, 37.41976305035328], [-121.93144404590691, 37.41976528629442], [-121.93144445014849, 37.419767805473725], [-121.93144544817561, 37.41977612853919], [-121.93144622701396, 37.419782628748266], [-121.93144853208675, 37.41981915718797], [-121.93144842967668, 37.41983830464691], [-121.93144841979495, 37.41984011679921], [-121.93144819072397, 37.41984432684201], [-121.93144746039233, 37.419857721783266], [-121.93144727893242, 37.41986105785457], [-121.93144693577564, 37.41986437038199], [-121.93144554428393, 37.419877793857516], [-121.93144511399058, 37.41988194610923], [-121.93144484000412, 37.419883732576345], [-121.93144455793296, 37.41988611477011], [-121.93144192586753, 37.41990275159829], [-121.93143808466999, 37.41992165503736], [-121.93143667341623, 37.41992756878231], [-121.93143471239335, 37.419935787666454], [-121.93143333258067, 37.41994072399092], [-121.93143250433377, 37.419943985146695], [-121.93143197253109, 37.419945590397234], [-121.93141907361937, 37.41998450594121], [-121.93139046676617, 37.42005070855031], [-121.93138160847845, 37.42006909256464], [-121.93137864403788, 37.42007479083767], [-121.93137192104587, 37.420087381686635], [-121.93136826939396, 37.420093853330926], [-121.9313613658408, 37.420105600173336], [-121.9313574725422, 37.420111990483385], [-121.9313494299253, 37.42012448929166], [-121.9313460980738, 37.42012956971885], [-121.93133408580175, 37.42014670518905], [-121.93133198733716, 37.420149492609674], [-121.93132128480906, 37.420163554564496], [-121.93131995709905, 37.4201652996452], [-121.93131674921521, 37.42016919361466], [-121.9313076627562, 37.4201802234353], [-121.93130254864724, 37.42018618638702], [-121.93129865624738, 37.420190724593766], [-121.93129310106583, 37.420196808829516], [-121.93128798336375, 37.420202412918336], [-121.93127659272642, 37.420214295297505], [-121.9312735887602, 37.420217428735164], [-121.9312729293968, 37.420218067979334], [-121.93127214157437, 37.42021887916273], [-121.9312581134835, 37.42023247522671], [-121.93125728523681, 37.42023323147527], [-121.93125329402207, 37.42023687573642], [-121.93124359131929, 37.42024573525714], [-121.931240891882, 37.420248058223436], [-121.93123504205325, 37.420253090841456], [-121.93122374124763, 37.42026257533505], [-121.93122049293967, 37.42026530139548], [-121.93121739015892, 37.42026772567005], [-121.93120559707637, 37.420276940480676], [-121.93119949482124, 37.42028160567453], [-121.93118412554598, 37.42029278316054], [-121.93118165787419, 37.4202945781792], [-121.93118128327673, 37.420294832164195], [-121.9311624734545, 37.420307562096276], [-121.93115684730621, 37.42031115855306], [-121.93114304199817, 37.420319843985], [-121.93114030034006, 37.42032156908554], [-121.93113594979954, 37.42032411036242], [-121.9311228092447, 37.4203317869873], [-121.93111874077512, 37.420334163459124], [-121.93111701601, 37.42033506168116], [-121.93111111138396, 37.42033839987118], [-121.93109273185514, 37.420348153320575], [-121.93107400018658, 37.420357470142974], [-121.93109626312828, 37.42037956254864], [-121.93065803531269, 37.42075588221082], [-121.9306109285598, 37.420798907439526], [-121.93060166243808, 37.42080753574015], [-121.93059534009538, 37.42081332884393], [-121.93059092846927, 37.42081753027072], [-121.9305643392364, 37.42084229007491], [-121.93051827183413, 37.42088602726282], [-121.93047273264094, 37.42093011258174], [-121.92821588009996, 37.42203184893593], [-121.92788743540252, 37.42219218312392], [-121.92784980138744, 37.42219579875037], [-121.92728040609896, 37.42245080428854], [-121.92707941256612, 37.42254082009426], [-121.92573321358765, 37.42314292335218], [-121.92570549607085, 37.423167780838554], [-121.92568996240381, 37.423181710244734], [-121.9256644789971, 37.423204562312705], [-121.92565053894101, 37.42321810504176], [-121.92562315559749, 37.42324551010215], [-121.92560690327771, 37.423262162591534], [-121.92557509483304, 37.42329589346683], [-121.92547783244223, 37.42341252494512], [-121.92539558089605, 37.42354260759778], [-121.92539287876349, 37.423547529416076], [-121.92536258487567, 37.423601837760025], [-121.9253348386096, 37.423657005723186], [-121.92530967769424, 37.42371295696882], [-121.9252871380625, 37.42376961444684], [-121.92526724935875, 37.42382689968093], [-121.92523384369959, 37.423948827380585], [-121.92522154575828, 37.424010466395046], [-121.92521221046037, 37.4240724356656], [-121.92520585307713, 37.424134643162425], [-121.92520247899844, 37.42419699899582], [-121.92520209630916, 37.424259411849675], [-121.92520470500929, 37.42432179183513], [-121.9252188741201, 37.4244460836594], [-121.92524297949582, 37.42456183515851], [-121.92525892458315, 37.42461911907587], [-121.92527743975042, 37.42467590856329], [-121.9252984989461, 37.42473213085579], [-121.92532207701748, 37.42478771461445], [-121.92534814252382, 37.424842586361045], [-121.92537666222694, 37.42489667618362], [-121.92540759929628, 37.42494991417129], [-121.92544091330778, 37.4250022325531], [-121.92547656204034, 37.42505356284511], [-121.92551449967995, 37.42510383870341], [-121.92555467592102, 37.42515299521134], [-121.92564153759535, 37.425247700496335], [-121.92665219233216, 37.426229634861286], [-121.92686728668423, 37.42643861282481], [-121.926908755602, 37.42647889825942], [-121.92705981715844, 37.42663105831367], [-121.927204050621, 37.42678737706102], [-121.92734127273343, 37.42694765900973], [-121.92747131371414, 37.42711170438868], [-121.92759401186639, 37.42727930914827], [-121.927709215375, 37.42745026495966], [-121.92781677871292, 37.42762435636119], [-121.92791656803126, 37.42780136860717], [-121.92800845846412, 37.427981079105805], [-121.92809233592554, 37.42816326598066], [-121.92816809710965, 37.42834770022358], [-121.92823564499786, 37.42853415354178], [-121.92829489784381, 37.428722391224426], [-121.92834578018916, 37.42891218070307], [-121.92838822825338, 37.42910328370434], [-121.928422189036, 37.429295463384385], [-121.92844762031609, 37.42948847933406], [-121.92846449155117, 37.42968209043449], [-121.9284727811815, 37.42987605699535], [-121.92848633847879, 37.43054251846945], [-121.9284878629113, 37.43061750227195], [-121.9284882051652, 37.43065346402509], [-121.92848779732806, 37.43067141029802], [-121.92848777486826, 37.43068942504755], [-121.92848656932533, 37.43072537463943], [-121.92847188185884, 37.43084787247867], [-121.9284508442026, 37.43096977875837], [-121.92842349139109, 37.43109088590003], [-121.92838986923839, 37.431210984899835], [-121.9283500388297, 37.43132987032142], [-121.92834961392643, 37.43133089966536], [-121.92834934532998, 37.43133152526133], [-121.92834012591938, 37.431353038051135], [-121.9283226096678, 37.43139212956662], [-121.92828470614991, 37.43146945225391], [-121.92827198510639, 37.43149341388193], [-121.92808708126753, 37.43183838172255], [-121.9265673077886, 37.43467205545888], [-121.92646287503742, 37.43486738932184], [-121.9262695997939, 37.43526310139502], [-121.92623191905744, 37.43534587752645], [-121.92619793758259, 37.43542966502209], [-121.92616769938694, 37.43551435973719], [-121.92614124040294, 37.43559985610085], [-121.92611859656317, 37.435686044976514], [-121.92609979481747, 37.43577281936709], [-121.92608485852182, 37.43586007156411], [-121.9260738065407, 37.43594768957821], [-121.92606665234898, 37.436035565701836], [-121.92606340762468, 37.43612358723368], [-121.92606407326625, 37.43621164717986], [-121.92606864927383, 37.436299631414016], [-121.92607713025713, 37.43638743223013], [-121.92608950633527, 37.436474937642735], [-121.92610575954139, 37.436562039232946], [-121.92612587370606, 37.43664862715656], [-121.9261498191851, 37.4367345922829], [-121.9261775681304, 37.436819827621164], [-121.92620908640625, 37.43690422618153], [-121.92624433269002, 37.436987680261176], [-121.92628326296412, 37.43707008786418], [-121.9263719787535, 37.43723134781123], [-121.92638836940864, 37.43725811577903], [-121.92642237422434, 37.43731116522983], [-121.92648410373803, 37.437384017399346], [-121.92654220136366, 37.43745874256556], [-121.92659658086251, 37.437535228024764], [-121.92664715689483, 37.437613353941096], [-121.92669385310377, 37.4376930011923], [-121.92673659672617, 37.437774048517], [-121.92680996839387, 37.43793983623134], [-121.9268339120781, 37.43800840886433], [-121.92685473860867, 37.43807762480521], [-121.92687241923954, 37.43814739560715], [-121.92688693151291, 37.43821762854327], [-121.92689825746241, 37.438288234453225], [-121.92690638001993, 37.438359120611345], [-121.92691129199922, 37.43843019286487], [-121.9269129835186, 37.43850135991542], [-121.92691145367989, 37.438572530464626], [-121.92690670517808, 37.438643610360764], [-121.92689874430124, 37.438714507593325], [-121.92688758003263, 37.438785129437996], [-121.92687322944028, 37.43885538459781], [-121.92685570689699, 37.438925180349536], [-121.92683503935275, 37.438994426110106], [-121.92681125195992, 37.439063033436646], [-121.92678437615967, 37.439130911746005], [-121.9267544451897, 37.43919797188295], [-121.92672150037248, 37.439264128258564], [-121.9266855830306, 37.43932929314404], [-121.92664674167311, 37.43939338309079], [-121.9266050248089, 37.43945631322349], [-121.9265604890319, 37.43951800152071], [-121.92646318980984, 37.43963733736065], [-121.924054147247, 37.44219902311481], [-121.92390223495094, 37.442360557284715], [-121.92387790408331, 37.44237693449378], [-121.92385431971528, 37.44239399069494], [-121.92383150969525, 37.44241170449102], [-121.92380950366702, 37.44243005377127], [-121.92378832947848, 37.442449014285245], [-121.92376801407916, 37.44246856392266], [-121.92374858262203, 37.44248867558027], [-121.9237300602597, 37.44250932643395], [-121.92371246855176, 37.442530488667835], [-121.92369583354939, 37.44255213517826], [-121.92368017232062, 37.44257424100196], [-121.92366550642495, 37.44259677546978], [-121.92365185382877, 37.442619711478876], [-121.92363923339661, 37.44264302049926], [-121.92362765860322, 37.442666671148615], [-121.92361714561841, 37.4426906356111], [-121.92360770791664, 37.4427148832173], [-121.92359935717643, 37.44273938187173], [-121.92359210238043, 37.44276410233197], [-121.92358595610546, 37.442789013215894], [-121.92358092194456, 37.4428140817144], [-121.92357700977918, 37.44283927715912], [-121.92357422230445, 37.44286456816789], [-121.92357256401186, 37.442889921931844], [-121.92357203759637, 37.442915306355964], [-121.92357264126127, 37.4429406893454], [-121.9235743768033, 37.4429660402308], [-121.92357724242574, 37.4429913254911], [-121.92358123184039, 37.443016513031466], [-121.92358634235256, 37.443041572182686], [-121.9235925649788, 37.44306647085024], [-121.92359989522747, 37.443091176938694], [-121.92360832142097, 37.44311565978044], [-121.92361783367735, 37.4431398879932], [-121.92362842031862, 37.44316383304842], [-121.92364006607362, 37.44318746071184], [-121.92366648192359, 37.44323365402776], [-121.92396373075938, 37.4437077816543], [-121.92399324040652, 37.44375702864775], [-121.92402054109654, 37.44380707797825], [-121.92404559779516, 37.443857869020725], [-121.9240683781632, 37.443909335444225], [-121.92408885525118, 37.44396141519789], [-121.92410700210952, 37.44401404052471], [-121.92412279628056, 37.444067145808226], [-121.92413621889943, 37.444120666144514], [-121.92414725110173, 37.44417453021126], [-121.92415587851438, 37.44422867381881], [-121.92416209215412, 37.44428302635818], [-121.92416588483444, 37.444337521500465], [-121.92416724936899, 37.44439208863743], [-121.92416618665608, 37.44444666072655], [-121.92416269579735, 37.44450116787376], [-121.92415678218259, 37.444555542323926], [-121.92414845299842, 37.44460971560948], [-121.92413771812635, 37.44466361854899], [-121.92410909150539, 37.444770344514296], [-121.92365883423304, 37.44619997078729], [-121.92365396446436, 37.446219595044404], [-121.92364997594288, 37.44623934481845], [-121.92364687405845, 37.44625919657413], [-121.92364466150596, 37.44627912320994], [-121.92364334277711, 37.446299099764246], [-121.9236429169735, 37.44631910127486], [-121.92364338679008, 37.44633910206696], [-121.92364475132862, 37.44635907717899], [-121.92364700879232, 37.44637900093583], [-121.92365015648632, 37.44639884766237], [-121.9236541890208, 37.44641859239738], [-121.92365910370086, 37.44643820875272], [-121.92366489154297, 37.446457673906124], [-121.92367154715775, 37.446476962183176], [-121.9236874239755, 37.44651490897399], [-121.92369667033124, 37.4465335888842], [-121.92370675032346, 37.446551992784826], [-121.923717652274, 37.44657009785372], [-121.92372936001335, 37.44658787841677], [-121.9237418591682, 37.44660531307793], [-121.92375513446771, 37.4466223804424], [-121.9237691688434, 37.446639056261176], [-121.92378394343075, 37.44665532127866], [-121.92379943846703, 37.446671153386745], [-121.92381563598569, 37.44668653261559], [-121.92383251532561, 37.446701438283476], [-121.92385005402897, 37.44671585256075], [-121.92386822873944, 37.44672975690495], [-121.92388701610096, 37.44674313348666], [-121.9239063927573, 37.44675596304967], [-121.92392633355553, 37.446768231330694], [-121.92394681424123, 37.446779922639905], [-121.92396780606845, 37.446791020574274], [-121.92398928388391, 37.446801512296524], [-121.92401122073869, 37.44681138211694], [-121.92403358519172, 37.44682062005084], [-121.92405635119157, 37.44682921326119], [-121.92407948909391, 37.44683714962418], [-121.92410296835597, 37.44684441986842], [-121.92415083148417, 37.446856924915416], [-121.92415620879845, 37.44685816657653], [-121.9241852019191, 37.446865085930476], [-121.92421386535798, 37.44687283115542], [-121.92424216318248, 37.4468813901272], [-121.92427005676508, 37.44689075214775], [-121.92429751017318, 37.44690090580528], [-121.92432449106734, 37.44691183826248], [-121.92435096351522, 37.44692353382899], [-121.92437689158385, 37.44693597966659], [-121.92440224383257, 37.44694915865894], [-121.9244269879217, 37.44696305297549], [-121.92445108971532, 37.44697764692608], [-121.92447452046763, 37.44699292054097], [-121.92449724873751, 37.44700885313737], [-121.9245192457787, 37.44702542545859], [-121.92454048464184, 37.44704261610878], [-121.92456093568246, 37.44706040297852], [-121.9245805746462, 37.44707876324584], [-121.92459937458338, 37.44709767266172], [-121.92461731213803, 37.44711710769066], [-121.92463436395403, 37.44713704337083], [-121.92465050847154, 37.447157453313814], [-121.9246657250295, 37.44717831113161], [-121.92467999296655, 37.44719959114885], [-121.92469329611319, 37.44722126483804], [-121.92470561560468, 37.44724330581102], [-121.92471693527128, 37.44726568411354], [-121.92472724074007, 37.44728837121799], [-121.92473652033297, 37.447311339309785], [-121.92474476057524, 37.447334557008965], [-121.92475195248369, 37.447357995787904], [-121.92475808527851, 37.447381624265866], [-121.92476714298483, 37.44742933335734], [-121.92476747805611, 37.44743164264297], [-121.92477031942416, 37.44745597429548], [-121.92477205227115, 37.447480370839735], [-121.92477267210587, 37.44750480303482], [-121.9247721789283, 37.44752923664832], [-121.92477057183974, 37.447553639586964], [-121.92476785623025, 37.447577979757654], [-121.92476403299827, 37.44760222506732], [-121.92475910843189, 37.44762634484902], [-121.92475308881944, 37.44765030558355], [-121.92474598044906, 37.447674075891356], [-121.92473779589707, 37.44769762510542], [-121.92472854235005, 37.447720921846724], [-121.92471823687609, 37.44774393544774], [-121.92469451236803, 37.447788991278664], [-121.9240845293151, 37.448838716842396], [-121.92368083629093, 37.44953341470239], [-121.92367142014957, 37.44955041150711], [-121.92366276937261, 37.449567664333195], [-121.92365489474025, 37.44958515178564], [-121.9236478043368, 37.44960285175655], [-121.92364150984054, 37.44962074142438], [-121.92363601753972, 37.44963879868098], [-121.92363133641743, 37.44965700070499], [-121.92362746827035, 37.44967532324873], [-121.92362442208157, 37.449693744204524], [-121.92362219964771, 37.44971223932468], [-121.92362080546066, 37.44973078721399], [-121.9236202395198, 37.44974936148579], [-121.92362050272423, 37.44976794145837], [-121.92362159597161, 37.44978650145784], [-121.92362351746569, 37.44980501866323], [-121.92362626361303, 37.44982346954033], [-121.92362983171863, 37.4498418305545], [-121.92363421729124, 37.44986007959848], [-121.92363941583899, 37.44987819171113], [-121.92364541927707, 37.44989614549824], [-121.92365222041904, 37.44991391671255], [-121.9236598102817, 37.44993148395911], [-121.923668179882, 37.44994882584338], [-121.92367731844013, 37.449965917404924], [-121.9236872142777, 37.44998274010198], [-121.9236978539206, 37.44999927111376], [-121.9237092265886, 37.45001548904537], [-121.92372131521374, 37.450031373928695], [-121.92373410542292, 37.45004690650862], [-121.9237617250173, 37.45007683417308], [-121.92482229552355, 37.45114393068958], [-121.92488356510145, 37.45120415596536], [-121.924894193067, 37.45121308313701], [-121.92490521090134, 37.4512217029417], [-121.92491660602805, 37.45123000610813], [-121.92492836497233, 37.45123797980014], [-121.92494047246296, 37.45124561688642], [-121.92495291233053, 37.45125290452988], [-121.92496566840478, 37.4512598355998], [-121.92497872631303, 37.45126640082479], [-121.92499206898714, 37.451272590934586], [-121.9250056784611, 37.451278399510855], [-121.92501953856485, 37.45128381942192], [-121.92503363133237, 37.45128884282325], [-121.92504793969555, 37.45129346329722], [-121.92506244478952, 37.45129767585118], [-121.92507712775044, 37.4513014747804], [-121.9250919724078, 37.45130485509265], [-121.92510695720252, 37.45130781179639], [-121.92512206416805, 37.4513103427518], [-121.9251372753382, 37.451312443680436], [-121.9251525700517, 37.451314112442454], [-121.925167929444, 37.45131534618579], [-121.92518333465034, 37.45131614491025], [-121.92519876500957, 37.45131650504991], [-121.92521420165714, 37.451316428744406], [-121.92522962572822, 37.45131591528041], [-121.92524501835844, 37.45131496394518], [-121.92526035619144, 37.45131357759112], [-121.92527562485415, 37.45131175764395], [-121.92529080188868, 37.45130950624404], [-121.92530586753249, 37.45130682552986], [-121.92532080651375, 37.45130371978088], [-121.92535021914921, 37.451296248866605], [-121.9259110454041, 37.45108932647968], [-121.92592995404044, 37.45108235332077], [-121.92677078154533, 37.45077226316918], [-121.9267859684616, 37.4507669095462], [-121.92680138175365, 37.450761984526665], [-121.926817001658, 37.45075749452875], [-121.92683281020828, 37.45075344525811], [-121.92684878943864, 37.450749841706674], [-121.92686491509423, 37.45074668886662], [-121.9268811710054, 37.450743988877555], [-121.92689753651096, 37.45074174673139], [-121.92691399005149, 37.450739965280775], [-121.92693051186366, 37.450738645952164], [-121.92694708218507, 37.450737790884986], [-121.92696367945581, 37.450737400079255], [-121.92698028481115, 37.45073747496146], [-121.92699687489538, 37.45073801624456], [-121.92701343264017, 37.45073902107579], [-121.92702993379086, 37.450740489455136], [-121.92704636217805, 37.45074242066988], [-121.92706269444555, 37.45074480972761], [-121.92707890993198, 37.450747655914995], [-121.92709499156935, 37.45075095566639], [-121.92711091689986, 37.45075470327665], [-121.9271266679571, 37.45075889517973], [-121.9271422231817, 37.45076352638336], [-121.92715756460728, 37.450768589756414], [-121.92717267426748, 37.45077408101961], [-121.927187531501, 37.45077999232829], [-121.92720211923996, 37.45078631655069], [-121.92721641861984, 37.450793045842126], [-121.92723041347067, 37.45080017164472], [-121.92724408402974, 37.45080768540055], [-121.92725741502566, 37.45081557783852], [-121.92727039028875, 37.45082383897443], [-121.92728299275103, 37.45083245811083], [-121.92729520714099, 37.45084142597669], [-121.92730701908583, 37.4508507304484], [-121.9273184133141, 37.450860360115406], [-121.9273293745544, 37.450870304279974], [-121.927339892027, 37.450880548679564], [-121.92734994956213, 37.45089108047696], [-121.92735953727849, 37.450901889688176], [-121.92736864259967, 37.45091295991035], [-121.92737725294909, 37.450924279733506], [-121.9273853611403, 37.45093583204127], [-121.92739295280023, 37.450947605423735], [-121.92740655598394, 37.45097175479337], [-121.92820650005682, 37.45253876215633], [-121.92821041401493, 37.45254684410465], [-121.92821397044365, 37.45255503088269], [-121.9282171657498, 37.45256331108049], [-121.92821999454314, 37.45257167613999], [-121.92822245412916, 37.45258011465148], [-121.92822454181237, 37.452588616630905], [-121.92822625400035, 37.45259717138119], [-121.92822758979398, 37.45260576963173], [-121.92822854739696, 37.452614399258785], [-121.92822912501259, 37.45262305099217], [-121.92822932084432, 37.45263171199538], [-121.92822913758687, 37.45264037442358], [-121.92822857434237, 37.45264902615387], [-121.92822762931395, 37.452657657915324], [-121.92822630789134, 37.45266625615856], [-121.92822460737989, 37.452674813039124], [-121.92822253316919, 37.45268331714685], [-121.92822008615782, 37.45269175849789], [-121.92821726993887, 37.452700126395406], [-121.92821408810568, 37.45270840942895], [-121.9282105442515, 37.4527165990415], [-121.92820664196957, 37.45272468524888], [-121.92820238664974, 37.452732656640855], [-121.92819778547886, 37.452740504660255], [-121.9281928402531, 37.452748219323105], [-121.92818756085413, 37.4527557913587], [-121.92818195177347, 37.452763211496496], [-121.92817601929944, 37.452770470465566], [-121.92816977151675, 37.452777558995464], [-121.9281632165103, 37.452784469242026], [-121.92815636146669, 37.452791191220776], [-121.92814921626724, 37.452797717801076], [-121.92814178720029, 37.452804041851245], [-121.92813408684215, 37.45281015338774], [-121.92812612058273, 37.45281604741865], [-121.92811790189671, 37.45282171396016], [-121.92810943797087, 37.45282714873373], [-121.92810074138133, 37.452832343181356], [-121.92809182200968, 37.452837291598485], [-121.92808269063572, 37.45284198827996], [-121.92807335803907, 37.452846427520704], [-121.92806383589814, 37.45285060218957], [-121.92805413678893, 37.45285450943408], [-121.92804427149159, 37.45285814283603], [-121.92803425258239, 37.4528614981168], [-121.92802409353607, 37.45286457242372], [-121.92801380423404, 37.45286736147812], [-121.92799289145691, 37.452872067427464], [-121.92739719261817, 37.45298805090369], [-121.92725163052667, 37.45301639209206], [-121.92688827192288, 37.453087138759614], [-121.92633878331472, 37.4531941243723], [-121.9263314782158, 37.45319554634876], [-121.92562501442195, 37.453333088558935], [-121.92535080102151, 37.453391409427766], [-121.92534643431148, 37.4533923379175], [-121.92536390474403, 37.45339636280155], [-121.92539083263803, 37.45340256628516], [-121.92542630530585, 37.453410741561896], [-121.92558757173532, 37.453447879014476], [-121.92559140754094, 37.45344872549454], [-121.92570741954968, 37.45347315075687], [-121.92635460080112, 37.45360940964348], [-121.92644408006007, 37.4536316529857], [-121.92653075518767, 37.45366009078836], [-121.92661395293624, 37.453694502162435], [-121.92669302706597, 37.453734619819194], [-121.92676736336432, 37.45378013214612], [-121.92683638441657, 37.45383068562721], [-121.926899554091, 37.4538858875886], [-121.92695638170302, 37.45394530924855], [-121.92700642582707, 37.45400848904767], [-121.92704929772542, 37.45407493623394], [-121.92708466436825, 37.45414413467442], [-121.92711225102083, 37.45421554686417], [-121.9271318433783, 37.45428861810119], [-121.92714328923076, 37.45436278079504], [-121.92714649964645, 37.45443745887553], [-121.92713688080218, 37.45452843335722], [-121.92712322187896, 37.454619078752394], [-121.92710554003857, 37.4547092810717], [-121.92723327775252, 37.45475495597869], [-121.92726477178202, 37.454766321574155], [-121.92757396016526, 37.454877877319134], [-121.92757853438579, 37.45487952674712], [-121.92758712946478, 37.45488262807054], [-121.92822524131594, 37.455112860874074], [-121.92885835749235, 37.456623315765064], [-121.92958805348904, 37.45669477219351], [-121.9308966337354, 37.455994075983675], [-121.9316617602556, 37.45539144896185], [-121.93222403102179, 37.455003465086556], [-121.93293396681037, 37.45480669128645], [-121.93337415737497, 37.455050578230434], [-121.93342524356207, 37.455913099922114], [-121.93328748241449, 37.45616183657227], [-121.93326345607068, 37.456223904727764], [-121.93320649658874, 37.45634115307194], [-121.9331394589098, 37.45645495626146], [-121.9330709138596, 37.456552866513306], [-121.9327307353188, 37.457167066927866], [-121.93270613035115, 37.45819477008207], [-121.93269806074817, 37.45853181093048], [-121.9326865622602, 37.45901207097803], [-121.93227538985538, 37.45978384513666], [-121.93260468969225, 37.46012523494137], [-121.93475880628881, 37.460205063740354], [-121.9353487028431, 37.46068328800486], [-121.93557047429235, 37.461595663093014], [-121.93639318359358, 37.462045219131475], [-121.93801568539153, 37.46193567858395], [-121.93935013969329, 37.46226455902292], [-121.94014509102534, 37.46299030257583], [-121.94072650828032, 37.46437914813193], [-121.9418544327042, 37.465051638946676], [-121.94343713912428, 37.46509371547493], [-121.94429938865696, 37.4656150698148], [-121.94434490806418, 37.46577255559944], [-121.94447731247901, 37.46623062897017], [-121.94457568513111, 37.466612364378506], [-121.94436197039188, 37.46816961472641], [-121.94521748971493, 37.468980587355254], [-121.94641122126862, 37.46827503890264], [-121.94689116246528, 37.46686294222498], [-121.94631868434368, 37.46547983477369], [-121.94593019458894, 37.4645412080582], [-121.94615164555712, 37.463525439122535], [-121.94692260219242, 37.46248179299633], [-121.9482856095798, 37.46158054382488], [-121.94991107315364, 37.4612001732984], [-121.95116149100224, 37.46125685525509], [-121.95115829470096, 37.46210907391302], [-121.95344717025849, 37.462095143358155], [-121.95376364038012, 37.46224421127829], [-121.95440493945765, 37.46243680074092], [-121.95470932275975, 37.462490729361406], [-121.95560351101747, 37.46275978500551], [-121.957781082573, 37.46328208764676], [-121.96005078354877, 37.46366717381063], [-121.96106757837758, 37.46368748020394], [-121.96661826056764, 37.46300407958179], [-121.96763184930862, 37.463035354757515], [-121.96778807529009, 37.4630856486039], [-121.96834389881924, 37.46295781517475], [-121.96868874765048, 37.46279140055301], [-121.97232658903228, 37.46186962100611], [-121.97394297333045, 37.46153069005186], [-121.97427058617329, 37.461501489314344], [-121.97442077009444, 37.46148810326249], [-121.97446042447082, 37.46103675345985], [-121.97446079278063, 37.461032560707686], [-121.97480419709946, 37.46105578344148], [-121.97484703421924, 37.4604919932389], [-121.975039696769, 37.460475266330825], [-121.97510413650849, 37.46046967310499], [-121.97576845403765, 37.46044919197191], [-121.97645454942095, 37.460427974957945], [-121.97780533063391, 37.46046142677697], [-121.97914990537913, 37.460569952876654], [-121.9804816917016, 37.46075290190949], [-121.9817943007839, 37.461009508936236], [-121.98281437982683, 37.46126240363124], [-121.98453718383811, 37.461714108721324], [-121.98585434916502, 37.46205947213109], [-121.99142179277663, 37.4635189302671], [-121.99176593999208, 37.463631571022255], [-121.99209938288202, 37.46376311752096], [-121.99242049729311, 37.46391285592531], [-121.99272774890268, 37.46408009805761], [-121.99278244371517, 37.46411259269831], [-121.9945322410997, 37.46544072458945], [-121.99477507003344, 37.46565275382662], [-121.99503585449195, 37.46585070413933], [-121.99531334042709, 37.46603370078153], [-121.99560621809613, 37.46620082052281], [-121.995776637453, 37.46628732567051], [-121.99715259209918, 37.466786436877825], [-121.99725497666654, 37.46681539173665], [-121.99735968787091, 37.46683859483261], [-121.99746614629872, 37.466855892162755], [-121.99757389201314, 37.46686722170046], [-121.99768235009189, 37.466872567049876], [-121.99779097346133, 37.466871845504194], [-121.99789933362521, 37.466865106973266], [-121.99800679547445, 37.46685233648236], [-121.99806318451397, 37.466843147373204], [-121.9999813272323, 37.46660539021633], [-122.01465711189495, 37.46478503891163], [-122.01734863656107, 37.46473641059604], [-122.0191721588224, 37.46471417882937], [-122.02107379856928, 37.46469095097551], [-122.0215239901035, 37.46469512002498], [-122.03670440865415, 37.4632151174945], [-122.0372112434562, 37.463165703665254], [-122.04079715497264, 37.46281609388203], [-122.04076945460424, 37.46212984342075], [-122.04209528242708, 37.4620958392185], [-122.04581279371271, 37.46003304410764], [-122.04584706289853, 37.45773068421788], [-122.04701592631356, 37.45774421935846], [-122.04691421486423, 37.45522937568765], [-122.04619838803217, 37.45447056024893], [-122.04619813650378, 37.45447029354367], [-122.04609012129421, 37.45446702318751], [-122.0460894098286, 37.45446700179385], [-122.04589755396815, 37.45446119345281], [-122.04589574206645, 37.45446113854279], [-122.04589459238568, 37.45301726133028], [-122.04599654048064, 37.452080554867855], [-122.04599874494842, 37.45206029959419], [-122.04599891023851, 37.45205877918272], [-122.04600462997928, 37.45056552896561], [-122.04600849195026, 37.44955201275256], [-122.04601119685661, 37.44884572175733], [-122.04601183108555, 37.44868236872853], [-122.04601285609257, 37.44842147611731], [-122.0460226309476, 37.44586313487904], [-122.04602717270777, 37.44468329828663], [-122.04602738047879, 37.44462928909261], [-122.04601254192792, 37.44462133559515], [-122.04585953943393, 37.44453932602592], [-122.04574908421132, 37.444480121562165], [-122.041752779095, 37.44233799087609], [-122.04144878528261, 37.44217504399835], [-122.04144425596026, 37.44217261617435], [-122.04139294142783, 37.44214511043273], [-122.0413794290111, 37.442137867502694], [-122.04137940214109, 37.442137853144025], [-122.04137694513092, 37.44213653594236], [-122.02837915033295, 37.43516741184316], [-122.02831926962504, 37.435135300424996], [-122.02825690041304, 37.43510185745471], [-122.02823372939226, 37.435089433046876], [-122.0282329470088, 37.43508901356788], [-122.02810951215224, 37.435022826473144], [-122.02782513344131, 37.43487030327607], [-122.02779415774012, 37.434853697589915], [-122.02777669359644, 37.43484433549084], [-122.02776784519273, 37.434839589886735], [-122.0274841896254, 37.4346874543537], [-122.02689384389481, 37.434370839290665], [-122.02274096555405, 37.43214352107406], [-122.02272411585797, 37.43213448391396], [-122.02257233114985, 37.43205306382292], [-122.02246908420285, 37.43199768161815], [-122.01685358090396, 37.428985408328316], [-122.01657873780765, 37.4288379548061], [-122.01647697038561, 37.42878335919947], [-122.01640012491917, 37.42874213336589], [-122.0135665381769, 37.4272219142773], [-122.01244810354522, 37.426621841824904], [-122.0122836516961, 37.4265336079335], [-122.01228017880987, 37.426531744579606], [-122.01200149541663, 37.42638224737456], [-122.01175519538415, 37.426250071567594], [-122.00420639762893, 37.422199168708914], [-122.0040747172125, 37.42212850338119], [-122.00357783308283, 37.42186185283721], [-122.00143896550499, 37.42071402990694], [-121.99678649012358, 37.418216743766756], [-121.99576164016187, 37.417666628858896], [-121.99570734779103, 37.41766676940791], [-121.99570694714245, 37.41766677012141], [-121.99555832449445, 37.417667154669154], [-121.99516472591561, 37.417668174184456], [-121.99516442498005, 37.417668174897834], [-121.99454453991686, 37.417669778726065], [-121.99383138908006, 37.41767162726663], [-121.98899803227312, 37.41767229115842], [-121.98822529349759, 37.41767420890084], [-121.98692098032726, 37.41767733689416], [-121.98691657588763, 37.417677347487164], [-121.98691457713608, 37.41767735233998], [-121.9869146562032, 37.41754010269911], [-121.98636572546047, 37.41754118213614], [-121.98636572456195, 37.417541109362496], [-121.98636483614385, 37.41740385947192], [-121.98636483614388, 37.41740378812505], [-121.98636440225772, 37.41740378883822], [-121.98636283829097, 37.417403791692074], [-121.98636288232606, 37.41724595293655], [-121.98636333076493, 37.41564619246195], [-121.98636337120573, 37.41549869199795], [-121.98636341613944, 37.415338912105966], [-121.98636411441045, 37.41284316020329], [-121.98636414137049, 37.412748222327956], [-121.9863661500033, 37.412747547344544], [-121.9863661778624, 37.412646503093626], [-121.98636615450629, 37.41264554056297], [-121.98636523649948, 37.412010918322466], [-121.9863051113661, 37.41203085193202], [-121.98629800479463, 37.41203321296949]]]}}, {"type": "Feature", "properties": {"TRUSTEE_AREA": 2, "NAME": "TA #2 (Jefferson)"}, "geometry": {"type": "Polygon", "coordinates": [[[-121.92890208839877, 37.38437130182172], [-121.92853129620897, 37.38469215535281], [-121.92842748061236, 37.384781988128104], [-121.92818649766913, 37.38499051424273], [-121.92759249210994, 37.385504528666836], [-121.92745876531114, 37.385616863548336], [-121.92773682435006, 37.38599241143074], [-121.92790821207599, 37.38621235589212], [-121.92791432780498, 37.3862171566823], [-121.9279199243076, 37.38622326865995], [-121.92865001276601, 37.38720669243272], [-121.92875192480751, 37.38734396624635], [-121.92897409158466, 37.38764321966256], [-121.92899399734712, 37.38767010171354], [-121.92905027229108, 37.38774607416489], [-121.92910654454009, 37.387821955179035], [-121.92916231552938, 37.387897086679175], [-121.92923828243669, 37.38799923493554], [-121.9294093000556, 37.38822925304212], [-121.92942650009321, 37.38825113223354], [-121.92944321683733, 37.388273201274714], [-121.92945950688168, 37.3882954794374], [-121.92952059140397, 37.38837837458531], [-121.9298460554261, 37.38880512887207], [-121.9299200343626, 37.388902130536856], [-121.93083080002471, 37.390096328615414], [-121.93084979309901, 37.39012189295726], [-121.93093384843476, 37.39023417311679], [-121.93110788439223, 37.39046703712715], [-121.93113259344473, 37.390501916170194], [-121.93121499228717, 37.390616024321254], [-121.93129903684316, 37.39072919589404], [-121.9313877508405, 37.39084801140903], [-121.93140810126893, 37.3908755282369], [-121.93144911923055, 37.39093204568817], [-121.93148996561379, 37.39099014612904], [-121.93150738843346, 37.391013074397215], [-121.93152339011868, 37.39103666213545], [-121.93153788263415, 37.3910608629517], [-121.93168378785656, 37.39125973429815], [-121.93184416134042, 37.39147852635692], [-121.93190215206582, 37.391558134182176], [-121.93199394458853, 37.39168414261952], [-121.93207091671017, 37.391789806461574], [-121.93214961629153, 37.39189791675904], [-121.93215733820742, 37.391908625291286], [-121.9322327526505, 37.39201292919775], [-121.93230910134164, 37.39211811439084], [-121.93238321412635, 37.39222035181911], [-121.93246053479453, 37.392325250524344], [-121.93262650118713, 37.39255573782237], [-121.93274407445242, 37.39271613870435], [-121.93285463906385, 37.39286697776896], [-121.93289055010467, 37.392915889222664], [-121.93292802601037, 37.3929671622836], [-121.9329660669561, 37.39301948230875], [-121.93300613450022, 37.39307707511793], [-121.9330064264525, 37.393077494774154], [-121.93300976818416, 37.39308265054713], [-121.9331234867793, 37.39324238299265], [-121.93318095019364, 37.393323099459145], [-121.93320748552077, 37.39335884931233], [-121.9332215746937, 37.39337545634843], [-121.93353151583028, 37.39379755745237], [-121.93361405930143, 37.39391140936683], [-121.93378117643599, 37.39414160702567], [-121.93382945188458, 37.39420840485896], [-121.93387818367732, 37.394275014218884], [-121.93392736822086, 37.39434136587813], [-121.93397700910845, 37.39440746055096], [-121.93403101580707, 37.39448031521185], [-121.93408686674634, 37.3945556562859], [-121.93415475780141, 37.39464892649778], [-121.93416721832897, 37.394665803734895], [-121.93417936444624, 37.39468282299138], [-121.93419117100024, 37.39469998355377], [-121.93433513136934, 37.39490745940209], [-121.93438505612377, 37.394979410054695], [-121.93443713952962, 37.39505316482584], [-121.93515164401582, 37.39604381717135], [-121.93522499772463, 37.396145521128034], [-121.93567106951673, 37.39676398694963], [-121.93573145964164, 37.396845926413704], [-121.93586584307585, 37.397027835058225], [-121.93593871977919, 37.39712788697958], [-121.93598933982963, 37.397200058162774], [-121.93600828080184, 37.39722571428539], [-121.93612872598185, 37.39737494639167], [-121.93630552066611, 37.39759888819684], [-121.93633508780637, 37.39763849118709], [-121.93637806229874, 37.39769198548566], [-121.93650492593854, 37.39785862699526], [-121.93657366859637, 37.39795339890746], [-121.93670802328386, 37.398138760368944], [-121.93680487781143, 37.39827260148418], [-121.93690048637617, 37.39840586287659], [-121.93693820303002, 37.39845887134565], [-121.93713000945334, 37.39873058215701], [-121.93720597366526, 37.398837371475956], [-121.93724244076267, 37.3988895939161], [-121.93731653378427, 37.39899606258228], [-121.93739250967383, 37.39910493393414], [-121.93746873978716, 37.39921210880033], [-121.93754504715535, 37.39931884747853], [-121.93762169947675, 37.39942549037698], [-121.93769858625858, 37.399529498368075], [-121.9377124993614, 37.39954876091506], [-121.93781593853811, 37.39969215797527], [-121.93795288127122, 37.39988124317024], [-121.93803878803372, 37.40000065933069], [-121.93812535595629, 37.40012006816479], [-121.93821240627393, 37.40023928698239], [-121.9382610814728, 37.4003055741303], [-121.9384404192847, 37.400552027899295], [-121.93861958911164, 37.40079866568762], [-121.93872600530419, 37.40094596246179], [-121.93890575095088, 37.40119414965673], [-121.93908522890001, 37.40144016590844], [-121.93909598083239, 37.40145468381302], [-121.93912907565554, 37.401500034405714], [-121.93918693432899, 37.40157818008476], [-121.93924758137193, 37.401661121201755], [-121.93930613084937, 37.40174090660728], [-121.93935617418215, 37.401808115847956], [-121.93948309621047, 37.40199198916305], [-121.93981980264391, 37.4024405595485], [-121.93992077414974, 37.402575075905915], [-121.94026285340527, 37.403030800981604], [-121.94085510710397, 37.40381979515022], [-121.94091215639563, 37.403895795476714], [-121.94096519201565, 37.40396644874421], [-121.94102696105428, 37.4040487335638], [-121.94113158241385, 37.40419030448749], [-121.941236749949, 37.40433184517261], [-121.94134222919953, 37.4044731986296], [-121.9414479617749, 37.40461427423278], [-121.94148314787542, 37.40466225463462], [-121.94158111990734, 37.40479518569017], [-121.94161781787209, 37.40484462026959], [-121.94167957433427, 37.40492781252189], [-121.94175806999849, 37.4050327819267], [-121.94183863987166, 37.40514262426169], [-121.94196078735757, 37.40530448888374], [-121.94213262873099, 37.4055374787604], [-121.94230509712847, 37.40577016178718], [-121.94232044933203, 37.40579103185196], [-121.9424713878135, 37.405994956918235], [-121.94248959306569, 37.406019361982864], [-121.94253900578208, 37.406078863611086], [-121.9425716047347, 37.406129553237726], [-121.94265762019376, 37.406246354178], [-121.94275130995791, 37.40637279032713], [-121.9428185623113, 37.40646299673431], [-121.9428971172641, 37.40656942966545], [-121.94297455111985, 37.40667384803433], [-121.94297560484334, 37.406675268754434], [-121.94305439695145, 37.40678060034574], [-121.94309132758003, 37.406829610468186], [-121.94312383220992, 37.40687831015581], [-121.94313677872564, 37.40689790476413], [-121.94314655957876, 37.40691698845139], [-121.94316255228081, 37.406939751294175], [-121.94334109059136, 37.40719369210094], [-121.9434061600392, 37.40728225346508], [-121.94341261892416, 37.407290914007646], [-121.94354585071864, 37.40746955985988], [-121.94368612799775, 37.40765749871566], [-121.94382127230448, 37.40784261711048], [-121.94395468106615, 37.408029930666736], [-121.94397282972417, 37.40805582497739], [-121.94402734127551, 37.40813108033461], [-121.94407846168775, 37.408201592605245], [-121.9441822098852, 37.408340400645415], [-121.94419419071251, 37.40835643494452], [-121.94424007125347, 37.408417840620665], [-121.944285958981, 37.408479255522614], [-121.94438968112739, 37.40861813368977], [-121.94448655721453, 37.408750205746614], [-121.94451121506326, 37.40878478657955], [-121.94473881215487, 37.40909108916338], [-121.94485009182772, 37.40922012210488], [-121.9451036457832, 37.40910032892338], [-121.94517177849919, 37.40906822282812], [-121.94528906073454, 37.40901220784506], [-121.94541061805191, 37.40895472076798], [-121.94551142788137, 37.40890753873295], [-121.94564491033286, 37.4088449846549], [-121.9457787000082, 37.40878194459622], [-121.94591305292715, 37.408718417842444], [-121.94595342950028, 37.40869933319037], [-121.94614728142787, 37.40860788220421], [-121.94632343924107, 37.40852464410642], [-121.94651936178526, 37.408431914931256], [-121.94660281616531, 37.40839247677623], [-121.94672242773197, 37.408335333156955], [-121.94684692164154, 37.40827691651093], [-121.9469705028628, 37.40822034222204], [-121.94725418900312, 37.40810243837124], [-121.94754989280119, 37.40800505556624], [-121.94785524809488, 37.40792897808804], [-121.94792189230061, 37.40791497092503], [-121.94799161862561, 37.40790156743059], [-121.94805810742257, 37.40788991857662], [-121.94812484684934, 37.40787932079451], [-121.94819183510928, 37.4078697733705], [-121.94826013221422, 37.40786110148322], [-121.94832062835037, 37.407854128580865], [-121.94838122330123, 37.40784784140856], [-121.94844194760921, 37.407842261374036], [-121.9485633010031, 37.40783650009889], [-121.94868335273851, 37.4078308001895], [-121.94873972470926, 37.40782812362958], [-121.94888548532502, 37.40782776614629], [-121.94890506140892, 37.407828096526096], [-121.94896827225226, 37.40782939877791], [-121.94904537464126, 37.40783233722401], [-121.94909979547097, 37.40783466343364], [-121.94915414713036, 37.40783783806631], [-121.94920840087303, 37.40784188252835], [-121.94931491589577, 37.40785226340604], [-121.94942096559085, 37.407865305146956], [-121.94952646461839, 37.407880963508696], [-121.94981484443608, 37.40793414296902], [-121.94985998387284, 37.40794457235174], [-121.94990514846236, 37.407954956065225], [-121.94995031484855, 37.407965316943496], [-121.95001703091587, 37.40798307813871], [-121.95012354773297, 37.40801273221125], [-121.95019022696917, 37.4080330572101], [-121.95025286019401, 37.4080534335793], [-121.9504642597908, 37.40813047712459], [-121.95052415135734, 37.40815443480978], [-121.95058641088237, 37.40818060665423], [-121.95064822843625, 37.40820762976255], [-121.95070965971449, 37.408235459893255], [-121.95077024567817, 37.408264101326594], [-121.95083311695521, 37.408295163843725], [-121.95089242012457, 37.408325720436814], [-121.95100441666007, 37.40838929677672], [-121.95113298082072, 37.40846512050647], [-121.95123589269538, 37.408527755550196], [-121.95134842282957, 37.40859654493571], [-121.95146035378764, 37.40866552334916], [-121.95157226498257, 37.408734936965416], [-121.95163666249626, 37.408773602888786], [-121.9517002155937, 37.40881312505266], [-121.95176295302082, 37.408853482049814], [-121.95181919203634, 37.40889021062317], [-121.9518552468107, 37.40891308988994], [-121.95189104915833, 37.40893622317344], [-121.95192659818095, 37.408959634734195], [-121.95200668386902, 37.409011106605114], [-121.95208492351962, 37.40906067968832], [-121.95216297901561, 37.409109635519975], [-121.9522431105179, 37.409159025156356], [-121.9523234917519, 37.4092080444294], [-121.95239765484884, 37.4092530428351], [-121.95251207413968, 37.409322997488715], [-121.95262665153393, 37.40939368203375], [-121.95268396852805, 37.40942819978003], [-121.95275746866845, 37.40947300111506], [-121.95282832596585, 37.40951625474641], [-121.95285805300878, 37.40953390140443], [-121.95291577693934, 37.40957166428215], [-121.95298614106119, 37.40961899932287], [-121.95311096194239, 37.409695439022], [-121.95321003711342, 37.40975541866148], [-121.95331537803256, 37.40981440643115], [-121.95340425553108, 37.40986494511786], [-121.95346508493715, 37.40990003704716], [-121.95358623440505, 37.409972150268345], [-121.95370881848204, 37.41004417636814], [-121.95382711310448, 37.41011405821576], [-121.95386322716774, 37.41013544795505], [-121.95398276056652, 37.41020700795757], [-121.95410243949198, 37.41028016906855], [-121.95422471544677, 37.41035551709634], [-121.9542611654797, 37.41037793283096], [-121.95443678607909, 37.410485626731926], [-121.95453816003821, 37.410547580801705], [-121.95463842996816, 37.41060903962756], [-121.95468321097513, 37.41063666622163], [-121.95475932880558, 37.41068315005838], [-121.95483876591051, 37.41073066920226], [-121.95492139293253, 37.41077840023531], [-121.95498901719431, 37.41081606259218], [-121.95528485122095, 37.410960788103274], [-121.95559642462983, 37.41108270323995], [-121.9559209077284, 37.411180765648645], [-121.95625552651946, 37.41125409421649], [-121.95632566965985, 37.41126638544521], [-121.95642471878467, 37.41128214013553], [-121.95652440301846, 37.41129511706134], [-121.95662454988506, 37.41130527341251], [-121.95672150324128, 37.411315010921975], [-121.95686903892722, 37.41132047940287], [-121.95708508551606, 37.4113284866162], [-121.95744864174289, 37.41131421967269], [-121.95780881940962, 37.41127234207756], [-121.957876350252, 37.411261087615046], [-121.95794372029623, 37.41124891983527], [-121.95801069777691, 37.41123577309381], [-121.95808760703005, 37.411219869992735], [-121.95816403209143, 37.41120257693564], [-121.9582399702664, 37.41118396170706], [-121.95832054464609, 37.4111617181822], [-121.95850516637168, 37.41119222438166], [-121.95862291842462, 37.411148756959605], [-121.95867591812242, 37.411128161673844], [-121.95873929605551, 37.41110260664336], [-121.95880211344002, 37.411076279565634], [-121.95886445561617, 37.41104918115335], [-121.95892635402454, 37.41102133281169], [-121.9589645333187, 37.41100347673078], [-121.95898729213408, 37.410992832292806], [-121.95899783835452, 37.410987733408234], [-121.9590637207912, 37.410955234966416], [-121.95912918371448, 37.41092191737758], [-121.95919397469852, 37.4108879197787], [-121.95925854829024, 37.41085310303057], [-121.95955623018811, 37.410667790889164], [-121.95982977076729, 37.41046011681545], [-121.95995974530459, 37.41034004376101], [-121.95997732533381, 37.41032380296286], [-121.96007648406513, 37.41023212990228], [-121.96012819019248, 37.410179160450475], [-121.9601989424003, 37.4101037723009], [-121.96025417711135, 37.410038347935014], [-121.96024372431712, 37.41003025996812], [-121.96016389105685, 37.409968511685165], [-121.96012937419809, 37.40994646258769], [-121.96011809405562, 37.40993925654659], [-121.96004893457395, 37.40989504630185], [-121.96011809405562, 37.40993925654656], [-121.96012937419809, 37.40994646258769], [-121.96013119867646, 37.40994420352024], [-121.96013484044656, 37.40993969466136], [-121.96019574801848, 37.4098641771191], [-121.96023091796005, 37.40981965359315], [-121.9605127949238, 37.40943255510331], [-121.96051453765551, 37.409430096227766], [-121.96051516827289, 37.40942920643715], [-121.96051812732347, 37.40942502577779], [-121.96058123756568, 37.40933602241685], [-121.96064039522075, 37.4092533395453], [-121.96068118771807, 37.40919693438492], [-121.96076098776066, 37.40908103355942], [-121.96084530273484, 37.40896718186853], [-121.96093405179235, 37.408855494916445], [-121.96097122856953, 37.408813784321765], [-121.96101127815821, 37.408773777664166], [-121.96105400382753, 37.408735614802595], [-121.96110701790161, 37.40868505395771], [-121.96116279698971, 37.40863645106688], [-121.9612212252087, 37.40858985180109], [-121.96141869555737, 37.408431166762675], [-121.96151498955993, 37.408354637308285], [-121.96159989112743, 37.408298597528564], [-121.9617266202148, 37.40822075684238], [-121.96185728994935, 37.408147178948056], [-121.9619916751432, 37.40807799063874], [-121.96212954420776, 37.40801331114285], [-121.96227065955281, 37.4079532519188], [-121.96241477799582, 37.40789791646279], [-121.96305684813045, 37.40766434142609], [-121.96309536673269, 37.407650328804884], [-121.96391616001199, 37.40735173546689], [-121.9656813448583, 37.40670955817285], [-121.96590958844847, 37.406623343844444], [-121.96613463919343, 37.40653194451661], [-121.966298961703, 37.4064628457055], [-121.9663768258671, 37.40643010125967], [-121.96633945147164, 37.40637466942363], [-121.9663768258671, 37.40643010125971], [-121.96648343701563, 37.40638528384618], [-121.96652150402014, 37.40636929122926], [-121.96652911813973, 37.406366093704555], [-121.96669157305195, 37.406297729722276], [-121.96669841192549, 37.406294851875714], [-121.96684506098198, 37.40623318473178], [-121.96684876024392, 37.40623162699713], [-121.96729857899909, 37.406042424429465], [-121.9673948954572, 37.40600078661787], [-121.96748998930549, 37.405957397396925], [-121.96954386483088, 37.40497463084765], [-121.97039529066558, 37.40459602764012], [-121.9706738784456, 37.40446904577212], [-121.97095621135695, 37.40434744259118], [-121.97124212625522, 37.404231288357344], [-121.97153145792868, 37.40412065018217], [-121.97182403919383, 37.404015591989754], [-121.97211970099171, 37.40391617448], [-121.97206766070464, 37.40384717885332], [-121.97050578642195, 37.40193634502921], [-121.97036648291605, 37.40175253009343], [-121.97030309780976, 37.40165775941791], [-121.97024400305692, 37.40156124239523], [-121.97018927142078, 37.40146310033428], [-121.97013897476691, 37.40136346025302], [-121.970093175977, 37.40126244774302], [-121.97001530105983, 37.40105683064302], [-121.97001478632545, 37.4010552927819], [-121.97001521931345, 37.40105510938056], [-121.97019925804479, 37.400976791903076], [-121.97005869424285, 37.400434194857276], [-121.96978200697488, 37.39966877434729], [-121.96971926325504, 37.399668448210384], [-121.96965814280682, 37.39952556706863], [-121.96965400067673, 37.39951588441095], [-121.96963926202373, 37.39948143275138], [-121.96833378674398, 37.396710094668414], [-121.96769560854345, 37.39535372369054], [-121.96762175897523, 37.39515739035439], [-121.96759136000196, 37.39505779327544], [-121.96756536187443, 37.39495740530434], [-121.96754379872895, 37.39485635061848], [-121.96752669571833, 37.394754756251125], [-121.96750595184763, 37.39455044090696], [-121.96750405103843, 37.39432247265175], [-121.96751146933771, 37.394208618513325], [-121.96752445449572, 37.394095081080934], [-121.9675670373541, 37.39386965433245], [-121.96787514973839, 37.3923526372979], [-121.96818272133461, 37.39085665863103], [-121.96821511818298, 37.39075898931694], [-121.96808218460254, 37.39081752096756], [-121.96803531075336, 37.3908408914252], [-121.96799189494136, 37.3908681852227], [-121.96794368971761, 37.39089955377637], [-121.96789266494565, 37.390927941601035], [-121.96783910949149, 37.39095318798332], [-121.96714188035887, 37.39125433255424], [-121.96710063242027, 37.3912721305341], [-121.9654017674761, 37.39200579802378], [-121.96424483093425, 37.39250540097897], [-121.963093653491, 37.39300249479931], [-121.96302830645088, 37.393030718821834], [-121.96309057405387, 37.39311814643985], [-121.9631298663517, 37.39317647499762], [-121.9633528775417, 37.39350752815284], [-121.96340257951402, 37.39358132433885], [-121.9633528775417, 37.393507528152796], [-121.9631298663517, 37.39317647499762], [-121.96309057405387, 37.39311814643988], [-121.96302830645088, 37.39303071882179], [-121.96300142526691, 37.39304232930755], [-121.9619818339314, 37.39348260505494], [-121.96138167404362, 37.39374174785299], [-121.96134583665724, 37.39375722216823], [-121.96098120692781, 37.39391464720115], [-121.96025558564534, 37.394227959701375], [-121.96016765136798, 37.39426593439799], [-121.95998395489448, 37.39434526518969], [-121.95948995969259, 37.39455854424591], [-121.95912885135851, 37.39471445529758], [-121.95903257891956, 37.39475603028611], [-121.95902314840664, 37.39476010185598], [-121.95887687394737, 37.39482324934466], [-121.95872668822376, 37.39488808820925], [-121.95871907051082, 37.39489137472066], [-121.95868031449864, 37.39490809774367], [-121.9586061576813, 37.39494012640519], [-121.95857434025554, 37.39495386836513], [-121.95845589480714, 37.39477392604209], [-121.95833955485223, 37.39459311156141], [-121.95778556938788, 37.393722191657], [-121.95763642824613, 37.39349090402034], [-121.9574840787061, 37.39326095160776], [-121.956749967605, 37.3921675769158], [-121.95674349704204, 37.39215795183162], [-121.95668208104217, 37.392067086578805], [-121.95546312687553, 37.39027716267097], [-121.95539995466982, 37.39018432667606], [-121.95498605154188, 37.38957656039693], [-121.95497828830364, 37.3895651063933], [-121.95495347235172, 37.38952848397495], [-121.95492762243933, 37.389490074346966], [-121.95484611652296, 37.38936912831989], [-121.9548105288759, 37.38931631184141], [-121.95477556555781, 37.389264420328836], [-121.95472981796823, 37.38919652321654], [-121.95451120313187, 37.3888720609755], [-121.95438906013976, 37.38869077776147], [-121.95436293624128, 37.38865200440935], [-121.95427188932116, 37.388516846387276], [-121.95410193890326, 37.3882646009613], [-121.95406155694917, 37.38820469476958], [-121.95358778472053, 37.38750146007571], [-121.95353979942843, 37.38742816538341], [-121.95344247059258, 37.38727520836862], [-121.953246039647, 37.38696640696242], [-121.9531890361707, 37.386879330477115], [-121.95286985407192, 37.386405206280244], [-121.95228562772608, 37.385537335413076], [-121.95224774578242, 37.38548106157394], [-121.95217272031051, 37.385369607271265], [-121.95093814085513, 37.383535553915436], [-121.95083518048156, 37.383382597524495], [-121.95075274365774, 37.3832657264479], [-121.9506645877799, 37.383151544172996], [-121.95057085038924, 37.38304022881411], [-121.94660002685188, 37.384742453875845], [-121.94584961566353, 37.38506413805559], [-121.94364112483444, 37.3860107656803], [-121.94356843408423, 37.385892397171304], [-121.94343421953742, 37.385673843627316], [-121.94241328994774, 37.384011355182444], [-121.94184399630129, 37.3830841494848], [-121.94170560565586, 37.38285434379253], [-121.94157163371348, 37.38262287688701], [-121.94144211174134, 37.38238980286054], [-121.94126287275337, 37.382060468709376], [-121.94045642127742, 37.38055497281217], [-121.94039902587309, 37.38045492456649], [-121.94033535242838, 37.38035732527063], [-121.94026556450561, 37.38026242559737], [-121.94018984136939, 37.380170469284884], [-121.94010837752609, 37.38008169251081], [-121.94002138222413, 37.37999632328575], [-121.93992907891635, 37.37991458086768], [-121.93986843546273, 37.37986512698775], [-121.93975408175122, 37.37977483502608], [-121.93938210208725, 37.37947677372021], [-121.93928557553953, 37.379549276701354], [-121.93866914164941, 37.380012285633846], [-121.93856225566554, 37.38009256877256], [-121.9384150712835, 37.38020311910043], [-121.9384150002207, 37.38020300021496], [-121.93838720977006, 37.380223880684326], [-121.93838726391574, 37.38022400517055], [-121.93845628398834, 37.38041877001417], [-121.93845709336982, 37.38042324638647], [-121.93865643931282, 37.381046700129026], [-121.93868111422432, 37.38112523831403], [-121.9387013047468, 37.38120459230526], [-121.93872360809985, 37.38134328616759], [-121.93873019543703, 37.38141301489145], [-121.93873372940098, 37.38148288488465], [-121.93873420460193, 37.381552810490035], [-121.9387316219381, 37.38162270604986], [-121.93872598230767, 37.381692488048934], [-121.93870556718218, 37.381831367309616], [-121.93869486824258, 37.38188526476487], [-121.93868160551186, 37.38193879742642], [-121.93866579875252, 37.38199188963072], [-121.93864747042268, 37.382044462860726], [-121.93860336044241, 37.3821477490348], [-121.93854142249764, 37.382270429822555], [-121.93850630106351, 37.3823303407505], [-121.93846847300605, 37.382389193775346], [-121.93842798773254, 37.382446908953526], [-121.93833926382784, 37.38255862598499], [-121.93833612241936, 37.38256224638204], [-121.93826247044983, 37.38264129048453], [-121.93818529439012, 37.38271813671535], [-121.9380291321673, 37.38286013621893], [-121.93796468254055, 37.38291874113827], [-121.9373020097618, 37.38351848404674], [-121.9372783059176, 37.383539943472975], [-121.93722592785092, 37.3835873627583], [-121.9368251346256, 37.38395020891707], [-121.93664046167308, 37.384122756839815], [-121.93660697337884, 37.38415731691324], [-121.93657143782391, 37.38419570143124], [-121.93653767284793, 37.38423509022504], [-121.93650572426534, 37.384275431900505], [-121.93647563339826, 37.38431667220833], [-121.93644743887423, 37.384358758327245], [-121.93642117842262, 37.38440163386698], [-121.93639688797626, 37.38444524243713], [-121.93637459897573, 37.384489526220335], [-121.93635434016765, 37.38453442668505], [-121.936336138501, 37.38457988458635], [-121.93632001823038, 37.38462583996568], [-121.93630600091576, 37.38467223215079], [-121.93629410452306, 37.3847190011832], [-121.93628434522198, 37.38476608282212], [-121.93628424461065, 37.38476663314634], [-121.93627617593829, 37.38481738286731], [-121.93627059110734, 37.38486834740131], [-121.93626749910082, 37.384919445377186], [-121.93626690441052, 37.38497060113479], [-121.93626880883286, 37.38502173615791], [-121.93627320787644, 37.385072774072746], [-121.93628009615124, 37.385123635650224], [-121.9364300095649, 37.38613566730391], [-121.93643274852607, 37.38615062428364], [-121.93644741800333, 37.386231932957344], [-121.93646565199509, 37.386312782592114], [-121.93648742714537, 37.38639307254886], [-121.93651271740278, 37.38647270361609], [-121.9365414913265, 37.38655157658325], [-121.93657371388213, 37.386629597949394], [-121.93660934464546, 37.38670666850461], [-121.93664834139585, 37.38678269546289], [-121.93669065472577, 37.38685758389744], [-121.93673623343146, 37.38693124245053], [-121.93678502091923, 37.387003581192346], [-121.9368919787966, 37.38714394095011], [-121.93703006598749, 37.387295886130076], [-121.93710430184468, 37.38736869560018], [-121.93718186506179, 37.38743926238342], [-121.93734654148469, 37.38757328320366], [-121.9375967428956, 37.38774370583325], [-121.93733707049593, 37.38803933677338], [-121.93727664981122, 37.38810812425565], [-121.93689407268168, 37.38792577854417], [-121.93652757630133, 37.3876547894117], [-121.93633108515604, 37.38745860292019], [-121.9362893817783, 37.38741713807511], [-121.93620330612863, 37.38733155386016], [-121.9361592069447, 37.387287705714044], [-121.93598548180806, 37.38702076272629], [-121.93589298950808, 37.386804075389], [-121.93583227780354, 37.386567770379806], [-121.9357959679296, 37.386350395095924], [-121.93561322653099, 37.384947329787614], [-121.93561012645144, 37.384893530178275], [-121.93561100860752, 37.384799145044], [-121.93562026485775, 37.38470172622532], [-121.93563808564446, 37.384605050326854], [-121.9356642472872, 37.38450959986859], [-121.93569870397172, 37.38441590162656], [-121.93574128951005, 37.384324278238175], [-121.9357917856111, 37.384235259338766], [-121.93584988415284, 37.384149260361404], [-121.93596336203584, 37.38398361267553], [-121.93611820373678, 37.38382840093103], [-121.93637520543439, 37.383633595637214], [-121.93663167982388, 37.38341142089161], [-121.93701657017152, 37.38308913072104], [-121.93736789586782, 37.38280556773217], [-121.93764453204498, 37.38256123701871], [-121.93779807029064, 37.38240716013055], [-121.93785614367593, 37.382354327333665], [-121.93791100109351, 37.382296841929595], [-121.93796069589426, 37.38223648984517], [-121.93800500529595, 37.38217348021799], [-121.93804367687193, 37.38210818136503], [-121.93807654443427, 37.38204089379198], [-121.93810344179404, 37.381971918005995], [-121.93812429079827, 37.381901664441976], [-121.93813889471556, 37.38183036651087], [-121.93814729127534, 37.38175845749154], [-121.93814934303525, 37.38168623860995], [-121.93814505538508, 37.381614096035534], [-121.93812842668599, 37.38150126904127], [-121.93809816336345, 37.38135379486699], [-121.93794020548945, 37.380773207020326], [-121.93788911815926, 37.3805766818823], [-121.93783561392213, 37.38061350168265], [-121.93780035394865, 37.380637766523435], [-121.93760587046079, 37.380771608166604], [-121.93753628452629, 37.380822363995264], [-121.93748258833406, 37.38059241152417], [-121.93732137165094, 37.38007780108081], [-121.93726668116481, 37.37990720312414], [-121.93723343379776, 37.37982323517247], [-121.93719631181726, 37.37974030703493], [-121.93715536474268, 37.37965853238133], [-121.93711065007868, 37.37957802438234], [-121.93706222837007, 37.37949889511797], [-121.93701016752186, 37.37942125052399], [-121.93695453748234, 37.379345198137024], [-121.93689541471403, 37.37927084276731], [-121.93683288116053, 37.37919828667464], [-121.93676702223036, 37.379127628961506], [-121.93662569467766, 37.37899239491353], [-121.9364411145611, 37.378850548444845], [-121.9363796033641, 37.378803278239545], [-121.9362488418081, 37.378715511239065], [-121.93493580234887, 37.37904347655992], [-121.93160158676852, 37.382004075224906], [-121.93139378848933, 37.38217571895139], [-121.93138219662336, 37.382241049155105], [-121.93134868854769, 37.38243982182431], [-121.93130858503834, 37.382674657274244], [-121.93129021178551, 37.3827914740621], [-121.93112063683677, 37.38277446851196], [-121.93094319624126, 37.38275508243828], [-121.9303413421302, 37.38302229681076], [-121.93060913073522, 37.38337015038897], [-121.92956717494211, 37.383843749060055], [-121.92917353060795, 37.38332021545187], [-121.92839965632112, 37.38369013082503], [-121.92890208839877, 37.38437130182172]]]}}, {"type": "Feature", "properties": {"TRUSTEE_AREA": 3, "NAME": "TA #3 (Santa Clara)"}, "geometry": {"type": "MultiPolygon", "coordinates": [[[[-121.99567396391622, 37.399772648965204], [-121.9956729703906, 37.39967526102152], [-121.99567294254314, 37.399672481402405], [-121.99567291918716, 37.39967022059763], [-121.99554508894082, 37.399676678296906], [-121.99550696534416, 37.399678492361474], [-121.99533374772476, 37.39968681193753], [-121.99514301745124, 37.399695972890115], [-121.9949574749482, 37.39970486194605], [-121.99477193154654, 37.3997137502873], [-121.99458633155106, 37.39972266146392], [-121.99440075940339, 37.39973154980318], [-121.99421521600182, 37.399740460263956], [-121.99402279420114, 37.39974966402823], [-121.99383722295164, 37.39975859732325], [-121.99365165080393, 37.399767484231], [-121.9934660786564, 37.39977637113738], [-121.99328050650855, 37.39978527945207], [-121.99310181455664, 37.39979384950233], [-121.99291624151081, 37.399802734978486], [-121.9927306990076, 37.39981164328998], [-121.99254512685987, 37.39982052876412], [-121.99235958345831, 37.39982943564608], [-121.99217401041213, 37.39983832040445], [-121.99198846880716, 37.399847250120935], [-121.99180286701531, 37.399856111327125], [-121.99161732361365, 37.39986501820485], [-121.99143175056766, 37.39987390153186], [-121.99138995634578, 37.39987590448838], [-121.99123932786868, 37.39988312312036], [-121.991053755721, 37.39989202928136], [-121.99086818357337, 37.399900911891386], [-121.99068261052729, 37.39990981662297], [-121.99049706622742, 37.39991869851725], [-121.99044687556317, 37.39992112130615], [-121.99031149318142, 37.39992755757421], [-121.99012591923717, 37.399936415202745], [-121.98994034619112, 37.39994527354392], [-121.98975480099294, 37.399954108333844], [-121.98967153077152, 37.39995807328467], [-121.98956922615034, 37.39996289745035], [-121.98936682496661, 37.39997247156315], [-121.9891647094471, 37.399982019269906], [-121.98897916424886, 37.39999080766945], [-121.98892358279528, 37.39999343526863], [-121.98878671460041, 37.40000016269358], [-121.98860117389371, 37.400009293635556], [-121.98841560623762, 37.400018401026394], [-121.98823006642924, 37.40002753053884], [-121.98804452662097, 37.40003663721413], [-121.98798014706882, 37.40003978861863], [-121.987980191082, 37.40007777464956], [-121.98798051085114, 37.400354545646934], [-121.98798075067586, 37.400581084709756], [-121.98798167225489, 37.40140465818202], [-121.98798202256192, 37.40172452041158], [-121.9879822587938, 37.401946550988136], [-121.98798250490762, 37.40216672836442], [-121.98798317408517, 37.40276599621498], [-121.9879831785763, 37.40277003167011], [-121.98798319384352, 37.402806981585584], [-121.98798331598059, 37.40310890350855], [-121.98798332765797, 37.403114986278005], [-121.98798387649745, 37.40339238116376], [-121.9879840094444, 37.40342490501238], [-121.98798412262907, 37.403452427211946], [-121.98798417562223, 37.40351848244792], [-121.98807534038973, 37.40352043741979], [-121.98816653808865, 37.40352042773779], [-121.98855501088191, 37.40351467399925], [-121.98957986270305, 37.40350369959833], [-121.98969906697927, 37.40350278594573], [-121.9898182171532, 37.403499779089564], [-121.98991111144132, 37.40349393913238], [-121.9900037686403, 37.403486058688344], [-121.99004486916543, 37.40348105326734], [-121.99008550274367, 37.40347402879941], [-121.99089796862243, 37.40334532498861], [-121.99099382873143, 37.40333437333199], [-121.99140774181353, 37.40329436306153], [-121.99145456360418, 37.403291677991454], [-121.9915015043555, 37.40329201103191], [-121.99168376913741, 37.40329168311074], [-121.99171962605357, 37.40329161856536], [-121.9921548822009, 37.40328809054165], [-121.9922074893326, 37.403289548437066], [-121.99224836716321, 37.40329088359184], [-121.99250027089911, 37.40330123085773], [-121.99269574517301, 37.40330925962113], [-121.99285057697467, 37.4033147722166], [-121.99344880724803, 37.40335630180873], [-121.99359241280474, 37.4033668859738], [-121.99365403649963, 37.40337017567911], [-121.99371578471167, 37.4033711982832], [-121.99409330255092, 37.40337276680836], [-121.99421358283011, 37.40337050816208], [-121.99433363149839, 37.403364142224554], [-121.99438821544756, 37.40336232986691], [-121.99444284595928, 37.40336254947131], [-121.99571039378486, 37.403374199124116], [-121.99571056266382, 37.403411429187415], [-121.99571091838743, 37.40349501978903], [-121.9957154408392, 37.40365919200024], [-121.99572689790541, 37.403823149289344], [-121.99574527660889, 37.403986705293285], [-121.99577055610467, 37.40414967410384], [-121.99580270770338, 37.40431187047912], [-121.99584169490358, 37.40447311005397], [-121.99588747343321, 37.40463320954967], [-121.99593999129968, 37.40479198698221], [-121.99600626655666, 37.40496688417889], [-121.99608071053198, 37.40513967745588], [-121.99585816640553, 37.40534627949396], [-121.99584210145389, 37.405392449352476], [-121.99583249498912, 37.40543974805383], [-121.99582946342416, 37.40548760248414], [-121.99583205770791, 37.40593565241489], [-121.99583445526471, 37.40634957940925], [-121.99584953050629, 37.408874970909054], [-121.9958515130505, 37.40920705356589], [-121.99585163521873, 37.409230285225554], [-121.99584894920758, 37.40926743371892], [-121.99584049595393, 37.40930402786941], [-121.99582640653911, 37.409339500189404], [-121.99580689944878, 37.40937330058733], [-121.99578227718486, 37.4094049048985], [-121.9957529269254, 37.40943382505717], [-121.99571929831474, 37.40945961118267], [-121.99568191281972, 37.40948186341554], [-121.995641350166, 37.4095002366953], [-121.99559823934821, 37.40951444611129], [-121.99439064234222, 37.40984379655259], [-121.99412855178423, 37.409913059302674], [-121.99386484858962, 37.409978311704805], [-121.99258081934097, 37.410278833220715], [-121.99210723117567, 37.41038967391026], [-121.99145718336801, 37.41054173531062], [-121.99131409389229, 37.410572541688985], [-121.991169468529, 37.410598384800586], [-121.99102357771635, 37.41061921632059], [-121.99087669425964, 37.41063499729542], [-121.9907290928209, 37.4106456982157], [-121.99058104940521, 37.41065129907139], [-121.99039620938493, 37.41065508934668], [-121.9895623546349, 37.410672221217546], [-121.98899768001971, 37.410683823223636], [-121.9889463350205, 37.410684877821645], [-121.98894904163255, 37.41078891513154], [-121.98894946024544, 37.4108061412173], [-121.9889556549982, 37.411061039306176], [-121.98895629818882, 37.411087514094234], [-121.9889780795706, 37.41167073123885], [-121.98897812089037, 37.411696786259576], [-121.98897866077763, 37.41169663570633], [-121.989007263133, 37.41168860785729], [-121.98900464446109, 37.41243007198123], [-121.98899901903293, 37.414022713338554], [-121.98908351365742, 37.41402242723076], [-121.98988484670242, 37.41401971027544], [-121.99031978035472, 37.41401823764018], [-121.99234452067876, 37.41434045065436], [-121.99597054725157, 37.414917403949744], [-121.99702563634061, 37.41508528293981], [-122.00106862935701, 37.41572842982479], [-122.00106870391707, 37.41572820293653], [-122.00106913510845, 37.41572688370325], [-122.00138905668355, 37.4147491055114], [-122.00143428057861, 37.41461088728812], [-122.00153391184755, 37.41430637891419], [-122.0021601542724, 37.41443516888221], [-122.00216693206006, 37.41443586596937], [-122.00244960488452, 37.41446494598933], [-122.00258472698084, 37.41451139946523], [-122.0027230160634, 37.41455148734309], [-122.00286400124222, 37.414585073117806], [-122.00329333388933, 37.414673560128655], [-122.00334822633349, 37.414684873307266], [-122.00339546333619, 37.414694609660366], [-122.00342783412164, 37.414701280838216], [-122.00343312250291, 37.41470237105819], [-122.00351636487426, 37.41471952918179], [-122.00351312107526, 37.414567616060765], [-122.00351078726482, 37.414458088645766], [-122.00351077918008, 37.414457699789885], [-122.00351090314754, 37.414457725476], [-122.00352640267928, 37.41443857164795], [-122.00352884070678, 37.41443555926291], [-122.00356647921848, 37.41438904636877], [-122.00368472805106, 37.41424291763685], [-122.00395621868955, 37.413907416102745], [-122.00427146273569, 37.41294659002291], [-122.00440826180653, 37.41252963422571], [-122.00452211161239, 37.41218262237314], [-122.00477910978269, 37.41139934462585], [-122.00503658675525, 37.41061445894602], [-122.00546807641452, 37.40929926373401], [-122.00588377009504, 37.4080321349872], [-122.00589698251873, 37.40799185961218], [-122.00603089826323, 37.40754583611351], [-122.0059723323434, 37.407558918117694], [-122.00594155606584, 37.40756579257814], [-122.00594041161231, 37.40756604803336], [-122.00591756925402, 37.40757115071809], [-122.00515392410394, 37.40774172546421], [-122.00481223286285, 37.40779925769706], [-122.00481327043398, 37.407646621974884], [-122.0048137690071, 37.40757332415072], [-122.00481394690402, 37.40730099678525], [-122.00481395229488, 37.407292840021626], [-122.00481511491525, 37.405504174648385], [-122.004815139174, 37.40546728243602], [-122.00481522093466, 37.405341789550654], [-122.00481528023369, 37.40525095027576], [-122.00481533324327, 37.40516986275009], [-122.00481633773298, 37.4036247473529], [-122.00481634222533, 37.403618444122415], [-122.0048164958635, 37.403383381697715], [-122.00481153447484, 37.40333108246775], [-122.00480378382096, 37.403249384159956], [-122.00479712462518, 37.40312032667052], [-122.00479771482782, 37.40303465334946], [-122.00479844516998, 37.4029285336713], [-122.00479847661147, 37.40292402653043], [-122.00482220958453, 37.39948966495343], [-122.00482224641603, 37.399484271265656], [-122.00482255544146, 37.399439792237075], [-122.00480708735283, 37.39944034602056], [-122.00472493104226, 37.399443287638846], [-122.0045392007914, 37.399449950882065], [-122.00435344179436, 37.39945661412428], [-122.00416765494967, 37.39946325381597], [-122.00397160395599, 37.399470277444614], [-122.00378587280669, 37.39947691713524], [-122.00360017130198, 37.39948357752057], [-122.00341446979712, 37.39949023861916], [-122.00322871080009, 37.39949687759419], [-122.00304303714309, 37.39950353655076], [-122.00285733563835, 37.399510174097315], [-122.00267160538739, 37.39951683447997], [-122.00248590388254, 37.39952349272107], [-122.0023001736316, 37.39953013026577], [-122.00211447212686, 37.399536789219276], [-122.00192876972358, 37.39954342390849], [-122.00174303947288, 37.39955008286084], [-122.00155733706976, 37.399556717548656], [-122.0013531132048, 37.39956404731903], [-122.00117478057916, 37.39957042723728], [-122.00098902068392, 37.399577062637135], [-122.00080329043297, 37.3995837194456], [-122.0006176742681, 37.39959035127587], [-122.00043197096662, 37.39959700808307], [-122.00024624071573, 37.399603640625934], [-122.0000570977656, 37.39961040875934], [-121.99987142410859, 37.399617064137544], [-121.99968222456462, 37.399623832269626], [-121.99949649431358, 37.39963048764659], [-121.9993073792113, 37.399637230800415], [-121.99912167680823, 37.399643884748784], [-121.99893253385804, 37.39965065145121], [-121.99874680001372, 37.39965716838011], [-121.99855762652096, 37.399663796635494], [-121.99837191962628, 37.399670289299465], [-121.99818618668044, 37.39967680551305], [-121.99813472130718, 37.39967860744464], [-121.99800392212943, 37.39968318399403], [-121.99787337986993, 37.399687758402415], [-121.99782177076614, 37.39968953963814], [-121.99763606566793, 37.39969607725914], [-121.99745033272231, 37.39970256849304], [-121.99726459797982, 37.39970908256287], [-121.99707892072941, 37.39971559591847], [-121.99706831252594, 37.399715960586356], [-121.99689323629264, 37.399723116215505], [-121.99670758060184, 37.39973072643029], [-121.99652192670762, 37.399738337357995], [-121.9963224827775, 37.399746489934635], [-121.99607441664138, 37.39975665853124], [-121.99604001476432, 37.39975805868443], [-121.99567396391622, 37.399772648965204]]], [[[-121.98663377208068, 37.40010257761089], [-121.98663377208074, 37.40010251481135], [-121.98663348554769, 37.3998391449727], [-121.98663185706991, 37.398344418291074], [-121.9866318364108, 37.39832520539097], [-121.98663157502628, 37.398100268082096], [-121.98662923066463, 37.39595096558856], [-121.98685596900161, 37.39594809164234], [-121.98685592498576, 37.39593435842636], [-121.9868558198867, 37.3959002755181], [-121.98685334062486, 37.39511451448504], [-121.98684764011665, 37.393332890944066], [-121.98684677863243, 37.393332855972794], [-121.98684479550221, 37.39021226637414], [-121.98684397997584, 37.38892808404922], [-121.98684701271804, 37.38865840757007], [-121.98684931332589, 37.3884538300825], [-121.98685848786091, 37.388076298195735], [-121.98685795428779, 37.387843512421576], [-121.98685757970838, 37.387682626476874], [-121.98685144720608, 37.38504608242064], [-121.98684281391357, 37.38134516121287], [-121.9868411557028, 37.38063952731366], [-121.98683775291475, 37.38037354145971], [-121.98683377096205, 37.37788582712098], [-121.98682928478806, 37.377780666937994], [-121.98684651806566, 37.37778055772066], [-121.9870397654172, 37.37777932563588], [-121.98704384197138, 37.37777929993763], [-121.98714087887213, 37.377778681039906], [-121.98779735949797, 37.377774495092076], [-121.9879625425858, 37.3777743216394], [-121.98894865276908, 37.37776768650821], [-121.99254739578164, 37.37774496289038], [-121.99335320602964, 37.37773985394775], [-121.99527204132357, 37.37772766943559], [-121.99580249731724, 37.37772429155058], [-121.9958022098508, 37.377773761114895], [-121.99580185860287, 37.37783433166177], [-121.99580159000142, 37.37788071091734], [-121.99580130882332, 37.37792929449698], [-121.99579599159317, 37.3788472283437], [-121.99579243509517, 37.37945871496221], [-121.99579082079141, 37.379739391064135], [-121.99578979848884, 37.379917054686224], [-121.99578558623031, 37.38044282629859], [-121.99577859912026, 37.38057519712606], [-121.99575769528236, 37.380972195423965], [-121.99576418457552, 37.38218110276891], [-121.9957701923821, 37.383300237546976], [-121.9957658480464, 37.38404710613974], [-121.99576092159035, 37.38490241244292], [-121.99575695096071, 37.38558630613722], [-121.99575601400007, 37.38574800314049], [-121.9957530324343, 37.38626280469365], [-121.99574946785084, 37.38687827429224], [-121.99577333961622, 37.387426943592246], [-121.99582620712324, 37.38864169592368], [-121.9965125594245, 37.38862283888445], [-121.99725722495495, 37.38860536507916], [-121.99771468475896, 37.3885946282723], [-121.99812188472855, 37.38858506556812], [-121.99812440629913, 37.38858500632765], [-121.99847761034158, 37.38857671122679], [-121.99848004747064, 37.38857665698242], [-121.99855790085152, 37.38857411035128], [-121.9986251738767, 37.38857075076544], [-121.99867612631598, 37.388533727456604], [-121.99904175677997, 37.388275615131086], [-121.99897816675308, 37.388227978791335], [-121.9989191457286, 37.38817673535135], [-121.99886501419005, 37.388122163070825], [-121.99881095380641, 37.388057958844314], [-121.998763675273, 37.38799043294366], [-121.99863042641007, 37.3878133644364], [-121.99855388727603, 37.3877116555979], [-121.99804839643424, 37.387039925848065], [-121.99801242524721, 37.38698758653222], [-121.99798169144208, 37.38693316374972], [-121.99795638308446, 37.38687699054384], [-121.99793665503755, 37.386819410668885], [-121.99792301613142, 37.38676281852139], [-121.99791476860108, 37.386705566442615], [-121.99791195947503, 37.386647980977685], [-121.99791161544886, 37.38639349376625], [-121.99790994830965, 37.38519924390804], [-121.99791361534693, 37.38511816016343], [-121.99792482128902, 37.38503751786863], [-121.997943504179, 37.38495776271443], [-121.99796956073764, 37.38487933548717], [-121.99800284693447, 37.38480266963267], [-121.99804317878439, 37.38472818886089], [-121.99809033336497, 37.38465630480416], [-121.99814405004886, 37.384587414742455], [-121.99820403194438, 37.38452189940781], [-121.99826994753687, 37.38446012088031], [-121.99834143252086, 37.38440242058718], [-121.99842045383839, 37.384347600549255], [-121.99850449912277, 37.3842977649702], [-121.99859307578829, 37.3842532059285], [-121.99868566469453, 37.384214184577175], [-121.99878172318869, 37.384180929613414], [-121.9988806882857, 37.38415363593836], [-121.99898197996751, 37.384132463514916], [-121.99908500458223, 37.38411753643049], [-121.99918915832284, 37.38410894216961], [-121.99929383076558, 37.38410673110151], [-121.9999074473848, 37.3841125035326], [-122.0003412240073, 37.38410919802073], [-122.00046599935382, 37.38410552882932], [-122.00059033734557, 37.38409642743334], [-122.0007138668394, 37.38408192100009], [-122.00083621910609, 37.38406205283057], [-122.00095702893103, 37.38403688223029], [-122.0011271048957, 37.38400090585336], [-122.00129912029874, 37.383971379204716], [-122.00147269125527, 37.38394836817837], [-122.00164743041019, 37.383931924127445], [-122.00182294780224, 37.3839220837497], [-122.00199885173406, 37.383918869005626], [-122.00202604284418, 37.38383718380149], [-122.00216562848664, 37.3834379772163], [-122.00269877959622, 37.38191300287097], [-122.00276384907473, 37.38172685037337], [-122.00314389669134, 37.38063975547015], [-122.00314587657839, 37.3806340756122], [-122.00320034143203, 37.380579421325805], [-122.00334879251855, 37.3804304534653], [-122.00383679514626, 37.37944749555069], [-122.00397300864854, 37.37784210887909], [-122.00400679881733, 37.3774437983755], [-122.00403339257407, 37.3771303207391], [-122.00403738648852, 37.37708363905993], [-122.00403950831165, 37.377058844091074], [-122.00412208416145, 37.37682275037764], [-122.00416208524949, 37.37670838352911], [-122.00416934813083, 37.376677342904095], [-122.00418905447974, 37.376593206276894], [-122.00452991493573, 37.37513790866747], [-122.0045513370672, 37.375046447412515], [-122.00465036917322, 37.374623622551], [-122.0047992721666, 37.37398802013052], [-122.00482420761115, 37.37387568780959], [-122.00480737947335, 37.373875781327314], [-122.00340161328361, 37.373883581830334], [-122.0034004939829, 37.37388359610792], [-121.99917279651726, 37.37390758014063], [-121.9977021054984, 37.373915891776015], [-121.99749651529687, 37.37391705324902], [-121.99687888769942, 37.37392054337892], [-121.99617804288155, 37.37392449824046], [-121.99609111741619, 37.373924966541566], [-121.99600320021086, 37.373925973824136], [-121.99577066684294, 37.373928635876986], [-121.99554869855939, 37.373931177283986], [-121.9947691918768, 37.37394008719986], [-121.99259773329389, 37.37396488804262], [-121.99247187844317, 37.37396632936254], [-121.99192786148367, 37.37397253082097], [-121.99089583032766, 37.373984296243485], [-121.9901786927676, 37.37399246586166], [-121.98787389097895, 37.37401872156908], [-121.98510333254833, 37.37405015359082], [-121.98510158173191, 37.374050173579505], [-121.98492333444688, 37.3740521959938], [-121.98246845653614, 37.37408004648085], [-121.98246421128356, 37.372428512121466], [-121.9824624461713, 37.37173997727937], [-121.98246262314082, 37.37172573704061], [-121.98245628198646, 37.37125958921721], [-121.98245030645894, 37.37067825573018], [-121.98244947462854, 37.37059586217709], [-121.97977872799551, 37.37061325651414], [-121.97853995050711, 37.37062130723863], [-121.97826161923632, 37.37062337471474], [-121.97785567601144, 37.37061791823838], [-121.97769905027455, 37.370611278823205], [-121.97745026189546, 37.370600732146315], [-121.97736405153212, 37.370215248701754], [-121.97758083204333, 37.37023192941454], [-121.97761259377192, 37.37023437244445], [-121.97766226610756, 37.37023819405119], [-121.97774803454219, 37.37024479208709], [-121.97792869919331, 37.37024375120761], [-121.97797492559255, 37.370243443512216], [-121.97810420302389, 37.370242729603625], [-121.97829172181966, 37.37024162447185], [-121.97847926846318, 37.37024054075778], [-121.97866681510656, 37.370239458471396], [-121.97874398486948, 37.37023898800507], [-121.97885436354679, 37.37023835191197], [-121.97904191019025, 37.37023726748387], [-121.97922942898596, 37.37023618305568], [-121.97941697562942, 37.37023507578213], [-121.97960452406944, 37.37023399206792], [-121.97964728027732, 37.37023374933875], [-121.97979207071306, 37.37023290621204], [-121.97997961735656, 37.370231798224445], [-121.98016716489826, 37.370230713082314], [-121.98035468369406, 37.37022962722636], [-121.9805227584584, 37.37022862703906], [-121.98054223033755, 37.37022851781093], [-121.98072977787938, 37.370227431240856], [-121.98091732542116, 37.37022634467109], [-121.98110487206465, 37.370225234541664], [-121.98129241870811, 37.370224146543784], [-121.98141117058094, 37.37022344762627], [-121.98147996714822, 37.370223059259715], [-121.981674367038, 37.37022193056911], [-121.98186191547816, 37.37022086541656], [-121.9820425801292, 37.370219817397356], [-121.98223012767089, 37.370218751531056], [-121.9824495645023, 37.37021746506594], [-121.9826479807591, 37.37021632923639], [-121.9828314849845, 37.37021526765292], [-121.98302977008161, 37.370263896904994], [-121.98323892119853, 37.37031520260254], [-121.98344545103191, 37.37036587787581], [-121.98348764399502, 37.37037621682116], [-121.98365396884145, 37.37037511954318], [-121.98386238963408, 37.370373763830045], [-121.9840585663911, 37.37037244809544], [-121.98424780276535, 37.3703711744815], [-121.98443706788589, 37.37036994513046], [-121.98462630426015, 37.37036867151635], [-121.98481559812652, 37.37036741860589], [-121.98494029954071, 37.370366593327155], [-121.98500483539928, 37.37036616640936], [-121.98512166308106, 37.37036539324593], [-121.98519409962141, 37.37036491421274], [-121.98538333689406, 37.37036366130237], [-121.98557263165874, 37.3703624298093], [-121.98576189588086, 37.37036115333934], [-121.98595116189956, 37.37035989971506], [-121.98614036862931, 37.370358623245025], [-121.98632966249589, 37.370357368906575], [-121.9865189276163, 37.370356113854264], [-121.9866329741144, 37.3703553542548], [-121.9867081936351, 37.370354858088], [-121.98688369387241, 37.37035368584905], [-121.9870798131374, 37.370352388675705], [-121.98720411839483, 37.370348202275736], [-121.98735248322664, 37.37034405442867], [-121.99520736615968, 37.37029219389765], [-121.99575055666871, 37.370288584369426], [-121.99577096459225, 37.3702885930456], [-121.9963366075901, 37.37028883499623], [-121.99633686541324, 37.37022896370711], [-121.99634181705237, 37.369101858477116], [-121.99634111687358, 37.368997832873895], [-121.99633810164418, 37.3688938336089], [-121.99633779801454, 37.3688863373352], [-121.9963290275506, 37.3687349474215], [-121.99631535244856, 37.368583789294874], [-121.99629678189383, 37.36843296415774], [-121.99622307249987, 37.36790476377194], [-121.99616434070269, 37.367483889834986], [-121.99609654401446, 37.36699802422955], [-121.99608592773453, 37.36692194080424], [-121.99607566898379, 37.366848423239], [-121.99605840517697, 37.36672472197132], [-121.99597126418587, 37.366100308860396], [-121.99590516082048, 37.36562641029331], [-121.99589029743657, 37.36549897444425], [-121.99588120615596, 37.36537119345279], [-121.99587789879506, 37.36524323381947], [-121.99587260700136, 37.363625671769995], [-121.99586656064872, 37.3617774622533], [-121.99586651124305, 37.361762349045165], [-121.99586358193744, 37.360866864436176], [-121.9958644424491, 37.360767521837175], [-121.99586766839528, 37.36066821024044], [-121.99586774026065, 37.36066661942846], [-121.99586916139849, 37.36063711299725], [-121.99586920092446, 37.360636219771635], [-121.99591222222979, 37.359790314538415], [-121.99584946772852, 37.35980490405037], [-121.99574658459024, 37.35982882290411], [-121.99564360397073, 37.359850583724274], [-121.9955394022922, 37.35986825705105], [-121.99543423402478, 37.359881799724455], [-121.99532835599973, 37.35989117867187], [-121.99521441729895, 37.359896568059796], [-121.99515891759235, 37.359897459862275], [-121.99331062069906, 37.35990797076531], [-121.9921911071231, 37.35991428258946], [-121.99063633560299, 37.35992307558841], [-121.99028633143482, 37.359252815607746], [-121.98981552276982, 37.35835111394129], [-121.98948139452199, 37.357711207931324], [-121.98938942952829, 37.357535075447935], [-121.98927686078291, 37.35731948180255], [-121.98914730130835, 37.357071347162645], [-121.98881434446312, 37.356433600237715], [-121.98848384001782, 37.355800603503006], [-121.98842764323078, 37.35569295600366], [-121.98839180373389, 37.355616485577244], [-121.98836310072177, 37.355538119517995], [-121.98834168938136, 37.35545828158513], [-121.9883276854692, 37.35537740349559], [-121.98832116468586, 37.35529592258944], [-121.98832216226722, 37.35521427946499], [-121.98833067279439, 37.355132915596286], [-121.9883466502236, 37.355052270945954], [-121.98837000813562, 37.35497278158608], [-121.98840062020366, 37.354894877340385], [-121.98842442735726, 37.35484507707452], [-121.98845964519515, 37.354769494966206], [-121.98848862607997, 37.35469224335695], [-121.98851124713923, 37.3546136498285], [-121.98852741246988, 37.35453404765193], [-121.98853705354473, 37.354453774374356], [-121.98854012950272, 37.35437317038755], [-121.98853985283482, 37.3542556559676], [-121.98853793133868, 37.354255680245615], [-121.98771958959388, 37.35426437327597], [-121.98760948669934, 37.35426554291492], [-121.98672100450774, 37.35427493786962], [-121.98579164718043, 37.35428367659027], [-121.98472020783746, 37.354293727759924], [-121.98440330560899, 37.35429669041255], [-121.98413983606403, 37.3542991539344], [-121.98413782922795, 37.35429917964056], [-121.98413587898581, 37.35429920391884], [-121.98379872334385, 37.354303265522994], [-121.9837987035809, 37.35430367896921], [-121.98379854997434, 37.354256318287156], [-121.98379325636945, 37.352766332037895], [-121.98379213351112, 37.352448494611785], [-121.98342904530791, 37.35244864882859], [-121.98059168816638, 37.35244984329472], [-121.97821579821138, 37.35245080428724], [-121.97764121518128, 37.35245102132871], [-121.97763718707785, 37.352973607832155], [-121.97763576232924, 37.35315958461617], [-121.97763265860529, 37.35356370239135], [-121.9776317405138, 37.35368255964231], [-121.97762944528512, 37.35398256216497], [-121.97762819301568, 37.354145396263924], [-121.97762854514146, 37.35426899758895], [-121.97763301072582, 37.354431652792485], [-121.9776420027644, 37.354594188623516], [-121.97765041547221, 37.35471505648089], [-121.97768052964231, 37.35515022971105], [-121.97768827669957, 37.35526208808633], [-121.97769189780205, 37.35531437514845], [-121.97772464313317, 37.35578716207186], [-121.97775647308252, 37.35624671465074], [-121.97772464313317, 37.35578716207182], [-121.97772171821912, 37.35578717635272], [-121.97678675271128, 37.35578726197302], [-121.97673007621196, 37.3557872676811], [-121.97546746103352, 37.35578739397909], [-121.97461956831474, 37.35578745532768], [-121.97393376937775, 37.35578750526255], [-121.97392625586984, 37.35578750883241], [-121.97381109815615, 37.35578749168686], [-121.97367244051783, 37.35578811361936], [-121.9733475172337, 37.35579081986644], [-121.97332649845573, 37.355790994808636], [-121.97332439909324, 37.35579101265975], [-121.97330915648182, 37.35579113976049], [-121.97317011256814, 37.35579229794865], [-121.973139232985, 37.355792457180904], [-121.97274879288233, 37.35579216796066], [-121.97190454193313, 37.35579160022639], [-121.97108523809376, 37.3557910117863], [-121.97068312797919, 37.355790746843084], [-121.97061817979397, 37.3557907154201], [-121.97053217420341, 37.35579076539798], [-121.97047890860664, 37.35579083679975], [-121.97014540461626, 37.355791403022046], [-121.96928375959067, 37.35579286748821], [-121.96887578976613, 37.35579356223517], [-121.96851084115258, 37.355792175513535], [-121.96851123640458, 37.35585072161161], [-121.96852563436141, 37.357985121320354], [-121.9685280786365, 37.35834739018174], [-121.9685327632724, 37.35904222781197], [-121.9685369843851, 37.359669774214], [-121.9685364579706, 37.35977100023922], [-121.96853346386543, 37.359872198918524], [-121.96851963787392, 37.360079178489755], [-121.96849848647183, 37.36026384283837], [-121.96846911555782, 37.36044778938628], [-121.96843156227955, 37.36063078510277], [-121.96838587415144, 37.36081259816003], [-121.96833210899467, 37.36099299822674], [-121.96827033486431, 37.36117175676004], [-121.96820062996339, 37.361348647295], [-121.96812308254397, 37.36152344573166], [-121.9680377907958, 37.36169593061897], [-121.96794486272195, 37.361865883435286], [-121.96784441600245, 37.36203308886549], [-121.96773657784523, 37.36219733507367], [-121.96762148482532, 37.36235841397165], [-121.96749928271183, 37.362516121482656], [-121.96737012628364, 37.36267025780003], [-121.96723417913341, 37.362820627640346], [-121.96697054786051, 37.363101538051815], [-121.96670704953836, 37.36338230675715], [-121.96689788670706, 37.36340795947051], [-121.96670704953836, 37.3633823067572], [-121.96665466428426, 37.363438118088936], [-121.96621485452529, 37.36390669345351], [-121.96612493765947, 37.364005375886684], [-121.96600180219811, 37.36415082514534], [-121.96588619504625, 37.36430015893045], [-121.96577830832368, 37.364453129133196], [-121.96567832132654, 37.36460948160144], [-121.96558640022909, 37.364768956562024], [-121.96550269780757, 37.364931289052166], [-121.96542735318577, 37.36509620935974], [-121.96536049160383, 37.36526344347117], [-121.96530222420967, 37.36543271352666], [-121.96525264787402, 37.36560373828181], [-121.96521184502915, 37.365776233574834], [-121.96519029141884, 37.365887487546715], [-121.9651724440037, 37.3659991588286], [-121.96516141268422, 37.36608386494013], [-121.965161340819, 37.366084478943485], [-121.96514626632633, 37.366242492705645], [-121.96513850219941, 37.36640084266758], [-121.96513805904534, 37.366559313445435], [-121.96514493751351, 37.36671768948958], [-121.9652733442619, 37.368646446827015], [-121.96533039166954, 37.36950324025572], [-121.96534947903747, 37.369790477436176], [-121.96536033939668, 37.36991946599952], [-121.96537564243755, 37.370048167237755], [-121.9653834496884, 37.37010257076421], [-121.96555293468201, 37.3712243073712], [-121.96559939052885, 37.37155478755971], [-121.96563899188756, 37.371885835730325], [-121.9656717278345, 37.37221736133], [-121.96569758932374, 37.3725492736739], [-121.96571862688569, 37.37292686234248], [-121.96573076605362, 37.373304699920325], [-121.96573400240152, 37.37368265284919], [-121.96573257852219, 37.37412749268976], [-121.9657322892541, 37.374221597137144], [-121.96573202514006, 37.37430682009454], [-121.96573150140433, 37.37446714793046], [-121.96573120944163, 37.37455833076756], [-121.96572775260394, 37.375641064318955], [-121.96572457155945, 37.37662910699175], [-121.96572356630942, 37.37694616884506], [-121.96572011631787, 37.37710600377815], [-121.96571079390887, 37.377265689210894], [-121.96569560706486, 37.377425087765175], [-121.96567456881375, 37.37758406230881], [-121.96564769721778, 37.3777424760736], [-121.96560666655192, 37.377936437495784], [-121.96555689175526, 37.378129090990775], [-121.96549843759975, 37.378320185597666], [-121.96546191478886, 37.378426463608776], [-121.96539760823016, 37.37859598243784], [-121.96532643306259, 37.378763744234114], [-121.96524846441125, 37.37892957181708], [-121.96516378457785, 37.37909329004793], [-121.96515514997084, 37.37910935201849], [-121.96514944836333, 37.37911990676066], [-121.96500364635467, 37.379397778091636], [-121.96486441478264, 37.37967778740902], [-121.96473180291686, 37.37995983577557], [-121.96460585768948, 37.38024382353247], [-121.96448662367874, 37.38052965033447], [-121.96424071343212, 37.38113811663196], [-121.96419485493978, 37.38124510509194], [-121.96414428556538, 37.38135073304115], [-121.96411532118367, 37.381408136370304], [-121.96398811523882, 37.38166032489543], [-121.96394523505413, 37.38174530027171], [-121.96387203672616, 37.38189044451623], [-121.96377942670212, 37.38207403333088], [-121.96394154473353, 37.38212039926902], [-121.96387003074706, 37.38226215721713], [-121.9637384320402, 37.38252302982982], [-121.9630089640455, 37.383969052629446], [-121.9629242358403, 37.384137019439414], [-121.96284118838307, 37.38430165392911], [-121.96250421951629, 37.38496957516492], [-121.96242418961722, 37.38512005823118], [-121.96233719241424, 37.38526805887482], [-121.96224334855, 37.38541337178741], [-121.96214278816717, 37.3855557953878], [-121.96203565072808, 37.38569513210181], [-121.96192208482144, 37.38583118863636], [-121.9618022479563, 37.385963776247756], [-121.96167630634378, 37.386092711003585], [-121.96154443466645, 37.386217814037884], [-121.96140681583626, 37.38633891179939], [-121.96126364074071, 37.386455836292456], [-121.9611344036742, 37.386554267605796], [-121.96100122842157, 37.386649297931896], [-121.96086425547317, 37.38674082701014], [-121.96072362932753, 37.386828758273516], [-121.96061174866003, 37.38689465613757], [-121.9604481280997, 37.38698494919298], [-121.96028052236947, 37.38707046200359], [-121.96010915070941, 37.38715108270586], [-121.95993423728822, 37.387226705835594], [-121.95975601090994, 37.38729723246582], [-121.95936643683874, 37.38744836003826], [-121.9589808139041, 37.38760580863253], [-121.95859930316422, 37.387769512499354], [-121.958222063963, 37.38793940327684], [-121.9578492538639, 37.388115410019054], [-121.95748102858398, 37.38829745922552], [-121.9570150757805, 37.38852970758535], [-121.95654534256515, 37.38875705769968], [-121.95607190980681, 37.3889794704117], [-121.95571760476956, 37.38914159539656], [-121.95536133440385, 37.389300955840085], [-121.95527091179326, 37.38934073949891], [-121.95511998406121, 37.38940677218947], [-121.95503359219099, 37.38944437675908], [-121.95492762243933, 37.389490074346966], [-121.95495347235172, 37.38952848397495], [-121.95497828830364, 37.3895651063933], [-121.95498605154188, 37.38957656039693], [-121.95539995466982, 37.39018432667606], [-121.95546312687553, 37.39027716267097], [-121.95668208104217, 37.392067086578805], [-121.95674349704204, 37.39215795183162], [-121.956749967605, 37.3921675769158], [-121.9574840787061, 37.39326095160776], [-121.95763642824613, 37.39349090402034], [-121.95778556938788, 37.393722191657], [-121.95833955485223, 37.39459311156141], [-121.95845589480714, 37.39477392604209], [-121.95857434025554, 37.39495386836513], [-121.9586061576813, 37.39494012640519], [-121.95868031449864, 37.39490809774367], [-121.95871907051082, 37.39489137472066], [-121.95872668822376, 37.39488808820925], [-121.95887687394737, 37.39482324934466], [-121.95902314840664, 37.39476010185598], [-121.95903257891956, 37.39475603028611], [-121.95912885135851, 37.39471445529758], [-121.95948995969259, 37.39455854424591], [-121.95998395489448, 37.39434526518969], [-121.96016765136798, 37.39426593439799], [-121.96025558564534, 37.394227959701375], [-121.96098120692781, 37.39391464720115], [-121.96134583665724, 37.39375722216823], [-121.96138167404362, 37.39374174785299], [-121.9619818339314, 37.39348260505494], [-121.96300142526691, 37.39304232930755], [-121.96302830645088, 37.39303071882179], [-121.963093653491, 37.39300249479931], [-121.96424483093425, 37.39250540097897], [-121.9654017674761, 37.39200579802378], [-121.96710063242027, 37.39127213053415], [-121.96714188035887, 37.39125433255424], [-121.96783910949149, 37.39095318798332], [-121.96789266494565, 37.390927941601035], [-121.96794368971761, 37.39089955377639], [-121.96799189494136, 37.39086818522272], [-121.96803531075336, 37.39084089142522], [-121.96808218460254, 37.39081752096756], [-121.96821511818298, 37.39075898931694], [-121.96818272133461, 37.39085665863103], [-121.96787514973839, 37.3923526372979], [-121.9675670373541, 37.39386965433245], [-121.96752445449572, 37.394095081080955], [-121.96751146933771, 37.394208618513325], [-121.96750405103843, 37.39432247265175], [-121.96750595184763, 37.39455044090696], [-121.96752669571833, 37.394754756251125], [-121.96754379872895, 37.39485635061848], [-121.96756536187443, 37.39495740530434], [-121.96759136000196, 37.39505779327544], [-121.96762175897523, 37.39515739035439], [-121.96769560854345, 37.39535372369054], [-121.96833378674398, 37.396710094668414], [-121.96963926202373, 37.39948143275138], [-121.96965400067673, 37.39951588441095], [-121.96965814280682, 37.39952556706863], [-121.96971926325504, 37.399668448210384], [-121.96978200697488, 37.39966877434729], [-121.97005869424285, 37.400434194857276], [-121.97019925804479, 37.400976791903076], [-121.97001521931345, 37.4010551093806], [-121.97001478632545, 37.4010552927819], [-121.97001530105983, 37.40105683064302], [-121.970093175977, 37.40126244774302], [-121.97013897476691, 37.40136346025302], [-121.97018927142078, 37.40146310033428], [-121.97024400305692, 37.40156124239523], [-121.97030309780976, 37.40165775941791], [-121.97036648291605, 37.40175253009343], [-121.97050578642195, 37.40193634502921], [-121.97206766070464, 37.40384717885332], [-121.97211970099171, 37.40391617448], [-121.97241723555594, 37.40381946058411], [-121.97265963476742, 37.40374355285236], [-121.97290438828402, 37.40367261621394], [-121.9731644535224, 37.403603358532095], [-121.97342676388729, 37.40353971762613], [-121.97369112881798, 37.40348173972802], [-121.97395735626273, 37.40342946695567], [-121.97422525281803, 37.40338293728254], [-121.97449462386899, 37.40334218450983], [-121.97476527373063, 37.40330723824222], [-121.97503700578987, 37.403278123866116], [-121.97530962264823, 37.40325486253151], [-121.97560869971583, 37.403236132762586], [-121.97590833908681, 37.40322444841382], [-121.97620828005836, 37.4032198196513], [-121.97764884069154, 37.40318524563097], [-121.97783460328087, 37.403186911196634], [-121.97801970021888, 37.40318593928095], [-121.97824195506476, 37.40318477255352], [-121.97825502465192, 37.40318470404846], [-121.97839687580043, 37.40318394335637], [-121.97840995077728, 37.40318387342393], [-121.9784613829128, 37.40318360297158], [-121.97894567718593, 37.40318105757935], [-121.98010234237795, 37.40320544936969], [-121.98015433236722, 37.40320536588176], [-121.9803666564576, 37.40320730470182], [-121.98057887880023, 37.40321289514915], [-121.983043250991, 37.40329928133212], [-121.98326298655017, 37.403309217284054], [-121.9834823336657, 37.403323614500195], [-121.98370115005113, 37.40334246364135], [-121.98432530120596, 37.40340264250414], [-121.98450678781332, 37.403420145751845], [-121.98475653402316, 37.403441735941044], [-121.98500687320059, 37.4034583923981], [-121.9852576522049, 37.403470104933746], [-121.98550871762613, 37.40347686638302], [-121.98575991587889, 37.40347867260969], [-121.98664410232652, 37.40347628282107], [-121.98664362352027, 37.40351564650116], [-121.98667732201639, 37.40351518123576], [-121.98702586200626, 37.40351036802032], [-121.98702739815124, 37.40327733403107], [-121.98702883375732, 37.402399157742146], [-121.98703261322851, 37.40008636887505], [-121.98680932531906, 37.400097338124546], [-121.98678578407231, 37.40009800537041], [-121.9866358103576, 37.4001025133841], [-121.98663377208068, 37.40010257761089]]], [[[-122.00097783208301, 37.386970924103146], [-122.0009876643835, 37.38694164041853], [-122.00101765923222, 37.38685687585261], [-122.00102374044066, 37.38685577877736], [-122.00102481059889, 37.38685558484313], [-122.00102619448955, 37.38686043533191], [-122.00104776556344, 37.38685653827378], [-122.0010464571276, 37.38685195807614], [-122.00111656515551, 37.3868392966395], [-122.00110157109788, 37.38678676022557], [-122.00108962917972, 37.38674492236289], [-122.0010861932409, 37.38673288415427], [-122.00107597779967, 37.386697094574245], [-122.0010936914884, 37.38664328788385], [-122.00112656203879, 37.386543436685805], [-122.00113187119508, 37.38652730780678], [-122.00112615380395, 37.38650728816813], [-122.00111018010288, 37.38645135511152], [-122.00110092849303, 37.38641895787358], [-122.0010994789546, 37.386414268636756], [-122.0010978247533, 37.386409623474215], [-122.00109391066437, 37.38640048509133], [-122.00109349471064, 37.386399569404325], [-122.00109311920522, 37.386398643286554], [-122.00109278527734, 37.3863977067236], [-122.00109249296307, 37.38639676151738], [-122.00109224340977, 37.38639580855425], [-122.00109203550635, 37.38639484874973], [-122.00109187041808, 37.386393883891245], [-122.00109174816323, 37.386392914879764], [-122.00109166764884, 37.38639194353161], [-122.00109163226222, 37.38639096980354], [-122.00109163979953, 37.38638999642715], [-122.0010916891315, 37.386389023416974], [-122.00109178255279, 37.38638805254602], [-122.00109191895228, 37.38638708472976], [-122.0010920983663, 37.38638612176992], [-122.00109231966563, 37.38638516368113], [-122.00109258403364, 37.386384213151715], [-122.00109289034151, 37.38638327019617], [-122.00109323749611, 37.386382336630746], [-122.0010936266628, 37.38638141424305], [-122.00109405443624, 37.386380502175356], [-122.00109452427614, 37.38637960398814], [-122.00109503503523, 37.38637871879507], [-122.00109558223346, 37.386377848455616], [-122.00109616816525, 37.38637699474285], [-122.00109679170136, 37.38637615767134], [-122.00109745287811, 37.386375339042935], [-122.00109814943723, 37.386374538886464], [-122.00109888030406, 37.38637375991927], [-122.00109964658961, 37.386373001226026], [-122.00110044496074, 37.38637226555287], [-122.00110127652859, 37.38637155198442], [-122.001102137942, 37.38637086236601], [-122.00110303034828, 37.386370197583915], [-122.00110395037811, 37.386369558582665], [-122.00110489804972, 37.38636894626314], [-122.0011058744922, 37.386368360610916], [-122.00110687522526, 37.38636780348567], [-122.00110789910178, 37.38636727400092], [-122.00110894730524, 37.38636677484509], [-122.00111001641207, 37.386366304259546], [-122.00111110534746, 37.38636586496171], [-122.00111221298245, 37.38636545696595], [-122.00111333818779, 37.38636508028679], [-122.0011144787053, 37.386364734953126], [-122.00111563570042, 37.3863644227523], [-122.00111680352752, 37.38636414375674], [-122.0011179844268, 37.38636389703642], [-122.00111917504717, 37.38636368443681], [-122.00112037424134, 37.38636350507118], [-122.00112158202747, 37.38636335984066], [-122.0011227938891, 37.386363248802965], [-122.00112522871017, 37.38636312932056], [-122.00118229605184, 37.38636196986749], [-122.00118632744918, 37.38636188762239], [-122.00119657427582, 37.38633076019325], [-122.00120646237849, 37.38630072148071], [-122.00120653588469, 37.38630050155178], [-122.00120826869019, 37.38629523717651], [-122.00128214005, 37.386293735498484], [-122.00130301612597, 37.38629330874008], [-122.0013004643378, 37.38626267047298], [-122.00129582697437, 37.38620699965001], [-122.00129264011456, 37.38612050865131], [-122.00129387521251, 37.38611307158044], [-122.00130422038045, 37.38605077719603], [-122.00132051000486, 37.38595267201528], [-122.00132094423775, 37.385950059327584], [-122.00132111458473, 37.38594903880763], [-122.0013215089391, 37.38594826234467], [-122.00132169223798, 37.38594771748454], [-122.00161746511388, 37.385066224000134], [-122.00166388739372, 37.38492793927846], [-122.00197889549098, 37.383989523768065], [-122.00199885183227, 37.38391886936981], [-122.00182294788529, 37.38392208402324], [-122.0016474304728, 37.38393192431172], [-122.0014726912923, 37.38394836827496], [-122.00129912030513, 37.38397137921535], [-122.00112710486663, 37.38400090577996], [-122.00095702886173, 37.384036882074994], [-122.00083621908026, 37.384062052675084], [-122.0007138668574, 37.384081920847684], [-122.0005903374073, 37.38409642728732], [-122.00046599945898, 37.384105528692956], [-122.0003412241552, 37.38410919789735], [-121.99990744752799, 37.38411250375336], [-121.99929383074488, 37.384106730839584], [-121.99918915831408, 37.384108941946614], [-121.99908500458902, 37.38411753624461], [-121.99898197999313, 37.38413246336411], [-121.99888068833309, 37.384153635820354], [-121.99878172326059, 37.38418092952586], [-121.99868566479327, 37.38421418451756], [-121.99859307591585, 37.384253205894204], [-121.99850449928081, 37.384297764958546], [-121.99842045402826, 37.38434760055751], [-121.99834143274352, 37.38440242061259], [-121.99826994768898, 37.38446012090342], [-121.99820403202828, 37.3845218994344], [-121.99814405006757, 37.38458741477805], [-121.99809033332215, 37.38465630485391], [-121.99804317868428, 37.38472818892955], [-121.99800284678186, 37.384802669724564], [-121.99796956053778, 37.38487933560615], [-121.99794350393756, 37.38495776286389], [-121.99792482101198, 37.385037518051405], [-121.99791361504062, 37.385118160381786], [-121.99790994798055, 37.3851992441637], [-121.99791161583195, 37.38639349345233], [-121.9979119595302, 37.38664798088596], [-121.99791476860246, 37.38670556632418], [-121.99792301607391, 37.38676281837979], [-121.99793665491649, 37.386819410508174], [-121.9979563829896, 37.386876990475024], [-121.9979816913907, 37.3869331637685], [-121.99801242525585, 37.386987586632664], [-121.99804839651851, 37.38703992602277], [-121.99855388710453, 37.38771165526258], [-121.99863042660085, 37.38781336449587], [-121.99876367562537, 37.38799043327294], [-121.99881095381205, 37.38805795891044], [-121.99886501379171, 37.38812216291422], [-121.99891914550106, 37.38817673524735], [-121.99897816670912, 37.3882279787236], [-121.99904175693035, 37.38827561508205], [-121.99911700923833, 37.388323786793045], [-121.99919693270512, 37.388366903199476], [-121.99928099529734, 37.38840467728063], [-121.99936863742526, 37.388436857578576], [-121.99945927566816, 37.38846322987227], [-121.9995523066584, 37.38848361860383], [-121.9996471110983, 37.38849788804718], [-121.99974305788311, 37.388505943211825], [-121.99983950830283, 37.388507730475155], [-121.99989232213844, 37.38850687749925], [-122.00013943060371, 37.38850288508962], [-122.00030911070256, 37.38850014406172], [-122.0004746031976, 37.38849612531565], [-122.00056297341845, 37.38821208206661], [-122.00057836798103, 37.38816260109007], [-122.00058678304559, 37.38813555880225], [-122.00062221021766, 37.388118007313], [-122.00071308383166, 37.38807297931534], [-122.00068520844005, 37.388036944367244], [-122.00066025424063, 37.38800469936583], [-122.00063965754696, 37.38797808417721], [-122.00057222300308, 37.38789094542878], [-122.00060529264168, 37.38787354576811], [-122.00061706254309, 37.38786771589786], [-122.0006886156937, 37.38783227501157], [-122.00072916227106, 37.387812192336206], [-122.00077318865958, 37.3877895868568], [-122.00074503012546, 37.38775221638596], [-122.00072460193081, 37.38772510430555], [-122.00062898480762, 37.38759820637501], [-122.00079488589738, 37.3875157770275], [-122.00083033185533, 37.38749816575177], [-122.0008979785926, 37.38746455546496], [-122.00086208099427, 37.3874162067014], [-122.00085478095694, 37.38740678901919], [-122.00083852171674, 37.387385814746494], [-122.00078525927631, 37.38731710872709], [-122.00078161041435, 37.38731240077013], [-122.00076281310176, 37.387287588377774], [-122.00089316512134, 37.387223067946074], [-122.0010178673966, 37.38716134396095], [-122.00094529800623, 37.38706781235518], [-122.00097783208301, 37.386970924103146]]]]}}, {"type": "Feature", "properties": {"TRUSTEE_AREA": 4, "NAME": "TA #4"}, "geometry": {"type": "Polygon", "coordinates": [[[-121.9362488418081, 37.378715511239065], [-121.9363796033641, 37.378803278239545], [-121.9364411145611, 37.378850548444845], [-121.93662569467766, 37.37899239491353], [-121.93676702223036, 37.379127628961506], [-121.93683288116053, 37.37919828667464], [-121.93689541471403, 37.37927084276731], [-121.93695453748234, 37.379345198137024], [-121.93701016752186, 37.37942125052399], [-121.93706222837007, 37.37949889511797], [-121.93711065007868, 37.37957802438234], [-121.93715536474268, 37.37965853238133], [-121.93719631181726, 37.37974030703493], [-121.93723343379776, 37.37982323517247], [-121.93726668116481, 37.37990720312414], [-121.93732137165094, 37.38007780108081], [-121.93748258833406, 37.38059241152417], [-121.93753628452629, 37.380822363995264], [-121.93760587046079, 37.380771608166604], [-121.93780035394865, 37.380637766523435], [-121.93783561392213, 37.38061350168265], [-121.93788911815926, 37.3805766818823], [-121.93808171711915, 37.380444140660394], [-121.93812099936524, 37.38041700011341], [-121.93820300015652, 37.38035899956777], [-121.93823000037092, 37.38034200026868], [-121.93838720977006, 37.380223880684326], [-121.9384150002207, 37.38020300021496], [-121.9384150712835, 37.38020311910043], [-121.93856225566554, 37.38009256877256], [-121.93866914164941, 37.380012285633846], [-121.93928557553953, 37.379549276701354], [-121.93938210208725, 37.37947677372021], [-121.93975408175122, 37.37977483502608], [-121.93986843546273, 37.37986512698775], [-121.93992907891635, 37.37991458086768], [-121.94002138222413, 37.37999632328575], [-121.94010837752609, 37.38008169251081], [-121.94018984136939, 37.380170469284884], [-121.94026556450561, 37.38026242559737], [-121.94033535242838, 37.38035732527063], [-121.94039902587309, 37.38045492456649], [-121.94045642127742, 37.38055497281217], [-121.94126287275337, 37.382060468709376], [-121.94144211174134, 37.38238980286054], [-121.94157163371348, 37.38262287688701], [-121.94170560565586, 37.38285434379253], [-121.94184399630129, 37.3830841494848], [-121.94241328994774, 37.384011355182444], [-121.94343421953742, 37.385673843627316], [-121.94356843408423, 37.385892397171304], [-121.94364112483444, 37.386010765680275], [-121.94584961566353, 37.38506413805559], [-121.94660002685188, 37.384742453875845], [-121.95057085038924, 37.38304022881406], [-121.9506645877799, 37.383151544172975], [-121.95075274365774, 37.38326572644789], [-121.95083518048156, 37.383382597524495], [-121.95093814085513, 37.383535553915436], [-121.95217272031051, 37.385369607271265], [-121.95224774578242, 37.38548106157394], [-121.95228562772608, 37.385537335413076], [-121.95286985407192, 37.386405206280244], [-121.9531890361707, 37.386879330477115], [-121.953246039647, 37.38696640696242], [-121.95344247059258, 37.38727520836862], [-121.95353979942843, 37.38742816538341], [-121.95358778472053, 37.38750146007571], [-121.95406155694917, 37.38820469476954], [-121.95410193890326, 37.3882646009613], [-121.95427188932116, 37.388516846387276], [-121.95436293624128, 37.38865200440933], [-121.95438906013976, 37.38869077776147], [-121.95451120313187, 37.3888720609755], [-121.95472981796823, 37.38919652321654], [-121.95477556555781, 37.389264420328836], [-121.9548105288759, 37.38931631184141], [-121.95484611652296, 37.38936912831989], [-121.95492762243933, 37.38949007434693], [-121.95503359219099, 37.38944437675908], [-121.95511998406121, 37.38940677218947], [-121.95527091179326, 37.38934073949891], [-121.95536133440385, 37.389300955840085], [-121.95571760476956, 37.38914159539656], [-121.95607190980681, 37.3889794704117], [-121.95654534256515, 37.38875705769968], [-121.9570150757805, 37.38852970758535], [-121.95748102858398, 37.38829745922552], [-121.9578492538639, 37.388115410019054], [-121.958222063963, 37.38793940327684], [-121.95859930316422, 37.387769512499354], [-121.9589808139041, 37.38760580863253], [-121.95936643683874, 37.38744836003826], [-121.95975601090994, 37.38729723246582], [-121.95993423728822, 37.387226705835594], [-121.96010915070941, 37.38715108270586], [-121.96028052236947, 37.38707046200359], [-121.9604481280997, 37.38698494919298], [-121.96061174866003, 37.38689465613757], [-121.96072362932753, 37.386828758273516], [-121.96086425547317, 37.386740827010115], [-121.96100122842157, 37.386649297931875], [-121.9611344036742, 37.386554267605774], [-121.96126364074071, 37.38645583629242], [-121.96140681583626, 37.38633891179937], [-121.96154443466645, 37.386217814037856], [-121.96167630634378, 37.38609271100355], [-121.9618022479563, 37.385963776247735], [-121.96192208482141, 37.38583118863633], [-121.96203565072808, 37.38569513210179], [-121.96214278816717, 37.38555579538779], [-121.96224334855, 37.38541337178741], [-121.96233719241424, 37.385268058874814], [-121.96242418961722, 37.38512005823118], [-121.96250421951629, 37.38496957516492], [-121.96284118838307, 37.38430165392911], [-121.9629242358403, 37.38413701943939], [-121.9630089640455, 37.383969052629446], [-121.9637384320402, 37.38252302982982], [-121.96387003074706, 37.38226215721713], [-121.96394154473353, 37.38212039926902], [-121.96377942670212, 37.38207403333088], [-121.96387203672616, 37.38189044451623], [-121.96394523505413, 37.38174530027171], [-121.96398811523882, 37.38166032489543], [-121.96411532118367, 37.381408136370304], [-121.96414428556538, 37.38135073304115], [-121.96419485493975, 37.38124510509194], [-121.96424071343212, 37.38113811663196], [-121.96448662367874, 37.38052965033447], [-121.96460585768948, 37.380243823532446], [-121.96473180291686, 37.37995983577556], [-121.96486441478264, 37.379677787409], [-121.96500364635467, 37.379397778091615], [-121.96514944836333, 37.379119906760614], [-121.96515514997084, 37.37910935201849], [-121.96516378457785, 37.37909329004793], [-121.96524846441125, 37.37892957181708], [-121.96532643306259, 37.378763744234114], [-121.96539760823016, 37.37859598243784], [-121.96546191478886, 37.378426463608776], [-121.96549843759975, 37.37832018559763], [-121.96555689175526, 37.378129090990754], [-121.96560666655189, 37.377936437495784], [-121.96564769721778, 37.3777424760736], [-121.96567456881375, 37.37758406230881], [-121.96569560706486, 37.377425087765175], [-121.96571079390887, 37.377265689210894], [-121.96572011631787, 37.37710600377815], [-121.96572356630942, 37.37694616884506], [-121.96572457155945, 37.37662910699175], [-121.96572775260394, 37.375641064318955], [-121.96573120944163, 37.37455833076756], [-121.96573150140433, 37.37446714793046], [-121.96573202514006, 37.37430682009454], [-121.9657322892541, 37.374221597137144], [-121.96573257852219, 37.37412749268976], [-121.96573400240152, 37.37368265284919], [-121.96573076605362, 37.373304699920325], [-121.96571862688569, 37.37292686234248], [-121.96569758932374, 37.3725492736739], [-121.9656717278345, 37.37221736133], [-121.96563899188756, 37.371885835730325], [-121.96559939052885, 37.37155478755971], [-121.96555293468201, 37.3712243073712], [-121.9653834496884, 37.37010257076421], [-121.96537564243755, 37.370048167237755], [-121.96536033939668, 37.36991946599951], [-121.96534947903747, 37.36979047743613], [-121.96533039166954, 37.36950324025572], [-121.9652733442619, 37.368646446827015], [-121.96514493751351, 37.36671768948958], [-121.96513805904534, 37.366559313445435], [-121.96513850219941, 37.36640084266758], [-121.96514626632633, 37.366242492705645], [-121.965161340819, 37.366084478943485], [-121.96516141268422, 37.36608386494013], [-121.9651724440037, 37.3659991588286], [-121.96519029141884, 37.365887487546715], [-121.96521184502915, 37.365776233574834], [-121.96525264787402, 37.36560373828181], [-121.96530222420967, 37.36543271352666], [-121.96536049160383, 37.36526344347117], [-121.96542735318577, 37.36509620935974], [-121.96550269780757, 37.364931289052166], [-121.96558640022909, 37.364768956562024], [-121.96567832132654, 37.36460948160144], [-121.96577830832368, 37.364453129133196], [-121.96588619504625, 37.36430015893045], [-121.96600180219811, 37.36415082514534], [-121.96612493765947, 37.364005375886684], [-121.96621485452529, 37.36390669345351], [-121.96665466428426, 37.363438118088936], [-121.96670704953836, 37.3633823067572], [-121.96697054786051, 37.363101538051815], [-121.96723417913341, 37.362820627640346], [-121.96737012628364, 37.36267025780003], [-121.96749928271183, 37.362516121482656], [-121.96762148482532, 37.36235841397165], [-121.96773657784523, 37.36219733507367], [-121.96784441600245, 37.36203308886549], [-121.96794486272195, 37.361865883435286], [-121.9680377907958, 37.36169593061897], [-121.968123082544, 37.36152344573166], [-121.96820062996339, 37.361348647295], [-121.96827033486431, 37.36117175676004], [-121.96833210899467, 37.36099299822674], [-121.96838587415144, 37.36081259816003], [-121.96843156227955, 37.36063078510277], [-121.96846911555782, 37.36044778938628], [-121.96849848647183, 37.36026384283837], [-121.96851963787392, 37.360079178489755], [-121.96853346386543, 37.359872198918495], [-121.9685364579706, 37.35977100023922], [-121.9685369843851, 37.359669774214034], [-121.9685327632724, 37.35904222781197], [-121.9685280786365, 37.35834739018174], [-121.96852563436141, 37.357985121320354], [-121.96851123640458, 37.35585072161161], [-121.96851084115258, 37.355792175513535], [-121.96849377524383, 37.35326224367833], [-121.96848849683151, 37.35247919926875], [-121.96848832795094, 37.3524542019361], [-121.96779303202645, 37.352454417540876], [-121.96493540260713, 37.35245525781836], [-121.96189174829014, 37.35245784473949], [-121.96007982328013, 37.35245934633583], [-121.95947284610759, 37.352459831871876], [-121.95895489915272, 37.35246025957345], [-121.95728949203834, 37.35246158765698], [-121.95466225350513, 37.35246366189312], [-121.954504868691, 37.35246378399099], [-121.95449047770086, 37.35229899392453], [-121.95430381683322, 37.3519677338656], [-121.95377086991773, 37.3510218461056], [-121.95362062494236, 37.35075516395036], [-121.95326944667107, 37.35013189762828], [-121.95322851045502, 37.350085137019654], [-121.9526963073441, 37.3491421648523], [-121.95225847132703, 37.34832644472039], [-121.95218901990239, 37.34819705059988], [-121.95164770248557, 37.3472572761882], [-121.95146115390658, 37.34693340451124], [-121.95144586278923, 37.34690493603872], [-121.95114772283817, 37.34630625364886], [-121.95115876224942, 37.34616014786979], [-121.95106772701207, 37.345982709242406], [-121.95104213438525, 37.34592474782228], [-121.95102390285024, 37.345865038969286], [-121.95101321384175, 37.34580417694628], [-121.95101017372531, 37.345742767491785], [-121.9510148127392, 37.34568142179125], [-121.95102708469439, 37.345620750394104], [-121.95104686743488, 37.345561357137214], [-121.9510739640542, 37.34550383313525], [-121.95110810485592, 37.34544875089766], [-121.9511489500382, 37.34539665863099], [-121.95138148972369, 37.34513061283193], [-121.95218791631812, 37.344207839415525], [-121.95223749736391, 37.34414582114676], [-121.95228052917726, 37.34408076046168], [-121.95231672085231, 37.34401309721324], [-121.95234582772909, 37.34394328884818], [-121.95236765304713, 37.34387180731432], [-121.9523822100667, 37.34379802990272], [-121.95238901026913, 37.34372354026099], [-121.95238800630376, 37.34364885732364], [-121.95237920518805, 37.343574501370334], [-121.9523626682581, 37.34350099040121], [-121.95233851074052, 37.34342883652833], [-121.95230690094927, 37.34335854240813], [-121.9520097904656, 37.34277559796572], [-121.95188434525541, 37.342698020907875], [-121.95163087491215, 37.342200658574185], [-121.9514472144203, 37.34184027650845], [-121.95143564592045, 37.34181592768676], [-121.9513912556887, 37.341715051361945], [-121.95134461517804, 37.34160900630608], [-121.95132391440849, 37.341567603249516], [-121.95107840672392, 37.34112991943704], [-121.95025937613543, 37.339669808666805], [-121.95022585991987, 37.339602602086615], [-121.95019951963553, 37.339533388286966], [-121.95018054078493, 37.33946265476177], [-121.95016905702047, 37.33939089970745], [-121.95016514920376, 37.33931862851392], [-121.95016319281315, 37.338065699984945], [-121.95016316137435, 37.33804568885268], [-121.95016315778125, 37.33804348261384], [-121.95001250943237, 37.33804538529662], [-121.94999528244286, 37.33804548385841], [-121.94947734536935, 37.33804713010829], [-121.94940854610707, 37.338047362226455], [-121.9489031944288, 37.338048964909476], [-121.94871637811559, 37.33804955770242], [-121.94852993370489, 37.338050121926216], [-121.94834973977098, 37.33805072400443], [-121.94814606837065, 37.338051363934845], [-121.94793864021624, 37.33805200315081], [-121.94770888354083, 37.338052758783526], [-121.94750225848026, 37.3380534115698], [-121.94727571058628, 37.33805412577791], [-121.94707530725643, 37.33805474713883], [-121.94688714347073, 37.33805535350184], [-121.94669900843085, 37.338055935580854], [-121.946492613339, 37.338056583367525], [-121.94628621914529, 37.33805725329524], [-121.94607985279951, 37.3380579003676], [-121.94590097579585, 37.33805845887803], [-121.9456945519578, 37.338059105950386], [-121.94549509455399, 37.3380597351678], [-121.94528869946205, 37.33806038081163], [-121.94508918366756, 37.338061010028824], [-121.94488281732195, 37.33806167709945], [-121.94467642223005, 37.33806232202914], [-121.94448037483043, 37.338062929820126], [-121.94427398063691, 37.3380635733213], [-121.94406758374839, 37.33806419468136], [-121.94387153814539, 37.33806484746827], [-121.94364163684105, 37.338065550962625], [-121.94353132463903, 37.338066767992586], [-121.94353117282535, 37.33805271777576], [-121.94352744665304, 37.33770403557836], [-121.94130729849363, 37.3377076915508], [-121.94126983066703, 37.337707740829856], [-121.94072793013805, 37.33771529588917], [-121.94058270463452, 37.33772337457243], [-121.94043824685659, 37.33773776403029], [-121.94040438666326, 37.337742047962344], [-121.9402747817231, 37.337761836050554], [-121.94014656909486, 37.3377867444386], [-121.94002006585987, 37.337816711526095], [-121.93989558487303, 37.337851663202024], [-121.93977343398927, 37.33789151302789], [-121.93965391530237, 37.33793616245162], [-121.93925805656282, 37.33793469826162], [-121.93913363183002, 37.33793437185178], [-121.93802683210964, 37.33793138559696], [-121.93776224506095, 37.33793069492249], [-121.93589434962833, 37.33792635515645], [-121.93568767516051, 37.337925888752515], [-121.93568775961036, 37.33785268632836], [-121.93537033365322, 37.33795472557435], [-121.93519507507521, 37.33784358990942], [-121.93481264883748, 37.33788388936893], [-121.93477783642558, 37.33792812635596], [-121.93473216248381, 37.33798622213564], [-121.93471954474745, 37.33800227147873], [-121.93455786509031, 37.337989119733], [-121.93432723886801, 37.337789275070755], [-121.9342778953199, 37.33774700640567], [-121.93427553275096, 37.33774881197169], [-121.93426454006736, 37.33775721628035], [-121.934197891366, 37.337808184210616], [-121.93413293149689, 37.337860504136245], [-121.93406996139579, 37.337911976953926], [-121.93396603171423, 37.33799215014694], [-121.93384479868469, 37.338085640672055], [-121.93378778891584, 37.33803818904773], [-121.93353477488436, 37.33782934669176], [-121.93346765546575, 37.337881166644394], [-121.93338644058282, 37.33794393920494], [-121.9333240651669, 37.33799210724785], [-121.93308406592399, 37.337795098072306], [-121.9330336722454, 37.33775398217283], [-121.93275449653466, 37.337969111309235], [-121.93272688951112, 37.337990385923405], [-121.9326329455014, 37.338063759620546], [-121.93256355605277, 37.33800486181813], [-121.93232990071115, 37.33781120811281], [-121.93225818642274, 37.33775282792701], [-121.93215675497363, 37.337670256087115], [-121.93173817511162, 37.33800556098537], [-121.93192017823526, 37.338156496509065], [-121.93213504352074, 37.338334518587125], [-121.93220859396503, 37.33839519454127], [-121.93220561694841, 37.33839752004436], [-121.93218992877131, 37.33840977178739], [-121.93184554256128, 37.33867874754322], [-121.9318980373996, 37.338715441927825], [-121.93223226361162, 37.33892716440099], [-121.93219208915247, 37.33900882279652], [-121.93218240351626, 37.33902851156053], [-121.9321388352217, 37.33911712557625], [-121.93210376499036, 37.3391884440991], [-121.93206888789693, 37.33925934759625], [-121.93192027240167, 37.33956152537418], [-121.9318863106917, 37.33962954811407], [-121.93188670774698, 37.33962956882616], [-121.9319484089093, 37.33963503740344], [-121.93200917770835, 37.339645171536866], [-121.9320684620508, 37.33965987915644], [-121.93209524172265, 37.33966970381523], [-121.93213515745617, 37.33968434724001], [-121.93213643306379, 37.339684815046525], [-121.93209241112156, 37.33975973263759], [-121.93195423944482, 37.34000400777533], [-121.9319894156675, 37.34002049378448], [-121.93213209056327, 37.34008741981663], [-121.9321440094082, 37.34009297490235], [-121.93217001562978, 37.34010968586586], [-121.9318887163021, 37.34032480968283], [-121.93181817250559, 37.34037916261655], [-121.93182427206492, 37.34038423916536], [-121.93207393717786, 37.34059099823723], [-121.9321049515055, 37.340616682296854], [-121.9320858488203, 37.34073805973911], [-121.9320805137228, 37.34077278978232], [-121.9320594428273, 37.34090996429729], [-121.93181222647769, 37.34109818780878], [-121.93193171944935, 37.34119698523356], [-121.9320750716691, 37.34131552140318], [-121.93207430448672, 37.341505860778874], [-121.93212210832294, 37.34154537912159], [-121.93217972445463, 37.341592330024994], [-121.93208092864452, 37.341667553525134], [-121.93204256878771, 37.34169675959458], [-121.93194677874061, 37.341769712584146], [-121.93193634480919, 37.34177765579118], [-121.93197586528227, 37.34180850088595], [-121.93216736179984, 37.341966344240305], [-121.93226072098959, 37.34204325785853], [-121.93230019025867, 37.34207576046945], [-121.93211492171883, 37.34228920604281], [-121.93204787236533, 37.342370438698445], [-121.93189319863674, 37.34263807976304], [-121.9318418473398, 37.34272622530248], [-121.9318433358479, 37.34272668309204], [-121.9320287696477, 37.34278369605133], [-121.9320728346991, 37.34279724474667], [-121.9322133204036, 37.3428404411507], [-121.932166217239, 37.342928078672514], [-121.93215801292486, 37.34294591883171], [-121.9321546496321, 37.342953259148814], [-121.93214087306747, 37.34298332958887], [-121.93208701636641, 37.34310088093259], [-121.93200135121644, 37.34328784058891], [-121.93197734104335, 37.343340440227216], [-121.93197837051247, 37.343340755178076], [-121.9321092056177, 37.3433807610556], [-121.93207238097605, 37.343457593228244], [-121.93206881825759, 37.34346536699842], [-121.93199188832614, 37.34363325024005], [-121.93212633016653, 37.34367560201275], [-121.93216074551692, 37.34368644312586], [-121.93213008960754, 37.34374605706277], [-121.93208540650369, 37.34383649164278], [-121.93206329806462, 37.34388119147686], [-121.93204055721152, 37.34392722677875], [-121.93201748398145, 37.34397395193889], [-121.93214800467645, 37.34401507015185], [-121.93234384545663, 37.34407730197994], [-121.93219230414867, 37.34438172855682], [-121.93212951639717, 37.34451082143856], [-121.93233406454624, 37.34456949490035], [-121.93227717872529, 37.34469792329012], [-121.93227149328736, 37.34471085603004], [-121.93204227015319, 37.34522815450934], [-121.93214100845962, 37.34525647579311], [-121.93228022394696, 37.34529638923871], [-121.93207408572133, 37.345761696377274], [-121.93203229429385, 37.345853019075065], [-121.93231990964216, 37.34593594543329], [-121.93228173842486, 37.34602596388456], [-121.93211017096817, 37.346413251952946], [-121.93210992393143, 37.34641378113419], [-121.93209807874489, 37.34644052441804], [-121.93207522739834, 37.34649234128855], [-121.93210854590612, 37.34650194795452], [-121.93211356119939, 37.34650339695259], [-121.93221429466368, 37.34653242689998], [-121.93293736107937, 37.34674090587065], [-121.93245372429475, 37.347445967340185], [-121.93241523507737, 37.34750455636567], [-121.93237941295756, 37.3475642144039], [-121.93234630554605, 37.347624863611976], [-121.93231595686018, 37.347686425432194], [-121.93226368209109, 37.347811964828686], [-121.9322530550196, 37.34784186907302], [-121.93223369991472, 37.34790208315211], [-121.93223356696384, 37.34790261089466], [-121.93208730868558, 37.34786495905793], [-121.93208713531057, 37.34786786842718], [-121.93206369540603, 37.34936728397297], [-121.93204780779354, 37.349463695360306], [-121.93206103548339, 37.34947029807419], [-121.93209166263844, 37.349484779625215], [-121.9321074074071, 37.349492224279366], [-121.93216662523692, 37.349520222600326], [-121.93217751191769, 37.349525369942775], [-121.93281350822907, 37.349826072529574], [-121.93283595892005, 37.34983668709437], [-121.93271849342455, 37.34992576323527], [-121.93271679650731, 37.349927019356706], [-121.93264784542421, 37.34997661507589], [-121.9325766772997, 37.35002417269109], [-121.93250338735481, 37.35006963079322], [-121.93242807260815, 37.35011292725798], [-121.93235083187388, 37.35015400638905], [-121.93227177025506, 37.350192811061326], [-121.93219098926123, 37.35022929414736], [-121.93210859848702, 37.35026340280609], [-121.93210772612265, 37.35116312499702], [-121.93210750960453, 37.35137916263345], [-121.9321073478907, 37.35153227496484], [-121.93210261276528, 37.352484502345796], [-121.93210303763196, 37.35281081222473], [-121.93210416402245, 37.353676530319404], [-121.93210418917323, 37.35369536120414], [-121.93210419905381, 37.35370261978028], [-121.93210429516547, 37.35377448714366], [-121.93210442630877, 37.353869801767715], [-121.93210641321281, 37.35538515735301], [-121.93210681023407, 37.35569011290716], [-121.93211095955233, 37.35568491957515], [-121.93211421228366, 37.35629240352068], [-121.93211440451896, 37.356328319548005], [-121.93211501278014, 37.35643666773269], [-121.93211532364519, 37.3564920467231], [-121.93211489393913, 37.35649704956914], [-121.93210233746697, 37.35664342714497], [-121.9321022556881, 37.35670646619582], [-121.93210197252463, 37.35700277999667], [-121.9318015401051, 37.357407961651866], [-121.9321013065379, 37.35768445042929], [-121.93215107620154, 37.35773033139033], [-121.93217947934957, 37.35775653664714], [-121.93302732458895, 37.358538510364355], [-121.93325422841082, 37.35874394331714], [-121.93331480155318, 37.35879971730144], [-121.9351065090931, 37.3604481748003], [-121.93519344692729, 37.3605281614281], [-121.93667021319582, 37.36188682871124], [-121.93725144579953, 37.362421546890985], [-121.93726593925619, 37.36243488055001], [-121.93831043565605, 37.363395773408634], [-121.93935408299971, 37.36435584759707], [-121.93941800567947, 37.36441919531601], [-121.93947594975967, 37.36448610654173], [-121.93952760457381, 37.36455622254946], [-121.93957269317106, 37.364629167431865], [-121.93961097380135, 37.36470455011435], [-121.93964224121174, 37.364781966451424], [-121.93966632774726, 37.36486100139346], [-121.93968310425022, 37.36494123121168], [-121.93969248075311, 37.36502222576994], [-121.93969440696137, 37.36510355083063], [-121.93968887252363, 37.36518477038283], [-121.93967694771149, 37.36528922623512], [-121.93967625623235, 37.365295409589976], [-121.93967535082143, 37.365304200874185], [-121.93967113409839, 37.36538344702137], [-121.93967416123469, 37.36546272779801], [-121.93968441616781, 37.36554162192437], [-121.93970184442801, 37.365619710173945], [-121.93972635342729, 37.36569657760122], [-121.9397272725434, 37.36569904773757], [-121.93972950404303, 37.3657050263894], [-121.93973947546064, 37.36573024593371], [-121.93976874685944, 37.36579440082347], [-121.93977244883094, 37.365801709866204], [-121.93977621583934, 37.36580899558046], [-121.93978005019422, 37.36581626064186], [-121.93978386647164, 37.36582334929463], [-121.93978394847502, 37.36582350329002], [-121.93978766487979, 37.365830272350024], [-121.9398030780427, 37.36585711116356], [-121.9398073521313, 37.365864227536804], [-121.93981169011084, 37.36587131969466], [-121.93981609423895, 37.36587838760943], [-121.9398205610943, 37.365885429520695], [-121.93982509293481, 37.365892445400895], [-121.9398296874853, 37.365899434376615], [-121.93987236227052, 37.365959122138634], [-121.93991964282309, 37.36601655635771], [-121.93997134302276, 37.366071510930986], [-121.94004114222261, 37.36613577472923], [-121.94011697838856, 37.36619552207875], [-121.94019839426748, 37.366250392722755], [-121.94028489895898, 37.366300055808615], [-121.94028819741206, 37.36630716252225], [-121.94033902235186, 37.366327225559296], [-121.94034857819797, 37.36633099764351], [-121.94035999937783, 37.36633699975327], [-121.94050100009353, 37.36639299952943], [-121.94063324993797, 37.36643221951138], [-121.94066113065173, 37.36643891421129], [-121.94078150995487, 37.36646205960665], [-121.94082297375681, 37.36646794841221], [-121.94094621283911, 37.36647937473537], [-121.94132899258415, 37.36650189089434], [-121.9413530001304, 37.36650300038872], [-121.94135518079409, 37.36650343137805], [-121.94141112576875, 37.36650672228698], [-121.94141114951768, 37.36651450546129], [-121.94141235666937, 37.366915040386125], [-121.94141388832298, 37.36742318897083], [-121.94141595679727, 37.36810962700612], [-121.94141601483629, 37.36812878171028], [-121.94142074211143, 37.3696976906693], [-121.94142552570659, 37.36981842364846], [-121.94143913999693, 37.36993872727589], [-121.94146153850477, 37.37005819047265], [-121.9414926447357, 37.37017640502964], [-121.94153235243938, 37.370292967002484], [-121.94156544923561, 37.37037394209673], [-121.94160269951428, 37.37045375970614], [-121.94160302959585, 37.37045442251861], [-121.94160700280158, 37.370462366205], [-121.94160764861851, 37.370463650552296], [-121.94161101640418, 37.3704702967782], [-121.94161265717185, 37.37047352084111], [-121.94161344695283, 37.370475068364144], [-121.94157783326456, 37.37049234923612], [-121.9414786817797, 37.37054046009956], [-121.94137182816509, 37.37059230811856], [-121.94129241639317, 37.37063084086366], [-121.94127032721964, 37.37064155883551], [-121.94127032930894, 37.37064260327375], [-121.94126956987508, 37.37064192591234], [-121.93608488523702, 37.365872847150314], [-121.9360375105414, 37.36582926618616], [-121.93603283836671, 37.36582497433651], [-121.93603244455105, 37.365825397305905], [-121.93594048018333, 37.36592402195382], [-121.9358951544817, 37.36597263050131], [-121.93702819910077, 37.37015172442563], [-121.93711873851696, 37.370325882681], [-121.9377276065343, 37.37149698647922], [-121.9383323772976, 37.37266016939536], [-121.9383339267965, 37.37266314944243], [-121.93841889535797, 37.372826228432125], [-121.94150482909811, 37.373252400558805], [-121.9415477046891, 37.3732582826108], [-121.94306772495705, 37.37346690707295], [-121.9431022136077, 37.3734716400441], [-121.94312138039548, 37.373474270791], [-121.94319214658955, 37.37348398322452], [-121.94319424579716, 37.37348427820588], [-121.9432061609074, 37.37348591227624], [-121.94340053264564, 37.37351720931132], [-121.94340177838578, 37.37351284039008], [-121.94340193367962, 37.373512286958295], [-121.94340453178803, 37.37350298997439], [-121.9434047227136, 37.37350229371781], [-121.94340722063224, 37.37349312953916], [-121.9434074418586, 37.373492306744645], [-121.94340984941707, 37.37348325812797], [-121.9434101133068, 37.37348224736355], [-121.94341241475537, 37.37347337578235], [-121.94342311157182, 37.37342909363808], [-121.94342330163788, 37.37342823608119], [-121.943427079376, 37.37341111782198], [-121.94343068037286, 37.37339397531802], [-121.94354583753706, 37.3734104351886], [-121.9442952031441, 37.37351764821981], [-121.94566176392836, 37.37371317253337], [-121.94572363161993, 37.37391432842673], [-121.9457287461164, 37.37393108944542], [-121.94588279148417, 37.374437575669624], [-121.94620266693752, 37.375420438952474], [-121.94633815352425, 37.37575774478718], [-121.94648103572038, 37.37609319653962], [-121.94648662786037, 37.376105634137936], [-121.94663093483874, 37.37642659428923], [-121.94672765930345, 37.37663278438536], [-121.94674059918619, 37.37665965644922], [-121.94678784801671, 37.37675784432258], [-121.94695258010854, 37.37708686909285], [-121.94715159544546, 37.37746502809121], [-121.94718497715579, 37.37752843298493], [-121.94731232709428, 37.37772585193132], [-121.94738263949861, 37.37783485021205], [-121.94745078448098, 37.377940488516906], [-121.94746307747782, 37.377959544537774], [-121.9471602618597, 37.37789944017666], [-121.94621385891725, 37.377711598530865], [-121.9450410699918, 37.37747881067145], [-121.94170777482287, 37.37684841194238], [-121.94162661564158, 37.37683308763466], [-121.94157403546879, 37.37682315873985], [-121.94162359878256, 37.37673991972613], [-121.9415790656487, 37.37673110850549], [-121.94155995263999, 37.37672732603373], [-121.94152507631914, 37.37672042462164], [-121.93829853532276, 37.37608191616466], [-121.93824480764995, 37.37607128254389], [-121.93569862724107, 37.37556734025966], [-121.93516008291792, 37.37546545272037], [-121.93474045257284, 37.37538114590874], [-121.9343221384344, 37.3752927727344], [-121.93390520238749, 37.375200346272145], [-121.93348970611252, 37.3751038801964], [-121.93344383484461, 37.37561194329324], [-121.93344452127283, 37.37563941634975], [-121.93344642763903, 37.37566685176236], [-121.9334495511557, 37.37569421726518], [-121.93345388899276, 37.37572147619885], [-121.93345943587823, 37.375748595147364], [-121.93346618406326, 37.375775540708354], [-121.93347412521759, 37.37580227787167], [-121.93348324956554, 37.37582877360576], [-121.93349354530378, 37.37585499453595], [-121.93350499962408, 37.37588090845881], [-121.9335175992432, 37.37590648003506], [-121.93353132643468, 37.37593168103202], [-121.9335461638518, 37.375956476044664], [-121.93356209479026, 37.37598083657008], [-121.93357909788338, 37.376004730460615], [-121.93359715144837, 37.376028127889384], [-121.93361623416126, 37.37605100074567], [-121.93363632128923, 37.37607331770237], [-121.93365738713811, 37.37609505335488], [-121.93367940485763, 37.376116178818954], [-121.9337023487449, 37.376136667882804], [-121.9337261880366, 37.37615649410514], [-121.93375089255163, 37.376175634080674], [-121.93377643356264, 37.376194062519204], [-121.93380277582891, 37.37621175685701], [-121.93385773728144, 37.37624485442587], [-121.93647652082764, 37.377615157100884], [-121.93653910813764, 37.37764785082058], [-121.93637166417071, 37.37779595910653], [-121.93567985962797, 37.378407873073996], [-121.9357501665792, 37.3784445687449], [-121.93600623110878, 37.378572154064216], [-121.9362488418081, 37.378715511239065]]]}}, {"type": "Feature", "properties": {"TRUSTEE_AREA": 5, "NAME": "TA #5"}, "geometry": {"type": "MultiPolygon", "coordinates": [[[[-121.97332439909324, 37.35579101265975], [-121.97332649845573, 37.355790994808686], [-121.9733475172337, 37.35579081986644], [-121.97367244051783, 37.35578811361936], [-121.97381109815615, 37.35578749168686], [-121.97392625586984, 37.35578750883241], [-121.97393376937775, 37.35578750526255], [-121.97461956831474, 37.35578745532768], [-121.97546746103352, 37.35578739397909], [-121.97673007621196, 37.35578726768115], [-121.97678675271128, 37.35578726197289], [-121.97772171821912, 37.35578717635272], [-121.97772464313317, 37.35578716207186], [-121.97769189780205, 37.35531437514845], [-121.97768827669957, 37.35526208808633], [-121.97768052964231, 37.35515022971105], [-121.97765041547221, 37.35471505648089], [-121.9776420027644, 37.354594188623516], [-121.97763301072582, 37.354431652792485], [-121.97762854514146, 37.35426899758895], [-121.97762819301568, 37.354145396263924], [-121.97762944528512, 37.35398256216497], [-121.9776317405138, 37.35368255964231], [-121.97763265860529, 37.35356370239135], [-121.97763576232924, 37.35315958461617], [-121.97763718707785, 37.352973607832155], [-121.97764121518128, 37.35245102132871], [-121.9776480001648, 37.35236915618101], [-121.97765487318316, 37.35228622338154], [-121.97765148569334, 37.351780097665014], [-121.97764505655896, 37.35082014475384], [-121.97764483917102, 37.350781577482145], [-121.97763934067494, 37.34996726271062], [-121.97763366521464, 37.34911788301575], [-121.97763352418151, 37.34909688934404], [-121.97763203479974, 37.34887458229678], [-121.97763283517841, 37.34867181915224], [-121.97763796359158, 37.34846909633893], [-121.9776474185146, 37.348266472733144], [-121.97764855488528, 37.34824711631708], [-121.97765906873313, 37.34802837789981], [-121.97766460417088, 37.3478095231048], [-121.97766515941586, 37.34759062414319], [-121.97766355414659, 37.34741233122651], [-121.97766059333722, 37.347077568194074], [-121.97765792357839, 37.3467757648642], [-121.97765604073355, 37.34656285978205], [-121.97761446184072, 37.34188167056118], [-121.97761373331657, 37.341799142548346], [-121.97760381244942, 37.340674946358014], [-121.97759866501812, 37.3405292609927], [-121.97758580695857, 37.34038387970006], [-121.97756526131477, 37.340239062522414], [-121.97753706488085, 37.3400950684915], [-121.97750126813504, 37.33995215516519], [-121.97745793514896, 37.339810578166976], [-121.97757078689938, 37.33970589742827], [-121.97764658314206, 37.33967296527432], [-121.97776014904689, 37.339623623438904], [-121.97810946879267, 37.339453768601324], [-121.97816925885543, 37.33942559226773], [-121.97820779208547, 37.33940837406693], [-121.9782459417352, 37.33939203005668], [-121.97828441837123, 37.33937623098622], [-121.97832324804538, 37.339360931146835], [-121.97836237595992, 37.339346245526215], [-121.97840185870886, 37.33933205985149], [-121.97844158130793, 37.33931844268658], [-121.97848168838574, 37.339305392604025], [-121.9785220056693, 37.33929286675119], [-121.97856262299014, 37.3392809551191], [-121.97859067737303, 37.339273115924016], [-121.97869574701174, 37.33923690605948], [-121.97880587326654, 37.3391998305512], [-121.97882471273256, 37.33919279483735], [-121.97884624894094, 37.33918439711793], [-121.97886760638455, 37.33917570371321], [-121.97888872846961, 37.33916669319659], [-121.97890967358663, 37.33915740984932], [-121.97893041119293, 37.33914783295914], [-121.97895094308501, 37.339137959668776], [-121.97897095575098, 37.339127955675934], [-121.97901266632242, 37.339106141438876], [-121.97910623840423, 37.33926102576921], [-121.97915888685172, 37.339319578335065], [-121.9791766357596, 37.339346448420265], [-121.97919254940973, 37.33937054164118], [-121.97938520927926, 37.3392247716301], [-121.97940625231327, 37.339208848964304], [-121.97942440456913, 37.339194611124654], [-121.97944223522812, 37.33918010188084], [-121.979459774833, 37.339165345516264], [-121.97946490331469, 37.33916086311194], [-121.97947696499338, 37.33915034203079], [-121.97949380840407, 37.339135136419856], [-121.97949929711022, 37.33912998550965], [-121.97959097466486, 37.339109600419256], [-121.9795886336535, 37.339128925622326], [-121.97972984790809, 37.339024366780606], [-121.97980281268028, 37.33882192085965], [-121.9799574917909, 37.33862579023507], [-121.98023070808179, 37.33838602235859], [-121.98065383340716, 37.33815234890838], [-121.98067599214845, 37.338139272910034], [-121.98072337108906, 37.33811129820764], [-121.98079846036131, 37.338045181074506], [-121.9808413162862, 37.33800744360128], [-121.98085416578742, 37.33799615599556], [-121.98089939865518, 37.33795058701972], [-121.98096150727318, 37.337888015875095], [-121.9826292401268, 37.33787629340548], [-121.98323136819478, 37.33787204166157], [-121.98330550794064, 37.3378715181393], [-121.98382389057869, 37.337867857768416], [-121.98530667202131, 37.33785740731918], [-121.98628066842473, 37.33785050725043], [-121.98723694376531, 37.33784374431115], [-121.98747936039662, 37.33784202947119], [-121.98747933704051, 37.33784086171139], [-121.98747311447124, 37.33730508230537], [-121.98747146967197, 37.33716339011133], [-121.98747387289146, 37.3370177293603], [-121.98748446135731, 37.336872301518966], [-121.9875032136814, 37.336727399688456], [-121.98753009202242, 37.336583315908115], [-121.98756504216252, 37.33644034056685], [-121.98760799361683, 37.33629876181795], [-121.98765885977612, 37.336158864998396], [-121.98771753808143, 37.33602093205381], [-121.98817814299817, 37.33500869509098], [-121.98822781085497, 37.33489954285252], [-121.98923400851119, 37.33266994046384], [-121.98927596399257, 37.33256879892019], [-121.98931128221122, 37.33246605340784], [-121.98933986779919, 37.33236198144532], [-121.98936348832083, 37.33224603163337], [-121.98937875302879, 37.33212919184107], [-121.98938561184227, 37.3320118456995], [-121.98938602956278, 37.33197558089872], [-121.98938618771587, 37.331530502630045], [-121.9892736780788, 37.3314946102796], [-121.98916377122355, 37.33145389924977], [-121.98905679052746, 37.3314084893257], [-121.98895305075659, 37.331358514117994], [-121.98885285713932, 37.331304120669444], [-121.98865224541333, 37.331188744426356], [-121.98808970074069, 37.330865211999125], [-121.98797405096235, 37.33080288930717], [-121.98785384761455, 37.33074632717766], [-121.98772954009233, 37.330695737070485], [-121.98760159313142, 37.3306513081185], [-121.98747048507089, 37.33061320642054], [-121.9873367060654, 37.33058157442064], [-121.98723733804886, 37.33056257611403], [-121.98713700607509, 37.33054714299813], [-121.98703591063327, 37.33053530591215], [-121.98612601441627, 37.33044539954192], [-121.98549040884527, 37.330382589949366], [-121.9854791421768, 37.33038147635928], [-121.98522849877851, 37.330356702370445], [-121.98519264163137, 37.33035321945388], [-121.98509524360918, 37.33034375857737], [-121.98502857155779, 37.33033728203698], [-121.98437653580272, 37.33027394520083], [-121.98351681677377, 37.330195948741995], [-121.98331813371905, 37.33018117916831], [-121.98266484301614, 37.33013261391539], [-121.98181153526139, 37.330062627472486], [-121.98088716718551, 37.32998680369316], [-121.98062229404297, 37.32996405864746], [-121.9803566604736, 37.32994793199801], [-121.98009052573016, 37.32993843948411], [-121.97982414955406, 37.329935590370226], [-121.97893823025647, 37.32993816822077], [-121.97747976351073, 37.32994242035286], [-121.97580781396657, 37.32994728176862], [-121.97562734449262, 37.32995102097219], [-121.97544726338968, 37.32996118351713], [-121.97526792898894, 37.32997774918167], [-121.97508969813627, 37.33000068500293], [-121.97505428745075, 37.330006005826405], [-121.97503742697344, 37.33000864373763], [-121.97492391975476, 37.33002540782634], [-121.9748099304554, 37.33003993722713], [-121.97465332487971, 37.330056234159414], [-121.97449612291987, 37.33006832778215], [-121.97436737908684, 37.33007508005134], [-121.97419267688278, 37.330079734002275], [-121.9740178787024, 37.33007921397933], [-121.97384322477471, 37.33007352069716], [-121.97368540237153, 37.33006390980791], [-121.97352807294608, 37.33005007381265], [-121.97337141383827, 37.3300320283072], [-121.97321560163218, 37.330009793632264], [-121.97302885199356, 37.32998421618843], [-121.97284079320558, 37.32996574191679], [-121.97265184869582, 37.32995441241342], [-121.97247490845996, 37.32994941014932], [-121.97247173113206, 37.32983480400093], [-121.97246522198205, 37.32946205655323], [-121.97242401267282, 37.32946302014899], [-121.97239570496575, 37.3294636865942], [-121.97224863730088, 37.3294671366809], [-121.97224966766197, 37.3295237768251], [-121.97199094840747, 37.32952702689549], [-121.97173300170391, 37.32953026696595], [-121.97173095535521, 37.32941179078057], [-121.9717287625818, 37.329287266366904], [-121.97172854069932, 37.329274640266036], [-121.97172756962686, 37.329219555697456], [-121.97133568054181, 37.32922008211483], [-121.97124854846398, 37.32921931494153], [-121.97124691710115, 37.32942226247644], [-121.97029142329536, 37.329422786709245], [-121.96932197057072, 37.32942334094218], [-121.96856549309632, 37.329423759471716], [-121.9685368521146, 37.32942203513443], [-121.96850543099966, 37.32941595595737], [-121.9684757548632, 37.329405711845425], [-121.96844868248624, 37.329391599247465], [-121.96843658935057, 37.32954419782497], [-121.96840814147427, 37.329833816546326], [-121.9683921810963, 37.32994865484277], [-121.9683459735615, 37.32994871769801], [-121.96830358206971, 37.32994877483904], [-121.96827931049283, 37.32994880769535], [-121.96795049211433, 37.329949252681516], [-121.96772388133842, 37.32994955981497], [-121.96755189980152, 37.329949904810256], [-121.96743309223328, 37.3299500255188], [-121.96694909260779, 37.329950516923596], [-121.9648818583478, 37.329952478962284], [-121.96434477907684, 37.32995303465019], [-121.96429415362834, 37.329953076790396], [-121.96422903206836, 37.32995313035844], [-121.96411320061809, 37.32995320392328], [-121.96355510616286, 37.32995360603513], [-121.961550895897, 37.32995497520796], [-121.95987721260526, 37.329956083684465], [-121.95822486339983, 37.32995740573864], [-121.95735857139017, 37.3299580885488], [-121.95644747860726, 37.32995881778555], [-121.95554185925877, 37.32995951702201], [-121.95530770173733, 37.32995970129528], [-121.95468589607663, 37.32995899623566], [-121.95456779278761, 37.32995886193861], [-121.95445448200981, 37.329958871930806], [-121.95352953361419, 37.32995908615541], [-121.95302887203952, 37.32995919969389], [-121.95302457449989, 37.32995920040774], [-121.95251796158733, 37.32995931465987], [-121.95125556829272, 37.32995956386132], [-121.95125049100393, 37.3300644967671], [-121.95124988820966, 37.33028736165045], [-121.95124883714028, 37.3306523791934], [-121.95103651586342, 37.33065242203602], [-121.95076110501546, 37.330652466302844], [-121.95034939281005, 37.3306525498461], [-121.95020774468088, 37.33065315698635], [-121.95020773839238, 37.330655483443465], [-121.95020630732077, 37.331154625793864], [-121.95020555809778, 37.3314065568022], [-121.95020553384241, 37.33141459753481], [-121.95020512239685, 37.33156769128993], [-121.95020183533391, 37.33271582558193], [-121.95020123164356, 37.33291808939777], [-121.95019983021817, 37.33340050069316], [-121.9501997906908, 37.33341395108059], [-121.95019848808181, 37.33388007612022], [-121.95019779096323, 37.334114455725455], [-121.95019577237079, 37.33481686089854], [-121.95019059607779, 37.33662097866771], [-121.95019049456425, 37.336655634906066], [-121.95018896826741, 37.33718851058964], [-121.9501853282836, 37.337284579070904], [-121.95017740782698, 37.3373934500109], [-121.95016710144137, 37.337534488964785], [-121.9501636561805, 37.3375977577231], [-121.95016256403764, 37.33766108025336], [-121.95016315778125, 37.33804348261384], [-121.95016316137435, 37.33804568885268], [-121.95016319281315, 37.338065699984945], [-121.95016514920376, 37.33931862851392], [-121.95016905702047, 37.33939089970745], [-121.95018054078493, 37.33946265476177], [-121.95019951963553, 37.339533388286966], [-121.95022585991987, 37.339602602086615], [-121.95025937613543, 37.339669808666805], [-121.95107840672392, 37.34112991943704], [-121.95132391440849, 37.341567603249516], [-121.95134461517804, 37.34160900630608], [-121.9513912556887, 37.341715051361945], [-121.95143564592045, 37.34181592768676], [-121.9514472144203, 37.34184027650845], [-121.95163087491215, 37.342200658574185], [-121.95188434525541, 37.342698020907875], [-121.9520097904656, 37.34277559796572], [-121.95230690094927, 37.34335854240813], [-121.95233851074052, 37.34342883652833], [-121.9523626682581, 37.34350099040121], [-121.95237920518805, 37.343574501370334], [-121.95238800630376, 37.34364885732364], [-121.95238901026913, 37.34372354026099], [-121.9523822100667, 37.34379802990272], [-121.95236765304713, 37.34387180731432], [-121.95234582772909, 37.34394328884818], [-121.95231672085231, 37.34401309721324], [-121.95228052917726, 37.34408076046168], [-121.95223749736391, 37.34414582114676], [-121.95218791631812, 37.344207839415525], [-121.95138148972369, 37.34513061283193], [-121.9511489500382, 37.345396658631024], [-121.95110810485592, 37.345448750897695], [-121.9510739640542, 37.34550383313527], [-121.95104686743488, 37.34556135713722], [-121.95102708469439, 37.345620750394104], [-121.95101481273923, 37.34568142179125], [-121.95101017372532, 37.345742767491785], [-121.95101321384178, 37.34580417694626], [-121.95102390285024, 37.34586503896926], [-121.95104213438525, 37.34592474782224], [-121.95106772701207, 37.345982709242364], [-121.95115876224942, 37.34616014786979], [-121.95114772283817, 37.34630625364886], [-121.95144586278923, 37.34690493603872], [-121.95146115390658, 37.34693340451124], [-121.9516477024856, 37.34725727618824], [-121.95218901990239, 37.34819705059988], [-121.95225847132703, 37.34832644472039], [-121.9526963073441, 37.3491421648523], [-121.95322851045502, 37.350085137019654], [-121.95326944667107, 37.35013189762828], [-121.95362062494236, 37.35075516395036], [-121.95377086991773, 37.3510218461056], [-121.95430381683322, 37.3519677338656], [-121.95449047770086, 37.35229899392453], [-121.954504868691, 37.35246378399099], [-121.95466225350513, 37.35246366189312], [-121.95728949203834, 37.35246158765698], [-121.95719624514771, 37.35229686327646], [-121.95728949203834, 37.352461587656954], [-121.95895489915272, 37.352460259573576], [-121.95947284610759, 37.352459831871876], [-121.96007982328013, 37.35245934633583], [-121.96189174829014, 37.35245784473949], [-121.96493540260713, 37.35245525781836], [-121.96779303202645, 37.352454417540876], [-121.96848832795094, 37.3524542019361], [-121.96848849683151, 37.35247919926875], [-121.96849377524383, 37.35326224367833], [-121.96851084115258, 37.355792175513535], [-121.96887578976613, 37.35579356223517], [-121.96928375959067, 37.35579286748821], [-121.97014540461626, 37.35579140302199], [-121.97047890860664, 37.35579083679975], [-121.97053217420341, 37.35579076539798], [-121.97061817979397, 37.3557907154201], [-121.97068312797919, 37.355790746843084], [-121.97108523809376, 37.3557910117863], [-121.97190454193313, 37.355791600226425], [-121.97274879288233, 37.35579216796071], [-121.973139232985, 37.355792457180904], [-121.97317011256814, 37.35579229794865], [-121.97330915648182, 37.35579113976049], [-121.97332439909324, 37.35579101265975]]], [[[-121.94672984894896, 37.325859721041056], [-121.9471146081071, 37.32585751661457], [-121.94711443293785, 37.32583734721822], [-121.94723898614089, 37.32573745023809], [-121.94731551719492, 37.32579714772019], [-121.94948686618041, 37.32579541774115], [-121.94954006350518, 37.32579537417008], [-121.94957123593917, 37.32579534917033], [-121.94956880693766, 37.32541039711197], [-121.9500364742956, 37.32540934991623], [-121.95016620627446, 37.32540789552033], [-121.95016559452547, 37.3253759043134], [-121.9501578969077, 37.32497329498374], [-121.95013553258403, 37.32380455596586], [-121.95012622968665, 37.323317776865494], [-121.9498813633493, 37.32332724574599], [-121.9498300605707, 37.323329229531765], [-121.94914789531592, 37.32335560880421], [-121.9490490240554, 37.323359234908374], [-121.94889599696812, 37.32336024429366], [-121.94884154649374, 37.323360603614766], [-121.94883081791585, 37.32336067433599], [-121.94818482332313, 37.323360237099436], [-121.94783689328959, 37.32336469684824], [-121.94753666648543, 37.32336664346838], [-121.94685177664368, 37.323366175511396], [-121.94680904199546, 37.32336615336319], [-121.94670609328277, 37.32336596119204], [-121.94670608608678, 37.32345050967412], [-121.94670636995451, 37.32345050967401], [-121.94670513655691, 37.32354649642769], [-121.94670823122051, 37.323836221135736], [-121.94671155315532, 37.32414711682449], [-121.94672984894896, 37.325859721041056]]]]}}, {"type": "Feature", "properties": {"TRUSTEE_AREA": 6, "NAME": "TA #6"}, "geometry": {"type": "Polygon", "coordinates": [[[-121.99586774026065, 37.36066661942846], [-121.99603988529084, 37.360666772952584], [-121.99607836641682, 37.360666530192255], [-121.99613409968515, 37.360666178903784], [-121.99616388961233, 37.36066599112143], [-121.99618699248133, 37.3606658947318], [-121.99651790213758, 37.36066451671787], [-121.99669688604106, 37.36066371989649], [-121.99692256167103, 37.36066326437466], [-121.99711179175698, 37.36066288524923], [-121.9973010496908, 37.36066250469589], [-121.99749027887849, 37.360662125570734], [-121.9976797101871, 37.36066174358908], [-121.99786566950762, 37.36066135803743], [-121.99805165937097, 37.360660973199764], [-121.99823397871852, 37.3606605890759], [-121.99841635465991, 37.36066022708618], [-121.9985987306014, 37.360659864382534], [-121.99877760850346, 37.36065947740232], [-121.9989565726441, 37.36065913469077], [-121.99913364403461, 37.360658793406856], [-121.99930566779223, 37.36065840214216], [-121.99942116237423, 37.36065816938333], [-121.99947772029596, 37.36065805586009], [-121.99959990732577, 37.36065782024574], [-121.99960222947055, 37.360657813819614], [-121.99959712886654, 37.36039423972886], [-121.99959684949211, 37.360379812407615], [-121.99959680008543, 37.36037450230148], [-121.99959905306675, 37.3603126152979], [-121.99960240109743, 37.360220677570844], [-121.99960225736778, 37.360214933333246], [-121.99959468909572, 37.359919381192356], [-121.99958648032779, 37.359597673366764], [-121.99958586139597, 37.359532329866596], [-121.99958816557422, 37.359532320584314], [-121.99989016116093, 37.35953114104514], [-122.0005006462545, 37.359528761974175], [-122.00050172153777, 37.35952875769015], [-122.00050099480937, 37.35945201836126], [-122.0004932379011, 37.359067287346186], [-122.00048541272122, 37.35867921627798], [-122.00048263559515, 37.35854191142562], [-122.0004782154599, 37.358323411716086], [-122.00047813714308, 37.35831950160177], [-122.00047509203544, 37.3581677755636], [-122.00047441291308, 37.35813404464386], [-122.00047095172386, 37.35796232089609], [-122.00046924673129, 37.357877697726636], [-122.00046731626269, 37.35778112291936], [-122.00046681949725, 37.35775640796851], [-122.0004663227316, 37.35773169300975], [-122.00046442428429, 37.357638681735054], [-122.0004630690521, 37.35757205273037], [-122.00045970757556, 37.357405089630305], [-122.00045924808981, 37.35738227390315], [-122.000455880774, 37.357216157234745], [-122.00045159134315, 37.357002623411844], [-122.00044470310056, 37.35666109041876], [-122.00044454409988, 37.35665320305302], [-122.00044426831866, 37.35663947263684], [-122.00045896116835, 37.35657555037378], [-122.00047588723058, 37.35650190985409], [-122.0004758324337, 37.356499163623006], [-122.00047577224669, 37.356496205318756], [-122.00047405467777, 37.35641119705189], [-122.0004709878468, 37.35625945136852], [-122.00047097796536, 37.35625897652441], [-122.00046880674982, 37.35615088840213], [-122.00046726524944, 37.35607415775821], [-122.00046355702521, 37.35588952704721], [-122.00045991078437, 37.35570800845338], [-122.00045635078085, 37.35553363071415], [-122.00045284826953, 37.355359252569954], [-122.00044931701224, 37.355184874734526], [-122.00044581450089, 37.35501049577996], [-122.00044228414184, 37.35483611856242], [-122.00043878073218, 37.354661739511954], [-122.00043821569506, 37.354635034858894], [-122.0004352494749, 37.354487361484345], [-122.00043249166274, 37.35435005610406], [-122.00043125109639, 37.354288941754845], [-122.00042970510448, 37.354212750472975], [-122.00042683680012, 37.354069952664055], [-122.00045376020357, 37.35406960705525], [-122.00091199345619, 37.35406371885133], [-122.00091773279172, 37.35406364530222], [-122.00092242738671, 37.35406358603468], [-122.00102146034403, 37.35405939086926], [-122.00109438377147, 37.354056301799254], [-122.00130088666127, 37.3540544359436], [-122.00139079183809, 37.35405362762048], [-122.00154184981865, 37.35405231016843], [-122.00156441549524, 37.35405210380322], [-122.00157321359369, 37.354052023113695], [-122.00157398794141, 37.354052013116785], [-122.00157602082858, 37.354051896009096], [-122.00157529410227, 37.35395581184582], [-122.00157445328745, 37.353884038913456], [-122.00157440837211, 37.353879835876306], [-122.00157435537206, 37.35387493019009], [-122.00157408588076, 37.35384577169915], [-122.00157374003355, 37.353808647698145], [-122.00157345527086, 37.35377873369057], [-122.00157316062717, 37.35374689952343], [-122.00157306271213, 37.35373632978583], [-122.00157294054266, 37.35372318580595], [-122.00157278693251, 37.353706982011154], [-122.00157221561098, 37.353645757884586], [-122.00157215362795, 37.353639783925566], [-122.00157206020418, 37.35362948480767], [-122.00157169100298, 37.35357400393602], [-122.00157150505488, 37.35354619493344], [-122.00157099122345, 37.353502137094445], [-122.00157060584999, 37.353468677569886], [-122.00157021957828, 37.35343379772908], [-122.00156997074825, 37.35340566805357], [-122.00156913352843, 37.35331712302346], [-122.00156828732553, 37.353227810253465], [-122.0015681184442, 37.353210805153665], [-122.00156051968719, 37.35239768355144], [-122.00155791188575, 37.352330966303306], [-122.00130722536497, 37.352335634995185], [-122.00098258415119, 37.35234168115781], [-122.00098269104348, 37.3524062525629], [-122.0009834195282, 37.35284420196527], [-122.0009846502112, 37.3529218899253], [-122.00098479124622, 37.35292660215748], [-122.00098983237653, 37.353028804172816], [-122.00099856778448, 37.353130847389274], [-122.00100209905777, 37.35316307456214], [-122.00101099466201, 37.35326158899361], [-122.00101490272155, 37.35336030975552], [-122.0010149197893, 37.353361373732795], [-122.00093307788941, 37.35336191357024], [-122.00091584461158, 37.353362021394815], [-122.00091240406462, 37.35336206066885], [-122.00090432012642, 37.35336216420975], [-122.00089544926449, 37.35336227846198], [-122.00080413103801, 37.353363456684924], [-122.00076156886617, 37.3533640115208], [-122.0007039132032, 37.35336474558948], [-122.00064952830583, 37.35336545537967], [-122.00060346539989, 37.35336603735061], [-122.0005375838651, 37.353366895668096], [-122.00050287566268, 37.35336734482123], [-122.00041269021156, 37.35336850376402], [-122.00040799833744, 37.35313631006514], [-122.0004037996356, 37.35292873722325], [-122.00039363345955, 37.35242396546356], [-122.00039361908647, 37.35242324566317], [-122.00039345379741, 37.3524150308], [-122.00039178563348, 37.35234952537505], [-122.00031766654887, 37.35235050724109], [-122.00030725058467, 37.35235064505935], [-122.00030492846795, 37.352100439564246], [-122.00030481797587, 37.35209492392826], [-122.00029598399455, 37.351648800195214], [-122.00028878134421, 37.351285022961804], [-122.00028546927476, 37.351120073206545], [-122.0002834426873, 37.35101629156801], [-122.00027861786397, 37.350771794451234], [-122.00027525638768, 37.35060153491322], [-122.00027175836811, 37.350425942756374], [-122.00027164607936, 37.350420359871514], [-122.0002695350543, 37.35028098470873], [-122.0002694236638, 37.350275423950485], [-122.00026886311866, 37.350244644464084], [-122.00026773034976, 37.35018537345751], [-122.00026643768206, 37.35011671900684], [-122.00026601278132, 37.35009557422319], [-122.0002651162681, 37.35004806592155], [-122.00026385144798, 37.3499794106313], [-122.00026279503528, 37.34992533528917], [-122.0002625300341, 37.34991075742049], [-122.0002612086202, 37.34984208129523], [-122.00025957549282, 37.34975505026596], [-122.00025881552277, 37.3497157804739], [-122.00025629935665, 37.3495847891364], [-122.00025565257376, 37.3495482643127], [-122.00025435990592, 37.34947961070767], [-122.0002531103567, 37.3494145276205], [-122.00025306633981, 37.34941095703989], [-122.00025174582419, 37.349342303309164], [-122.0002504522581, 37.34927364951567], [-122.0002499204588, 37.34924426500471], [-122.00024876253715, 37.3491852231545], [-122.0002471024605, 37.34909679668923], [-122.00024667217008, 37.34907400343072], [-122.00024580889446, 37.34902814267112], [-122.00024448837884, 37.348959489304576], [-122.00024342657662, 37.34890376503689], [-122.00024319481255, 37.34889083516108], [-122.00024145927796, 37.348798678489885], [-122.00024000042299, 37.34872176322844], [-122.00023696232802, 37.34865909464913], [-122.00016916648313, 37.34866457696874], [-121.99990882487023, 37.34867887226822], [-121.99986427023526, 37.34868112746589], [-121.9998617226133, 37.348681256721875], [-121.99986260207346, 37.34859671378324], [-121.99986975717827, 37.348376098448185], [-121.99987191763358, 37.3483095518733], [-121.99987616128907, 37.34817813103419], [-121.9998778779752, 37.34812514058417], [-121.99988256539984, 37.34798016309823], [-121.9998864910506, 37.34785865810513], [-121.999888970409, 37.34778219535429], [-121.99989513287198, 37.34759217396594], [-121.99989855366788, 37.347486903479556], [-121.99989879801053, 37.347479117985316], [-121.9999043541089, 37.347307416995385], [-121.9999099093089, 37.34713571489881], [-121.99993427610733, 37.347135540651024], [-122.00017571537153, 37.347133869585626], [-122.00017552764417, 37.346950384503984], [-122.00017549800555, 37.34689892716035], [-122.00017542974153, 37.34682772093613], [-122.00017537135783, 37.346766921112504], [-122.00017524381104, 37.34664068367579], [-122.0001751557826, 37.34658345941486], [-122.00017506326868, 37.346471779499105], [-122.00017499769969, 37.346399973702425], [-122.00017491057395, 37.34630285137551], [-122.00017484141324, 37.34621651039426], [-122.00017473092973, 37.34613394786714], [-122.00017465368593, 37.34603304806598], [-122.00017457823506, 37.34596504255049], [-122.00017446775522, 37.34584956243671], [-122.00017442733696, 37.34579611471536], [-122.0001743096721, 37.3456660999262], [-122.00017424589613, 37.345627210066965], [-122.00017412463954, 37.345482660534195], [-122.00017409589638, 37.34545832860567], [-122.00017389469804, 37.345241286254385], [-122.00057432406399, 37.34525058102026], [-122.00067346212414, 37.34524812790225], [-122.00088387667053, 37.34524612572744], [-122.00109428526623, 37.345248493226414], [-122.00130454558297, 37.345255228797676], [-122.00118738738414, 37.34524529812192], [-122.00107143621514, 37.34522862587317], [-122.00095729986785, 37.34520529944407], [-122.00084557661978, 37.34517544110695], [-122.00075474528322, 37.34514819674137], [-122.00071373713084, 37.345134776829404], [-122.00067380349834, 37.345119429783985], [-122.00060097043563, 37.345081768015625], [-122.00052693167478, 37.34504563589694], [-122.00046331011102, 37.345012806296005], [-122.00001884106297, 37.34478345383657], [-121.99960157549711, 37.34456817562787], [-121.99917258332613, 37.34434684640141], [-121.99911836431083, 37.344413623186654], [-121.99906123804723, 37.34447883669942], [-121.99897645903322, 37.34456705706207], [-121.99888596188575, 37.344651579154416], [-121.99878999923824, 37.34473216700546], [-121.99868883898539, 37.34480859562716], [-121.99858276353547, 37.34488065164271], [-121.99847206902176, 37.34494813388238], [-121.99834650326888, 37.34501627050548], [-121.99821623067247, 37.345078520379445], [-121.9980816836953, 37.3451346768496], [-121.99797034318443, 37.34517541313608], [-121.99785675455679, 37.345211979985685], [-121.99770161911623, 37.345255825758436], [-121.99754444091327, 37.3452947591793], [-121.99737534759305, 37.34533066864234], [-121.99720451614002, 37.345360882904835], [-121.99703224735984, 37.345385348764175], [-121.99685884458998, 37.3454040231398], [-121.99668461316551, 37.345416873148956], [-121.99653646607676, 37.34542318593021], [-121.99638813144068, 37.34542528594334], [-121.99623979714792, 37.34542317052836], [-121.99587439308795, 37.34542632420676], [-121.99570239816002, 37.345427832495815], [-121.99571461161364, 37.346332868683405], [-121.99570239816002, 37.34542783249577], [-121.99570171176926, 37.34537689829027], [-121.99569833233545, 37.34512605966332], [-121.995689531615, 37.34447292675996], [-121.99568164986296, 37.34388805773433], [-121.99567748800358, 37.34357917271415], [-121.99566158346546, 37.342399332638074], [-121.99566124929494, 37.34237445907373], [-121.99566108849795, 37.34236258935012], [-121.99566026834295, 37.34230173734628], [-121.99565950028976, 37.34224478688207], [-121.99565881398277, 37.34219384624008], [-121.99564868556338, 37.34144176374256], [-121.99564867658033, 37.34144107169062], [-121.99562515439287, 37.33969604120627], [-121.9956014282894, 37.337936432121154], [-121.99560040063173, 37.33780203408587], [-121.9956004141126, 37.337748420649746], [-121.99560094412804, 37.337663061181054], [-121.99560527230041, 37.336855280097275], [-121.99560236586626, 37.33608051020614], [-121.99559254783927, 37.33530577647606], [-121.99557438614323, 37.334477134002654], [-121.99554831803506, 37.333648626052124], [-121.99551434529111, 37.33282030072383], [-121.99548532798099, 37.33223036027743], [-121.99548308219785, 37.332187875632236], [-121.99546922032516, 37.33193391082414], [-121.9954590370443, 37.33175543287725], [-121.9954443352463, 37.33150842375693], [-121.9954391447967, 37.33137078206828], [-121.99543916187156, 37.33130969044354], [-121.99544059648761, 37.33124857662634], [-121.99546745170476, 37.33047916928039], [-121.99525454472625, 37.33048083286093], [-121.99435095377807, 37.330437003570474], [-121.99434210986543, 37.33043657427755], [-121.99426928255835, 37.33043430923785], [-121.99426727838983, 37.33068009544554], [-121.99370029689958, 37.330706665719326], [-121.99272567616268, 37.3307523211677], [-121.99265506452379, 37.33075301750682], [-121.99258467373924, 37.33074850728451], [-121.99251510458296, 37.33073882899477], [-121.99244695081583, 37.33072406524025], [-121.99238079411784, 37.330704342027055], [-121.9921923563531, 37.33064010766486], [-121.99215931631431, 37.33070999136279], [-121.99207666413733, 37.33068115815977], [-121.99173252500538, 37.33057848183473], [-121.99167985587754, 37.33068991823585], [-121.9913365728402, 37.33058418545409], [-121.99127945167687, 37.33056657878549], [-121.99120037926393, 37.33073389442497], [-121.99110532315177, 37.33070101689756], [-121.99078460579088, 37.33059754844796], [-121.99073204176594, 37.33070854910157], [-121.99039448818209, 37.330608302846], [-121.99032764455418, 37.33058796757518], [-121.99026125365911, 37.33072822500832], [-121.99023305802918, 37.33079140257293], [-121.99020788564033, 37.330855389198256], [-121.99011211716322, 37.330831547528696], [-121.98966025746684, 37.33074618945324], [-121.98921295760479, 37.330778816205594], [-121.98916564514315, 37.330773786862615], [-121.98784143340903, 37.33063282512126], [-121.9873367060654, 37.33058157442064], [-121.98747048507089, 37.33061320642054], [-121.98760159313142, 37.3306513081185], [-121.98772954009233, 37.330695737070485], [-121.98785384761455, 37.33074632717766], [-121.98797405096235, 37.33080288930717], [-121.98808970074069, 37.330865211999125], [-121.98865224541333, 37.331188744426356], [-121.98885285713932, 37.331304120669444], [-121.98895305075659, 37.331358514117994], [-121.98905679052746, 37.3314084893257], [-121.98916377122355, 37.33145389924977], [-121.9892736780788, 37.3314946102796], [-121.98938618771587, 37.331530502630045], [-121.98938602956278, 37.33197558089872], [-121.98938561184227, 37.3320118456995], [-121.98937875302879, 37.33212919184107], [-121.98936348832083, 37.33224603163337], [-121.98933986779919, 37.33236198144532], [-121.98931128221122, 37.33246605340784], [-121.98927596399257, 37.33256879892019], [-121.98923400851119, 37.33266994046384], [-121.98822781085497, 37.33489954285252], [-121.98817814299817, 37.33500869509098], [-121.98771753808143, 37.33602093205381], [-121.98765885977612, 37.336158864998396], [-121.98760799361683, 37.33629876181795], [-121.98756504216252, 37.33644034056685], [-121.98753009202242, 37.336583315908115], [-121.9875032136814, 37.336727399688456], [-121.98748446135731, 37.336872301518966], [-121.98747387289146, 37.3370177293603], [-121.98747146967197, 37.33716339011133], [-121.98747311447124, 37.33730508230537], [-121.98747933704051, 37.33784086171139], [-121.98747936039662, 37.33784202947119], [-121.98723694376531, 37.33784374431115], [-121.98628066842473, 37.33785050725043], [-121.98530667202131, 37.33785740731918], [-121.98382389057869, 37.337867857768416], [-121.98330550794064, 37.3378715181393], [-121.98323136819478, 37.33787204166157], [-121.9826292401268, 37.33787629340548], [-121.98096150727318, 37.337888015875095], [-121.98089939865518, 37.33795058701972], [-121.98085416578742, 37.33799615599556], [-121.9808413162862, 37.33800744360128], [-121.98079846036131, 37.338045181074506], [-121.98072337108906, 37.33811129820764], [-121.98067599214845, 37.338139272910034], [-121.98065383340716, 37.33815234890838], [-121.98023070808179, 37.33838602235859], [-121.9799574917909, 37.33862579023507], [-121.97980281268028, 37.33882192085965], [-121.97972984790809, 37.339024366780606], [-121.9795886336535, 37.339128925622326], [-121.97959097466486, 37.339109600419256], [-121.97949929711022, 37.33912998550965], [-121.97949380840407, 37.339135136419856], [-121.97947696499338, 37.33915034203079], [-121.97946490331469, 37.33916086311194], [-121.979459774833, 37.339165345516264], [-121.97944223522812, 37.33918010188084], [-121.97942440456913, 37.339194611124654], [-121.97940625231327, 37.339208848964304], [-121.97938520927926, 37.3392247716301], [-121.97919254940973, 37.33937054164118], [-121.9791766357596, 37.339346448420265], [-121.97915888685172, 37.339319578335065], [-121.97910623840423, 37.33926102576921], [-121.97901266632242, 37.339106141438876], [-121.97897095575098, 37.339127955675934], [-121.97895094308501, 37.339137959668776], [-121.97893041119293, 37.33914783295914], [-121.97890967358663, 37.33915740984932], [-121.97888872846961, 37.33916669319659], [-121.97886760638455, 37.33917570371321], [-121.97884624894094, 37.33918439711793], [-121.97882471273256, 37.33919279483735], [-121.97880587326654, 37.3391998305512], [-121.97869574701174, 37.33923690605948], [-121.97859067737303, 37.339273115924016], [-121.97856262299014, 37.3392809551191], [-121.9785220056693, 37.33929286675119], [-121.97848168838574, 37.339305392604025], [-121.97844158130793, 37.33931844268658], [-121.97840185870886, 37.33933205985149], [-121.97836237595992, 37.339346245526215], [-121.97832324804538, 37.339360931146835], [-121.97828441837123, 37.33937623098622], [-121.9782459417352, 37.33939203005668], [-121.97820779208547, 37.33940837406693], [-121.97816925885543, 37.33942559226773], [-121.97810946879267, 37.339453768601324], [-121.97776014904689, 37.339623623438904], [-121.97764658314206, 37.33967296527432], [-121.97757078689938, 37.33970589742827], [-121.97745793514896, 37.339810578166976], [-121.97750126813504, 37.33995215516519], [-121.97753706488085, 37.3400950684915], [-121.97756526131477, 37.340239062522414], [-121.97758580695857, 37.34038387970006], [-121.97759866501812, 37.3405292609927], [-121.97760381244942, 37.340674946358014], [-121.97761373331657, 37.341799142548346], [-121.97761446184072, 37.34188167056118], [-121.97765604073355, 37.34656285978205], [-121.97765792357839, 37.3467757648642], [-121.97766059333722, 37.347077568194074], [-121.97766355414659, 37.34741233122651], [-121.97766515941586, 37.34759062414319], [-121.97766460417088, 37.3478095231048], [-121.97765906873313, 37.34802837789981], [-121.97764855488528, 37.34824711631708], [-121.9776474185146, 37.348266472733144], [-121.97763796359158, 37.34846909633893], [-121.97763283517841, 37.34867181915224], [-121.97763203479974, 37.34887458229678], [-121.97763352418151, 37.34909688934404], [-121.97763366521464, 37.34911788301575], [-121.97763934067494, 37.34996726271062], [-121.97764483917102, 37.350781577482145], [-121.97764505655896, 37.35082014475384], [-121.97765148569334, 37.351780097665014], [-121.97765487318316, 37.35228622338154], [-121.9776480001648, 37.35236915618101], [-121.97764121518128, 37.35245102132871], [-121.97821579821138, 37.35245080428724], [-121.98059168816638, 37.35244984329472], [-121.98342904530791, 37.35244864882859], [-121.98379213351112, 37.352448494611785], [-121.98379325636945, 37.352766332037895], [-121.98379854997434, 37.354256318287156], [-121.9837987035809, 37.35430367896921], [-121.98379872334385, 37.354303265522994], [-121.98413587898581, 37.35429920391884], [-121.98413782922795, 37.35429917964056], [-121.98413983606403, 37.3542991539344], [-121.98440330560899, 37.35429669041255], [-121.98472020783746, 37.354293727759924], [-121.98579164718043, 37.35428367659027], [-121.98672100450774, 37.35427493786962], [-121.98760948669934, 37.35426554291492], [-121.98771958959388, 37.35426437327597], [-121.98853793133868, 37.354255680245615], [-121.98853985283482, 37.3542556559676], [-121.98854012950272, 37.35437317038755], [-121.98853705354473, 37.354453774374356], [-121.98852741246988, 37.35453404765193], [-121.98851124713923, 37.3546136498285], [-121.98848862607997, 37.35469224335695], [-121.98845964519515, 37.354769494966206], [-121.98842442735726, 37.35484507707452], [-121.98840062020366, 37.354894877340385], [-121.98837000813562, 37.35497278158608], [-121.9883466502236, 37.355052270945954], [-121.98833067279439, 37.355132915596286], [-121.98832216226722, 37.35521427946499], [-121.98832116468586, 37.35529592258944], [-121.9883276854692, 37.35537740349559], [-121.98834168938136, 37.35545828158513], [-121.98836310072177, 37.355538119517995], [-121.98839180373389, 37.355616485577244], [-121.98842764323078, 37.35569295600366], [-121.98848384001782, 37.355800603503006], [-121.98881434446312, 37.356433600237715], [-121.98914730130835, 37.357071347162645], [-121.98927686078291, 37.35731948180255], [-121.98938942952829, 37.357535075447935], [-121.98948139452199, 37.357711207931324], [-121.98981552276982, 37.35835111394129], [-121.99028633143482, 37.359252815607746], [-121.99063633560299, 37.35992307558841], [-121.9921911071231, 37.35991428258946], [-121.99331062069906, 37.35990797076531], [-121.99515891759235, 37.359897459862275], [-121.99521441729895, 37.359896568059796], [-121.99532835599973, 37.35989117867187], [-121.99543423402478, 37.359881799724455], [-121.9955394022922, 37.35986825705105], [-121.99564360397073, 37.359850583724274], [-121.99574658459024, 37.35982882290411], [-121.99584946772852, 37.35980490405037], [-121.99591222222979, 37.359790314538415], [-121.99586920092446, 37.360636219771635], [-121.99586916139849, 37.36063711299725], [-121.99586774026065, 37.36066661942846]]]}}, {"type": "Feature", "properties": {"TRUSTEE_AREA": 7, "NAME": "TA #7"}, "geometry": {"type": "Polygon", "coordinates": [[[-122.00099856778448, 37.353130847389274], [-122.0009929739828, 37.35307075032703], [-122.00098479124622, 37.35292660215728], [-122.0009846502112, 37.3529218899253], [-122.0009834195282, 37.35284420196507], [-122.00098269104348, 37.35240625256278], [-122.00098258415119, 37.35234168115781], [-122.00130722536497, 37.352335634995185], [-122.00155791188575, 37.352330966303356], [-122.00157295057969, 37.35233068638181], [-122.00270232047116, 37.352309621565844], [-122.00338386858216, 37.352298644643874], [-122.00270232047126, 37.352309621565844], [-122.00157295057969, 37.35233068638176], [-122.00155791188575, 37.352330966303306], [-122.00156051968719, 37.35239768355144], [-122.0015681184442, 37.353210805153665], [-122.00156828732553, 37.35322781025326], [-122.00156913352843, 37.35331712302346], [-122.00156997074825, 37.35340566805338], [-122.00157021957838, 37.35343379772908], [-122.00157060584999, 37.3534686775696], [-122.00157099122355, 37.353502137094445], [-122.00157150505488, 37.35354619493325], [-122.00157169100298, 37.35357400393589], [-122.00157206020428, 37.35362948480767], [-122.00157215362795, 37.353639783925566], [-122.00157221561098, 37.353645757884586], [-122.00157278693251, 37.35370698201112], [-122.00157294054266, 37.35372318580591], [-122.00157306271213, 37.35373632978583], [-122.00157316062717, 37.35374689952343], [-122.00157345527096, 37.353778733690454], [-122.00157374003355, 37.353808647698145], [-122.00157408588076, 37.35384577169903], [-122.00157435537206, 37.35387493018993], [-122.00157440837211, 37.353879835876114], [-122.00157445328745, 37.353884038913456], [-122.00157529410237, 37.35395581184582], [-122.00157602082858, 37.354051896009054], [-122.00157398794141, 37.354052013116785], [-122.00157321359369, 37.354052023113695], [-122.00156441549524, 37.35405210380322], [-122.00154184981865, 37.35405231016843], [-122.00139079183809, 37.35405362762048], [-122.00130088666137, 37.3540544359436], [-122.00109438377147, 37.35405630179905], [-122.00102146034403, 37.35405939086911], [-122.00092242738671, 37.35406358603457], [-122.00091773279172, 37.35406364530222], [-122.00091199345619, 37.35406371885122], [-122.00045376020357, 37.35406960705521], [-122.00042683680012, 37.354069952664055], [-122.00042970510448, 37.35421275047276], [-122.00043125109639, 37.35428894175464], [-122.00043249166274, 37.35435005610406], [-122.0004352494749, 37.354487361484125], [-122.00043821569506, 37.354635034858894], [-122.00043878073228, 37.354661739511734], [-122.00044228414184, 37.35483611856242], [-122.00044581450089, 37.35501049577996], [-122.00044931701224, 37.35518487473448], [-122.00045284826953, 37.35535925256986], [-122.00045635078085, 37.35553363071415], [-122.00045991078437, 37.35570800845338], [-122.00046355702521, 37.35588952704716], [-122.00046726524954, 37.35607415775807], [-122.0004688067498, 37.356150888402], [-122.00047097796536, 37.35625897652441], [-122.0004709878468, 37.35625945136832], [-122.00047405467777, 37.3564111970517], [-122.00047577224679, 37.356496205318756], [-122.0004758324337, 37.35649916362281], [-122.00047588723058, 37.35650190985409], [-122.00045896116835, 37.35657555037375], [-122.00044426831866, 37.35663947263684], [-122.00044454409988, 37.35665320305302], [-122.00044470310067, 37.35666109041871], [-122.00045159134312, 37.357002623411645], [-122.0004558807741, 37.357216157234745], [-122.00045924853907, 37.35738227390316], [-122.00045970757556, 37.357405089630305], [-122.0004630690521, 37.35757205273037], [-122.00046442460224, 37.3576386817776], [-122.0004663227317, 37.357731693009704], [-122.00046681949725, 37.35775640796851], [-122.00046731626288, 37.357781122919235], [-122.00046924673129, 37.357877697726636], [-122.00047095172397, 37.35796232089605], [-122.00047441291308, 37.35813404464386], [-122.00047509203554, 37.3581677755636], [-122.00047813730694, 37.358319501680164], [-122.0004782154599, 37.358323411716086], [-122.00048263604441, 37.35854191142564], [-122.00048541272122, 37.35867921627798], [-122.0004932379011, 37.35906728734606], [-122.00050099480937, 37.359452018361154], [-122.00050172153777, 37.359528757690114], [-122.00050502374424, 37.359528744837995], [-122.00091650867618, 37.359527141892535], [-122.00091869787012, 37.35952713332447], [-122.00101299940272, 37.359512921477254], [-122.00101766704829, 37.35951292718973], [-122.00135273500524, 37.359513332063], [-122.00101766704809, 37.359512927189854], [-122.00101299940272, 37.35951292147747], [-122.00091869787012, 37.35952713332451], [-122.00091650867618, 37.35952714189273], [-122.00050502374424, 37.3595287448382], [-122.00050172153777, 37.35952875769015], [-122.0005006462545, 37.359528761974175], [-121.99989016116093, 37.35953114104514], [-121.99958816557422, 37.359532320584314], [-121.99958586139597, 37.359532329866596], [-121.99958648032779, 37.359597673366764], [-121.99959468909572, 37.359919381192356], [-121.99960225736778, 37.360214933333246], [-121.99960240109743, 37.360220677570844], [-121.99959905306675, 37.3603126152979], [-121.99959680008543, 37.36037450230148], [-121.99959684949211, 37.360379812407615], [-121.99959712886654, 37.36039423972886], [-121.99960222947055, 37.360657813819614], [-121.99959990732577, 37.36065782024574], [-121.99947772029596, 37.36065805586009], [-121.99942116237423, 37.36065816938333], [-121.99930566779223, 37.36065840214216], [-121.99913364403461, 37.360658793406856], [-121.9989565726441, 37.36065913469077], [-121.99877760850346, 37.36065947740232], [-121.9985987306014, 37.360659864382534], [-121.99841635465991, 37.36066022708618], [-121.99823397871852, 37.3606605890759], [-121.99805165937097, 37.360660973199764], [-121.99786566950762, 37.36066135803743], [-121.9976797101871, 37.36066174358908], [-121.99749027887849, 37.360662125570734], [-121.9973010496908, 37.36066250469589], [-121.99711179175698, 37.36066288524923], [-121.99692256167103, 37.36066326437466], [-121.99669688604106, 37.36066371989649], [-121.99651790213758, 37.36066451671787], [-121.99618699248133, 37.3606658947318], [-121.99616388961233, 37.36066599112143], [-121.99613409968515, 37.360666178903784], [-121.99607836641682, 37.360666530192255], [-121.99603988529084, 37.360666772952584], [-121.99586774026065, 37.36066661942846], [-121.99586766839528, 37.36066821024044], [-121.9958644424491, 37.360767521837175], [-121.99586358193744, 37.360866864436176], [-121.99586651124305, 37.361762349045165], [-121.99586656064872, 37.3617774622533], [-121.99587260700136, 37.363625671769995], [-121.99587789879506, 37.36524323381947], [-121.99588120615596, 37.36537119345279], [-121.99589029743657, 37.36549897444425], [-121.99590516082048, 37.36562641029331], [-121.99597126418587, 37.366100308860396], [-121.99605840517697, 37.36672472197132], [-121.99607566898379, 37.366848423239], [-121.9962473343148, 37.36683796959094], [-121.99644212407348, 37.36683565926139], [-121.99690550467201, 37.36683016259005], [-121.99815848003227, 37.36681530322731], [-121.99816060264203, 37.367789054816605], [-121.9981607275014, 37.36784613297488], [-121.99816080565081, 37.367882000636726], [-121.99817893812367, 37.36804751255091], [-121.99817908005522, 37.368067640626435], [-121.99818088384337, 37.368323309478974], [-121.9981827505127, 37.36858783238059], [-121.99818300832517, 37.36862353762483], [-121.9982313610362, 37.36862331987866], [-121.9982558149714, 37.36862320993459], [-121.99982590006957, 37.368616148531174], [-121.9998318864418, 37.368616122116045], [-121.99983239937146, 37.36869027905994], [-121.99983247842191, 37.368701425690894], [-121.99983553893318, 37.36913296317044], [-121.9998360868969, 37.369210170217], [-121.99983615876103, 37.3692202301728], [-121.99983701664286, 37.369302167609504], [-121.99984869294323, 37.3693021183494], [-121.99985584802339, 37.36930208836502], [-121.99986212365295, 37.3693020612363], [-121.99987277407735, 37.36930201483172], [-122.00003893453207, 37.369301300916646], [-122.00064487325263, 37.369298684417736], [-122.00076831792374, 37.36929814969514], [-122.001133124604, 37.369296569800774], [-122.00131082571343, 37.36929580448369], [-122.00131012503672, 37.3692138863162], [-122.00130637732522, 37.368683638162324], [-122.0013055859219, 37.36857379809284], [-122.00130537392295, 37.36854251921662], [-122.00130277693478, 37.368177269620006], [-122.00129407599209, 37.366944507689624], [-122.0012953857534, 37.366784738506375], [-122.0021132091703, 37.366776750167816], [-122.00270092646666, 37.36677100933003], [-122.00282505565406, 37.366769797050196], [-122.00285418262456, 37.36676951218566], [-122.00295948582125, 37.3667684776781], [-122.00297647565573, 37.366768310614944], [-122.0035699574405, 37.36676250980472], [-122.0036237548399, 37.366760881286304], [-122.00371542610509, 37.366752952865525], [-122.00381414363017, 37.36674381643646], [-122.0039134309348, 37.36674041018435], [-122.0040967563954, 37.36673940852353], [-122.0044287593014, 37.366737602964385], [-122.00604689707383, 37.366728802915205], [-122.00605384554154, 37.366728765076445], [-122.0060548094219, 37.36683364160825], [-122.00606111376271, 37.36714630911104], [-122.00606589367112, 37.36738332714616], [-122.00606703452493, 37.36743991441938], [-122.00606805590071, 37.36751629503354], [-122.00605687187713, 37.36751634215309], [-122.00604796238734, 37.367516378563494], [-122.00604718354822, 37.367516381419264], [-122.0060480342453, 37.36758280958676], [-122.00604958023223, 37.367703256718286], [-122.00605160322021, 37.36786085784997], [-122.00605540036509, 37.36815860905463], [-122.00605194992194, 37.368290501806904], [-122.00605125998915, 37.368529300349095], [-122.00605117105168, 37.3685675515095], [-122.00605063922768, 37.36875885128308], [-122.0061040997553, 37.368788746473115], [-122.00622291270601, 37.36885522635337], [-122.00623895481712, 37.36886278045996], [-122.00617947197378, 37.36893060602067], [-122.00602745637012, 37.36910394455317], [-122.00597718754643, 37.36916098886686], [-122.00611183590813, 37.369229678366885], [-122.00625084719941, 37.36929258874373], [-122.00639383240312, 37.36934954394068], [-122.00654039137804, 37.36940038456642], [-122.00669011397903, 37.36944496834114], [-122.00684258120495, 37.36948317049492], [-122.00686375539917, 37.369411989979135], [-122.00696636547976, 37.369120240757304], [-122.00706238189203, 37.36914139375278], [-122.00715131239454, 37.36916098895055], [-122.0071592543986, 37.36916223832557], [-122.00729520271577, 37.3691838610769], [-122.00734857610931, 37.369192352540324], [-122.00735627197525, 37.36919284943473], [-122.00752901258703, 37.36920420304264], [-122.00755663847261, 37.36920602141862], [-122.00776336414428, 37.36920746071182], [-122.00797670231408, 37.3692054267467], [-122.00821928782857, 37.369203130772036], [-122.00831833336198, 37.36920210700651], [-122.00832383729757, 37.3695714838085], [-122.0083238732299, 37.369573892589095], [-122.00833899367044, 37.369573782645865], [-122.00834129874721, 37.369573765511845], [-122.0083424333118, 37.3696401454528], [-122.0083501255522, 37.36992873713018], [-122.0083508963034, 37.3699569277217], [-122.00835857327235, 37.37024474215165], [-122.0083643170873, 37.37035411001794], [-122.00862573847368, 37.37035244875208], [-122.00878230761771, 37.370351453562904], [-122.0099662088305, 37.37034392967638], [-122.01066457519686, 37.37033953413913], [-122.01114932850918, 37.37033649931207], [-122.01115155092961, 37.37043580368325], [-122.01116549452266, 37.37092508450575], [-122.01116796847292, 37.37101175901944], [-122.01118313287152, 37.37154305301089], [-122.01120079188148, 37.37216200589016], [-122.01121909498079, 37.37280292445548], [-122.01122121588877, 37.372929565503625], [-122.01378817562131, 37.37344977798399], [-122.0137890712436, 37.373430823556234], [-122.01379656859531, 37.37331047271521], [-122.01380086255188, 37.37321917556691], [-122.01380631046499, 37.37299626699067], [-122.01380461318901, 37.372773320127486], [-122.01379577189827, 37.37255048083323], [-122.01377979244074, 37.372327894892], [-122.01375668533407, 37.37210570792098], [-122.01373872697363, 37.37196777615055], [-122.01371802188093, 37.37183008980663], [-122.01370439445154, 37.37172848422661], [-122.01398471009371, 37.37178753120878], [-122.01557334536068, 37.37213114645313], [-122.01565963302423, 37.37211351883866], [-122.01596744699053, 37.372179944385415], [-122.01615215944523, 37.37221980496812], [-122.01620563883955, 37.37223203549112], [-122.01620583467215, 37.37223207975293], [-122.01632438980987, 37.37226846076109], [-122.0164068479511, 37.37229376632946], [-122.0163960528943, 37.37232626512053], [-122.01661914496471, 37.37237296905176], [-122.01662350269115, 37.3723759902671], [-122.01663690735103, 37.37236436872708], [-122.01664655615488, 37.37235600327315], [-122.01666335105662, 37.372341441184524], [-122.01666348670204, 37.37234133124428], [-122.01666362683922, 37.37234122487355], [-122.01666377146815, 37.37234112350003], [-122.01666392148682, 37.37234102569592], [-122.0166640742003, 37.372340932175256], [-122.01666423140554, 37.37234084365197], [-122.01666439310222, 37.372340758698215], [-122.01666455749391, 37.372340678741594], [-122.0166647263772, 37.37234060378226], [-122.0166648979554, 37.37234053310649], [-122.01666507312687, 37.37234046742782], [-122.01666525009496, 37.372340406746524], [-122.0166654306563, 37.37234035106244], [-122.01666561301433, 37.372340301089686], [-122.01666579806705, 37.37234025611398], [-122.01666598491678, 37.372340216135825], [-122.01666617266467, 37.372340181868715], [-122.01666636131087, 37.37234015259893], [-122.01666655265197, 37.37234012904022], [-122.0166667448914, 37.37234011047892], [-122.01666693623254, 37.37234009834262], [-122.01666712937025, 37.37234009048992], [-122.01666732250804, 37.37234008906204], [-122.0166675156457, 37.37234009263151], [-122.01666770788526, 37.37234010191217], [-122.0166679001246, 37.37234011619016], [-122.0166680923641, 37.37234013546544], [-122.0166682828069, 37.37234016116573], [-122.01666847145309, 37.37234019186337], [-122.01666865920092, 37.372340228272314], [-122.01666884515218, 37.3723402703923], [-122.01666902840843, 37.3723403160817], [-122.01666921076642, 37.37234036819629], [-122.01666938953119, 37.37234042530809], [-122.01666956649923, 37.37234048813107], [-122.01666974077236, 37.372340555237685], [-122.01666991145207, 37.37234062662737], [-122.01667007853887, 37.37234070372845], [-122.01667024203215, 37.37234078439886], [-122.01667040283051, 37.37234087078053], [-122.01667055823906, 37.372340961445666], [-122.0166708582764, 37.37234115633987], [-122.01675807748393, 37.37240155423361], [-122.01688360983506, 37.37244007827912], [-122.01691788505002, 37.37243604047967], [-122.01691849231116, 37.37243550362909], [-122.01692873040982, 37.37242629435674], [-122.01701994983081, 37.37234423897609], [-122.01706410561809, 37.37230451982771], [-122.01718265715809, 37.37237972399146], [-122.01743056158065, 37.37251851700185], [-122.01749442280112, 37.37255048598997], [-122.01750626528906, 37.372556414182945], [-122.01751896476954, 37.37256256368328], [-122.01751937350312, 37.37256135362982], [-122.01759918072898, 37.37247427113546], [-122.01773426604207, 37.37253865845141], [-122.01787300424031, 37.37259789226602], [-122.01788934279547, 37.37260443226398], [-122.0179259868802, 37.37248702777829], [-122.01804991039761, 37.372089987428204], [-122.01816556851188, 37.37174051096747], [-122.01851018567557, 37.37069919167735], [-122.01852819061179, 37.37064745077109], [-122.0186188468092, 37.37038693449887], [-122.01863250210214, 37.37034766122395], [-122.01872379251012, 37.37008532341607], [-122.01878730700483, 37.369902752574625], [-122.01879346405883, 37.36988506731698], [-122.01879481153173, 37.369881197149176], [-122.01880519156684, 37.36985138378617], [-122.0188054610614, 37.36985055706489], [-122.01897544210635, 37.3693510408239], [-122.01897557685362, 37.3693506274606], [-122.0189771165663, 37.36934591483217], [-122.01898781819834, 37.369313211280755], [-122.0189976089385, 37.36928329131676], [-122.0190291487941, 37.36918690895762], [-122.01904470492278, 37.369139389181385], [-122.01908658259275, 37.36901146665942], [-122.01914398764524, 37.36883604751055], [-122.01920142144391, 37.3686606051058], [-122.01925882739475, 37.36848518585052], [-122.01931626029503, 37.36830974333925], [-122.01938022574522, 37.368114278737465], [-122.01951369386245, 37.36770656751308], [-122.01957596149637, 37.367517900941664], [-122.01970694936409, 37.367120864992394], [-122.01977159304239, 37.36692497963283], [-122.01980059246299, 37.36682631959759], [-122.01983729403985, 37.36670781515137], [-122.0199415758858, 37.36640785921712], [-122.02007527756226, 37.36602319528679], [-122.02036953066522, 37.365176881719506], [-122.02040707665722, 37.365068882123936], [-122.02045126748857, 37.364941768727704], [-122.02078178558561, 37.363990947439824], [-122.02079205063613, 37.36396128595552], [-122.02084267789759, 37.363815664346866], [-122.02084271383002, 37.36381566434675], [-122.02091518273309, 37.36360724713148], [-122.02104291420511, 37.363239712329495], [-122.02114610369938, 37.36294292834289], [-122.02116807020876, 37.36286151659814], [-122.02119108774735, 37.36277620781327], [-122.02119590361646, 37.36276219292199], [-122.02124569454638, 37.36261730439668], [-122.02129575137768, 37.36247162234638], [-122.02134578036122, 37.362325940013505], [-122.02139583719236, 37.362180258111756], [-122.02144751907646, 37.36202986212487], [-122.02153395947971, 37.361778252335405], [-122.02163328621779, 37.36148909524245], [-122.02169830449293, 37.36129988967331], [-122.0217343736545, 37.361194925440856], [-122.02183402468471, 37.360904870735666], [-122.02191550818326, 37.360667654454126], [-122.02209516588151, 37.36014473096433], [-122.02223678710735, 37.359732513824184], [-122.02226822545258, 37.35964301447659], [-122.02038897998072, 37.358086002324136], [-122.01963031517883, 37.35745741583648], [-122.01834513534119, 37.35639145556479], [-122.01817566550922, 37.35625089258471], [-122.01776604192446, 37.35591113627997], [-122.01751716553224, 37.35570511416942], [-122.01751442387464, 37.35570284418421], [-122.01737356088594, 37.35558623654665], [-122.0169839409808, 37.35526370465994], [-122.0157017264809, 37.35420226186384], [-122.01558075036439, 37.35409630985564], [-122.01545490688113, 37.35399403463506], [-122.01532437127088, 37.353895578606675], [-122.01517134202162, 37.353789015713645], [-122.01501282737976, 37.35368769168979], [-122.01484910857964, 37.35359178628892], [-122.01468047608456, 37.35350146965117], [-122.01450233685958, 37.35339816399515], [-122.01432107557129, 37.35329837953949], [-122.01413680141718, 37.35320217639078], [-122.01413304468221, 37.35303242507847], [-122.01413278420358, 37.35273803717552], [-122.01413407672361, 37.3526938437939], [-122.01413801959424, 37.352649750571494], [-122.01413843102299, 37.352646310822365], [-122.01413913440443, 37.35264042961516], [-122.01418572915628, 37.35225076932126], [-122.01419521896648, 37.352171406840434], [-122.01423796263576, 37.35183143786948], [-122.01425428025976, 37.35167746474206], [-122.01426456088345, 37.35152315966201], [-122.01426790354866, 37.35142724580955], [-122.01426891324175, 37.35133129822836], [-122.014267943127, 37.35074362478368], [-122.0142672326078, 37.350313344782606], [-122.0142536377352, 37.3482634474387], [-122.01424401245542, 37.346767328459805], [-122.01423800287701, 37.34542402379452], [-122.01423891201883, 37.3450036836679], [-122.01423930819617, 37.344820589739584], [-122.01424583299581, 37.34180421303545], [-122.01424649149477, 37.341499815278944], [-122.01424671518672, 37.34139657669857], [-122.01423703352387, 37.33800984148535], [-122.01423613614212, 37.337696024115715], [-122.01414354771805, 37.33751682205474], [-122.0141476611558, 37.33704369866486], [-122.0141705487228, 37.334411477527254], [-122.01417242981888, 37.33419454538716], [-122.01417607880627, 37.33391484816771], [-122.01418772825657, 37.33302273272562], [-122.01419113618692, 37.332987137898336], [-122.01420034510065, 37.33295220476102], [-122.01421351214013, 37.33290713187651], [-122.01422169392097, 37.33286131237521], [-122.01422482779691, 37.332815097139616], [-122.01422590758095, 37.33273246773687], [-122.01412675424979, 37.33273279201064], [-122.01412682701404, 37.33272729566592], [-122.01403156611225, 37.3324597256928], [-122.01397905421311, 37.33235945822317], [-122.01396395802998, 37.332333250631734], [-122.01395555878472, 37.33232047790077], [-122.0139466070757, 37.332307948022375], [-122.01393711188592, 37.332295675996626], [-122.01392708489367, 37.33228367539464], [-122.01391654047168, 37.332271961931035], [-122.01390548939997, 37.3322605498914], [-122.01389394694992, 37.33224945284739], [-122.01388192390121, 37.33223868508425], [-122.0133306557956, 37.33176192841807], [-122.01321240878839, 37.331650232166595], [-122.01315798257512, 37.3315913950507], [-122.01306932517036, 37.331482312837124], [-122.01302904023387, 37.33142579273841], [-122.01299153378596, 37.331368066165304], [-122.01295686242109, 37.33130922097273], [-122.01292507734306, 37.33124934501555], [-122.01289622795878, 37.33118852829154], [-122.01280904649674, 37.33098128405851], [-122.01235059311017, 37.3314043990714], [-122.01222360818907, 37.33131669809027], [-122.01151965512882, 37.331966454662236], [-122.01174481600661, 37.33212200657696], [-122.01151985631033, 37.33233459187307], [-122.01177899685449, 37.332513106318316], [-122.01154550675713, 37.33272857260581], [-122.01136778588379, 37.332737802451774], [-122.01114784689321, 37.33274922511649], [-122.01104400884843, 37.33274981295706], [-122.01093676529115, 37.332750420082824], [-122.00756764510515, 37.33276945668755], [-122.00594466361687, 37.33278196637343], [-122.00594510648882, 37.33275952172873], [-122.00582070690866, 37.332759928141975], [-122.00582950595772, 37.3322924190224], [-122.00582836414833, 37.33227683958638], [-122.00582438286995, 37.33226156073642], [-122.00564544298382, 37.33226257285754], [-122.00467498684043, 37.332268059881386], [-122.00466178520087, 37.33226813416553], [-122.00466043322587, 37.33236477393386], [-122.00466270503605, 37.332622810085745], [-122.00466408303427, 37.3327780563448], [-122.00466429413565, 37.33280135596984], [-122.00429586455058, 37.33280207950342], [-122.00422981323396, 37.33280395232555], [-122.00422936319416, 37.33266142236691], [-122.004137126889, 37.33266748655855], [-122.00387160289725, 37.33266936008434], [-122.00366523655131, 37.332670817905466], [-122.00345889984989, 37.33267227501237], [-122.00325253440226, 37.3326737321196], [-122.00304616895458, 37.332675189226386], [-122.00283980260878, 37.33267664561915], [-122.00263343805948, 37.33267810129751], [-122.00242707261181, 37.33267955697578], [-122.00222073591033, 37.332681011225596], [-122.00189402588211, 37.33263948679871], [-122.00182117971084, 37.332632873315056], [-122.00174286277937, 37.33281493839751], [-122.0016486331166, 37.3327872066983], [-122.0013396028334, 37.33270246656029], [-122.00131040758369, 37.33277032051473], [-122.00129353901735, 37.33280961059577], [-122.00101941995175, 37.332763244177336], [-122.00096347107323, 37.332893427726596], [-122.00063525098263, 37.33280238566675], [-122.00047004454298, 37.33276359627562], [-122.00014195201344, 37.33267168049965], [-122.00006568863122, 37.33284531705906], [-121.99975734376288, 37.33275896201185], [-121.99968894694757, 37.332741994413844], [-121.99968559353641, 37.332749626438165], [-121.999658650834, 37.33280165647784], [-121.99962460990962, 37.33285096280218], [-121.99958389540632, 37.33289693032037], [-121.99953701522207, 37.332938985591824], [-121.99948455417412, 37.33297660397989], [-121.99942531299305, 37.33290514598326], [-121.9991657493496, 37.33266247342032], [-121.99913694666894, 37.33268142742886], [-121.99905863334516, 37.33273294807977], [-121.9988453814135, 37.33273405090482], [-121.99881531300903, 37.33273420661452], [-121.99861495908648, 37.33273523515592], [-121.99860206107758, 37.332735309439805], [-121.99840170625667, 37.33273633726675], [-121.99838880824768, 37.33273641012184], [-121.99810598989285, 37.33273785150815], [-121.99793412962673, 37.3327546069503], [-121.9975901710445, 37.33275627904264], [-121.9975905043151, 37.332794340580584], [-121.99583439701273, 37.33281432013049], [-121.99551434529111, 37.33282030072383], [-121.99554831803506, 37.333648626052124], [-121.99557438614323, 37.334477134002654], [-121.99559254783927, 37.33530577647606], [-121.99560236586626, 37.33608051020614], [-121.99560527230041, 37.336855280097275], [-121.99560094412804, 37.337663061181054], [-121.9956004141126, 37.337748420649746], [-121.99560040063173, 37.33780203408587], [-121.9956014282894, 37.337936432121154], [-121.99562515439287, 37.33969604120627], [-121.99564867658033, 37.34144107169062], [-121.99564868556338, 37.34144176374256], [-121.99565881398277, 37.34219384624008], [-121.99565950028976, 37.34224478688207], [-121.99566026834295, 37.34230173734628], [-121.99566108849795, 37.34236258935012], [-121.99566124929494, 37.34237445907373], [-121.99566158346546, 37.342399332638074], [-121.99567748800358, 37.34357917271415], [-121.99568164986296, 37.34388805773433], [-121.995689531615, 37.34447292675996], [-121.99569833233545, 37.34512605966332], [-121.99570171176926, 37.34537689829027], [-121.99570239816002, 37.34542783249577], [-121.99587439308795, 37.34542632420676], [-121.99623979714792, 37.34542317052836], [-121.99638813144068, 37.34542528594334], [-121.99653646607676, 37.34542318593021], [-121.99668461316551, 37.345416873148956], [-121.99685884458998, 37.3454040231398], [-121.99703224735984, 37.345385348764175], [-121.99720451614002, 37.345360882904835], [-121.99737534759305, 37.34533066864234], [-121.99754444091327, 37.3452947591793], [-121.99770161911623, 37.345255825758436], [-121.99785675455679, 37.345211979985685], [-121.99797034318443, 37.34517541313608], [-121.9980816836953, 37.3451346768496], [-121.99821623067247, 37.345078520379445], [-121.99834650326888, 37.34501627050548], [-121.99847206902176, 37.34494813388238], [-121.99858276353547, 37.34488065164271], [-121.99868883898539, 37.34480859562716], [-121.99878999923824, 37.344732167005446], [-121.99888596188575, 37.344651579154416], [-121.99897645903322, 37.34456705706207], [-121.99906123804723, 37.34447883669942], [-121.99911836431083, 37.344413623186654], [-121.99917258332613, 37.34434684640141], [-121.99960157549711, 37.34456817562787], [-122.00001884106297, 37.34478345383657], [-122.00046331011102, 37.345012806296005], [-122.00052693167478, 37.34504563589694], [-122.00060097043563, 37.345081768015625], [-122.00067380349834, 37.345119429783985], [-122.00071373713084, 37.345134776829404], [-122.00075474528322, 37.34514819674137], [-122.00084557661978, 37.34517544110695], [-122.00095729986785, 37.34520529944407], [-122.00107143621514, 37.34522862587316], [-122.00118738738414, 37.345245298121874], [-122.00130454558297, 37.34525522879764], [-122.00109428526623, 37.345248493226386], [-122.00088387667053, 37.34524612572743], [-122.00067346212414, 37.34524812790225], [-122.00057432406399, 37.34525058102026], [-122.00017389469804, 37.34524128625435], [-122.00017409589638, 37.34545832860572], [-122.00017412463954, 37.345482660534195], [-122.00017424589613, 37.345627210066965], [-122.0001743096721, 37.34566609992614], [-122.00017442733696, 37.34579611471527], [-122.00017446775522, 37.34584956243671], [-122.00017457823506, 37.34596504255049], [-122.00017465368593, 37.34603304806598], [-122.00017473092973, 37.34613394786714], [-122.00017484141324, 37.346216510394214], [-122.00017491057395, 37.34630285137551], [-122.00017499769969, 37.346399973702425], [-122.00017506326868, 37.346471779499105], [-122.0001751557826, 37.34658345941486], [-122.00017524381104, 37.34664068367579], [-122.00017537135783, 37.34676692111247], [-122.00017542974153, 37.34682772093613], [-122.00017549800555, 37.346898927160304], [-122.00017552764417, 37.346950384503984], [-122.00017571537153, 37.347133869585626], [-121.99993427610733, 37.347135540651024], [-121.9999099093089, 37.34713571489881], [-121.9999043541089, 37.347307416995385], [-121.99989879801053, 37.347479117985316], [-121.99989855366788, 37.347486903479556], [-121.99989513287198, 37.34759217396594], [-121.999888970409, 37.34778219535429], [-121.9998864910506, 37.34785865810513], [-121.99988256539984, 37.34798016309823], [-121.9998778779752, 37.34812514058417], [-121.99987616128907, 37.34817813103419], [-121.99987191763358, 37.3483095518733], [-121.99986975717827, 37.348376098448185], [-121.99986260207346, 37.34859671378324], [-121.9998617226133, 37.348681256721875], [-121.99986427023526, 37.34868112746589], [-121.99990882487023, 37.34867887226822], [-122.00016916648313, 37.34866457696874], [-122.00023696232802, 37.34865909464913], [-122.00024000042299, 37.34872176322836], [-122.00024145927796, 37.348798678489885], [-122.00024319481255, 37.34889083516108], [-122.00024342657662, 37.34890376503677], [-122.00024448837884, 37.348959489304576], [-122.00024580889446, 37.34902814267112], [-122.00024667217008, 37.34907400343072], [-122.0002471024605, 37.34909679668918], [-122.00024876253715, 37.3491852231545], [-122.0002499204588, 37.349244265004614], [-122.0002504522581, 37.34927364951567], [-122.00025174582419, 37.349342303309164], [-122.00025306633981, 37.349410957039844], [-122.0002531103567, 37.3494145276205], [-122.00025435990592, 37.34947961070767], [-122.00025565257376, 37.34954826431274], [-122.00025629935665, 37.3495847891364], [-122.00025881552277, 37.3497157804739], [-122.00025957549282, 37.34975505026591], [-122.0002612086202, 37.34984208129523], [-122.0002625300341, 37.34991075742044], [-122.00026279503528, 37.34992533528917], [-122.00026385144798, 37.34997941063125], [-122.0002651162681, 37.35004806592155], [-122.00026601278132, 37.35009557422319], [-122.00026643768206, 37.35011671900684], [-122.00026773034976, 37.35018537345751], [-122.00026886311866, 37.350244644464], [-122.0002694236638, 37.350275423950485], [-122.0002695350543, 37.35028098470873], [-122.00027164607936, 37.350420359871386], [-122.00027175836811, 37.35042594275625], [-122.00027525638768, 37.35060153491322], [-122.00027861786397, 37.350771794451184], [-122.0002834426873, 37.35101629156801], [-122.00028546927476, 37.351120073206545], [-122.00028878134421, 37.35128502296169], [-122.00029598399455, 37.351648800195214], [-122.00030481797587, 37.35209492392826], [-122.00030492846795, 37.3521004395642], [-122.00030725058467, 37.35235064505935], [-122.00031766654887, 37.35235050724109], [-122.00039178563348, 37.35234952537505], [-122.00039345379741, 37.3524150308], [-122.00039361908647, 37.35242324566317], [-122.00039363345955, 37.35242396546338], [-122.00040335317551, 37.35290656566626], [-122.0004037996356, 37.35292873722321], [-122.00040799833744, 37.35313631006499], [-122.00040809355833, 37.3531410022893], [-122.00041269021156, 37.35336850376402], [-122.00050287566268, 37.353367344821045], [-122.0005375838651, 37.353366895668096], [-122.00060346539989, 37.353366037350405], [-122.00064952830583, 37.35336545537967], [-122.0007039132032, 37.353364745589445], [-122.00076156886617, 37.35336401152076], [-122.00080413103801, 37.35336345668481], [-122.00089544926446, 37.353362278461695], [-122.00090432012652, 37.35336216420975], [-122.00091240406462, 37.35336206066885], [-122.00091584461158, 37.35336202139476], [-122.00093307788941, 37.35336191357024], [-122.0010149197894, 37.35336137373259], [-122.00101490272155, 37.35336030975552], [-122.00101099466201, 37.35326158899357], [-122.00100209905777, 37.35316307456205], [-122.00099856778448, 37.353130847389274]]]}}]}