{"type": "FeatureCollection", "features": [{"type": "Feature", "properties": {"DISTRICT": 1}, "geometry": {"type": "Polygon", "coordinates": [[[-121.471163982517, 36.9779789435847], [-121.47114498225, 36.977973943827], [-121.471087982349, 36.9779589438342], [-121.471068982082, 36.9779549437399], [-121.471030982447, 36.9779449435033], [-121.470917982469, 36.9779169435515], [-121.47088098266, 36.977907943693], [-121.470659981828, 36.977852943418], [-121.470563982467, 36.9778329436344], [-121.470471982406, 36.9778149438964], [-121.470160982061, 36.9777529437296], [-121.47000598225, 36.9777059435579], [-121.469621982111, 36.9775869434973], [-121.469311981591, 36.9774919439667], [-121.469241982169, 36.9774549439361], [-121.469033981757, 36.9773449441268], [-121.46896498216, 36.977308943698], [-121.467951981658, 36.9767769441471], [-121.46708398182, 36.9770779441894], [-121.463573981036, 36.9782989439018], [-121.463918981715, 36.9788559442333], [-121.463957981175, 36.9789199442408], [-121.463990981685, 36.9789719440728], [-121.464599981956, 36.979954944547], [-121.464874981417, 36.9803989442093], [-121.465960981714, 36.9821529441985], [-121.46562198178, 36.9825489442968], [-121.464606981629, 36.9837409449314], [-121.46426898152, 36.9841379449587], [-121.464208982144, 36.9842069448949], [-121.464030981868, 36.9844179448003], [-121.463971982317, 36.9844879447791], [-121.463928981761, 36.9845379445195], [-121.46366898147, 36.9848819450574], [-121.461950981337, 36.9854739451613], [-121.460806981314, 36.9856419452534], [-121.460058981127, 36.9857529448288], [-121.459636981352, 36.9860559450755], [-121.457559981194, 36.987552945123], [-121.456959981144, 36.9874529452674], [-121.45665998067, 36.9866529452771], [-121.454359980929, 36.9876529455649], [-121.454021980821, 36.9877539454112], [-121.453359980847, 36.9879519458504], [-121.452734980683, 36.9878629457059], [-121.452681980979, 36.9878819461889], [-121.452667980736, 36.9878749458604], [-121.452666980911, 36.9878539455888], [-121.452603980263, 36.9878609459191], [-121.452577980324, 36.9878609459191], [-121.45255998078, 36.987852946054], [-121.452194980908, 36.9887639458269], [-121.452082980755, 36.9888149458667], [-121.451984980845, 36.988844945874], [-121.450619979991, 36.9889489462864], [-121.449131980012, 36.9882159463519], [-121.449185980439, 36.9879099460613], [-121.449346980097, 36.9869949457697], [-121.449401980349, 36.9866899458577], [-121.449472979595, 36.9865819463038], [-121.449687979681, 36.9862599458336], [-121.449759979651, 36.9861529459439], [-121.449593979969, 36.9860469461797], [-121.449096979852, 36.985728946001], [-121.448931979995, 36.9856229456459], [-121.448242979359, 36.9844569456268], [-121.447358979627, 36.9829599456493], [-121.445912978582, 36.9823429458547], [-121.445220978471, 36.9820469460369], [-121.44462497862, 36.9817929461043], [-121.444272978267, 36.981642945678], [-121.444030978418, 36.981539945659], [-121.443976978889, 36.9815149458842], [-121.442750977953, 36.9809269457688], [-121.440440978166, 36.979820946225], [-121.439071977114, 36.9791679458248], [-121.43784497725, 36.9785839462917], [-121.437827977532, 36.9785839462917], [-121.43780797744, 36.9785659460137], [-121.437795976847, 36.9785609462946], [-121.437777977303, 36.9785509461376], [-121.437729977623, 36.9785209463766], [-121.437709977531, 36.9785149462794], [-121.43770297696, 36.9785049461164], [-121.437668977523, 36.9784619457594], [-121.437622977492, 36.9784049458495], [-121.437537977104, 36.9783129463204], [-121.437492976898, 36.9782649461163], [-121.436767977175, 36.9775149457222], [-121.436622976511, 36.9773649461916], [-121.436412976449, 36.9771349458109], [-121.436302976844, 36.9769849462489], [-121.436192977239, 36.9767749462219], [-121.435832976491, 36.9761549460074], [-121.435672976657, 36.9758749458986], [-121.435152976075, 36.9748949456575], [-121.435134976532, 36.9748659455958], [-121.434802976271, 36.9743149459121], [-121.434632976392, 36.9740549455565], [-121.43457597649, 36.973987945895], [-121.433863976288, 36.9735379456551], [-121.433474976125, 36.9732929457135], [-121.432771976144, 36.9727489456921], [-121.432027975256, 36.9721719460389], [-121.431841975483, 36.9720279459161], [-121.431444975823, 36.9717199456159], [-121.43120197525, 36.9715209455282], [-121.431182975882, 36.9715049459493], [-121.431144975349, 36.9714729460638], [-121.431033975021, 36.971378945829], [-121.430996975211, 36.9713479456422], [-121.428965975083, 36.9696269460906], [-121.424709973761, 36.9660199460054], [-121.423084973514, 36.9646429460178], [-121.422875973277, 36.9644659454874], [-121.421555973527, 36.9633479460186], [-121.420845972974, 36.9627459459645], [-121.420386972492, 36.9623569459841], [-121.41900997284, 36.9611899456028], [-121.418550972358, 36.9608019454584], [-121.418499972304, 36.9607589458665], [-121.418348972691, 36.9606299455093], [-121.418298972463, 36.9605879457132], [-121.418289972242, 36.9605809457448], [-121.41825897228, 36.9605539457586], [-121.418259972105, 36.9605719459898], [-121.418263972303, 36.9606259459399], [-121.418265971952, 36.9606449460462], [-121.41782697246, 36.9606549456847], [-121.416509972184, 36.9606859459193], [-121.416071971618, 36.9606969461616], [-121.415753971601, 36.9606959462702], [-121.412749971155, 36.960690946095], [-121.402785970313, 36.9606739472193], [-121.399464969674, 36.9606689470426], [-121.396286969151, 36.9606639475833], [-121.386754967231, 36.960648947768], [-121.383577966532, 36.9606439483074], [-121.38354496692, 36.9606439483074], [-121.383477966973, 36.9605779482193], [-121.383456967057, 36.960553947912], [-121.382987966528, 36.960553947912], [-121.38158096674, 36.9605539486298], [-121.381111966212, 36.9605539486298], [-121.38101996615, 36.9605539486298], [-121.380743966864, 36.9605539486298], [-121.380652966627, 36.9605549485231], [-121.380285966206, 36.9605539486298], [-121.379184965841, 36.9605539486298], [-121.378818966143, 36.9605539486298], [-121.378750966371, 36.9605539486298], [-121.378546966157, 36.9605539486298], [-121.37847996621, 36.9605549485231], [-121.378388965973, 36.9605539486298], [-121.378117965811, 36.9605539486298], [-121.378027966298, 36.9605539486298], [-121.377968965848, 36.9605539486298], [-121.377791966296, 36.9605539486298], [-121.377733965672, 36.9605539486298], [-121.376804965734, 36.9605539486298], [-121.374017965921, 36.9605539486298], [-121.37308996491, 36.9605539486298], [-121.372977965656, 36.9605539486298], [-121.372641965197, 36.9605539486298], [-121.372530964869, 36.9605539486298], [-121.372494964884, 36.9605539486298], [-121.372059965589, 36.9605539493476], [-121.370756964659, 36.9605539493476], [-121.370404965205, 36.9605539493476], [-121.370355964801, 36.9605539493476], [-121.370322965189, 36.9605509489498], [-121.370262964915, 36.960548949163], [-121.37008296499, 36.9605439489781], [-121.37002396454, 36.9605429490846], [-121.364483964351, 36.9603579491871], [-121.363058964121, 36.9603109497584], [-121.353599961996, 36.9599969500211], [-121.353525962376, 36.9600459501613], [-121.353365962542, 36.9601159503071], [-121.353310962291, 36.9601319501262], [-121.3532299621, 36.9601569504651], [-121.353111962099, 36.960198950499], [-121.352859962204, 36.9601949501892], [-121.35140796221, 36.960276950398], [-121.350146962011, 36.9603299506611], [-121.346363961415, 36.9604929508056], [-121.345103961042, 36.9605469508118], [-121.345055961361, 36.9605479507052], [-121.344956960729, 36.9605529508898], [-121.344912961246, 36.9605529508898], [-121.34486596139, 36.9605529508898], [-121.344815961162, 36.9605529508898], [-121.344782960651, 36.9605529508898], [-121.34468696129, 36.9605529508898], [-121.344654960605, 36.9605529508898], [-121.343481961168, 36.9605529508898], [-121.341276960065, 36.9605529508898], [-121.339963959988, 36.9605529508898], [-121.339912959934, 36.9605529508898], [-121.338791960376, 36.9605529516077], [-121.338768959911, 36.9605529516077], [-121.338700960139, 36.9605529516077], [-121.338678960398, 36.960553951501], [-121.32861295855, 36.9606109518595], [-121.324542957899, 36.9606329523642], [-121.31498495604, 36.9606869529889], [-121.310757955928, 36.9607109532542], [-121.301931954363, 36.9607609535434], [-121.282670951777, 36.9608689552907], [-121.282137951675, 36.9608719549583], [-121.268002949001, 36.9609519560974], [-121.26794394945, 36.9609519560974], [-121.267767948824, 36.9609539565914], [-121.267709949098, 36.9609549564795], [-121.262044948338, 36.960990956748], [-121.25837694737, 36.9610139570302], [-121.253210947275, 36.9610479574971], [-121.250592946618, 36.9610639578382], [-121.244208945084, 36.9611049582036], [-121.236488943906, 36.9611539583487], [-121.230380943455, 36.9611929588957], [-121.221048941551, 36.9612529598639], [-121.21992294197, 36.9612529598639], [-121.21654494143, 36.9612529598639], [-121.215418940951, 36.9612529598639], [-121.215957940901, 36.9617659597159], [-121.216538941583, 36.962076959716], [-121.216573941743, 36.9620829596735], [-121.217961941265, 36.9623449597496], [-121.219725942327, 36.9629759596816], [-121.220602942386, 36.9635179594988], [-121.220787942334, 36.9636329598948], [-121.221507942034, 36.9646199597516], [-121.222701942286, 36.9653679597998], [-121.222733942971, 36.9654099598302], [-121.222889942606, 36.9655729598657], [-121.223342942343, 36.9659849601386], [-121.223547943281, 36.966178959812], [-121.223894942712, 36.9664369601657], [-121.223982942576, 36.9665279598815], [-121.22425694311, 36.9668889596622], [-121.22435494302, 36.9669879601798], [-121.224615943136, 36.9671929601897], [-121.224734942961, 36.9673019597951], [-121.224845943289, 36.9674379596699], [-121.226099943815, 36.9674389594728], [-121.227299943914, 36.9674249593599], [-121.228449943785, 36.967567959777], [-121.229354944331, 36.9676539598583], [-121.23025994398, 36.9682939598487], [-121.231160944328, 36.9684719591633], [-121.232140944319, 36.9688969595973], [-121.232890945055, 36.9695789597862], [-121.233630944847, 36.9704709596653], [-121.2341009452, 36.9708869597325], [-121.236340945565, 36.9723379595184], [-121.237370945785, 36.9731259597077], [-121.239221945987, 36.9752659594539], [-121.239562946469, 36.9761609599261], [-121.239788946425, 36.9763739592688], [-121.239945946784, 36.9765219599504], [-121.240418946612, 36.9769659595502], [-121.240576946796, 36.9771149594737], [-121.240979947202, 36.9774949594849], [-121.24198994733, 36.9786189593786], [-121.242669946848, 36.9792379599631], [-121.242903947199, 36.9794019594549], [-121.243889947038, 36.9800959594656], [-121.244819947699, 36.9816169599548], [-121.245899948148, 36.98304095977], [-121.246580948388, 36.9852329596808], [-121.246650948708, 36.9870529603161], [-121.246441948471, 36.9879489601658], [-121.246020948522, 36.9897559603147], [-121.245449948784, 36.9910509608703], [-121.24538794886, 36.9911289607245], [-121.245205949285, 36.9913629605245], [-121.245144949186, 36.9914419602638], [-121.245146948836, 36.9922829609028], [-121.245149949209, 36.9929269604296], [-121.24473994913, 36.9934829611117], [-121.244399949371, 36.9938449609143], [-121.243733949199, 36.9940439607358], [-121.242927949285, 36.9942869609691], [-121.242774949124, 36.9944819611262], [-121.242318949015, 36.9950669607499], [-121.242166948679, 36.9952629612142], [-121.242159949006, 36.9958219610448], [-121.242111949326, 36.9959999612577], [-121.241989949127, 36.9964589611984], [-121.241689948653, 36.9970409610036], [-121.241529948819, 36.9973859610856], [-121.241249949335, 36.9975449617256], [-121.240865949196, 36.9976509612501], [-121.240149948795, 36.9978509612772], [-121.238276948851, 36.9980629614777], [-121.235749948431, 36.9983509619133], [-121.234233947964, 36.9989349617994], [-121.233149948216, 36.9993509619313], [-121.233263948019, 36.9996549619127], [-121.233925947993, 37.0014199620748], [-121.23445994792, 37.0015569620241], [-121.23463894802, 37.0016029624544], [-121.234958948586, 37.002159962181], [-121.23518894874, 37.002645962371], [-121.235099948153, 37.002923962125], [-121.235048948998, 37.0030879622051], [-121.234920948951, 37.0034469620554], [-121.234896948662, 37.0035109621784], [-121.23482894889, 37.0037039622679], [-121.23480694825, 37.0037689622175], [-121.234955949111, 37.0041669624849], [-121.235249948839, 37.0049509621798], [-121.235384948558, 37.0053699624605], [-121.235516948803, 37.00577596237], [-121.236171949104, 37.0060589622205], [-121.236538949525, 37.0062179626579], [-121.236988948888, 37.0065889621458], [-121.236592949053, 37.0076789628568], [-121.236349949379, 37.0083509627881], [-121.236406949281, 37.0084219629591], [-121.236577949883, 37.0086349623566], [-121.236634949784, 37.0087069629576], [-121.237458949242, 37.008869962781], [-121.237533949585, 37.0088919629636], [-121.237878949366, 37.0089939625533], [-121.23817894984, 37.009090962859], [-121.238198949932, 37.00925896243], [-121.238078949383, 37.0096039630236], [-121.237838950082, 37.0099659628319], [-121.237228949986, 37.0102749624774], [-121.236832949253, 37.0104389631974], [-121.236698949359, 37.0104949628198], [-121.235925949955, 37.0104689625647], [-121.235824949673, 37.0104879631382], [-121.235523949374, 37.0105459626322], [-121.235423949815, 37.01056596314], [-121.235008949713, 37.0108019632832], [-121.233763949408, 37.0115139633841], [-121.233349949131, 37.0117509633908], [-121.233600949201, 37.012034963167], [-121.234354949237, 37.012888963147], [-121.23460695003, 37.0131739628937], [-121.235368949563, 37.0133209630701], [-121.235535949968, 37.0134779635495], [-121.235688950128, 37.0136209634847], [-121.236468950103, 37.0144789631833], [-121.236938950456, 37.0151159633886], [-121.237438950049, 37.0158139634256], [-121.23745895014, 37.0158409631708], [-121.237776950157, 37.0167609636067], [-121.23805695054, 37.0170779632591], [-121.238896950789, 37.018028963606], [-121.239177950996, 37.0183459637067], [-121.239742950886, 37.0184119631789], [-121.239989950758, 37.0184419637025], [-121.240249951049, 37.0186719632589], [-121.24043995102, 37.0190349634687], [-121.240769951631, 37.0196359637358], [-121.240771951281, 37.019653963618], [-121.24083495103, 37.0202209634615], [-121.241006951458, 37.0204149632624], [-121.241522951842, 37.0209999634453], [-121.241694951371, 37.0211949632225], [-121.241839952034, 37.0212389636179], [-121.242275952052, 37.0213709632169], [-121.242421951642, 37.0214159633212], [-121.242979951859, 37.0216529632872], [-121.243390951763, 37.0222099631201], [-121.243560951642, 37.0229439636194], [-121.243730952419, 37.0230319637934], [-121.244315952401, 37.0233589638238], [-121.2443809518, 37.0233949632542], [-121.245160952673, 37.0245709634774], [-121.246001952747, 37.0255799634836], [-121.246521953329, 37.0265349639638], [-121.247011952875, 37.0274809634657], [-121.24714195347, 37.0278699639468], [-121.246981952738, 37.0282579634323], [-121.246811952858, 37.0285499637933], [-121.246941953453, 37.0288859640182], [-121.247241953029, 37.0292749637583], [-121.247791953748, 37.0298059635501], [-121.247811953839, 37.0300799641381], [-121.247604953252, 37.0307839639532], [-121.247511953366, 37.0311049640681], [-121.247691953291, 37.0317319636703], [-121.248101953369, 37.0325809641046], [-121.248473953813, 37.0334929639738], [-121.248510953623, 37.0335309643581], [-121.248621953951, 37.0336459643297], [-121.248659953586, 37.0336849642868], [-121.248079953628, 37.033545964146], [-121.247401953761, 37.0333839638415], [-121.246428953442, 37.0328929639902], [-121.245896953165, 37.0326259640224], [-121.245213953274, 37.0322449644493], [-121.244552953125, 37.0319999643012], [-121.244186953427, 37.0319679640508], [-121.243550953393, 37.0319129641492], [-121.243009952894, 37.032155964522], [-121.242789952786, 37.0320799645096], [-121.242258953232, 37.0319449644228], [-121.241116952859, 37.0317189643087], [-121.240646952506, 37.0317819646144], [-121.240325952115, 37.031910964804], [-121.239524952224, 37.032257964438], [-121.238983952624, 37.0325979648416], [-121.238949952289, 37.032637965], [-121.238733952379, 37.0329059645852], [-121.23863395282, 37.0332599644284], [-121.238863952974, 37.0340379651568], [-121.238753952471, 37.0343499647933], [-121.238692952371, 37.0343499647933], [-121.238510952796, 37.0343499647933], [-121.238450952522, 37.0343499647933], [-121.237990952214, 37.0348699646854], [-121.237473952904, 37.0354549647], [-121.237306952499, 37.035642965144], [-121.237140952818, 37.0358299647843], [-121.236609952365, 37.0364289648963], [-121.236150952781, 37.0369499652167], [-121.235176952637, 37.037184965554], [-121.234833952506, 37.0372679655604], [-121.232254952207, 37.0378899657874], [-121.231280952064, 37.0381249653667], [-121.231156952215, 37.0381709658919], [-121.230949951627, 37.0382499657468], [-121.2307739519, 37.0382659656256], [-121.230642951481, 37.0382789660178], [-121.229417951267, 37.0385719661564], [-121.22574395135, 37.0394539663963], [-121.224519950961, 37.0397479665895], [-121.224531950656, 37.0398319662308], [-121.224567950641, 37.0400859665951], [-121.224579951235, 37.0401709661434], [-121.224611951022, 37.0404749663303], [-121.224707951282, 37.0413889665706], [-121.224739951069, 37.0416939664436], [-121.224815951237, 37.0422299667121], [-121.225046951216, 37.0438399667874], [-121.225123951208, 37.04437696647], [-121.225262952024, 37.0459159666993], [-121.225680952499, 37.0505359670124], [-121.225820952241, 37.0520759672364], [-121.225370952877, 37.0529099671958], [-121.225237952808, 37.0530969673214], [-121.224930952661, 37.0535319675943], [-121.224450952262, 37.0541519677196], [-121.223790952836, 37.0548709678961], [-121.223168952147, 37.0552349679516], [-121.223583952249, 37.0555419675489], [-121.224530952628, 37.0562419675811], [-121.224303952847, 37.0564949681711], [-121.22362595298, 37.0572579679702], [-121.223399953024, 37.0575119680924], [-121.221838952352, 37.0573519681371], [-121.221392952288, 37.0573319677605], [-121.220728952664, 37.0573039683715], [-121.219402952168, 37.0571969681275], [-121.218747951867, 37.0571439679776], [-121.21719695124, 37.0567499680424], [-121.215529951161, 37.0560949687409], [-121.215159951265, 37.0559499683282], [-121.214924951088, 37.0559359687383], [-121.214694950934, 37.0558099687297], [-121.214434950643, 37.0555389687475], [-121.213726950639, 37.0553119685254], [-121.213073950886, 37.0551029684247], [-121.212603950532, 37.0550729687609], [-121.212132950354, 37.0553039685905], [-121.211812950687, 37.0556709689496], [-121.211735950694, 37.0557929688889], [-121.211632950762, 37.0559599683408], [-121.210972950438, 37.0562389688073], [-121.210842950742, 37.0565669685758], [-121.210582950451, 37.0573199685357], [-121.209871950971, 37.0580239688365], [-121.208971950448, 37.058687969024], [-121.208841950751, 37.0601559688941], [-121.208681950918, 37.0605509690764], [-121.208390950664, 37.0609369692876], [-121.20822195061, 37.0612699695502], [-121.208210950739, 37.061293969616], [-121.208190950648, 37.0616699696555], [-121.208240950877, 37.0620179694651], [-121.209061950859, 37.0633419694842], [-121.20932195115, 37.0637479692385], [-121.209349951638, 37.0644489695064], [-121.209438951326, 37.0645929694874], [-121.209600951708, 37.0648529698759], [-121.209620951799, 37.0648819693016], [-121.21034995172, 37.0660489697898], [-121.210345951522, 37.0660599698448], [-121.210334951652, 37.0660939699393], [-121.210331951279, 37.0661059699268], [-121.210304951515, 37.0661889698486], [-121.210224952047, 37.0664389697204], [-121.210198951209, 37.0665229699282], [-121.210385951705, 37.0668969699974], [-121.210489951462, 37.0671039700133], [-121.210359951766, 37.0674659695976], [-121.210128951787, 37.0677919697366], [-121.20995295206, 37.0679589700148], [-121.209649952112, 37.0682479699065], [-121.210186951514, 37.0683629696093], [-121.211797952415, 37.0687079698216], [-121.21233595254, 37.0688229695436], [-121.212384952046, 37.0688329700099], [-121.212533952009, 37.0688659696754], [-121.212583952237, 37.0688769700386], [-121.212632952641, 37.0688869697809], [-121.212782952429, 37.0689189695209], [-121.212832952658, 37.0689299698763], [-121.213235952166, 37.0687939694743], [-121.213760952771, 37.0688579697361], [-121.214127952293, 37.0689029696526], [-121.21581195299, 37.0692279694513], [-121.216341952719, 37.0697989692647], [-121.216553953329, 37.0700269697515], [-121.21685095343, 37.0705979692834], [-121.217392952855, 37.0709879694765], [-121.21901995365, 37.0721599699258], [-121.219562953798, 37.0725509698246], [-121.220009953687, 37.07263696942], [-121.221093954334, 37.0728479696561], [-121.221347953879, 37.0729179691767], [-121.221787954095, 37.0730389694859], [-121.221874954133, 37.0730629694117], [-121.222299954281, 37.0733559692973], [-121.222416954457, 37.0734369694842], [-121.222937953965, 37.0738189692792], [-121.223257954531, 37.0743149694626], [-121.223338954721, 37.0747509697477], [-121.223450954874, 37.075347969818], [-121.22391695503, 37.0767469693695], [-121.224526955125, 37.0785759700184], [-121.224650954974, 37.078947969877], [-121.226399955967, 37.0801229698303], [-121.227624956181, 37.0809459695841], [-121.228168956154, 37.0810109700826], [-121.228420956049, 37.0811049694812], [-121.228739955891, 37.0812259696256], [-121.229204956222, 37.0814699695249], [-121.229300956481, 37.0815199699537], [-121.229381956672, 37.0816299694908], [-121.229521956414, 37.0818209694154], [-121.229812956667, 37.0821139698579], [-121.230182956563, 37.0823719694957], [-121.230374956184, 37.0825159698451], [-121.230513956101, 37.0826209700468], [-121.230892956218, 37.083141970016], [-121.231050956401, 37.0832479697804], [-121.231355956898, 37.0834769696715], [-121.23272895725, 37.0845059696748], [-121.233186957009, 37.0848499698469], [-121.233756956922, 37.0848599696328], [-121.233880957668, 37.0848629694249], [-121.234148957457, 37.0850099698451], [-121.234301957618, 37.0850939695476], [-121.234592957871, 37.0854579700496], [-121.235083957242, 37.0857779700078], [-121.235119957227, 37.0858179693701], [-121.235200957418, 37.0859059697562], [-121.235505957915, 37.0862389700315], [-121.236438958051, 37.0862199697797], [-121.239241958655, 37.0861669691275], [-121.239295958184, 37.0861659694529], [-121.240175958616, 37.0861489692492], [-121.240484958412, 37.0856119692397], [-121.240686958079, 37.085260968987], [-121.24126795876, 37.0850949692364], [-121.241493958716, 37.0851059693952], [-121.241989959008, 37.0851329688661], [-121.242440959095, 37.085461969502], [-121.243171958666, 37.0860929695206], [-121.243693958898, 37.0870149693818], [-121.244845959316, 37.0887699689566], [-121.245216959037, 37.088885969421], [-121.24549695942, 37.089152969241], [-121.245396959861, 37.0895059693626], [-121.24500595915, 37.0897699695502], [-121.244775959895, 37.0899109691515], [-121.244421959892, 37.0899779690937], [-121.244336959503, 37.0900609693999], [-121.244084959608, 37.0903139696859], [-121.244001959768, 37.0903979692429], [-121.243931959447, 37.0904659698057], [-121.243724959758, 37.0906739695887], [-121.243656959088, 37.0907439698489], [-121.24336295936, 37.0917089698152], [-121.243234959313, 37.0920629698096], [-121.243212959572, 37.0921239695566], [-121.243031959822, 37.0927159695899], [-121.242630959964, 37.0930679700124], [-121.242059959329, 37.0931629698055], [-121.241317958989, 37.0931339697304], [-121.240826959617, 37.0930079698931], [-121.240255958982, 37.0931299699662], [-121.239744959519, 37.0932959700322], [-121.239012959225, 37.0934519703671], [-121.238387959061, 37.0934209698117], [-121.237412959092, 37.0938529701217], [-121.23570795848, 37.0946119705929], [-121.235426958272, 37.0947369703511], [-121.23514495824, 37.0948619706196], [-121.234490958662, 37.0951519707064], [-121.233516958519, 37.0955859709963], [-121.233110958638, 37.0960989707633], [-121.233088957998, 37.096123970814], [-121.232729957973, 37.0965579705522], [-121.232278958785, 37.0969179708855], [-121.231987958531, 37.0971299711413], [-121.231647957875, 37.0971019706819], [-121.231433958513, 37.0970479709437], [-121.231216957879, 37.0969939711671], [-121.230800957953, 37.0967919708917], [-121.230451957973, 37.0969469709453], [-121.230292957965, 37.0974229711573], [-121.229751958365, 37.099046970953], [-121.229912958023, 37.099974971379], [-121.230064958359, 37.1008469716114], [-121.230151958398, 37.1013469712496], [-121.230151958398, 37.1023819718508], [-121.230151958398, 37.102446971877], [-121.230080958253, 37.1028029714829], [-121.230470959138, 37.1041669719238], [-121.230596958637, 37.1045099715394], [-121.23053895891, 37.1047749718978], [-121.230363959008, 37.1049759715217], [-121.230032958572, 37.1051249718967], [-121.229552959071, 37.1052609716032], [-121.229099958436, 37.1053659718154], [-121.228541959118, 37.1054549718471], [-121.227662958511, 37.10563997182], [-121.225550958192, 37.1068469722664], [-121.225717958597, 37.1076339723928], [-121.225810958483, 37.1080979722947], [-121.225840958621, 37.10811997238], [-121.225996958256, 37.1088069723175], [-121.226219958737, 37.1090709725974], [-121.226260958745, 37.1094009725487], [-121.226316958822, 37.1097129724828], [-121.226146958942, 37.1100249725643], [-121.225948958576, 37.1102509722705], [-121.225562958786, 37.1106449728971], [-121.225481958595, 37.1106919725004], [-121.225392958907, 37.1107449724754], [-121.225247959142, 37.1108479728343], [-121.225171958974, 37.1109029728294], [-121.224770959116, 37.1121889727269], [-121.224395959197, 37.1133969727059], [-121.224110958792, 37.1142909728787], [-121.22380095917, 37.1150859730888], [-121.223319958946, 37.1154999729962], [-121.222999959279, 37.11564397343], [-121.222717959247, 37.1157719735858], [-121.221725958662, 37.1160729730992], [-121.221650959217, 37.1161469735126], [-121.221425959086, 37.1163719735801], [-121.221351958568, 37.1164469736928], [-121.22105595919, 37.1169329737112], [-121.220170958735, 37.1183949735358], [-121.219875959183, 37.1188819739026], [-121.219816958733, 37.1192549735593], [-121.219781958573, 37.1194829735564], [-121.21951095931, 37.1200129738557], [-121.219256958866, 37.1201919737119], [-121.218948958895, 37.1204109735845], [-121.218677958733, 37.1208559738272], [-121.217868958446, 37.1221919738171], [-121.217599958833, 37.1226379742439], [-121.217549958604, 37.1227189740475], [-121.217400958641, 37.1229649740869], [-121.217351959136, 37.1230469741611], [-121.217571959244, 37.1231669740398], [-121.218231958669, 37.1235269739668], [-121.218451958777, 37.123646974517], [-121.21891095926, 37.1237859743077], [-121.21908995936, 37.1238409742162], [-121.219951959351, 37.1241789740919], [-121.220224959162, 37.1243619743887], [-121.22062395937, 37.1246299744045], [-121.22071995963, 37.1246939740755], [-121.220921959296, 37.1249499743672], [-121.221265960151, 37.1253859741353], [-121.221766959568, 37.1259089741498], [-121.221781959637, 37.1259529739917], [-121.221925959577, 37.1263709740788], [-121.221937960171, 37.1264049743373], [-121.221931960323, 37.1264359742859], [-121.221894959615, 37.1266369744298], [-121.221882959919, 37.1267039741204], [-121.221897959988, 37.1268099745361], [-121.221918959904, 37.1269429744151], [-121.221987960399, 37.1271169743886], [-121.222027959684, 37.1272169744147], [-121.222176960545, 37.1275909743866], [-121.222383960235, 37.1279009741728], [-121.222412960547, 37.1279449742891], [-121.223153960163, 37.1285729740721], [-121.223294960629, 37.1290669743405], [-121.223276960187, 37.1292529744614], [-121.223125960574, 37.1295009743889], [-121.222973960238, 37.1297759742534], [-121.222860960261, 37.1299819746172], [-121.222729960739, 37.1304309743987], [-121.222723960891, 37.1305039745788], [-121.222712960122, 37.1306269742226], [-121.222695960404, 37.1308329744183], [-121.222750960656, 37.1309889747915], [-121.222792960488, 37.1311059748603], [-121.222835961044, 37.1312279744456], [-121.222875960329, 37.1313419747608], [-121.223059960452, 37.1315389748819], [-121.223148961039, 37.131633974408], [-121.223536960478, 37.1317549747852], [-121.223688960814, 37.1318259748276], [-121.223925960641, 37.1319379746684], [-121.224140960726, 37.1321529743649], [-121.22441496126, 37.1324759748027], [-121.224815961118, 37.1330899745607], [-121.224852960928, 37.1331469744115], [-121.225242960916, 37.1334709746699], [-121.225405961122, 37.1336059745471], [-121.225895961567, 37.1340139748766], [-121.226059961599, 37.134149974975], [-121.226210961211, 37.1342749746497], [-121.226664961671, 37.1346529745524], [-121.226816962007, 37.1347789745778], [-121.227392961767, 37.1352279745421], [-121.228336961773, 37.1360419746631], [-121.229617962064, 37.1371049744133], [-121.231352962813, 37.1385469744709], [-121.231760963242, 37.1395809746375], [-121.232249962964, 37.1398639747115], [-121.232309963238, 37.1398979746366], [-121.232452963353, 37.1403589747021], [-121.232800963508, 37.1414469747899], [-121.233111963853, 37.1422359747372], [-121.233321963915, 37.1430059747186], [-121.233328963588, 37.1435539748338], [-121.234991964367, 37.1477679749909], [-121.23552696412, 37.1481699752616], [-121.235817964373, 37.1485249751151], [-121.235997964298, 37.1490919755776], [-121.23615796503, 37.1497289755257], [-121.236187965167, 37.150277975163], [-121.236187965167, 37.150613975295], [-121.236180964596, 37.150782975413], [-121.236090965083, 37.1505539756622], [-121.236020964762, 37.1503769751077], [-121.235597965163, 37.1521209759235], [-121.235507964752, 37.1529029753519], [-121.235998965021, 37.1535329753267], [-121.236570965482, 37.1540449753605], [-121.236631965581, 37.1545549758154], [-121.236450964933, 37.1552859759812], [-121.236390965557, 37.1560839756866], [-121.236641965627, 37.1566799761214], [-121.237122965851, 37.1572089756142], [-121.23772496555, 37.1575849758521], [-121.238507965898, 37.1577749759504], [-121.23931996566, 37.1577439759556], [-121.240348966055, 37.1572349757023], [-121.241928966096, 37.1574109757878], [-121.24249296616, 37.1574739754871], [-121.243172966576, 37.1582669756662], [-121.243854966641, 37.1585749754592], [-121.244918967196, 37.1584259757672], [-121.245734967156, 37.1578359750253], [-121.247139967295, 37.1579929750001], [-121.247552967746, 37.1577579753544], [-121.248775967412, 37.1576659754738], [-121.249536968018, 37.1579159749346], [-121.250699968308, 37.1582299749418], [-121.252172968218, 37.1584219751564], [-121.253745968587, 37.158586975119], [-121.254517968165, 37.1586779751612], [-121.254979969021, 37.1584859748808], [-121.255650968317, 37.1588769745493], [-121.256873968881, 37.1589259745629], [-121.257725968826, 37.1589739743993], [-121.258787968833, 37.1588719745315], [-121.259870969655, 37.158849974163], [-121.260761969957, 37.1591979744262], [-121.260932969662, 37.1593399744766], [-121.261473969262, 37.1593329742082], [-121.261884970064, 37.1592549746499], [-121.262105969997, 37.1593279742205], [-121.262305970013, 37.1594779744213], [-121.262455969801, 37.1598849746742], [-121.262510970053, 37.1601719744639], [-121.262557969908, 37.1602169745541], [-121.263469970127, 37.1619919743238], [-121.264613971048, 37.1638999747022], [-121.266027971408, 37.1656729744919], [-121.267171971431, 37.1671389748062], [-121.26829597226, 37.1692509748732], [-121.268454972269, 37.1695009746733], [-121.269519972649, 37.1711759749773], [-121.270642972755, 37.1719789750181], [-121.271746972595, 37.1724589750143], [-121.273113973099, 37.1733299748857], [-121.273574973231, 37.174045974679], [-121.273637972981, 37.1743859748761], [-121.273865973484, 37.1756109748671], [-121.274668973924, 37.1772799748699], [-121.27507397398, 37.1781009753828], [-121.275390974172, 37.1787439749819], [-121.276554974286, 37.1793769753645], [-121.277788974721, 37.1796359748648], [-121.278510974969, 37.1808629753263], [-121.279373974784, 37.18198797502], [-121.280206975361, 37.1830769749498], [-121.281119975405, 37.1836079754022], [-121.282283975519, 37.1836799752489], [-121.283416975671, 37.1831739752303], [-121.284109975607, 37.1825139746548], [-121.284299975578, 37.1819029748998], [-121.284309975624, 37.1808999749904], [-121.285413975464, 37.18098897494], [-121.286075975438, 37.1811439743525], [-121.286828975648, 37.1803139745055], [-121.287189976221, 37.1797369747526], [-121.287490975622, 37.17919397432], [-121.287740975867, 37.177371974496], [-121.289085975731, 37.1765819740884], [-121.290219975708, 37.1759909741468], [-121.290971976094, 37.1754319737153], [-121.291102975615, 37.1748719735075], [-121.290833976002, 37.1731979734913], [-121.290756976009, 37.1735119737189], [-121.290627976137, 37.1730119733474], [-121.290667975422, 37.1721369735043], [-121.290797975118, 37.1715629735092], [-121.29101897595, 37.1711479732735], [-121.291432975328, 37.1707499734471], [-121.291532975786, 37.1703419730066], [-121.292537975891, 37.1704849728732], [-121.294464976262, 37.16951997264], [-121.295598976239, 37.1689099730307], [-121.297108975959, 37.1670839727296], [-121.296372976366, 37.1675029725076], [-121.296550975742, 37.1673129725219], [-121.297091976241, 37.166917972662], [-121.297742976344, 37.1664339723585], [-121.298564976152, 37.1659679720571], [-121.299145975935, 37.1657939726764], [-121.299396976005, 37.1658649722664], [-121.299667976166, 37.1660079720144], [-121.300320976818, 37.1662529722755], [-121.300684976866, 37.1662779720675], [-121.302631977328, 37.1681649725613], [-121.305594976868, 37.166614972008], [-121.306056977723, 37.1666459719441], [-121.308342978119, 37.1680339721912], [-121.311656978187, 37.1700459717574], [-121.312536978619, 37.1701209716395], [-121.312894978819, 37.170151971569], [-121.313777978726, 37.1697629715319], [-121.314078979025, 37.1694059718832], [-121.314078979025, 37.1689629716044], [-121.314046978339, 37.1679149712047], [-121.316261979488, 37.1675589714477], [-121.317653979208, 37.1673349711432], [-121.317883979362, 37.1672979712783], [-121.318083979378, 37.1672659708581], [-121.318165979394, 37.1673079709147], [-121.318920979254, 37.1676889711793], [-121.319114979423, 37.1676559708942], [-121.32027297969, 37.1675789706501], [-121.321528979865, 37.1672319710679], [-121.323245980174, 37.1664349709735], [-121.323856980094, 37.1665829705828], [-121.324505980547, 37.1667869708462], [-121.325250980362, 37.1668419702755], [-121.326027980862, 37.1667229702754], [-121.326931980685, 37.1662829701637], [-121.327740980972, 37.1660399701038], [-121.328421980314, 37.1659549699367], [-121.331890981989, 37.1700159703521], [-121.332119982318, 37.1709909705583], [-121.332560982359, 37.1712819703406], [-121.333784981849, 37.1712179707134], [-121.334361982333, 37.1708079699589], [-121.334578982068, 37.1709599702572], [-121.335224982148, 37.1714859700881], [-121.336299982574, 37.1725129703494], [-121.337226982862, 37.1729669701382], [-121.33830698331, 37.1735219703856], [-121.340257983072, 37.1738839703712], [-121.342394983505, 37.1741969699513], [-121.34307298427, 37.1746739703599], [-121.343221984233, 37.1752719700917], [-121.343305983899, 37.1760919703187], [-121.343669983947, 37.1769399705183], [-121.343771984054, 37.1770449700571], [-121.344252984278, 37.1775399700076], [-121.344683984273, 37.1778909705057], [-121.345208984878, 37.1780939704103], [-121.345700984973, 37.1785699699481], [-121.345975985332, 37.1789199700734], [-121.346678985314, 37.179918970319], [-121.347511984992, 37.1804219703711], [-121.348715985289, 37.1811259698565], [-121.350167986182, 37.1817079703896], [-121.351622985651, 37.1819669697703], [-121.351772986337, 37.1819559700855], [-121.352828986497, 37.18271796984], [-121.353871986237, 37.1830449697611], [-121.354573986394, 37.1838979697143], [-121.357092987316, 37.1833949699072], [-121.358888987267, 37.1839109694628], [-121.359570987333, 37.1844579695725], [-121.360954987555, 37.1843259697295], [-121.362449988105, 37.1838359696715], [-121.363182988224, 37.1835139694156], [-121.363686988014, 37.1826519695003], [-121.364125988406, 37.1820839689866], [-121.364257987752, 37.181363969394], [-121.364325987524, 37.1808179689208], [-121.36454798818, 37.1803229689778], [-121.365047987772, 37.180002969226], [-121.365668987738, 37.1799579687496], [-121.36672798827, 37.1795439686914], [-121.372221988428, 37.176966968021], [-121.373344988535, 37.173967968115], [-121.373441988619, 37.1737099677434], [-121.373901988927, 37.1731869675191], [-121.374065988958, 37.1730449677147], [-121.375302988867, 37.1731109678586], [-121.376325988516, 37.1724829677761], [-121.377078988727, 37.1717359675046], [-121.378139988909, 37.1701559672641], [-121.37818598894, 37.1700869674073], [-121.378656989118, 37.1696429668214], [-121.379224988482, 37.1687779667781], [-121.379666989246, 37.1680109665892], [-121.380195989151, 37.1679399668678], [-121.381001989065, 37.1679959669158], [-121.38199398965, 37.1681019667396], [-121.382199989514, 37.1680539669728], [-121.382926989785, 37.1678859668334], [-121.38317898968, 37.1674899663562], [-121.383809989692, 37.1665499662355], [-121.384278989322, 37.1662059663731], [-121.384564989552, 37.1655119666088], [-121.384231989467, 37.1647149662725], [-121.383931988993, 37.1637689662235], [-121.383257989323, 37.1629929659129], [-121.383572988967, 37.1624739663645], [-121.383887988612, 37.1622259657165], [-121.384167988994, 37.1620059657769], [-121.384085988978, 37.1609619660297], [-121.383969988627, 37.1601659658111], [-121.383359988532, 37.1591429658548], [-121.382560988291, 37.158440965885], [-121.382068988196, 37.158014965595], [-121.3816989883, 37.1576399655109], [-121.381642988224, 37.1571429658781], [-121.382017988143, 37.1568969659846], [-121.382300988, 37.1565009659242], [-121.382306987848, 37.1559549654876], [-121.38231398752, 37.1552839655693], [-121.382760987409, 37.1540949651125], [-121.383213988044, 37.1523589651498], [-121.383563987848, 37.1514919651445], [-121.384246987739, 37.1515709650793], [-121.384771988343, 37.1518229651264], [-121.385328987837, 37.1519769654179], [-121.38607398855, 37.151907964717], [-121.387162988321, 37.1516169648039], [-121.388275988382, 37.1514639647399], [-121.388529988825, 37.1514289647567], [-121.390303989034, 37.1509689643917], [-121.391143988385, 37.1507519646754], [-121.391175989071, 37.1507339643938], [-121.39201798897, 37.1502609642892], [-121.392368988599, 37.149345964383], [-121.392657989202, 37.1484279640074], [-121.393001989159, 37.1481579639242], [-121.393436988454, 37.1481359640182], [-121.393991989196, 37.1484879638949], [-121.394761989125, 37.1489909640874], [-121.395065988898, 37.1492199642753], [-121.395592989153, 37.1496179643432], [-121.396579989715, 37.1502209638752], [-121.397475990041, 37.1505999638334], [-121.398096990007, 37.150554963747], [-121.398596989599, 37.1502359642119], [-121.399031989792, 37.1501399641535], [-121.399182990303, 37.1502279642714], [-121.399463989612, 37.1503909636984], [-121.400016989806, 37.1508679640007], [-121.400165990668, 37.1514889636953], [-121.400526990343, 37.1525599637317], [-121.40070099042, 37.1537039643393], [-121.401033990506, 37.1544769641679], [-121.401153991055, 37.154924964432], [-121.40180099096, 37.1553019640518], [-121.402479990652, 37.1556299639693], [-121.403253990779, 37.1558349639112], [-121.404028991629, 37.15591496379], [-121.40464899177, 37.1559939641154], [-121.40504599143, 37.1565679642271], [-121.405350991927, 37.1570429638818], [-121.406024991597, 37.1578919639453], [-121.406542991631, 37.1588399641006], [-121.406871992417, 37.1599859644522], [-121.407196992107, 37.1616529642886], [-121.407502992429, 37.1628229643567], [-121.407613992757, 37.163245964489], [-121.407778992613, 37.1652349648131], [-121.407662993161, 37.1674699649828], [-121.407739993153, 37.1690109650671], [-121.408875993679, 37.1701129652132], [-121.41066799433, 37.1708469652187], [-121.412213994036, 37.1713299651937], [-121.413169994636, 37.1719579648379], [-121.413413994135, 37.1723329647524], [-121.413409994835, 37.1726799652488], [-121.413407994287, 37.1729039647414], [-121.413096994841, 37.1729509650459], [-121.412536994076, 37.1730959649027], [-121.41166499404, 37.1733629648194], [-121.411037994226, 37.1739799653309], [-121.410443994024, 37.1744719655005], [-121.410218994791, 37.1751909657167], [-121.410088994197, 37.1757619655801], [-121.410363994556, 37.1761119651155], [-121.41070099484, 37.1765369651322], [-121.411099995048, 37.1769619656212], [-121.411186995087, 37.1775339655986], [-121.411152994752, 37.1778569654757], [-121.410899995032, 37.1782519654138], [-121.410460994641, 37.178745965445], [-121.410241994358, 37.1789189658976], [-121.40988699453, 37.1801329661574], [-121.409416995075, 37.180626966055], [-121.40891799441, 37.180846966181], [-121.408879994775, 37.1815169661958], [-121.40880699498, 37.1825099660149], [-121.409043994806, 37.1836049659242], [-121.409472995152, 37.1841549662553], [-121.410369995302, 37.1843849663643], [-121.411015995383, 37.1849609658787], [-121.411537995615, 37.1854119659062], [-121.411594995516, 37.18595896588], [-121.411493996132, 37.1866539665586], [-121.411206996077, 37.1873969662413], [-121.410824995587, 37.1883389662989], [-121.410414995508, 37.1889569666176], [-121.410221996063, 37.1896009665756], [-121.410368996376, 37.1903729666478], [-121.410328996193, 37.1912669667471], [-121.410475996506, 37.1920129666821], [-121.410904995953, 37.1925129665189], [-121.41142599636, 37.1930889670127], [-121.411730996857, 37.1936129665272], [-121.411630996399, 37.1942829670708], [-121.411716996613, 37.1949289667411], [-121.41202199711, 37.1954529670815], [-121.412605997266, 37.1959549670636], [-121.413154997262, 37.1968779673099], [-121.41376799773, 37.1976529670134], [-121.414598997759, 37.1982549672184], [-121.415335998076, 37.1990059670247], [-121.415669997986, 37.1996539669964], [-121.415787997987, 37.2003009675314], [-121.415872998376, 37.2010219671935], [-121.415733998459, 37.2024129670659], [-121.416219998706, 37.2034349676158], [-121.416245998645, 37.2039069673568], [-121.416514998259, 37.2049279674577], [-121.416874999007, 37.2060489675722], [-121.416861998588, 37.2072659680807], [-121.416941998954, 37.2085589681204], [-121.416804999585, 37.2097999677242], [-121.416881999578, 37.2112669681905], [-121.417247999276, 37.2118899683504], [-121.417830999607, 37.2125159681149], [-121.418382000151, 37.2132159682787], [-121.419060000019, 37.213765968246], [-121.421088000671, 37.2148309683669], [-121.421375000727, 37.2160169684789], [-121.421907001004, 37.2182129681806], [-121.4217360013, 37.2189039685318], [-121.421607001428, 37.2193999681206], [-121.421508000796, 37.2199709684763], [-121.421685001246, 37.2208419683066], [-121.421835001034, 37.2213149686481], [-121.422232001592, 37.2219389688391], [-121.422724001687, 37.2223649684599], [-121.423434001342, 37.2227429684763], [-121.424236001956, 37.2231709685847], [-121.425101002319, 37.2235499688593], [-121.425938002195, 37.2236059684458], [-121.426411002023, 37.2235009685611], [-121.4276020028, 37.2246619684985], [-121.427845002474, 37.2252099687378], [-121.428464002791, 37.2253389686771], [-121.428960003083, 37.225391968422], [-121.42948300314, 37.2258179685673], [-121.429800003332, 37.2263379684384], [-121.430032003136, 37.2267169685339], [-121.430769003453, 37.2274679683412], [-121.430988003736, 37.2275639688527], [-121.431572003892, 37.2278209683764], [-121.432663003313, 37.2273819686882], [-121.432885003969, 37.2273479680664], [-121.432915003208, 37.2270799680984], [-121.432963003787, 37.226654968609], [-121.43389300355, 37.2263339678478], [-121.434087003718, 37.2264539683057], [-121.434689004316, 37.2274849682693], [-121.434754003715, 37.2275169682078], [-121.434951004257, 37.228119968309], [-121.435445004001, 37.2283219684058], [-121.435752004148, 37.2286969680785], [-121.436117004021, 37.2293699680826], [-121.436580004702, 37.2295719684071], [-121.437726004374, 37.2297549682162], [-121.439027004756, 37.2300379682034], [-121.439489004713, 37.23036396851], [-121.439767005446, 37.2306559682769], [-121.441759005215, 37.2311319682945], [-121.442275005599, 37.2318069678149], [-121.442425005387, 37.2320029679708], [-121.443465005653, 37.2333629684478], [-121.443967005793, 37.2336759682087], [-121.444710005958, 37.2340969679994], [-121.445212006098, 37.234512968283], [-121.445764006467, 37.2354149678352], [-121.446096006728, 37.2359719678865], [-121.446497006586, 37.2360729682125], [-121.446660006793, 37.2361079683152], [-121.446718006519, 37.2361789683101], [-121.447582007058, 37.2364829678847], [-121.447953006779, 37.2367739684393], [-121.448506006972, 37.2370249683618], [-121.448757007043, 37.2372819678212], [-121.448847007454, 37.2376209680694], [-121.448819006967, 37.2378249680916], [-121.448807007271, 37.2379169683136], [-121.44860600743, 37.238363968074], [-121.44836800688, 37.2389689682798], [-121.448249007054, 37.2392699686539], [-121.448158007716, 37.2394989683709], [-121.448724007431, 37.24023896839], [-121.448810007644, 37.2403519682619], [-121.449087007654, 37.2407149686913], [-121.449410007694, 37.2411369682774], [-121.450495008166, 37.2425549684975], [-121.451003008154, 37.2432199684104], [-121.451016008572, 37.2435549687357], [-121.451127008002, 37.243845968448], [-121.45140800821, 37.2441179685368], [-121.451844008228, 37.2443199686775], [-121.452176008489, 37.2447539683732], [-121.452646008842, 37.2453689688009], [-121.452633008423, 37.2463829683036], [-121.453965008767, 37.2480529685694], [-121.454751009488, 37.2485389684638], [-121.455181009658, 37.2489889685905], [-121.455763009266, 37.2494449690093], [-121.455675009402, 37.2507879690351], [-121.455632009745, 37.2514419689491], [-121.455614010201, 37.2517159687717], [-121.455539009858, 37.2528519692488], [-121.456037009801, 37.2534909692743], [-121.45598701047, 37.2539239687444], [-121.45584700983, 37.2541349690308], [-121.455401009766, 37.2549399688501], [-121.45541700966, 37.2546969688456], [-121.455033010418, 37.2555549690846], [-121.455144009848, 37.2559189695054], [-121.455310010428, 37.2563229696102], [-121.455287009963, 37.2566709696838], [-121.455967010379, 37.2575449696336], [-121.456208010403, 37.2581379692956], [-121.456196010708, 37.2583619697268], [-121.456339010823, 37.2592459696889], [-121.45726801076, 37.2609479694489], [-121.456650011167, 37.2621189695884], [-121.455941011338, 37.262887969878], [-121.455250011052, 37.2630529696245], [-121.454862010714, 37.2631459699853], [-121.454781011422, 37.2643819697782], [-121.454756011307, 37.2647639699973], [-121.454675011116, 37.2659959704862], [-121.45461901104, 37.2668449701021], [-121.454553011816, 37.2678449703778], [-121.454516011108, 37.2684069701298], [-121.454490011168, 37.2687999705577], [-121.454303011571, 37.2716589708444], [-121.454284012202, 37.2719529708996], [-121.454276011806, 37.2720679705432], [-121.454199011814, 37.2732479705993], [-121.454151012133, 37.2739839706368], [-121.454140012262, 37.274150971188], [-121.45413501224, 37.2742289707022], [-121.454077012513, 37.2751029713341], [-121.454010012566, 37.2761319712557], [-121.453990012475, 37.2764319711126], [-121.45396301271, 37.2768439713693], [-121.453979012604, 37.2771889709477], [-121.455013013022, 37.2784979712392], [-121.455459013086, 37.2785749712622], [-121.455539012553, 37.2786669710472], [-121.45573501327, 37.2788939711312], [-121.455899013302, 37.2790829711574], [-121.456592013238, 37.2798849710113], [-121.457517012977, 37.2809539711177], [-121.457633013328, 37.2810889711659], [-121.458167013256, 37.2813649709716], [-121.458579013883, 37.2816649714148], [-121.459081014023, 37.2823239716707], [-121.459064013406, 37.282743971322], [-121.459032013619, 37.2827889712477], [-121.458553013943, 37.2834579716396], [-121.458386013539, 37.2836919717414], [-121.458064013324, 37.2841439718144], [-121.457403014073, 37.2840759717429], [-121.457277013676, 37.2840629713859], [-121.457109013447, 37.2840459713554], [-121.455904013325, 37.2839209715183], [-121.455163013708, 37.2838439719614], [-121.45402201316, 37.2840549720447], [-121.453712013538, 37.2847129721909], [-121.453557012829, 37.2852069720498], [-121.453324013201, 37.2857819723342], [-121.45316901339, 37.2863369719096], [-121.452986013092, 37.2867399718987], [-121.451671013365, 37.2880839721455], [-121.451360013021, 37.2882689725168], [-121.450921013528, 37.2884549722925], [-121.449888012935, 37.2890329723266], [-121.449474012658, 37.2893599723863], [-121.449292013083, 37.2897079727246], [-121.448931013408, 37.2900989730492], [-121.448671013117, 37.2903049728581], [-121.449054013432, 37.2917119728977], [-121.449082013021, 37.2918149731657], [-121.449118013006, 37.2919469728729], [-121.449364013053, 37.2928529729291], [-121.449384013145, 37.2929179728158], [-121.449576013664, 37.2936239733216], [-121.449663013702, 37.2939439727899], [-121.446848013402, 37.2951899734639], [-121.446556013324, 37.2953189736623], [-121.443564012573, 37.2966429735821], [-121.442799012667, 37.2963139735099], [-121.441986012182, 37.2948009734206], [-121.441133012413, 37.293861973833], [-121.439769012282, 37.2934659733769], [-121.438515011756, 37.2931729735331], [-121.437551011658, 37.2923699739801], [-121.43682901141, 37.2919759738712], [-121.436103010964, 37.2921849736871], [-121.435485011371, 37.2923639737074], [-121.434030011003, 37.2929389743284], [-121.433679011374, 37.293584974334], [-121.432792011269, 37.2943749744917], [-121.432757011109, 37.294382974165], [-121.432045010907, 37.2945489739833], [-121.431404010849, 37.2949989743259], [-121.430370010431, 37.2952539744209], [-121.428542010693, 37.295673974795], [-121.427257010205, 37.2959189750021], [-121.426644010635, 37.2961039746881], [-121.426345009986, 37.2962129746262], [-121.426021010121, 37.2963319748109], [-121.425780010097, 37.2963409747452], [-121.425389010284, 37.2963139749392], [-121.424602009739, 37.2962839751434], [-121.425663009921, 37.2960369751788], [-121.425859009739, 37.2959909748413], [-121.426076010373, 37.2959409747221], [-121.424679009731, 37.2951429749819], [-121.423465009389, 37.2952919749188], [-121.423054009485, 37.2958699753104], [-121.423063009706, 37.2966429750113], [-121.42276301013, 37.299142975524], [-121.419075009969, 37.3020109758179], [-121.418851009663, 37.3025649760497], [-121.418691009829, 37.3029179758049], [-121.41837900966, 37.3032799758652], [-121.418264010032, 37.303344976031], [-121.418128009589, 37.3034209759778], [-121.417757009869, 37.3035439762553], [-121.416744009367, 37.3038229762612], [-121.414905009759, 37.3052529766126], [-121.414761009819, 37.3053649764862], [-121.414271009374, 37.3065139764452], [-121.414020009304, 37.3067699764155], [-121.413617009796, 37.3069619767145], [-121.413558009346, 37.3069899765981], [-121.412785009044, 37.3074389764964], [-121.411328009027, 37.3080359766692], [-121.408955009491, 37.3098819775187], [-121.407532008911, 37.3098419773831], [-121.406408008979, 37.3104349773555], [-121.406217008285, 37.3105359778606], [-121.405766009097, 37.3109949779019], [-121.406217009184, 37.3118309773505], [-121.40634700888, 37.3127669776193], [-121.406785009446, 37.3128079778776], [-121.406760009332, 37.312688978042], [-121.407111008961, 37.3127739779438], [-121.407493009451, 37.3131189778193], [-121.407713009559, 37.3140639777264], [-121.408155009425, 37.315813977647], [-121.408346010119, 37.3176249781967], [-121.409411010499, 37.321468977935], [-121.411952011163, 37.324449978287], [-121.410231010657, 37.3250659786054], [-121.410370010574, 37.3254359784054], [-121.411163010967, 37.3275419786032], [-121.4091630117, 37.3306419789294], [-121.411772012136, 37.3338129792774], [-121.420301014499, 37.344180979345], [-121.420763014456, 37.3447419796452], [-121.420747014563, 37.3450669798953], [-121.4207160146, 37.345683979517], [-121.419965014938, 37.3460679793401], [-121.419834014519, 37.3465449794542], [-121.420155014909, 37.3472779799319], [-121.420609015369, 37.3477699798419], [-121.420511015459, 37.3497219796699], [-121.420500015589, 37.3499419798046], [-121.420473014926, 37.3504719798515], [-121.41956201543, 37.351124979976], [-121.419422015688, 37.3519939803283], [-121.419823015546, 37.3528119800485], [-121.420912015317, 37.3536739800686], [-121.421241016104, 37.3542919800645], [-121.421037015889, 37.3551319806986], [-121.421057015981, 37.355386980319], [-121.422166015843, 37.3560299802171], [-121.423663016942, 37.3588419808365], [-121.422755016921, 37.3609599807578], [-121.422694016821, 37.36210798074], [-121.422644016592, 37.3626729810837], [-121.422513017071, 37.3630959811849], [-121.422141016627, 37.3634739808833], [-121.421668016799, 37.3638329811251], [-121.421185016925, 37.3640699811032], [-121.420440017111, 37.364233981397], [-121.419665017159, 37.3643369815375], [-121.419303016761, 37.3644499814459], [-121.419303016761, 37.364723981724], [-121.419263016578, 37.3650859810731], [-121.419223016395, 37.3656059815315], [-121.419031016774, 37.3663209812753], [-121.418709016559, 37.366936981599], [-121.418226016685, 37.3674149814228], [-121.417663017344, 37.3698409822154], [-121.416142016854, 37.3737139820475], [-121.416375017381, 37.3741839824942], [-121.416324017327, 37.3744579822038], [-121.416153017623, 37.3747219823737], [-121.416002017112, 37.3748629826355], [-121.415711017757, 37.3754089822574], [-121.415811017316, 37.3756919829149], [-121.41586201737, 37.3759209822795], [-121.415489017101, 37.376016982653], [-121.41504601741, 37.3761469827251], [-121.414503017262, 37.3763219829055], [-121.414091017534, 37.3766549829656], [-121.413698017173, 37.3769979826393], [-121.41308401688, 37.3774629826955], [-121.412819017464, 37.37762098309], [-121.412380017073, 37.3778839827374], [-121.411607016771, 37.3781049832209], [-121.411399017257, 37.3783659831308], [-121.411064016623, 37.3783839833373], [-121.410332017227, 37.3790969832023], [-121.409730016629, 37.3798959831153], [-121.409088016747, 37.3806769834297], [-121.409359016909, 37.3813249838761], [-121.409754016919, 37.3822279834944], [-121.409706017238, 37.3820179834911], [-121.409854017376, 37.3821109837894], [-121.41008601718, 37.3824029837617], [-121.410096017226, 37.3826329833695], [-121.41008601718, 37.3828979833465], [-121.409967017354, 37.3831669839222], [-121.410038017499, 37.383476983763], [-121.41015401785, 37.3839849836048], [-121.410579017998, 37.3858389838723], [-121.410642017747, 37.3861129838281], [-121.412127018251, 37.3872449840768], [-121.412169018084, 37.3872769839036], [-121.412562018445, 37.3894399843565], [-121.41396201856, 37.389639984153], [-121.414068018866, 37.3897129840599], [-121.414777018695, 37.3902019836081], [-121.416679018951, 37.3901829834503], [-121.419463019289, 37.3907399834879], [-121.424063020568, 37.3936399836509], [-121.431563021638, 37.3942399827944], [-121.432206022243, 37.3944129831053], [-121.433559022503, 37.3953779829804], [-121.434924022459, 37.3958929832575], [-121.436098022619, 37.3961349832647], [-121.437703022774, 37.3957479831355], [-121.438970022821, 37.3946249823974], [-121.440263023705, 37.3945399823493], [-121.442122023405, 37.3932179822496], [-121.442438023772, 37.3929939823704], [-121.442757023614, 37.3927679820242], [-121.444596024121, 37.3933659819427], [-121.445258024095, 37.393350982151], [-121.44587002384, 37.3930289822841], [-121.446733023656, 37.3927079816473], [-121.448176024328, 37.3916819819728], [-121.449817024468, 37.3922929814725], [-121.450461024898, 37.3925459813176], [-121.451563025088, 37.3946399819341], [-121.456664025784, 37.3955399814716], [-121.458264026815, 37.3981399818351], [-121.4556640266, 37.4010399818606], [-121.456364027107, 37.4067399823254], [-121.463564029499, 37.4159389824174], [-121.466264029273, 37.4150389824385], [-121.472341031559, 37.4229859827133], [-121.472619031393, 37.4233499830026], [-121.47221703171, 37.4241359831065], [-121.472161031634, 37.4241799830537], [-121.471953031221, 37.4242479825968], [-121.471530031622, 37.4242669826784], [-121.470976031603, 37.4243149826003], [-121.470321031302, 37.4244389826722], [-121.469737031146, 37.424554983175], [-121.469163031035, 37.424737983123], [-121.468871030957, 37.4249989833158], [-121.468771031398, 37.4252899829583], [-121.468801031536, 37.4256579834411], [-121.468967031217, 37.4259079828382], [-121.470351031439, 37.4277139834071], [-121.470392031447, 37.4281469832484], [-121.470533031912, 37.4285969835798], [-121.470472031813, 37.42944598344], [-121.470341032292, 37.4301249837917], [-121.469949031756, 37.430876983443], [-121.469264032216, 37.4316769835819], [-121.468619031961, 37.4323659837947], [-121.468257031562, 37.4328659840322], [-121.467533031664, 37.433451984077], [-121.467456031671, 37.4337169841123], [-121.467295032013, 37.4339719840142], [-121.466973031798, 37.4342789839492], [-121.466595031506, 37.4347969844583], [-121.465921031836, 37.4356029843152], [-121.465602031994, 37.4359339841353], [-121.46496403231, 37.4370389844109], [-121.464444031728, 37.4374029848482], [-121.464199031505, 37.4375749846191], [-121.46415203165, 37.4376079843641], [-121.462325031737, 37.4379879850261], [-121.461873031825, 37.4388039847323], [-121.461964032062, 37.4391389846333], [-121.461899031764, 37.4401839852177], [-121.461882032046, 37.4404479849783], [-121.461864031604, 37.4407389851915], [-121.462164032078, 37.442338985061], [-121.463489032749, 37.4456969850872], [-121.462668032767, 37.4484429856219], [-121.462804033209, 37.4500379855362], [-121.462930033606, 37.4514939861643], [-121.463665033375, 37.4519449857175], [-121.464065033408, 37.4524819859353], [-121.46403503327, 37.4538429861777], [-121.464700033617, 37.4544879863268], [-121.465345033873, 37.4545539858592], [-121.467192033877, 37.4533459857357], [-121.467241034281, 37.4533609856367], [-121.46836003419, 37.4537019854738], [-121.468946033995, 37.4538799857772], [-121.46956703486, 37.4557479860777], [-121.472067035516, 37.4563019856415], [-121.472547035016, 37.4564019854885], [-121.472689035307, 37.4563859857216], [-121.473102035758, 37.456768985842], [-121.473176035378, 37.4572649858927], [-121.473384035791, 37.4589819856571], [-121.473384035791, 37.4598149861807], [-121.473465035982, 37.4601739856372], [-121.474029036046, 37.4609349858252], [-121.474522035966, 37.4615309861723], [-121.475046035847, 37.4620589859808], [-121.475862036705, 37.4626069856367], [-121.477211036768, 37.463252986165], [-121.477727037152, 37.4634239860207], [-121.479687037134, 37.4640779860389], [-121.483115037903, 37.4651649855911], [-121.484265037773, 37.4660369856665], [-121.486220039529, 37.4741509859941], [-121.486265039735, 37.4743379860812], [-121.486476039622, 37.4749309865494], [-121.486788039792, 37.4756569864641], [-121.485942039695, 37.4755379861002], [-121.485218038899, 37.4755619863745], [-121.484281039463, 37.4755309867019], [-121.483423038773, 37.4754279868233], [-121.482597038767, 37.4759119867077], [-121.482054038619, 37.4764339863633], [-121.481745038822, 37.4767869867858], [-121.48124903853, 37.4773549864718], [-121.480981038741, 37.4778739868897], [-121.480609039196, 37.4782169872288], [-121.480156038561, 37.478611986733], [-121.479733038961, 37.4789899869077], [-121.479321039233, 37.4793059868311], [-121.478898038735, 37.4797189870897], [-121.478445038999, 37.4799469869657], [-121.477713038705, 37.4802839875469], [-121.476355038422, 37.4802989877468], [-121.475336038072, 37.4795329870883], [-121.474540038204, 37.4793489876739], [-121.47373403829, 37.4800829872858], [-121.472988037752, 37.4806809878322], [-121.472661038412, 37.482174987733], [-121.472721037789, 37.4822069876312], [-121.472904038087, 37.4823049875016], [-121.472965038186, 37.4823379874726], [-121.475540038287, 37.4823419879866], [-121.48326604021, 37.4823539873886], [-121.4841930396, 37.4823559869323], [-121.485842040136, 37.4823589866042], [-121.487343040534, 37.4823619869888], [-121.48743604042, 37.4823619869888], [-121.487528040482, 37.4823619869888], [-121.487648040133, 37.4823609868606], [-121.501080042825, 37.4823849856565], [-121.516231044576, 37.4824089844448], [-121.516254045041, 37.4824089844448], [-121.516439044989, 37.4824109846999], [-121.516624044937, 37.4824109846999], [-121.516780044572, 37.4824099845723], [-121.516935045281, 37.4824099845723], [-121.517786045401, 37.4824129849549], [-121.518440044979, 37.4824119848274], [-121.519302044969, 37.4824139843696], [-121.525041046248, 37.4824249843455], [-121.52543204606, 37.4824239842181], [-121.52574604588, 37.4824249843455], [-121.525778046565, 37.4824249843455], [-121.526401046181, 37.48242598376], [-121.52670004683, 37.48242598376], [-121.526876046557, 37.4824269838873], [-121.527255046674, 37.4824269838873], [-121.532229047148, 37.4824369837341], [-121.532246047765, 37.4824369837341], [-121.533053047504, 37.4824379838613], [-121.559768051128, 37.4825379815419], [-121.564368052407, 37.4824379810099], [-121.586212055489, 37.4825379794034], [-121.598896057993, 37.4825949787128], [-121.608297058596, 37.4826379783758], [-121.608377058961, 37.4826379783758], [-121.608648059123, 37.4826389777874], [-121.620334061195, 37.4826389770746], [-121.620570061196, 37.4826389770746], [-121.620657061235, 37.4826389770746], [-121.623192061152, 37.4826389770746], [-121.623468061337, 37.4826389770746], [-121.624171061319, 37.4826389770746], [-121.624221061547, 37.48263797695], [-121.624371061335, 37.48263797695], [-121.624422061389, 37.48263797695], [-121.624592061268, 37.482635976701], [-121.625103061629, 37.4826329770403], [-121.625274061334, 37.4826329770403], [-121.626014062024, 37.482639977199], [-121.628236061947, 37.4826639766182], [-121.628977062462, 37.4826729770221], [-121.635040062707, 37.4827379765015], [-121.635096062784, 37.4827379765015], [-121.63517606315, 37.4827379765015], [-121.63542906287, 37.4827389759118], [-121.635514063258, 37.4827399760349], [-121.640613064305, 37.4827589755206], [-121.650457065496, 37.482795975068], [-121.655910066544, 37.4828169747836], [-121.656637066816, 37.482819974437], [-121.660957066814, 37.4828359742497], [-121.661010067415, 37.4828359742497], [-121.661065066769, 37.4828359742497], [-121.661750067207, 37.4828379744934], [-121.670412068741, 37.482744973799], [-121.670871068325, 37.4827389737732], [-121.679414070033, 37.4827839728856], [-121.681812070582, 37.4827959729294], [-121.688900071025, 37.4828319723365], [-121.689092071543, 37.4828329724584], [-121.69007307136, 37.4828389724767], [-121.690151071177, 37.4828419721292], [-121.690942071921, 37.4828599721803], [-121.690954071617, 37.4828669723177], [-121.712569075268, 37.4835629709017], [-121.714191075142, 37.4836149710109], [-121.71497407549, 37.4836399709408], [-121.719587076289, 37.4836919702835], [-121.725021077071, 37.483754970083], [-121.734606078694, 37.4838649692208], [-121.735778078306, 37.4838779691989], [-121.736827078793, 37.4838889689593], [-121.736879078671, 37.4838899690671], [-121.741176079103, 37.4839399687345], [-121.741199079568, 37.4839399687345], [-121.741270079713, 37.4839429690556], [-121.741294079104, 37.4839449685568], [-121.741341079858, 37.4839449685568], [-121.746167080194, 37.4839629683422], [-121.759111082091, 37.484013967354], [-121.760645082101, 37.4840199672774], [-121.765471083336, 37.4840389671504], [-121.766121083614, 37.4840449670718], [-121.7680730832, 37.4840629668331], [-121.768724083304, 37.4840699668578], [-121.768902083579, 37.4840709669632], [-121.769436083506, 37.4840769668819], [-121.769615083606, 37.4840789670924], [-121.769644083919, 37.4840789670924], [-121.769731083957, 37.4840789670924], [-121.76976008427, 37.4840799664847], [-121.769842084286, 37.48408096659], [-121.786248086388, 37.4842409654266], [-121.795440087651, 37.4840009645482], [-121.796500088008, 37.4839989650485], [-121.799683088555, 37.4839969648359], [-121.800745088562, 37.4839959647296], [-121.801847088752, 37.4840079645788], [-121.804523089135, 37.4840359639818], [-121.815858090678, 37.4841559637483], [-121.819637091076, 37.4841959629148], [-121.820439091691, 37.4842039630307], [-121.822847092285, 37.4842299628667], [-121.823650091826, 37.4842389630821], [-121.823879092155, 37.4842409625753], [-121.824155092339, 37.4842409625753], [-121.825673092456, 37.4842409625753], [-121.826179092794, 37.4842409625753], [-121.826605092767, 37.4842409625753], [-121.827030092914, 37.4842409625753], [-121.82723409223, 37.4842409625753], [-121.830401092883, 37.4842409625753], [-121.831379093224, 37.4842409625753], [-121.831457093042, 37.4842459623775], [-121.831777093608, 37.4842669623984], [-121.83274009388, 37.4843309625278], [-121.832879093797, 37.4843409621197], [-121.833062093197, 37.4843419622215], [-121.837889094257, 37.4843779615965], [-121.846210095309, 37.48443996143], [-121.846253095865, 37.4844409615304], [-121.850622096267, 37.4844419609179], [-121.850664096099, 37.4844419609179], [-121.855775096841, 37.4845419609061], [-121.857407097659, 37.4845589604489], [-121.857740097745, 37.4845619607452], [-121.858740097827, 37.4845719603063], [-121.859074097738, 37.4845759607006], [-121.859939098102, 37.4845849601614], [-121.862536097944, 37.4846119599629], [-121.863402098132, 37.4846219602301], [-121.863435097744, 37.4846219602301], [-121.863473098277, 37.4845599598348], [-121.863507098612, 37.4845209602497], [-121.86355009827, 37.4844839601309], [-121.863579098582, 37.4844589597705], [-121.863614097844, 37.484426960124], [-121.863648098179, 37.4843859602672], [-121.863674098119, 37.4843499601832], [-121.863689098187, 37.4843239596761], [-121.863704098256, 37.4842799601682], [-121.863719098324, 37.484245960239], [-121.863734098393, 37.4842079598806], [-121.863753097761, 37.4841559601842], [-121.86376809783, 37.4841159602834], [-121.863782098074, 37.484091959905], [-121.863799097792, 37.4840679602316], [-121.863821098432, 37.4840279602837], [-121.8638360985, 37.4839929601336], [-121.863858098242, 37.4839509599317], [-121.863872098485, 37.4839119600287], [-121.863888098379, 37.4838729601052], [-121.863891097854, 37.4838189599583], [-121.863894098227, 37.4837669599911], [-121.863892098577, 37.4837229601552], [-121.86387509796, 37.4836349596926], [-121.863881097808, 37.4833789600259], [-121.863883098356, 37.4833349599614], [-121.863883098356, 37.4832939602182], [-121.863883098356, 37.483154959687], [-121.863863098264, 37.483084959978], [-121.86380309799, 37.4829839600583], [-121.863763097807, 37.482914959597], [-121.863703098431, 37.4828549601669], [-121.863623098065, 37.4828049597734], [-121.863523097608, 37.4827649598622], [-121.863233098078, 37.4826849599755], [-121.863073098244, 37.4826249596478], [-121.862963097741, 37.4825549601552], [-121.86295009822, 37.4825429600726], [-121.862893097421, 37.4824949597231], [-121.862763097724, 37.4823549597157], [-121.862714098219, 37.4823159596924], [-121.862651097571, 37.4822719597148], [-121.862539097418, 37.4821929601435], [-121.862454097928, 37.4821609602393], [-121.862383097783, 37.4821349596833], [-121.862323097508, 37.4820449599369], [-121.862293097371, 37.4819649599922], [-121.862293097371, 37.4818749600411], [-121.862313097463, 37.4818149597759], [-121.862373097737, 37.4817449602372], [-121.862423097966, 37.48167495992], [-121.862443098057, 37.481614960207], [-121.862493097388, 37.4812749594976], [-121.862533097571, 37.4811749601266], [-121.862603097891, 37.4810849599369], [-121.862713097496, 37.4809749595576], [-121.862803097907, 37.4808649597293], [-121.862903097466, 37.4806949600002], [-121.862953097695, 37.4805549594716], [-121.862973097787, 37.4804749600702], [-121.862973097787, 37.4803549600946], [-121.862943097649, 37.4800949599615], [-121.862893097421, 37.4798749596906], [-121.862873097329, 37.4797349597643], [-121.862883097375, 37.4796549594849], [-121.862933097604, 37.4795449598521], [-121.862953097695, 37.4794749596126], [-121.8630630973, 37.4788249595527], [-121.863053097254, 37.4786349594653], [-121.863043097208, 37.4785649597991], [-121.863003097026, 37.478464959653], [-121.862733097587, 37.4779949596689], [-121.8623430976, 37.4774149596637], [-121.862283097325, 37.4772749594059], [-121.862253097188, 37.4771449594409], [-121.862243097142, 37.4769049592952], [-121.862253097188, 37.4768649597901], [-121.862303097417, 37.4768549591976], [-121.862343096701, 37.4768249595506], [-121.862363096793, 37.4767749593995], [-121.862493097388, 37.4762049591613], [-121.862523097525, 37.4759949595535], [-121.862523096627, 37.4755549591748], [-121.862503097433, 37.47551495966], [-121.862453097205, 37.4754849594752], [-121.862233097097, 37.4754149597101], [-121.862093097354, 37.4753749594075], [-121.861973096806, 37.4753049595393], [-121.861913096531, 37.475254959084], [-121.861863097201, 37.4751849591035], [-121.861842097284, 37.4751229594326], [-121.861763096743, 37.4748849596662], [-121.86167309723, 37.4747049589981], [-121.861653097138, 37.474644959392], [-121.861653097138, 37.4745849590247], [-121.861663097184, 37.4744649595717], [-121.861653097138, 37.4744049590599], [-121.861633097047, 37.4743749591425], [-121.86160309691, 37.4743449592129], [-121.861503096452, 37.4743149592714], [-121.861083096328, 37.4742049596204], [-121.860903096403, 37.4741449596128], [-121.860833096981, 37.474114959591], [-121.860793096798, 37.4740749593055], [-121.860783096752, 37.4740249594533], [-121.860783096752, 37.4739449594775], [-121.860813096889, 37.4738349592819], [-121.860823096935, 37.4737249596374], [-121.860823096935, 37.47363495903], [-121.860813096889, 37.4735749592778], [-121.860773096706, 37.4734949595333], [-121.860723096478, 37.473444959293], [-121.860633096066, 37.4733949590194], [-121.860543096553, 37.4733149590822], [-121.860443096095, 37.4732049593852], [-121.860413096856, 37.4731549596639], [-121.86040309681, 37.473054959408], [-121.860373096673, 37.4729349596372], [-121.86026309617, 37.472824959381], [-121.860203096794, 37.4727749594054], [-121.860193096748, 37.4727349591157], [-121.860193096748, 37.4727049592409], [-121.860233096033, 37.4726649596267], [-121.86026309617, 37.4726649596267], [-121.860303096353, 37.472674959354], [-121.860363096627, 37.4727249593965], [-121.860423096004, 37.4728149589608], [-121.860463096187, 37.4728449595044], [-121.860593096781, 37.4729149595378], [-121.860733096523, 37.4729649594197], [-121.860873096265, 37.473054959408], [-121.860963096677, 37.4730949595264], [-121.86100309686, 37.4731049591962], [-121.861063096236, 37.4731049591962], [-121.861113096465, 37.4730949595264], [-121.861153096648, 37.473054959408], [-121.861213096922, 37.4729749591069], [-121.861223096968, 37.4729149595378], [-121.861223096968, 37.4728849590223], [-121.861213096922, 37.4728549592076], [-121.861163096694, 37.4727949595422], [-121.861143096602, 37.4727449595466], [-121.861143096602, 37.472674959354], [-121.861173096739, 37.4723049592838], [-121.861113096465, 37.4721949595263], [-121.861113096465, 37.4721549589262], [-121.861133096556, 37.4721249588186], [-121.861173096739, 37.4721049592154], [-121.861203096877, 37.4721049592154], [-121.861243096161, 37.4721249588186], [-121.86129309639, 37.4721649594347], [-121.861333096573, 37.4722149591054], [-121.861383096802, 37.4724249593531], [-121.861433096132, 37.4725349594851], [-121.861573096772, 37.4726049590958], [-121.861843096211, 37.4727649589786], [-121.861983096851, 37.4728549592076], [-121.86203309708, 37.4729549590183], [-121.862173096822, 37.4731949590159], [-121.862273096381, 37.4733149590822], [-121.86232309661, 37.4733649594094], [-121.862373096839, 37.4733949590194], [-121.862453097205, 37.4734249593302], [-121.862673096414, 37.4734649592506], [-121.862773096872, 37.4735049591496], [-121.862843097192, 37.4735549593497], [-121.862873096431, 37.4736049595164], [-121.862913096614, 37.4737149593376], [-121.863013097071, 37.4738649594161], [-121.863103096585, 37.4739449594775], [-121.863173096905, 37.4739749588547], [-121.863223097134, 37.4740049589327], [-121.863333096738, 37.4740249594533], [-121.863603097075, 37.4740449592556], [-121.86371309668, 37.4740649590526], [-121.863803097092, 37.4741049593434], [-121.863903096651, 37.4741649593831], [-121.863963096925, 37.4741949593848], [-121.864003097108, 37.4742049589074], [-121.864053097337, 37.4742049589074], [-121.86409309752, 37.4741849591479], [-121.864133096805, 37.4741349593692], [-121.864163096942, 37.4740649590526], [-121.864183097033, 37.4739249589355], [-121.864183097033, 37.4737249589244], [-121.864073097428, 37.4734349589558], [-121.863983097017, 37.4732149590403], [-121.863963096925, 37.4731349589105], [-121.863963096925, 37.4730649590831], [-121.863973096971, 37.4730249589486], [-121.8640230972, 37.4729649587068], [-121.864103096667, 37.4729149588249], [-121.86438309705, 37.4727949588293], [-121.864513096746, 37.4727549592632], [-121.864593097112, 37.4727549592632], [-121.864643097341, 37.4727649589786], [-121.864703096717, 37.4727949588293], [-121.864893096688, 37.4729649587068], [-121.865003097191, 37.4730549586951], [-121.865383097133, 37.4732949590845], [-121.865513096829, 37.4734249586172], [-121.865693097652, 37.4737549591028], [-121.865753097028, 37.4738349592819], [-121.865853097486, 37.4739149586625], [-121.865933096953, 37.4739549590336], [-121.866123097823, 37.4740249587404], [-121.86620309729, 37.4740349589987], [-121.866403097307, 37.4740149591937], [-121.86651309781, 37.4739749588547], [-121.866593097278, 37.4739349592072], [-121.866683097689, 37.4738649587032], [-121.866733097918, 37.4738149587105], [-121.866753097111, 37.4737749589774], [-121.866773097203, 37.47363495903], [-121.866783097248, 37.4734349589558], [-121.866833097477, 37.4732649587215], [-121.866843097523, 37.4731949590159], [-121.866833097477, 37.4731149588647], [-121.866823097431, 37.4730749587569], [-121.866503097764, 37.4728449587914], [-121.866483097673, 37.4728049585393], [-121.866423097398, 37.4725949586462], [-121.866343097032, 37.4721049585025], [-121.866303096849, 37.4720349591364], [-121.866263097565, 37.4719849586324], [-121.866063097548, 37.4718649585696], [-121.865973097136, 37.4718049588224], [-121.865733096937, 37.4715749585137], [-121.865623097332, 37.4715049586512], [-121.865423097315, 37.47142495883], [-121.865263096584, 37.4713749586309], [-121.86517309707, 37.4713249591113], [-121.865123096842, 37.4712849587585], [-121.865073096613, 37.4712249585458], [-121.865063096567, 37.4711449591378], [-121.865073096613, 37.4710949587514], [-121.865153096979, 37.4709449588174], [-121.865273096629, 37.4706849587416], [-121.865293096721, 37.4705849587459], [-121.865293096721, 37.4704949586353], [-121.861069096084, 37.470474959309], [-121.86104209632, 37.4705539591478], [-121.858502095481, 37.4705799594555], [-121.847281092842, 37.4606559593831], [-121.84704309319, 37.4608549590052], [-121.843471092482, 37.4615779596495], [-121.843453092938, 37.4613949592241], [-121.843353092481, 37.4609449593125], [-121.843353092481, 37.4609149596975], [-121.843293092206, 37.460314959165], [-121.843263092069, 37.4602649593786], [-121.843223092784, 37.4602249595255], [-121.84316309251, 37.4602049595909], [-121.843083092144, 37.460184959651], [-121.843013092722, 37.460184959651], [-121.842743092385, 37.4602449594548], [-121.842633091882, 37.4602549594174], [-121.84256309246, 37.4602449594548], [-121.842483092094, 37.4602249595255], [-121.842323092261, 37.4601549597311], [-121.842233091849, 37.460084959158], [-121.842193092565, 37.4600249592259], [-121.842173092473, 37.4599749592456], [-121.842173092473, 37.459924959232], [-121.84220309261, 37.4598649591715], [-121.842353092398, 37.4596449592507], [-121.842473092049, 37.459444959539], [-121.842533092323, 37.4593249593126], [-121.842633091882, 37.4589449593456], [-121.842633091882, 37.4588449593336], [-121.842603091745, 37.4587949592775], [-121.84256309246, 37.4587649595129], [-121.842503092186, 37.458754959351], [-121.842363092444, 37.4587449591879], [-121.842273092032, 37.4587249595705], [-121.842233091849, 37.4587049592348], [-121.842193091666, 37.458654959085], [-121.84218309162, 37.4586149590837], [-121.84218309162, 37.4585649595868], [-121.842203091712, 37.4585049591482], [-121.842243091895, 37.4584449593745], [-121.84266309202, 37.4579649594516], [-121.842903092219, 37.45771495946], [-121.843073092098, 37.4575249591927], [-121.843123092327, 37.4574449593861], [-121.843313092298, 37.4570949588695], [-121.843413091857, 37.4569249592703], [-121.843443091994, 37.4568449588219], [-121.843443091994, 37.456774959429], [-121.843433091948, 37.4567149589803], [-121.843413091857, 37.4566449594657], [-121.843353091583, 37.4565449592305], [-121.843193091749, 37.4563749590942], [-121.842983091687, 37.4561349592926], [-121.842913092265, 37.4560849588507], [-121.842583091654, 37.455914959095], [-121.842383091637, 37.4558049594667], [-121.842323091363, 37.4557449589529], [-121.842273092032, 37.4556649593815], [-121.842173091575, 37.455534958915], [-121.84206309197, 37.4554249594408], [-121.841933091375, 37.4553349589079], [-121.841813091725, 37.4552749594434], [-121.841203091629, 37.4550549588553], [-121.840883091064, 37.4549149587924], [-121.840813091642, 37.4548749589301], [-121.840773091459, 37.4548349590464], [-121.840763091413, 37.4547849591616], [-121.840763091413, 37.4547349592434], [-121.840773091459, 37.4547049592764], [-121.840813091642, 37.4546549593048], [-121.841133091309, 37.45447495913], [-121.841253091858, 37.4543749588457], [-121.84132309128, 37.4542949592351], [-121.841363091463, 37.4542249588817], [-121.8413930916, 37.4541549591759], [-121.8413930916, 37.4540549591768], [-121.841383091554, 37.4539649591347], [-121.84132309128, 37.4538149590616], [-121.841213091675, 37.4535749588893], [-121.84096309143, 37.4532449591778], [-121.840933091293, 37.4531749592679], [-121.840923091247, 37.4531049592925], [-121.840923091247, 37.4530449587521], [-121.840933091293, 37.453004959316], [-121.840983091521, 37.4529549589209], [-121.841023090806, 37.4528849587396], [-121.841063090989, 37.4527949587159], [-121.841073091035, 37.452724959098], [-121.841093091126, 37.452404958788], [-121.841093091126, 37.4523449591124], [-121.841073091035, 37.4522749590733], [-121.841023090806, 37.4522249589035], [-121.840933091293, 37.4521549587522], [-121.840803090698, 37.4520949588759], [-121.840713091185, 37.4520649585632], [-121.840533091259, 37.4520549589317], [-121.840423090756, 37.4520449585858], [-121.840323091197, 37.452024958603], [-121.840003090632, 37.4519149589585], [-121.839923091164, 37.451874958918], [-121.839883090981, 37.4518349588562], [-121.839873090935, 37.4517849591053], [-121.839883090981, 37.4517549586682], [-121.839953091301, 37.4516449586267], [-121.840173090511, 37.4513749587467], [-121.840383090573, 37.4510649588446], [-121.840413090711, 37.4509849585463], [-121.840423090756, 37.4509149586609], [-121.840433090802, 37.4507749586934], [-121.840433090802, 37.4506749591675], [-121.840463090939, 37.4505449585856], [-121.840573090544, 37.4503749590745], [-121.840813090744, 37.45014495845], [-121.840923091247, 37.4500649585941], [-121.841033090852, 37.4500249589906], [-121.841093091126, 37.4500249589906], [-121.841183090639, 37.4500349588935], [-121.841263091005, 37.4500649585941], [-121.841503091205, 37.4501749588196], [-121.841793090735, 37.4503449587851], [-121.841843090964, 37.450364958504], [-121.841883091147, 37.450364958504], [-121.84197309066, 37.4503449587851], [-121.842053091026, 37.4503149584837], [-121.842093091209, 37.4502749590139], [-121.842123091346, 37.4502149583428], [-121.842133091392, 37.4501549583368], [-121.842133091392, 37.4501149587814], [-121.842103091255, 37.4500549586952], [-121.842053091026, 37.4499849586526], [-121.842003090797, 37.4499349583783], [-121.841926090804, 37.4498939588559], [-121.841853091009, 37.4498549582978], [-121.841793090735, 37.4498149585821], [-121.841733091359, 37.4497649589073], [-121.841263091005, 37.4491549587579], [-121.841143090456, 37.4489749588975], [-121.841033090852, 37.4486949585705], [-121.840963090531, 37.4485849583082], [-121.840693090195, 37.4482749582547], [-121.840423090756, 37.4480249586791], [-121.840163090465, 37.4478549584335], [-121.839833090752, 37.4477049589448], [-121.839733090295, 37.4476749582977], [-121.83967309002, 37.4476649587926], [-121.839523090233, 37.4476849585147], [-121.839323090216, 37.4477249586562], [-121.839273089987, 37.4477249586562], [-121.839223090657, 37.4477149584445], [-121.839183090474, 37.4476849585147], [-121.839163090383, 37.4476449583518], [-121.839163090383, 37.4475949586531], [-121.839203090566, 37.4475049586831], [-121.839293090079, 37.4473549584926], [-121.839413090628, 37.4472349588368], [-121.839683090066, 37.4469949582346], [-121.839883090083, 37.4468349588318], [-121.839953090403, 37.4467449586607], [-121.840033090769, 37.446614958381], [-121.840063090008, 37.4464749582112], [-121.840063090008, 37.446294958321], [-121.840023089825, 37.4455649582098], [-121.840043089916, 37.4450849583585], [-121.840083090099, 37.4448949581015], [-121.840103090191, 37.4448549585866], [-121.84015309042, 37.4447949585608], [-121.84063308992, 37.4443949583479], [-121.840052090137, 37.444160958177], [-121.839872090212, 37.4440879585439], [-121.839713090203, 37.4440249581193], [-121.838693090029, 37.4436449581582], [-121.837873089872, 37.4433349583183], [-121.837593089489, 37.4432149586337], [-121.837575089946, 37.4432059584713], [-121.837453089747, 37.4431449586099], [-121.837323089152, 37.4430549582792], [-121.837093089897, 37.4428849581519], [-121.83689308988, 37.4427549582973], [-121.836713089057, 37.4426349583957], [-121.836293088932, 37.4423049582089], [-121.836162089411, 37.4422049580595], [-121.836043089586, 37.4421149587379], [-121.835943089128, 37.4420049580729], [-121.835903088945, 37.441954958171], [-121.835873088808, 37.4419149585108], [-121.835803089386, 37.441774958105], [-121.835703088929, 37.4415449581434], [-121.835373089216, 37.4406349580928], [-121.835253088667, 37.4402849580893], [-121.83522308853, 37.4401749583003], [-121.835213088484, 37.4400849579637], [-121.835213088484, 37.4400249583924], [-121.835233088575, 37.4399449584136], [-121.835273088758, 37.4398749581837], [-121.835371088668, 37.4397489580328], [-121.835383089261, 37.4397349582408], [-121.835533089049, 37.4395549585406], [-121.835573089232, 37.4394749580594], [-121.835623088563, 37.4393149582669], [-121.835603088471, 37.4392149584011], [-121.835573089232, 37.4391249583364], [-121.835493088866, 37.4389649585088], [-121.835475088425, 37.4389419578948], [-121.835343089078, 37.438774958403], [-121.83522308853, 37.4386749578157], [-121.834933089, 37.4385249584674], [-121.834783088314, 37.4384849584001], [-121.834403088372, 37.4384349582861], [-121.833494088526, 37.4383739581017], [-121.832913088743, 37.4383349579577], [-121.832583088132, 37.438334958671], [-121.832483088572, 37.4383449579965], [-121.831723087791, 37.4386249585418], [-121.830403088041, 37.4390949585285], [-121.829573087838, 37.4394549582823], [-121.82899308788, 37.4397249583876], [-121.828883088275, 37.4397649585053], [-121.828523087526, 37.4398649590625], [-121.828263088134, 37.4399049591054], [-121.82803308798, 37.4399349585886], [-121.827823087918, 37.4399549589506], [-121.827493087306, 37.4399549589506], [-121.827355088112, 37.4399509590212], [-121.827083087228, 37.4399449591268], [-121.826513087315, 37.4399949589453], [-121.826433087848, 37.4399949589453], [-121.826155087115, 37.4399779592533], [-121.825953087448, 37.4399649587729], [-121.825693087158, 37.4399349593018], [-121.825323087262, 37.4398649590625], [-121.825223087703, 37.4398509592922], [-121.824911087533, 37.4398079592677], [-121.824403087545, 37.4397249591009], [-121.824093087025, 37.4396649592409], [-121.823978087397, 37.4396549593784], [-121.823863086871, 37.4396449588014], [-121.823713087084, 37.4396249590698], [-121.823533087158, 37.4395749590042], [-121.823383087371, 37.4395049591414], [-121.822805087062, 37.439162958789], [-121.822673086818, 37.4390849593032], [-121.822253086693, 37.4388549589193], [-121.822083086814, 37.4388049590525], [-121.821953087118, 37.4387949590751], [-121.82185308666, 37.4388049590525], [-121.821710086545, 37.4388259590006], [-121.821593086369, 37.4388549589193], [-121.821353087068, 37.4388949595021], [-121.821293086794, 37.4388949595021], [-121.821253086611, 37.4388849588234], [-121.821233086519, 37.4388749588568], [-121.821163086199, 37.4388549589193], [-121.821093086777, 37.4388049590525], [-121.820863086623, 37.4385649592265], [-121.820763086166, 37.4384949591323], [-121.820653086561, 37.4384349589994], [-121.820578086218, 37.4384059589179], [-121.820523086865, 37.4383849588518], [-121.819863086541, 37.4381549591697], [-121.81967308657, 37.4380849594052], [-121.819513085838, 37.4380149595753], [-121.819463086507, 37.437994959408], [-121.819413086279, 37.4379449589666], [-121.819383086142, 37.4379149593989], [-121.819293086628, 37.4377949588683], [-121.819213086262, 37.4376749595718], [-121.819143085942, 37.4375249589324], [-121.819105086307, 37.4374589593546], [-121.819043086383, 37.4372249588913], [-121.819043086383, 37.4371349592865], [-121.819113085805, 37.4367849593188], [-121.819203086216, 37.4365749588378], [-121.819283085684, 37.4364349591408], [-121.819403086233, 37.4363049587801], [-121.819703085809, 37.4360649587829], [-121.819767086281, 37.4359999593793], [-121.819843086449, 37.4359249588452], [-121.819923085917, 37.4357849593589], [-121.819943086008, 37.4357049591272], [-121.819943086008, 37.4355549588191], [-121.819913085871, 37.4354849587626], [-121.82003308642, 37.4354349587841], [-121.820183086208, 37.4353449591666], [-121.82025308563, 37.4353249589992], [-121.820303085858, 37.4353149592701], [-121.820553086104, 37.4352849586481], [-121.820873085771, 37.4351799588734], [-121.820974086053, 37.435144958678], [-121.821093085879, 37.4351049589441], [-121.821243086565, 37.4350149589298], [-121.821483085866, 37.4348349585764], [-121.822033086585, 37.4344749587109], [-121.822393086435, 37.434194959045], [-121.822623086589, 37.4340049589554], [-121.822761086681, 37.4338269584413], [-121.822983086439, 37.4334849585339], [-121.823163086364, 37.4332749587799], [-121.823383086472, 37.4330949585219], [-121.823525085864, 37.4330059583057], [-121.823833086734, 37.4328149586868], [-121.82420308663, 37.432644958123], [-121.824323086281, 37.4326149585709], [-121.824433086784, 37.4326149585709], [-121.824523086297, 37.432644958123], [-121.824540086016, 37.4326649582933], [-121.824589086419, 37.4325339584361], [-121.823486086405, 37.4318999583161], [-121.824478086091, 37.4318449583428], [-121.824691086527, 37.4318229584849], [-121.82496008614, 37.4317729582], [-121.825173086575, 37.4316959582381], [-121.825346086828, 37.4316189581971], [-121.825670086693, 37.4315969582727], [-121.825938086482, 37.4316359583612], [-121.825991086185, 37.4316539579013], [-121.826145086171, 37.4317069585432], [-121.826345086187, 37.4317289584353], [-121.82666208638, 37.4317399580222], [-121.826930087067, 37.4318769583841], [-121.827261086604, 37.4320149578702], [-121.827571087124, 37.4320529583663], [-121.828005086594, 37.4321139579961], [-121.828384086711, 37.4321029577508], [-121.828749086584, 37.4320749581567], [-121.829108086609, 37.4320529583663], [-121.829390086641, 37.4320039583236], [-121.829735087321, 37.4319539581597], [-121.830141087202, 37.4319429578909], [-121.830499087402, 37.4319929580622], [-121.830823087267, 37.4318769576707], [-121.830906087108, 37.4318219576806], [-121.830988087124, 37.4316849579314], [-121.831133086889, 37.4314599581118], [-121.831264087308, 37.431123957978], [-121.831477086845, 37.4307229580565], [-121.831622087509, 37.4305689580334], [-121.831794087038, 37.4304259574736], [-121.832077086895, 37.4303219574136], [-121.832380087742, 37.4302399575388], [-121.832573087188, 37.4301129574597], [-121.832779087052, 37.4298879579084], [-121.832965087723, 37.4296019574805], [-121.833000086985, 37.4294149575153], [-121.832931087388, 37.4291679573678], [-121.83267608712, 37.4288329577776], [-121.832193087246, 37.4281519575541], [-121.831973087138, 37.4279209576708], [-121.831601086694, 37.4275149576835], [-121.83133208708, 37.4271849571681], [-121.831077086812, 37.4268829574581], [-121.830873086598, 37.4266899575912], [-121.830856086879, 37.426673957177], [-121.830670087106, 37.4264429577269], [-121.83058108652, 37.4262239574141], [-121.830574086847, 37.4260919575318], [-121.830512086923, 37.425981957571], [-121.830498086679, 37.425849957262], [-121.830429086184, 37.4257179574337], [-121.830250086084, 37.4252179572492], [-121.830250086084, 37.4250699576899], [-121.830243086411, 37.4249109572492], [-121.830353086016, 37.424525957027], [-121.830436086755, 37.4243499571832], [-121.830456085948, 37.4241959576049], [-121.830539086687, 37.4240369574484], [-121.830677086779, 37.4238939572526], [-121.830911086233, 37.4236359573759], [-121.830966086484, 37.4235429572355], [-121.831014086165, 37.4234329570968], [-121.8310480865, 37.4233279571055], [-121.831172086349, 37.4231579571132], [-121.831448086533, 37.4231359568426], [-121.83164808655, 37.4230979568139], [-121.831744086809, 37.4230819570589], [-121.831848086566, 37.4230649570926], [-121.831992086506, 37.4230639568846], [-121.832130086598, 37.4230699567054], [-121.83265208683, 37.4228989573439], [-121.833018086528, 37.4228689567398], [-121.833250086332, 37.4227189571061], [-121.833939086968, 37.4222999567512], [-121.834201086909, 37.4223519566639], [-121.834373086438, 37.4221579570253], [-121.834800087134, 37.4218879570447], [-121.835136086694, 37.4219329563957], [-121.835211087037, 37.4216489567094], [-121.835586086956, 37.4216859565336], [-121.835862087141, 37.4215589569257], [-121.835877087209, 37.4214839569045], [-121.836020087324, 37.4213789563204], [-121.837462087273, 37.4214279561832], [-121.837813086902, 37.4213439568064], [-121.837964087413, 37.4213159567554], [-121.838171087103, 37.4213159567554], [-121.838384087538, 37.4213049563503], [-121.838583087729, 37.4213229562341], [-121.838798086916, 37.421343956093], [-121.838944087405, 37.421343956093], [-121.838892087526, 37.4212189563703], [-121.839009087702, 37.4210749562657], [-121.830768084321, 37.4083329561124], [-121.830821084923, 37.4083869558276], [-121.830883084847, 37.4084419559071], [-121.830928085053, 37.4084779561449], [-121.830978084383, 37.4085089557808], [-121.831023084589, 37.4085359559366], [-121.831088084886, 37.4085589559031], [-121.831156084658, 37.4085689556381], [-121.831230085177, 37.4085659558605], [-121.831300084598, 37.4085489561667], [-121.831528085102, 37.4084419559071], [-121.831747084487, 37.4083439555686], [-121.831833084701, 37.4083059558834], [-121.83200308458, 37.4082399555205], [-121.832184085228, 37.4079509560905], [-121.83235208456, 37.4077609557615], [-121.832538085231, 37.4075689555479], [-121.83285208505, 37.4072479558201], [-121.832988084594, 37.4070789554263], [-121.833079084831, 37.4068329555228], [-121.833154085174, 37.4066909557272], [-121.833334085099, 37.4064329558119], [-121.833386084978, 37.4063669552261], [-121.833645084545, 37.4062229558223], [-121.834043084929, 37.4061249554354], [-121.834344085227, 37.4058729554831], [-121.834437085114, 37.4057959552889], [-121.834651084476, 37.4054129554458], [-121.834530085, 37.4051359554757], [-121.834515084932, 37.405154955411], [-121.834502084513, 37.405170955428], [-121.834487084444, 37.4051899553544], [-121.834436085289, 37.405254955104], [-121.834364084421, 37.4053459556577], [-121.83434908525, 37.4053559551079], [-121.834308085242, 37.4053819552424], [-121.834226085227, 37.4054339554842], [-121.834205084412, 37.4054409557335], [-121.834101084655, 37.4054769552726], [-121.834082084388, 37.4054829550751], [-121.833973084608, 37.4055049555364], [-121.833931084776, 37.4055139552367], [-121.833768084569, 37.4052599551922], [-121.833659084789, 37.4050989553249], [-121.833445084529, 37.4047839555768], [-121.833337084574, 37.4046249555951], [-121.833277084299, 37.40460395533], [-121.833243084862, 37.4045009555414], [-121.833148084428, 37.4044659552761], [-121.833082084306, 37.4043659552437], [-121.832921084647, 37.4041569556299], [-121.833273084101, 37.4039729555932], [-121.833307084436, 37.4039679554192], [-121.833032084077, 37.4035549550175], [-121.833166084869, 37.403493954957], [-121.833570084202, 37.403307955203], [-121.837107084751, 37.4016839549097], [-121.838639085111, 37.4009839544358], [-121.838741085218, 37.4009369543369], [-121.838775084655, 37.4009839544358], [-121.838828085257, 37.4010589550032], [-121.838980084695, 37.4007349544114], [-121.839090085198, 37.4005439545427], [-121.839282084818, 37.4003439545807], [-121.839478084637, 37.4002589545958], [-121.839763085042, 37.4001889543678], [-121.840000084869, 37.4000929542548], [-121.840180084794, 37.399994954414], [-121.84033008548, 37.3998249542696], [-121.840416084795, 37.3996289544725], [-121.840566085481, 37.3991879546605], [-121.840663084668, 37.398886954624], [-121.840783085216, 37.3986599543849], [-121.840938085027, 37.398540954274], [-121.841022084693, 37.3984599543904], [-121.841112085104, 37.3984169541434], [-121.841291085205, 37.398389954623], [-121.84143608497, 37.3984069544808], [-121.841646085032, 37.3984129541358], [-121.841878084835, 37.3984389545384], [-121.842096085294, 37.3984709538687], [-121.841934084912, 37.3983979539269], [-121.841870085338, 37.398354954358], [-121.841818085459, 37.3983039540241], [-121.841776085627, 37.3982419541452], [-121.84175908501, 37.3982029545059], [-121.84165008523, 37.3978409544149], [-121.841645085207, 37.3978139539733], [-121.841599085176, 37.3976819539741], [-121.841401084809, 37.3977209538845], [-121.84115908496, 37.3977939544858], [-121.840964084966, 37.3978659544715], [-121.840475085245, 37.3980499545172], [-121.840378085161, 37.3980999544825], [-121.840286085099, 37.3981659545], [-121.840251084939, 37.3982009541396], [-121.840214085129, 37.3982629540524], [-121.840175084771, 37.3983169546023], [-121.840124084717, 37.3983639542034], [-121.840053084572, 37.3984039542962], [-121.839980084777, 37.3984279543417], [-121.839902084959, 37.3984389545384], [-121.839824085142, 37.3984369541784], [-121.839194084955, 37.39841595432], [-121.839153084947, 37.3984179546805], [-121.839038084421, 37.3984249541581], [-121.838892084831, 37.3984469545507], [-121.838499084471, 37.3985179548006], [-121.838328084766, 37.3985699548102], [-121.838225084834, 37.3986029546193], [-121.838112084856, 37.3986499547547], [-121.837860084961, 37.3987859544642], [-121.837843084345, 37.3987949542579], [-121.837691084907, 37.3988879544413], [-121.837444085035, 37.3990939543214], [-121.837270084957, 37.3992569545839], [-121.837160084454, 37.3993509547186], [-121.83700208427, 37.3994699549705], [-121.836911084932, 37.3995289544077], [-121.836702084695, 37.3996449549558], [-121.835769084559, 37.4000769545808], [-121.835353084633, 37.4002699545237], [-121.835203084845, 37.4003349549731], [-121.835061084555, 37.4003859546384], [-121.834914084242, 37.4004309547761], [-121.834599084597, 37.400506954979], [-121.834485083896, 37.4005419549526], [-121.834383084687, 37.4005779547044], [-121.834269083986, 37.4006249550285], [-121.834073084167, 37.400722954759], [-121.833984084479, 37.4007769549636], [-121.833872084326, 37.4008549551111], [-121.833782083914, 37.4009239549269], [-121.833583084621, 37.4011129549657], [-121.833055084541, 37.4016339551946], [-121.832982083848, 37.4016999549542], [-121.832887084312, 37.401771955469], [-121.832805084296, 37.4018259549176], [-121.832718084258, 37.4018769549955], [-121.83254408418, 37.40195995502], [-121.832361083882, 37.402025955206], [-121.832162084589, 37.4020779549224], [-121.832044084588, 37.4021039554807], [-121.831884083856, 37.4021549553694], [-121.831718084175, 37.4022249551881], [-121.831559084166, 37.4023099550838], [-121.831412083853, 37.4024079554653], [-121.83128708418, 37.4025109552765], [-121.831150083912, 37.4026149554273], [-121.831002083774, 37.4027089556315], [-121.830843083766, 37.4027919554482], [-121.830671084236, 37.4028639556272], [-121.830492084136, 37.4029229552467], [-121.830307084188, 37.4029689557645], [-121.83011308402, 37.4030009553013], [-121.829916083478, 37.4030179555402], [-121.829756083644, 37.4030189553023], [-121.829726083507, 37.403019955778], [-121.829555083803, 37.4030099553023], [-121.82936908403, 37.4029849555346], [-121.829042083792, 37.4029179557162], [-121.828398083361, 37.4027819556556], [-121.828165083733, 37.4027219554455], [-121.828005083899, 37.4026639554346], [-121.827866083982, 37.4025999553459], [-121.827732083189, 37.4025239558385], [-121.827628083432, 37.4024499557934], [-121.827587083424, 37.4024199555614], [-121.827642083676, 37.4023249559369], [-121.827745083608, 37.4022149553199], [-121.827841083868, 37.4021219556973], [-121.828061083077, 37.402033955549], [-121.828537083278, 37.4020169558004], [-121.828764083957, 37.4019509556064], [-121.828922083243, 37.4018739556635], [-121.829053083662, 37.4017699551979], [-121.829156083595, 37.4016159555745], [-121.829267083923, 37.4015229552085], [-121.829339083893, 37.4014479551054], [-121.829508083947, 37.4013849551892], [-121.829735083728, 37.4013249552877], [-121.830065083441, 37.4011819552575], [-121.830355083869, 37.4009619555016], [-121.830520083725, 37.4008739554183], [-121.830644083574, 37.4007699549921], [-121.83072608359, 37.4006709555296], [-121.83072608359, 37.400511955384], [-121.830706083498, 37.4003359554846], [-121.830651084145, 37.4000879552491], [-121.830561083733, 37.3998909549088], [-121.83045108323, 37.399670954931], [-121.830327083382, 37.3995009554789], [-121.830237083868, 37.3994179548717], [-121.830203083533, 37.3992969549138], [-121.830168083373, 37.3991489547998], [-121.830099083776, 37.3989729552676], [-121.830072083113, 37.3988579549242], [-121.830030083281, 37.398796955322], [-121.829686083324, 37.398500954968], [-121.829411082964, 37.3979789552512], [-121.829308083032, 37.3978069551524], [-121.829107083191, 37.3974729549866], [-121.828784083151, 37.3969079548472], [-121.828687083066, 37.3966929553364], [-121.828680083394, 37.3965229548385], [-121.828682083043, 37.396513954772], [-121.828742083318, 37.3963029549651], [-121.828807082717, 37.3960959546957], [-121.828818082587, 37.3960619546416], [-121.828914082847, 37.3958749551389], [-121.829079082703, 37.395648954915], [-121.82927908272, 37.3952759546749], [-121.829348083215, 37.3950619546329], [-121.82941008314, 37.3948089547155], [-121.82941008314, 37.3947149545936], [-121.829396082896, 37.3946549550614], [-121.829348083215, 37.3945739545464], [-121.829254082606, 37.3947049551506], [-121.829217082796, 37.3947589546957], [-121.829169083115, 37.3948199547297], [-121.828940082786, 37.3950709548738], [-121.828900082603, 37.3951169552156], [-121.828819083311, 37.3951759552249], [-121.828545082776, 37.3948659552256], [-121.828718083028, 37.3946969547389], [-121.829326082576, 37.3941019550903], [-121.829360082911, 37.3940699546083], [-121.829469082691, 37.3939939550146], [-121.829686082426, 37.393896954933], [-121.829753083271, 37.3938679547297], [-121.830214082505, 37.3936869547824], [-121.830333083229, 37.3936559547239], [-121.830463082926, 37.3936369547278], [-121.830457083078, 37.3936269544273], [-121.830439082636, 37.3935999546088], [-121.830433082788, 37.393590954905], [-121.830672083163, 37.39355595454], [-121.830782082768, 37.3935449543403], [-121.830691082531, 37.3934099542888], [-121.831657083177, 37.3929879544472], [-121.832509083122, 37.3926169543271], [-121.832611083229, 37.392572954395], [-121.832648083039, 37.392556954543], [-121.832853083078, 37.3924699544853], [-121.833424082816, 37.3922249543463], [-121.833540083167, 37.3923939539831], [-121.833887083496, 37.3922479543235], [-121.833678083259, 37.3919439545206], [-121.833558083608, 37.391775954495], [-121.833460082801, 37.3916389542846], [-121.833166083073, 37.3912279542925], [-121.833068083164, 37.3910919544292], [-121.832917082653, 37.3908839541192], [-121.832467083289, 37.3902599540086], [-121.832317082603, 37.390051954245], [-121.832288083189, 37.3900089541704], [-121.832202082975, 37.3898799545123], [-121.832174082488, 37.389837954277], [-121.832115082937, 37.3897459542231], [-121.831941082859, 37.3894699540976], [-121.831883083133, 37.3893779543059], [-121.831799082569, 37.3892309538224], [-121.831577082811, 37.3888439544486], [-121.831543082476, 37.3887949539704], [-121.831446082392, 37.3886579540222], [-121.831307082474, 37.3884599543735], [-121.830891082548, 37.3878659544312], [-121.830753082456, 37.3876689540853], [-121.830770082174, 37.3876609543501], [-121.830825082426, 37.3876369544258], [-121.830843081969, 37.3876299539409], [-121.830796082113, 37.3875609540201], [-121.830657082196, 37.3873569537898], [-121.830611082165, 37.3872889543034], [-121.830598082645, 37.387269954121], [-121.830552082614, 37.387201953842], [-121.830414082522, 37.3869979540623], [-121.830397081905, 37.3869729539497], [-121.830368082491, 37.3869299542504], [-121.830240082445, 37.3867429540926], [-121.82985908178, 37.3861839543629], [-121.829732081558, 37.3859979537611], [-121.82944008148, 37.3855739543178], [-121.829009081485, 37.3849459542519], [-121.828601081954, 37.3843569536483], [-121.828564081246, 37.3843039537597], [-121.828268081868, 37.3838839540858], [-121.82812008173, 37.3836689536227], [-121.828045081387, 37.3835599541983], [-121.827468081802, 37.3838189543594], [-121.82705508135, 37.3840039539268], [-121.826964081114, 37.3840379537397], [-121.82631308101, 37.3828869537448], [-121.826312081185, 37.3828519540927], [-121.826320080683, 37.3828309541508], [-121.826346081521, 37.382803954013], [-121.826511081377, 37.3827299537703], [-121.827029081411, 37.3824969536387], [-121.827119080924, 37.3824269539541], [-121.827222080857, 37.3823619536785], [-121.826585080997, 37.3814299535139], [-121.826472081019, 37.3812649536404], [-121.826361080691, 37.3810769535757], [-121.82638708063, 37.3810709539607], [-121.826468080821, 37.3810549537955], [-121.826495080585, 37.3810499535201], [-121.826552081385, 37.3810349541195], [-121.826692081127, 37.3810019537145], [-121.826725080739, 37.3809889537024], [-121.82678208064, 37.380969954065], [-121.826891081319, 37.3809299539485], [-121.826919080908, 37.3809169539239], [-121.827035081259, 37.3808679539757], [-121.82720308059, 37.3807789537984], [-121.82730608142, 37.3807099539973], [-121.827429081444, 37.3806299534657], [-121.827491081368, 37.3805879537591], [-121.827604081346, 37.3805139534712], [-121.827616081042, 37.3805059536864], [-121.827679080791, 37.3804629538476], [-121.827742081438, 37.3804209540475], [-121.827805081188, 37.380376953382], [-121.827994081334, 37.3802489536352], [-121.828058080908, 37.3802069537153], [-121.828225081312, 37.3800919538482], [-121.828729081102, 37.3797509534788], [-121.828897081332, 37.3796369537003], [-121.829000081264, 37.3795669534873], [-121.829145081029, 37.3794689532223], [-121.829241081288, 37.3794039532382], [-121.829309081061, 37.3793569531706], [-121.829413080818, 37.3792879534888], [-121.829548081435, 37.3791949532586], [-121.829956080966, 37.3789199536379], [-121.830092081408, 37.3788279530362], [-121.83018608112, 37.3787629532102], [-121.83047208135, 37.3785689534827], [-121.830567080886, 37.3785049535213], [-121.830654080925, 37.3784439530612], [-121.830917081589, 37.3782639530876], [-121.830947081726, 37.3782439533812], [-121.831007081102, 37.3782069535176], [-121.831082081445, 37.3781549529452], [-121.831311081774, 37.3779999532492], [-121.831387081044, 37.3779489533436], [-121.831435081623, 37.3779159530084], [-121.831582081037, 37.3778169533431], [-121.831631081441, 37.3777849530484], [-121.831667081426, 37.3777599534333], [-121.831715081107, 37.3777279531142], [-121.831778081754, 37.3776849531102], [-121.831815081564, 37.3776609528482], [-121.831859081047, 37.3776309534023], [-121.83189908123, 37.3776029534326], [-121.83196908155, 37.3775559529502], [-121.831998080964, 37.3775359530549], [-121.83215208095, 37.3774309529819], [-121.832237081339, 37.3773739527788], [-121.832324081377, 37.3773139529314], [-121.832587081143, 37.3771369534232], [-121.832675081007, 37.3770779527804], [-121.832819081845, 37.3769799528323], [-121.832954081564, 37.3768889528167], [-121.833305081193, 37.3766549529836], [-121.83336108127, 37.3766159528214], [-121.833496081887, 37.3765239529627], [-121.833516081081, 37.3765099527725], [-121.833580081553, 37.3764699531327], [-121.833601081469, 37.3764569530488], [-121.83378008157, 37.3763329527947], [-121.833940081403, 37.3762229525818], [-121.834238081329, 37.3760209531596], [-121.834423081277, 37.3758959527746], [-121.834585081659, 37.3757879528854], [-121.834653081431, 37.3757409526933], [-121.834706082032, 37.3757059525615], [-121.834831081706, 37.37563095304], [-121.834863081493, 37.37560895309], [-121.834932081988, 37.3755639530423], [-121.835043081418, 37.3754909529234], [-121.835069081357, 37.375473952866], [-121.835087081799, 37.3754629528687], [-121.835356081412, 37.3752809526155], [-121.835482081809, 37.3752019528506], [-121.835622081551, 37.3751149526427], [-121.835472081763, 37.3749319528362], [-121.835383081177, 37.3748199524339], [-121.834674081347, 37.3739279523626], [-121.834654081256, 37.3739019527393], [-121.834440080995, 37.3736299527345], [-121.834298081603, 37.3734519529428], [-121.834125081351, 37.373233952791], [-121.83390008122, 37.3729489525276], [-121.833877080756, 37.3729189526248], [-121.833742081036, 37.3727379527898], [-121.833678081462, 37.3726569528682], [-121.833487080768, 37.3724149527487], [-121.833424081019, 37.3723349526496], [-121.833375080615, 37.3722729527104], [-121.833310081216, 37.3721929524599], [-121.832971081283, 37.3717679525986], [-121.832858080406, 37.3716269522303], [-121.832776080391, 37.3715229526343], [-121.832541081112, 37.3712239525466], [-121.832532080891, 37.3712119524537], [-121.832451080701, 37.3711089524701], [-121.832408081043, 37.3710529526484], [-121.832279080273, 37.3708859524092], [-121.832236080615, 37.3708309526124], [-121.832185080562, 37.3707589523632], [-121.832032080401, 37.3705429526287], [-121.831981080347, 37.370470952817], [-121.831931081017, 37.3704029522967], [-121.831811080468, 37.3702389526362], [-121.831781080331, 37.3702009521936], [-121.831730080277, 37.3701359527445], [-121.831714080384, 37.3701169524996], [-121.831669080178, 37.3700599524496], [-121.831654080109, 37.3700409521854], [-121.831635080741, 37.3700169523332], [-121.831578080839, 37.3699449527306], [-121.831560080398, 37.3699209528477], [-121.831127080753, 37.3693729528375], [-121.830593079927, 37.3686969522088], [-121.830511079911, 37.3685919526134], [-121.830306079872, 37.3683439523124], [-121.82978407964, 37.3677689523671], [-121.82931508001, 37.3672529521486], [-121.829198079834, 37.3671239526104], [-121.82903107943, 37.3669409525862], [-121.828852079329, 37.366736952665], [-121.828738079527, 37.366606952706], [-121.828638079968, 37.3664999525432], [-121.828595079411, 37.366453952493], [-121.82853607986, 37.3663909524406], [-121.82817807966, 37.3659879524747], [-121.828167079789, 37.3659759522583], [-121.828061079484, 37.3658649523073], [-121.828035079545, 37.3658369522294], [-121.82796207975, 37.3657629523812], [-121.827941079834, 37.3657419526522], [-121.82786607949, 37.3656589525098], [-121.827489079024, 37.3652409524789], [-121.827425079449, 37.3651749527497], [-121.827369079373, 37.3651189520685], [-121.827358079502, 37.3651079526947], [-121.827198079669, 37.3649449524391], [-121.827123079326, 37.3648629524], [-121.826901079568, 37.3646199525676], [-121.82682707905, 37.3645399527239], [-121.826700078828, 37.3643999526136], [-121.82655207869, 37.3642379525272], [-121.826109078999, 37.3637529525971], [-121.826093079106, 37.3637359527355], [-121.825955079013, 37.3635979524148], [-121.825870078625, 37.363508952451], [-121.82576207867, 37.363394952263], [-121.825668078958, 37.3632949524189], [-121.825621079103, 37.3632399520552], [-121.825543078387, 37.3631469526336], [-121.825524079018, 37.3631259521724], [-121.825469078767, 37.3630639524766], [-121.825451078325, 37.3630439522875], [-121.82537807853, 37.3629629526092], [-121.825288079017, 37.3630159525849], [-121.824698079013, 37.3623439523042], [-121.824740078846, 37.3622529523836], [-121.824510078692, 37.361994952315], [-121.824326078569, 37.3618129522312], [-121.824318078173, 37.3618059521916], [-121.82427607834, 37.3617669521636], [-121.824229078484, 37.3617179525574], [-121.823691078359, 37.36114995263], [-121.82355607864, 37.3610019521843], [-121.823411077977, 37.3608379519669], [-121.823258077816, 37.360651952053], [-121.823245078295, 37.3606359525302], [-121.823099077807, 37.3604689526666], [-121.823039078431, 37.360399952033], [-121.822656078116, 37.3599769524432], [-121.822508077978, 37.3598139524662], [-121.822413077544, 37.3597109525435], [-121.822274077627, 37.3595599525192], [-121.822229078319, 37.3595119525282], [-121.822130077686, 37.3594039526148], [-121.8220370778, 37.3593009521294], [-121.821903077906, 37.3591529523213], [-121.821768078187, 37.3590039525865], [-121.821492078002, 37.3587219521635], [-121.82135407791, 37.3585809522686], [-121.821281077217, 37.3584999520574], [-121.821062077832, 37.3582599519759], [-121.820989077138, 37.3581809521382], [-121.820623077441, 37.3577739523165], [-121.82054207725, 37.3576839522193], [-121.820331077363, 37.35743195223], [-121.81996607749, 37.3570259522922], [-121.819787077389, 37.3568519524626], [-121.8195230769, 37.3565549525111], [-121.819160076677, 37.3561469520536], [-121.818777077261, 37.3564059526168], [-121.81763107669, 37.3571819521412], [-121.817250076924, 37.357441952359], [-121.81716207706, 37.3575009527362], [-121.81710307661, 37.3575409524935], [-121.816901076944, 37.3576789525281], [-121.816814076906, 37.3577389523708], [-121.816764076677, 37.3577719522996], [-121.816615076714, 37.357871952363], [-121.816566077208, 37.3579059525969], [-121.816509076409, 37.3579439528402], [-121.816340077253, 37.3580579527406], [-121.816297076697, 37.3580879528734], [-121.816284077176, 37.358096952554], [-121.816224076902, 37.3581369527077], [-121.816070076916, 37.3582419526529], [-121.816045076801, 37.358258952331], [-121.815986076352, 37.3582999527568], [-121.815860076854, 37.3583849524711], [-121.81566707651, 37.358514952394], [-121.815481076737, 37.3586409528184], [-121.815356077063, 37.3587269524992], [-121.8152110764, 37.358823952378], [-121.814776077105, 37.3591179530188], [-121.814734076374, 37.3591469530949], [-121.814627076244, 37.3592089524567], [-121.814527076685, 37.359276953126], [-121.814472076433, 37.359314952675], [-121.814230076584, 37.3594829525932], [-121.81413107685, 37.3595529529836], [-121.81396507627, 37.3596639529894], [-121.813469076876, 37.3599979530715], [-121.813304077019, 37.3601099527535], [-121.813248076943, 37.3601479533089], [-121.813084076911, 37.3602709528514], [-121.812901076613, 37.3604109528109], [-121.81264507652, 37.3605769531895], [-121.812412076892, 37.3607359530616], [-121.812188076586, 37.3608899531195], [-121.812184076388, 37.3609169532918], [-121.812173076517, 37.3609999529675], [-121.812170076144, 37.3610279534223], [-121.812199076456, 37.3614859531567], [-121.812201077005, 37.3615129531146], [-121.812199076456, 37.3615439528956], [-121.812189076411, 37.3616419530173], [-121.812156076799, 37.3618499530411], [-121.812142076555, 37.3619539531938], [-121.812137076532, 37.3620009534557], [-121.812055076516, 37.3624319533463], [-121.812010076311, 37.362558953208], [-121.811947076561, 37.3626819530828], [-121.811868076919, 37.3627989531075], [-121.811797076774, 37.3628829531409], [-121.811053076784, 37.3634859536546], [-121.810929076935, 37.363565953194], [-121.810799076341, 37.3636309533372], [-121.810664076621, 37.3636819536957], [-121.810554077017, 37.3637129532947], [-121.810327076338, 37.363748953596], [-121.810281076307, 37.363752953311], [-121.809355076742, 37.3638439535545], [-121.809054076443, 37.3638739535164], [-121.808441075975, 37.3639379538235], [-121.808153076095, 37.3639719534513], [-121.80809307582, 37.3639799535714], [-121.808068076604, 37.3639829537055], [-121.807871076063, 37.3640319539747], [-121.807859076367, 37.3640369539567], [-121.807780075826, 37.3640649539923], [-121.807730076496, 37.364083953628], [-121.807549075847, 37.3641589539845], [-121.807473076578, 37.3641909536663], [-121.807267075815, 37.3642759538481], [-121.80708707589, 37.3643609539337], [-121.806985075783, 37.3644239535486], [-121.806795075812, 37.3645439538247], [-121.806643076374, 37.3646479538137], [-121.806551076313, 37.3647179536701], [-121.806456075878, 37.3647999538676], [-121.806353075946, 37.3649059540425], [-121.806320076334, 37.3649399539456], [-121.805878076468, 37.3655829541053], [-121.805871075897, 37.3655949536706], [-121.805607076307, 37.3660519538345], [-121.805591076413, 37.3660829538823], [-121.805542076009, 37.3661789539951], [-121.805527075941, 37.3662109542434], [-121.805445075925, 37.3663479537911], [-121.805360076434, 37.3664929543688], [-121.805202076251, 37.3667599540348], [-121.80512107606, 37.3668979542518], [-121.805043076242, 37.3670309544329], [-121.80480907589, 37.3674299542755], [-121.804754076537, 37.3675259540927], [-121.804751076164, 37.3675499540278], [-121.80476107621, 37.3675669544531], [-121.804572076064, 37.3674909544115], [-121.804029075915, 37.3672759540741], [-121.804004075801, 37.3672689545442], [-121.803809075807, 37.3672139542376], [-121.803627076233, 37.3671409545602], [-121.803451075607, 37.3670719543499], [-121.803083075361, 37.3669189543712], [-121.802903075436, 37.3668449541623], [-121.802772075915, 37.3667489541877], [-121.802760075321, 37.3667379543389], [-121.802440075654, 37.3666439540079], [-121.802381076103, 37.3666129541919], [-121.802204075652, 37.3665229539856], [-121.802146075926, 37.3664929543688], [-121.801787075901, 37.3663079544441], [-121.801395075365, 37.3661059540246], [-121.800775075224, 37.3657919541732], [-121.800709075102, 37.3657579546561], [-121.80058207488, 37.3656919546677], [-121.800493075192, 37.3656289546895], [-121.800416075199, 37.3655559541839], [-121.800389075435, 37.3655209542978], [-121.800356074925, 37.365476954173], [-121.800306075594, 37.3653709540908], [-121.800287075328, 37.3653299546722], [-121.800265075586, 37.3652809545366], [-121.800229075601, 37.3652019542361], [-121.800213074809, 37.3651669541849], [-121.800121074748, 37.3649679543582], [-121.800086075486, 37.3648899539987], [-121.800021075189, 37.364746954438], [-121.799828074845, 37.3643209542414], [-121.799764075271, 37.3641789545904], [-121.799689074928, 37.3640429542202], [-121.799641075247, 37.3639919541071], [-121.799573074577, 37.3639449543781], [-121.799534075117, 37.3639249544237], [-121.799446075253, 37.3638889542069], [-121.799022074931, 37.3637389543073], [-121.798539075057, 37.3635779545099], [-121.798206074971, 37.3634679541569], [-121.797608074571, 37.3632589540417], [-121.79751407486, 37.3632269546764], [-121.797271074288, 37.3631489546491], [-121.79708407469, 37.3630819542131], [-121.797040074309, 37.3630729544164], [-121.796958074293, 37.3630649541996], [-121.796889074696, 37.3630669540753], [-121.796843074665, 37.3630769541675], [-121.796786074764, 37.3630969543479], [-121.796616073986, 37.3631729545563], [-121.796389074206, 37.3632819543357], [-121.796219074326, 37.3633389545372], [-121.796123074067, 37.3633599542247], [-121.796009074264, 37.3633699542779], [-121.795798074377, 37.363368954701], [-121.79516607454, 37.3633679544102], [-121.795127074182, 37.3633679544102], [-121.795077073953, 37.3632099546957], [-121.794990073915, 37.3630179546039], [-121.794970073823, 37.3629749547355], [-121.794671074073, 37.3623169547872], [-121.79441307433, 37.3617479547973], [-121.794007073551, 37.3618359543964], [-121.793904073618, 37.3618579548155], [-121.79385007409, 37.3618369547076], [-121.793679073487, 37.3617699545282], [-121.79361207354, 37.3617449545738], [-121.793586073601, 37.3617299541688], [-121.79335907382, 37.3616009544173], [-121.793298073721, 37.3615659548283], [-121.793055074047, 37.3614289544037], [-121.792838073413, 37.3613459544886], [-121.792764073794, 37.3613179548664], [-121.792559073754, 37.3612409546021], [-121.792376073456, 37.3611939545781], [-121.792163073919, 37.3611469545247], [-121.791662073604, 37.3610279548503], [-121.791706073086, 37.3607379544275], [-121.791707073809, 37.3607289543496], [-121.791753072942, 37.3604259541936], [-121.791804072995, 37.3604249545775], [-121.792920073429, 37.3604229546313], [-121.79378007377, 37.3604109542389], [-121.796841074117, 37.3604099539086], [-121.798131074628, 37.3604509538734], [-121.798081074399, 37.3603899544401], [-121.798056074285, 37.3603599537994], [-121.797549074122, 37.3596909543168], [-121.797320073793, 37.3593889538839], [-121.797012073821, 37.3589839541714], [-121.796843073767, 37.3587599541357], [-121.79668007356, 37.3585459541274], [-121.796506073483, 37.358327954219], [-121.797168074355, 37.3583069538373], [-121.797776073903, 37.3582019539831], [-121.797802073842, 37.3581979539722], [-121.798251074279, 37.3581209540769], [-121.798857074176, 37.3579819537783], [-121.798904074032, 37.3579689540608], [-121.7989190741, 37.3579629540257], [-121.798949074238, 37.357950953954], [-121.798961073933, 37.3579429539051], [-121.799090073805, 37.3578579536902], [-121.799104074048, 37.3578489539811], [-121.79919407446, 37.3577889535122], [-121.799188074612, 37.3577809534461], [-121.799170074171, 37.3577579536082], [-121.799137074559, 37.3577139539298], [-121.798627074022, 37.3570849537105], [-121.798351073838, 37.3567449540989], [-121.798321073701, 37.35608995353], [-121.798304073982, 37.3557199533422], [-121.798350074013, 37.35563595386], [-121.798287073366, 37.3556239534162], [-121.798225073441, 37.3556069538554], [-121.798046073341, 37.3555379537502], [-121.797721073651, 37.3553869538988], [-121.797455073512, 37.3552639534927], [-121.795742073402, 37.3544809534101], [-121.795607073683, 37.3544189537131], [-121.795478072913, 37.3543649536818], [-121.795369073133, 37.354327953466], [-121.795198073429, 37.3542839539191], [-121.795056073139, 37.3542559538045], [-121.794987073542, 37.3542509538849], [-121.794901073328, 37.3542449535526], [-121.794829073358, 37.3542469536634], [-121.794779073129, 37.3542509538849], [-121.794711073357, 37.3542569535027], [-121.794390072967, 37.3542789540014], [-121.794139072897, 37.3542999540819], [-121.793977073413, 37.3543139541323], [-121.793242072746, 37.3543799541308], [-121.792674072484, 37.3544369539529], [-121.792428072436, 37.3544619541994], [-121.791933072867, 37.3545149537521], [-121.791858072524, 37.3545089541549], [-121.791823072364, 37.3545009537391], [-121.79180707247, 37.354496954245], [-121.791762072264, 37.3544789540196], [-121.791748072919, 37.3544729537055], [-121.791656072857, 37.3544099543056], [-121.791475072209, 37.3542769538914], [-121.791081072922, 37.3539879542192], [-121.790926072213, 37.3538939543405], [-121.790756072334, 37.3538189537224], [-121.790680072166, 37.3537999543441], [-121.790608072196, 37.3537869539024], [-121.790521072157, 37.3537729537537], [-121.790389072811, 37.3537589543164], [-121.79027507211, 37.3537529539448], [-121.790230072802, 37.3537499541158], [-121.790106072056, 37.3537529539448], [-121.789961072291, 37.3537709543443], [-121.789995072626, 37.353286954318], [-121.790258072392, 37.3531389540764], [-121.790437072492, 37.3529959542606], [-121.790541072249, 37.352896953844], [-121.790610072744, 37.3527319540498], [-121.790720072349, 37.3525619538608], [-121.790899072449, 37.352385954234], [-121.790914072518, 37.3523729535474], [-121.79109107207, 37.3522269538107], [-121.791181072481, 37.352061953972], [-121.791312072003, 37.3519579536795], [-121.79162807237, 37.3518649538453], [-121.791752072219, 37.3517989537778], [-121.791897071984, 37.3515849539176], [-121.791911072227, 37.3514139535373], [-121.792138072008, 37.351303953922], [-121.792303072763, 37.3511229533602], [-121.792461072048, 37.3509579539514], [-121.792565072704, 37.3507769539837], [-121.792709072644, 37.3504359539005], [-121.792751072476, 37.350370953755], [-121.792895072416, 37.3502659535109], [-121.793047072752, 37.3501729537229], [-121.793212072609, 37.3500959534504], [-121.793384072138, 37.3499529535509], [-121.793494072641, 37.3498759537668], [-121.793657072848, 37.3497299534586], [-121.793728072095, 37.3496679534082], [-121.793907072195, 37.3494589534253], [-121.794079072622, 37.3493209532748], [-121.794341072563, 37.3491679535256], [-121.794520072663, 37.3491129535209], [-121.794664072603, 37.3490139536965], [-121.794703072961, 37.3489539533066], [-121.794603072504, 37.3488839530292], [-121.794461072214, 37.3487859533881], [-121.794302072205, 37.3486789535246], [-121.794202072646, 37.3486119530252], [-121.794314072799, 37.3484769535001], [-121.794329071969, 37.3484529531782], [-121.794401072837, 37.3483439532862], [-121.794438072647, 37.3482659535022], [-121.794458072739, 37.3482059532286], [-121.794475072457, 37.3481279533013], [-121.794497072199, 37.3478789534303], [-121.794508072069, 37.3477609532145], [-121.79451907194, 37.3476769533958], [-121.794533072184, 37.34759395327], [-121.794543072229, 37.3475419529035], [-121.794562072496, 37.3474679528693], [-121.794590072085, 37.34738795331], [-121.794606071979, 37.3473539533108], [-121.794644072512, 37.3472799530913], [-121.794656072207, 37.3472589531894], [-121.794746072619, 37.3471229528665], [-121.794773072383, 37.3470879529536], [-121.79480307252, 37.3470519532302], [-121.794902072255, 37.3469459528335], [-121.795254072607, 37.3466149533466], [-121.795267072128, 37.3465979531739], [-121.79536607276, 37.3464839530086], [-121.795411072068, 37.346416953407], [-121.795727072435, 37.3459089526813], [-121.795854072657, 37.34570695306], [-121.795924072079, 37.3456159529646], [-121.795993072574, 37.3455459531459], [-121.796480072646, 37.3450879525581], [-121.796552072616, 37.3450259529593], [-121.796652072175, 37.3449529531242], [-121.797057072231, 37.3447419525071], [-121.797184072452, 37.3446769531452], [-121.797278072164, 37.344611953013], [-121.797534072257, 37.3443849527359], [-121.797610072425, 37.3444359526031], [-121.797768072608, 37.3445439526276], [-121.797840072578, 37.3445899525379], [-121.797918072396, 37.34464095298], [-121.797951072906, 37.3446249529011], [-121.798025072526, 37.3445909530791], [-121.798050072641, 37.3445769526438], [-121.798083072253, 37.3445609525512], [-121.79822007252, 37.3444909524631], [-121.798357072787, 37.3444309527437], [-121.798533072514, 37.3443709529764], [-121.798581072195, 37.3443479526006], [-121.798678072279, 37.3443029523727], [-121.798971072182, 37.3441449525178], [-121.799315073037, 37.3439759527164], [-121.799962072943, 37.3436429525988], [-121.800030072715, 37.343605952812], [-121.800373072846, 37.3434269526595], [-121.800405072633, 37.3434229525754], [-121.800439072969, 37.3434309527434], [-121.80046307236, 37.3434519522875], [-121.800499072345, 37.3434959524696], [-121.800653073229, 37.3434249522604], [-121.800735073245, 37.3433889522092], [-121.80092807269, 37.3433229525465], [-121.801106072965, 37.3431989525256], [-121.801127072882, 37.3431859523906], [-121.801258073301, 37.3431229520891], [-121.801250072905, 37.3431119523484], [-121.801233073187, 37.3430599524488], [-121.801234073012, 37.3430089523613], [-121.80124007286, 37.3429929526488], [-121.801273072472, 37.3429609524994], [-121.801758072893, 37.3427089523636], [-121.8019210731, 37.3426259524596], [-121.802069073238, 37.3425489523033], [-121.802516073127, 37.3423199525031], [-121.802666072915, 37.3422449524636], [-121.802835072969, 37.342156952036], [-121.803324072691, 37.3419059519217], [-121.803345072607, 37.341899952031], [-121.803367073247, 37.3418949520027], [-121.803408073255, 37.3418989521683], [-121.803448073437, 37.3419179524157], [-121.803500073316, 37.3419819521615], [-121.803691073112, 37.3422199524338], [-121.804265073222, 37.3429359519937], [-121.804457073741, 37.343174951945], [-121.804861073074, 37.3429679521538], [-121.806073073767, 37.3423469522134], [-121.8064770731, 37.3421399515682], [-121.806365073845, 37.3420169515977], [-121.806057073873, 37.3416769515892], [-121.806033073584, 37.3416489517719], [-121.805926073454, 37.3415239519759], [-121.80597107366, 37.341508951815], [-121.806108073029, 37.3414659517656], [-121.806154073059, 37.341451952176], [-121.806245073296, 37.3414229516916], [-121.80633107351, 37.3413959516491], [-121.806866073262, 37.3412319521615], [-121.806928073186, 37.3412129517405], [-121.807044073537, 37.3411769520572], [-121.807247073927, 37.3411109518788], [-121.807859073672, 37.3409159520518], [-121.808063073887, 37.3408519513976], [-121.808127073461, 37.3408319517176], [-121.808227073918, 37.3407969517291], [-121.808259073705, 37.3407869515254], [-121.808720073838, 37.3406389516395], [-121.808885073694, 37.3405869514559], [-121.809048073901, 37.3405329514745], [-121.80953907417, 37.3403749515436], [-121.809703074202, 37.3403229511772], [-121.809762073753, 37.3403019514724], [-121.809939074203, 37.3402399514931], [-121.80999907358, 37.3402199516501], [-121.810112073557, 37.340179951234], [-121.810259073871, 37.3401309518201], [-121.810377073871, 37.3400929511303], [-121.81046407391, 37.3400679518125], [-121.81089407408, 37.3399349517022], [-121.811048074066, 37.3398819511416], [-121.811309074182, 37.339793951516], [-121.811441074426, 37.3397429513531], [-121.811980074377, 37.3395699513547], [-121.812317073762, 37.339462951214], [-121.812539074418, 37.3394049515546], [-121.814007074306, 37.3389319514044], [-121.814682074699, 37.3387159507708], [-121.81483507486, 37.3386669511159], [-121.815091074055, 37.338577950874], [-121.815248074413, 37.3385239508764], [-121.815796074585, 37.338350950927], [-121.816324074664, 37.3381789512057], [-121.816736074393, 37.3380469505212], [-121.816878074683, 37.3380009508883], [-121.817026074821, 37.3379539505976], [-121.817229074312, 37.3378779505669], [-121.817306074305, 37.3378589507258], [-121.817452074793, 37.3378239507803], [-121.817396074717, 37.3377499504541], [-121.817031074844, 37.33722295109], [-121.816829074279, 37.3369299510518], [-121.815762074249, 37.3354249507664], [-121.815339073752, 37.3348269503222], [-121.815069074313, 37.3344459507597], [-121.814913073779, 37.3342259509365], [-121.814856073878, 37.3341379503983], [-121.814486073982, 37.3336189504759], [-121.814265074049, 37.333300950523], [-121.814123073759, 37.3330959506191], [-121.814262073676, 37.3330669504796], [-121.814117073911, 37.3328609506683], [-121.813665073101, 37.3322919502623], [-121.812872073606, 37.3311839502617], [-121.812836073621, 37.3311329506812], [-121.811713072616, 37.3295269501161], [-121.811076072757, 37.3286549503652], [-121.810673072351, 37.3281229505369], [-121.810214072766, 37.3274469505626], [-121.809709072253, 37.3266009505475], [-121.809078072241, 37.3252479506204], [-121.808804071707, 37.3245969499716], [-121.808572071903, 37.3238319498529], [-121.8084580721, 37.3234519503586], [-121.808293071345, 37.3224279502995], [-121.808207071132, 37.3214179503288], [-121.808207071132, 37.3200839500068], [-121.808130071139, 37.3177259497527], [-121.808127070766, 37.3176439495775], [-121.808058071169, 37.315536949689], [-121.808034070879, 37.3144719496258], [-121.808020070636, 37.3138189494662], [-121.808005070567, 37.3130869492258], [-121.808208070058, 37.311420949142], [-121.80808207056, 37.3114379494168], [-121.807757069972, 37.3115019494081], [-121.807499070229, 37.3115539490037], [-121.806778069805, 37.3116689495755], [-121.80645207029, 37.31172194932], [-121.806135070098, 37.3117699491373], [-121.805255069666, 37.3119059491677], [-121.805185070244, 37.3119169491909], [-121.805035069558, 37.3119409497556], [-121.804869069876, 37.3119689492139], [-121.804729070134, 37.3119959491155], [-121.80452706957, 37.3120479497984], [-121.804404069546, 37.3120759492168], [-121.804243069888, 37.3121149493336], [-121.803892070258, 37.3121779492047], [-121.803784069405, 37.3121959495665], [-121.803549070127, 37.3122179495264], [-121.803393069593, 37.3122189497843], [-121.803194069401, 37.3122329498202], [-121.802987069712, 37.312259949627], [-121.802917069392, 37.3122699493413], [-121.802516069534, 37.3123319495407], [-121.802397069708, 37.3123489496095], [-121.802041069157, 37.3124019495891], [-121.801923069157, 37.3124209494379], [-121.801813069552, 37.3122729493982], [-121.801610069162, 37.3119979496371], [-121.801490069512, 37.3118259495999], [-121.801386069755, 37.3116749497372], [-121.801301069366, 37.311541949375], [-121.801255069335, 37.311470949687], [-121.801151069578, 37.3112969493329], [-121.801047068922, 37.3111459498366], [-121.800959069059, 37.311016949634], [-121.800870069371, 37.3108889494856], [-121.800603069407, 37.3105059494424], [-121.800515069543, 37.3103789494208], [-121.800431068979, 37.3102589497433], [-121.800180068909, 37.3099019497133], [-121.800097069069, 37.3097829495648], [-121.800039069342, 37.3096999497219], [-121.79986806874, 37.3094529495184], [-121.799811068838, 37.309370949607], [-121.799739068868, 37.3092669495036], [-121.799714068754, 37.3092309495167], [-121.799523068958, 37.3089569496471], [-121.799452068813, 37.3088539492737], [-121.799395068912, 37.3087719494234], [-121.799224068309, 37.3085259493363], [-121.799168069131, 37.3084449494364], [-121.799105068483, 37.3083549495247], [-121.798917068162, 37.3080859494561], [-121.798855068238, 37.3079969494286], [-121.798753068131, 37.3078509491716], [-121.798449068357, 37.3074159498082], [-121.798348068075, 37.3072719497848], [-121.798257068737, 37.3071409494297], [-121.798042068652, 37.3068299497671], [-121.79798506875, 37.3067489494692], [-121.797894068514, 37.3066199495821], [-121.797851067957, 37.3065579496739], [-121.797723067911, 37.3063739495994], [-121.797681068078, 37.3063129491103], [-121.797632068573, 37.3062409491487], [-121.797503067803, 37.3060519494574], [-121.797487067909, 37.3060239492246], [-121.797446067902, 37.3059489493916], [-121.797398068221, 37.3058919492113], [-121.797345068518, 37.3058289497891], [-121.797266067977, 37.3057159495478], [-121.797225067969, 37.3056559495845], [-121.79717306809, 37.3055809493846], [-121.797017068454, 37.3053559497648], [-121.796966068401, 37.3052819496158], [-121.796923067845, 37.3052199493189], [-121.796794067973, 37.305035949543], [-121.796752068141, 37.3049749493976], [-121.796700068262, 37.3049029495839], [-121.796547068101, 37.3046869497293], [-121.796496068048, 37.3046159492843], [-121.796434068123, 37.304531949094], [-121.796325067445, 37.3043819492353], [-121.796240067954, 37.3042889490869], [-121.796223067338, 37.3042699493267], [-121.79616706816, 37.304216949331], [-121.795968067968, 37.3040789496656], [-121.795817067457, 37.30399494959], [-121.795656067798, 37.3039229495525], [-121.795540067447, 37.3038809490821], [-121.795269067286, 37.303771949538], [-121.795036067657, 37.3036789493497], [-121.794692067701, 37.3035389493796], [-121.794067067537, 37.3030969495705], [-121.793301066907, 37.3029399491827], [-121.792891066829, 37.3027749496873], [-121.792013066945, 37.3024279494458], [-121.791742066783, 37.3022989492918], [-121.791467066423, 37.3021429497736], [-121.790746066898, 37.3016659492671], [-121.789242066127, 37.3006739492787], [-121.788958066445, 37.3004859495867], [-121.788774066322, 37.3003639497252], [-121.788697066329, 37.3003139496545], [-121.788517066404, 37.3001859498652], [-121.788367065718, 37.3000699498902], [-121.788221066128, 37.2999469496474], [-121.788094065906, 37.2998289498878], [-121.787984066302, 37.2997189497634], [-121.787826066118, 37.2995549493443], [-121.787589066291, 37.2992579493438], [-121.787273065924, 37.2988039498675], [-121.787165065969, 37.2986449496454], [-121.786842065929, 37.2981689495509], [-121.786735065798, 37.2980109498625], [-121.786519065888, 37.2976939497535], [-121.785843065671, 37.2967499496588], [-121.78570306503, 37.2965869496633], [-121.785580065007, 37.2964689496347], [-121.785485065471, 37.2963899491184], [-121.785200065065, 37.2961539496872], [-121.785105065529, 37.2960759493127], [-121.785348065203, 37.2958819495697], [-121.785806064963, 37.2955179493869], [-121.785969065169, 37.2953939490795], [-121.78608906482, 37.2953149495781], [-121.786118065132, 37.295296949463], [-121.786320065697, 37.2951859493727], [-121.78636206553, 37.2951669494568], [-121.786503065097, 37.2951029491402], [-121.786571064869, 37.2950759496045], [-121.786672065151, 37.2950379489975], [-121.786879065739, 37.2949749490585], [-121.787095065649, 37.2949239492054], [-121.787231065193, 37.2948999489262], [-121.787321065604, 37.2948849494625], [-121.787457065149, 37.2948699492811], [-121.787555065058, 37.2948599493967], [-121.787572065675, 37.294858948908], [-121.787786065036, 37.294849949511], [-121.787920065829, 37.2948529488337], [-121.788037065107, 37.2948559488709], [-121.788172065724, 37.2948679490184], [-121.788384065436, 37.2948999489262], [-121.788563065536, 37.294940948922], [-121.788841065371, 37.2950229488467], [-121.788877065356, 37.2950339491958], [-121.789047065235, 37.2950979488564], [-121.789221065312, 37.2951779490702], [-121.789469065908, 37.2953189493649], [-121.789606066175, 37.2954099489232], [-121.790572065923, 37.296155949201], [-121.790724066259, 37.2962559491204], [-121.790908066382, 37.2963569493757], [-121.790947065841, 37.2963779492136], [-121.791090065957, 37.2964449491338], [-121.791258066186, 37.2965119489943], [-121.791468066248, 37.296579949261], [-121.791683066333, 37.2966329489218], [-121.792305066124, 37.2967879486863], [-121.792443066217, 37.2968229491652], [-121.792828066181, 37.2969399488921], [-121.793421066558, 37.2971509486968], [-121.794130066388, 37.2974029487074], [-121.79455606636, 37.2975539486467], [-121.794734066635, 37.297622949138], [-121.794928066804, 37.297684948552], [-121.79505606685, 37.2977259491737], [-121.795402067355, 37.2978069491859], [-121.795524066656, 37.2978249487004], [-121.795620066915, 37.2978399490071], [-121.795727067045, 37.2978519486787], [-121.795899066574, 37.2978609491456], [-121.79598106659, 37.2978659485312], [-121.796330067468, 37.2978609491456], [-121.796419067156, 37.2978539488619], [-121.796592067409, 37.2978409487416], [-121.796804067121, 37.2978269488844], [-121.796837066733, 37.2978269488844], [-121.797050067168, 37.2978299488029], [-121.797220067047, 37.2978439486596], [-121.79744106698, 37.2978749489965], [-121.797569067027, 37.2978999487748], [-121.797608067385, 37.2979079487879], [-121.797808067401, 37.2979589487617], [-121.797956067539, 37.2980069487896], [-121.798112067175, 37.298063948515], [-121.798149066985, 37.2980799485054], [-121.798291067275, 37.2981439484328], [-121.798453067657, 37.2982299487855], [-121.798670067392, 37.2983659490096], [-121.799072067973, 37.2986549490266], [-121.799368067351, 37.2988669487435], [-121.799502067245, 37.2989629490389], [-121.799904067826, 37.2992509484755], [-121.800038067721, 37.2993469489954], [-121.800137067455, 37.2994109485594], [-121.800196067904, 37.299449948814], [-121.800434067556, 37.2995789488528], [-121.800447067975, 37.2995839488388], [-121.800557067579, 37.2996309488335], [-121.800616068029, 37.2996559487428], [-121.800670067557, 37.299678948509], [-121.800742067527, 37.2997029486926], [-121.800797067779, 37.2997219488919], [-121.800858067878, 37.2997429485051], [-121.800935067871, 37.2997649485358], [-121.801034067605, 37.2997889486919], [-121.801191067964, 37.2998289484586], [-121.801383068483, 37.2998609483996], [-121.801574068279, 37.2998789488517], [-121.801756067854, 37.299896948585], [-121.801770068097, 37.2998979482921], [-121.801947068548, 37.2998909489126], [-121.802000068251, 37.2998899484907], [-121.802168068481, 37.2998769487223], [-121.802456068361, 37.2998319482974], [-121.80251706846, 37.2998189485189], [-121.802654067829, 37.2997899484004], [-121.802704068058, 37.2997759481914], [-121.802890068729, 37.2997229486015], [-121.803043067992, 37.2996709486843], [-121.803193068678, 37.2996129483221], [-121.803294068062, 37.2995659483161], [-121.803388068671, 37.2995139482904], [-121.803550068155, 37.2994269482632], [-121.803668068156, 37.2993449481373], [-121.803745068149, 37.2992889483833], [-121.804192068037, 37.2989729483778], [-121.80432806848, 37.2988729484976], [-121.804522068648, 37.2987329481559], [-121.804632068253, 37.2986539485883], [-121.80486706843, 37.2984899479907], [-121.804963068689, 37.2984189481266], [-121.805073068294, 37.2983389485013], [-121.805089068188, 37.2983269481928], [-121.805130068196, 37.2982939485853], [-121.805301068798, 37.2981609481364], [-121.8053580687, 37.2981169485594], [-121.805490068046, 37.2980099479864], [-121.805824068855, 37.2977429482571], [-121.805889068254, 37.2976919481368], [-121.806024068872, 37.2975889480546], [-121.806152068918, 37.2974899482172], [-121.806161068241, 37.2974839483528], [-121.806521068989, 37.297171948313], [-121.806644068114, 37.2970659482844], [-121.806769068686, 37.2969579478994], [-121.807147068978, 37.2966359481733], [-121.807273068476, 37.2965289476375], [-121.807363068888, 37.2964469479253], [-121.807583068996, 37.2962519479542], [-121.807638068349, 37.2962069482189], [-121.807734068609, 37.2961319478857], [-121.807769068769, 37.2961039475324], [-121.807816068624, 37.2960699479062], [-121.807958068915, 37.295970947499], [-121.808075069091, 37.2959039478712], [-121.808165068604, 37.2958539476941], [-121.808482068796, 37.2957229474586], [-121.808577068333, 37.2956709476345], [-121.80968506837, 37.2949889473026], [-121.809932069141, 37.294825947779], [-121.810173069165, 37.2946729478127], [-121.810157068373, 37.2945169474846], [-121.810053068616, 37.293870947621], [-121.810029068327, 37.2936509476512], [-121.809868068668, 37.2907739474462], [-121.809857067899, 37.2905789470632], [-121.809842068729, 37.290317947123], [-121.809826067937, 37.2900539474782], [-121.809810068044, 37.2899189470745], [-121.809795067975, 37.2896669470068], [-121.809579068065, 37.2860379470986], [-121.809312068101, 37.2860459469437], [-121.809304067705, 37.2858489466698], [-121.809278067766, 37.2852489464966], [-121.809306067355, 37.2852489464966], [-121.809392067569, 37.2852489464966], [-121.809542067357, 37.2852489464966], [-121.809540067707, 37.2847339466899], [-121.809489067653, 37.2842509463663], [-121.809371067653, 37.2836989468975], [-121.809167067438, 37.283013946886], [-121.808930067612, 37.2823689468312], [-121.808677066993, 37.2819239464409], [-121.808595066978, 37.2817789462674], [-121.808498066893, 37.2817859466174], [-121.808425067098, 37.281792946252], [-121.808316067318, 37.2818009465483], [-121.808160066784, 37.2815369463267], [-121.807504066658, 37.2805789462845], [-121.806977066404, 37.2797259465293], [-121.806539066736, 37.2790069466213], [-121.806454066347, 37.2788759463587], [-121.805972066298, 37.2781319462882], [-121.805582066311, 37.2775459461224], [-121.805535066455, 37.2774619464396], [-121.805677065847, 37.2774959466119], [-121.805928065917, 37.2775889462897], [-121.806114066588, 37.2776599465121], [-121.806346066392, 37.2777599467118], [-121.806477066811, 37.2778169460513], [-121.806868066624, 37.2780119466257], [-121.80720106671, 37.2781839460825], [-121.808900066576, 37.2782559464532], [-121.808886067231, 37.278473946421], [-121.809561066725, 37.2784929462637], [-121.810146066706, 37.2784109461935], [-121.810180067041, 37.2784089462082], [-121.810496067409, 37.278393946316], [-121.810992066803, 37.278448945906], [-121.811377067666, 37.2785209460232], [-121.811768067478, 37.2785759462351], [-121.812105067762, 37.2786469462413], [-121.812263067047, 37.2787189461691], [-121.812435067475, 37.2788449460558], [-121.812552067651, 37.2789769463576], [-121.812587067811, 37.2790649457153], [-121.812655067583, 37.2792179459702], [-121.812765067188, 37.2794109458154], [-121.812820067439, 37.2795259462175], [-121.81300806776, 37.2798229462068], [-121.813095067799, 37.2799599460837], [-121.813212067975, 37.2801859458729], [-121.813267067328, 37.2803279463548], [-121.81340506742, 37.2805919458138], [-121.813494068007, 37.2808689459727], [-121.813572067825, 37.2811549461482], [-121.813599067589, 37.281254945993], [-121.813614067658, 37.2813079464431], [-121.813655067666, 37.2814579458557], [-121.813810068375, 37.2818179463711], [-121.81386106753, 37.2819039460885], [-121.814047068201, 37.2821299464733], [-121.814192067966, 37.2823629464756], [-121.81420606821, 37.2823629464756], [-121.81442406777, 37.2823799461715], [-121.814537067747, 37.2823869464656], [-121.815003067903, 37.2824229464361], [-121.815078068246, 37.2823989464577], [-121.815172067957, 37.2823749464715], [-121.815537068729, 37.2824049460956], [-121.816453068247, 37.2824439458749], [-121.81741606852, 37.2824839462874], [-121.817649069047, 37.2824939456724], [-121.818727068947, 37.2825389457476], [-121.818763068932, 37.2825769462349], [-121.819270069096, 37.2825769462349], [-121.819263068525, 37.2825029458326], [-121.8192620687, 37.2824919457955], [-121.819261068875, 37.2823829459913], [-121.819261068875, 37.2822809456183], [-121.819261068875, 37.2822079455819], [-121.819366068457, 37.2822119460655], [-121.819642068641, 37.2822239460855], [-121.819684068474, 37.2822239460855], [-121.819790068779, 37.2822269459115], [-121.819896069085, 37.2822369460455], [-121.819996068644, 37.2822479461198], [-121.820214069102, 37.2822849460981], [-121.820316069209, 37.2823199454619], [-121.820464069347, 37.2823659455813], [-121.820562069256, 37.2823969458635], [-121.820713068869, 37.2824309459508], [-121.820924068756, 37.2824429459358], [-121.82108006929, 37.282452946041], [-121.821258069565, 37.2824599456136], [-121.821697069058, 37.2824789458796], [-121.821795068968, 37.2824749454102], [-121.821838069524, 37.2824739454715], [-121.821973069243, 37.282455945858], [-121.822054069434, 37.2824359456469], [-121.822118069008, 37.282421945782], [-121.822300069481, 37.2823829459913], [-121.822383069322, 37.2823699453418], [-121.822462068964, 37.2823659455813], [-121.822587069536, 37.2823609458805], [-121.822699069689, 37.2823659455813], [-121.822778069332, 37.2823699453418], [-121.822920069622, 37.2823759456968], [-121.823242069837, 37.2823909455102], [-121.823346069594, 37.2823909455102], [-121.82348906971, 37.2823929453897], [-121.823478069839, 37.28202094543], [-121.823472069093, 37.2817729458648], [-121.823460069397, 37.2814009456996], [-121.823444069504, 37.2809079451184], [-121.82343206891, 37.28053794561], [-121.823426069062, 37.2803489456634], [-121.823408069519, 37.2797849450438], [-121.823403069496, 37.2795969453276], [-121.823402068773, 37.279453945632], [-121.823401068948, 37.2791849451286], [-121.823390069077, 37.2790279455837], [-121.823366068788, 37.2788889454673], [-121.823335068825, 37.2787009449427], [-121.823329068978, 37.2786149451394], [-121.823322069305, 37.2785039454557], [-121.823318069107, 37.2783179453869], [-121.823313069084, 37.2780849450135], [-121.823308069061, 37.2780279451621], [-121.823303069038, 37.2778119453335], [-121.823287069145, 37.277654945069], [-121.823252068985, 37.2775359453652], [-121.823191068885, 37.2775169452809], [-121.822783068456, 37.2773829452653], [-121.822699068791, 37.277356945096], [-121.822481068333, 37.2772769452333], [-121.822412068736, 37.2772319448712], [-121.822364069055, 37.2772389449293], [-121.822179069107, 37.2770629454153], [-121.822172068536, 37.2766029448558], [-121.822154068993, 37.2757159448289], [-121.82215306827, 37.2756139454283], [-121.822143068224, 37.2752519451923], [-121.822166068688, 37.2739519446778], [-121.822130068703, 37.2734749448496], [-121.822117068285, 37.2733199449532], [-121.822137068376, 37.2729939446], [-121.822205068148, 37.2730149445249], [-121.822311068453, 37.2730479444973], [-121.822432067929, 37.2730749447889], [-121.82248706818, 37.2730719445981], [-121.8226220679, 37.2731469450424], [-121.822787068654, 37.2732069444863], [-121.823647068097, 37.2735219447137], [-121.825205068396, 37.2740869444177], [-121.826205069377, 37.2743609447868], [-121.826848069085, 37.2745299445903], [-121.827225069551, 37.2746219443153], [-121.828051069557, 37.2746659447656], [-121.829533069688, 37.2753439447498], [-121.83101506982, 37.2740389441408], [-121.831186069524, 37.2738939445034], [-121.831099069486, 37.273825944464], [-121.830597069345, 37.273436944056], [-121.829514069422, 37.2727099442908], [-121.829063069335, 37.272407944468], [-121.828624068944, 37.2720829445315], [-121.827434068891, 37.2712039441394], [-121.826912068659, 37.2708429442366], [-121.826238068989, 37.2703679442107], [-121.826074068958, 37.2702509446278], [-121.825724068255, 37.2699999445731], [-121.824355068101, 37.2690999445868], [-121.822650067489, 37.2678799442858], [-121.822119067934, 37.2674349440258], [-121.822003067583, 37.2673429440971], [-121.821515067687, 37.2670249440372], [-121.820204067259, 37.2661659441828], [-121.819022066704, 37.2654669445964], [-121.817819066231, 37.2647559442979], [-121.81754406677, 37.2645689444016], [-121.817497066914, 37.2645409444574], [-121.815115066259, 37.2631279443021], [-121.813709065397, 37.2623149445397], [-121.813617065336, 37.2622539447884], [-121.813538065693, 37.2622009445073], [-121.812196065304, 37.2614039446717], [-121.810687065408, 37.2605069448773], [-121.810312064591, 37.2602069444823], [-121.810425065467, 37.260050944205], [-121.810595065346, 37.2598839445538], [-121.810816065279, 37.2596899444556], [-121.811034064839, 37.2594939447998], [-121.811237065229, 37.2593719442531], [-121.811489065124, 37.2592659446022], [-121.811751065065, 37.2591759444848], [-121.811904065226, 37.2591199441509], [-121.812123065509, 37.2590549443878], [-121.812424064909, 37.2589899445686], [-121.812890065065, 37.2589009443732], [-121.812891064889, 37.2589569441549], [-121.812892065613, 37.2590819439772], [-121.812892065613, 37.2594519445518], [-121.812894065263, 37.2607269445029], [-121.812893065438, 37.2607689447548], [-121.812910065156, 37.2608469445478], [-121.812947065864, 37.2609249442599], [-121.813004065766, 37.2609959444685], [-121.81306606569, 37.2610479446593], [-121.813414065845, 37.2612569445693], [-121.813536066043, 37.2613359447913], [-121.813757065976, 37.2611029447671], [-121.813801065459, 37.2610299442124], [-121.813826065573, 37.2609479444254], [-121.813832065421, 37.2608749444354], [-121.813828065223, 37.260461944501], [-121.8138190659, 37.2593679439857], [-121.813818065177, 37.2592719439389], [-121.813815065703, 37.2589869445315], [-121.813815065703, 37.2588919442511], [-121.81381006568, 37.2585379443186], [-121.813797065261, 37.2574769441046], [-121.813793065063, 37.2571239442325], [-121.813791065413, 37.2569809440363], [-121.813787065215, 37.256553943815], [-121.813787065215, 37.2565379442905], [-121.81377506552, 37.2564129438215], [-121.813710065222, 37.2564119442516], [-121.813595064696, 37.2564119442516], [-121.813057065469, 37.2564149443912], [-121.812878065369, 37.256415943961], [-121.812524065367, 37.2564169442458], [-121.812108064542, 37.2564199443852], [-121.811465064834, 37.2564269442333], [-121.811113064482, 37.2564309439419], [-121.810925065059, 37.2564299443722], [-121.810731064891, 37.2564299443722], [-121.810393064782, 37.2564319442265], [-121.810363064644, 37.2564329445111], [-121.810299064172, 37.2564369442193], [-121.810176064148, 37.2564359439348], [-121.810035064581, 37.2564349443653], [-121.809612064084, 37.2564379445039], [-121.809471064517, 37.2564389440734], [-121.809434064707, 37.2564389440734], [-121.809327064577, 37.2564399443579], [-121.809291064592, 37.2564409446424], [-121.80919706488, 37.2564409446424], [-121.808918064323, 37.2564419442119], [-121.808825064436, 37.2564429444964], [-121.808664064778, 37.2564429444964], [-121.808184064379, 37.2564459446347], [-121.808024064545, 37.2564469442041], [-121.80795506405, 37.2564469442041], [-121.807865064537, 37.2564479444885], [-121.807391063985, 37.2564559446183], [-121.807285064579, 37.2564579444718], [-121.807233063802, 37.2564559446183], [-121.80716306438, 37.2564539447647], [-121.806999064348, 37.2564539447647], [-121.806298064016, 37.2564589447561], [-121.806220064198, 37.2564599443253], [-121.806065064388, 37.2564599443253], [-121.806005064113, 37.2564589447561], [-121.805837063884, 37.2564599443253], [-121.805244063507, 37.2564659446005], [-121.805154063994, 37.2564669448847], [-121.805014064251, 37.2564689447379], [-121.804927064213, 37.2564659446005], [-121.804805064014, 37.2564529444803], [-121.804747063389, 37.2564439447808], [-121.804569064013, 37.2563659447183], [-121.804331063463, 37.2562269449477], [-121.804228063531, 37.2561519448105], [-121.804184064048, 37.2560409448996], [-121.804151063538, 37.2558039444843], [-121.803928063955, 37.2558169447165], [-121.803809063231, 37.2558069446481], [-121.803723063916, 37.2557829447645], [-121.803621063808, 37.2557439447586], [-121.803433063487, 37.2556499449732], [-121.803219063227, 37.2555209447041], [-121.803075063287, 37.2554339445808], [-121.802981063576, 37.2553769447414], [-121.802911063256, 37.2553349443429], [-121.802260063152, 37.2549419444334], [-121.802213063297, 37.2549129448956], [-121.803217063577, 37.253891944264], [-121.80333306303, 37.2537739445042], [-121.803400062977, 37.2536999443909], [-121.803599063169, 37.2534809445862], [-121.803766063573, 37.2532259445307], [-121.803921063384, 37.2529399440836], [-121.804027062791, 37.2526709446649], [-121.804084063591, 37.2524749446219], [-121.804109062807, 37.2521329443763], [-121.804109062807, 37.2517499441025], [-121.804037062837, 37.2514809440103], [-121.804035063187, 37.2511779445026], [-121.804030063164, 37.2511309442786], [-121.804029063339, 37.2510919440097], [-121.80401406327, 37.2499269441406], [-121.804010063072, 37.2495929439136], [-121.804006062875, 37.2495389443588], [-121.804002062677, 37.2492359441921], [-121.803997062654, 37.2486799438652], [-121.803992062631, 37.2484089441865], [-121.803991062806, 37.2483269442472], [-121.803987062608, 37.2480249438936], [-121.80398106276, 37.247612943988], [-121.803963062319, 37.2463799441664], [-121.803957062471, 37.2459689435564], [-121.803957062471, 37.2459439436906], [-121.803957062471, 37.2458719438876], [-121.803958062296, 37.2458479436997], [-121.803854062539, 37.2456059441184], [-121.803834062447, 37.2444449434431], [-121.803821062028, 37.2432949435192], [-121.803819062378, 37.2431139438879], [-121.803819062378, 37.2430849433733], [-121.804069062624, 37.2431419432153], [-121.804069062624, 37.2430249435306], [-121.804070062449, 37.2428739436078], [-121.804070062449, 37.2427329437573], [-121.803840062295, 37.2426829433006], [-121.803838061747, 37.2425879431997], [-121.803820062203, 37.241821943792], [-121.803787061693, 37.2403929436178], [-121.803770061975, 37.2396769429802], [-121.803849061617, 37.2393829435174], [-121.803844061595, 37.2391569435595], [-121.80384306177, 37.2391109435041], [-121.803842061945, 37.2384809428114], [-121.803842061945, 37.2382559428206], [-121.803838061747, 37.2380029430775], [-121.803830061351, 37.2373439432741], [-121.803827061876, 37.2372449428688], [-121.803825061328, 37.2371709429722], [-121.803840061397, 37.2370479429254], [-121.803853061815, 37.236994942791], [-121.803430061318, 37.2370019430132], [-121.803311061492, 37.2370019430132], [-121.80168706107, 37.2370109428894], [-121.801402060665, 37.2370129432591], [-121.80114606147, 37.2370069435803], [-121.800882060981, 37.2370079434076], [-121.800092060961, 37.2370109436046], [-121.800067060846, 37.2370119434319], [-121.799829061195, 37.2370079434076], [-121.799634061201, 37.2370009431859], [-121.799429061162, 37.2369939436787], [-121.799052060695, 37.2369709433521], [-121.798890060313, 37.2369619434711], [-121.798858060526, 37.2369599431001], [-121.798715060411, 37.2369479437336], [-121.798466060889, 37.2369289434217], [-121.798286060964, 37.2369199435357], [-121.798143060849, 37.2369139431343], [-121.797945060482, 37.2369089432762], [-121.79770006026, 37.2369039434179], [-121.797350060456, 37.2369079434476], [-121.797325060341, 37.2369089432762], [-121.797153060812, 37.2369129433058], [-121.796959060643, 37.2369169433351], [-121.796783060018, 37.2369209433641], [-121.796378059962, 37.2369239435646], [-121.796185060516, 37.2369259432214], [-121.795722059836, 37.2369209433641], [-121.795684060201, 37.2369189437072], [-121.79548306036, 37.23690994382], [-121.795194059756, 37.2368879432967], [-121.794889060158, 37.2368519437268], [-121.794625059669, 37.2368149435947], [-121.794235059681, 37.2367409439911], [-121.794197060047, 37.2367319433676], [-121.793919060212, 37.2366679434316], [-121.793712059625, 37.2366119435325], [-121.793533059525, 37.236556943425], [-121.793426059394, 37.2365249437471], [-121.793231059401, 37.2364599438009], [-121.79300405962, 37.2363769438981], [-121.792977059856, 37.2363669433952], [-121.792832060091, 37.2363079437628], [-121.792630059526, 37.2362229440173], [-121.792259059805, 37.2360409440127], [-121.792126059736, 37.2359709437288], [-121.791934059217, 37.2358629436538], [-121.791663059055, 37.2357019438111], [-121.791403059663, 37.2355479439818], [-121.790865059537, 37.2352279437391], [-121.789889058846, 37.2346479435921], [-121.788267058972, 37.233683943578], [-121.787135058645, 37.2330119440524], [-121.787244058425, 37.2328919440177], [-121.787324058791, 37.2328129440098], [-121.78738705854, 37.2327519439743], [-121.787487058099, 37.2326759434739], [-121.787595058953, 37.2326129435564], [-121.787665058374, 37.2325799437489], [-121.787823058558, 37.2325209440136], [-121.788000059009, 37.2324679435575], [-121.788051058164, 37.2324499434346], [-121.788103058941, 37.2324319440226], [-121.788249058531, 37.2323619439639], [-121.788299058759, 37.2323329436038], [-121.788401058867, 37.2322689435094], [-121.788442058874, 37.2322369434419], [-121.788453058745, 37.2322299434924], [-121.788502058251, 37.2321859439991], [-121.788800058176, 37.2318649438954], [-121.788918058177, 37.23173994398], [-121.789266058332, 37.2313629439012], [-121.79031105862, 37.2302349435499], [-121.790414058552, 37.2301249432885], [-121.790568058538, 37.2299219430936], [-121.790622058965, 37.2298289432058], [-121.790683059064, 37.2296979432308], [-121.790688059087, 37.2296819430108], [-121.790714059026, 37.2296129431853], [-121.790759058334, 37.2294469432326], [-121.790805058365, 37.2292139432986], [-121.790821058258, 37.2291369435919], [-121.790832059027, 37.2290559433604], [-121.790840058525, 37.2289519431299], [-121.790865058639, 37.2286409429465], [-121.79087405886, 37.2285379435137], [-121.79088705838, 37.2283759431074], [-121.790925058914, 37.2278929432211], [-121.790939058259, 37.22773194281], [-121.790943058457, 37.2276739428086], [-121.790958058526, 37.2274989432989], [-121.790963058548, 37.2274419430725], [-121.790992058861, 37.2270519427771], [-121.79099605816, 37.2269979428083], [-121.791037058168, 37.2265399432668], [-121.791032058145, 37.2264159430749], [-121.791000058358, 37.2262019432331], [-121.791003058731, 37.2260919428108], [-121.791037058168, 37.2256709426709], [-121.791074057978, 37.2252279426925], [-121.791075057803, 37.2251729428639], [-121.791069057955, 37.2251079431449], [-121.791044057841, 37.2249909426512], [-121.791001058183, 37.2248819425965], [-121.790953058503, 37.2247999428124], [-121.790944058282, 37.2247849429731], [-121.790868058114, 37.2246899432062], [-121.790781058075, 37.2246079432134], [-121.790499058043, 37.2243949432428], [-121.790257058194, 37.224236943222], [-121.790015058344, 37.2240719428785], [-121.789879057902, 37.2239879429292], [-121.789495057762, 37.2237509425677], [-121.789411058097, 37.2236999431078], [-121.789230057448, 37.2235889426074], [-121.789158057478, 37.2235519431196], [-121.78907105744, 37.2235089428607], [-121.789055057546, 37.2235009428098], [-121.788989057424, 37.2234749426386], [-121.78896005801, 37.2234639425635], [-121.788826058116, 37.2234309430438], [-121.788731057681, 37.2234179429473], [-121.788644057642, 37.2234059428562], [-121.788654057688, 37.2232349427813], [-121.788657058061, 37.2231999431406], [-121.788658057886, 37.2231619427358], [-121.788638057795, 37.2231279430726], [-121.788455057497, 37.2230119430966], [-121.788444057626, 37.2229889427966], [-121.788450057474, 37.2229649431912], [-121.788472057215, 37.2229469429458], [-121.788505057725, 37.222940942863], [-121.788574057322, 37.222949942987], [-121.788616058053, 37.2229559430691], [-121.788684057825, 37.2229529430281], [-121.788743057377, 37.2229379428214], [-121.788779057362, 37.2229219425977], [-121.78879405743, 37.2229159432283], [-121.788838057811, 37.2228799427096], [-121.788865057575, 37.2228399428285], [-121.788889057865, 37.2228079430515], [-121.788915057804, 37.2227709431805], [-121.788727057483, 37.222703942788], [-121.788600057262, 37.2226589427259], [-121.787815057264, 37.2226489432648], [-121.787459057612, 37.2224039428203], [-121.787398057512, 37.2220369428203], [-121.787148057267, 37.2219079429556], [-121.787073056924, 37.2218729426991], [-121.787031057091, 37.2218529428519], [-121.786791056892, 37.2218029428529], [-121.78650905686, 37.2218029428529], [-121.786289056751, 37.2216609429038], [-121.786268056835, 37.2216029432407], [-121.78562105693, 37.2214419429923], [-121.783340056557, 37.2206549431151], [-121.783009056121, 37.2207409432859], [-121.782716056218, 37.2206319428116], [-121.782739056682, 37.2206039429925], [-121.78274705618, 37.220593943259], [-121.782845056089, 37.2204869433803], [-121.7828780566, 37.2204519431798], [-121.782927056105, 37.2203699428714], [-121.782308055789, 37.2189999427463], [-121.782283056573, 37.2189139427365], [-121.780736056144, 37.2189599429536], [-121.780782056175, 37.2173379426483], [-121.780811055589, 37.2168139425825], [-121.780848055399, 37.2165379430231], [-121.780893055605, 37.2152959425251], [-121.780731055223, 37.2152909426643], [-121.780132054998, 37.2144809429651], [-121.781267055698, 37.2124379426222], [-121.781236055736, 37.2122039422098], [-121.781220054944, 37.2120899422046], [-121.780672054773, 37.211716942559], [-121.780255055022, 37.2106529422994], [-121.779437054514, 37.2086829425787], [-121.778785054586, 37.2084169425257], [-121.77823805424, 37.2081929424692], [-121.777579054639, 37.2079289425457], [-121.775604053689, 37.2071399421961], [-121.774946053913, 37.2068769423928], [-121.775565053331, 37.2060609425208], [-121.777423054105, 37.2036159422923], [-121.778043053348, 37.2028019420671], [-121.778151054201, 37.202804942194], [-121.778478053541, 37.202815941704], [-121.778587054219, 37.2028199421108], [-121.778970053635, 37.202831941899], [-121.779348053927, 37.2023579420168], [-121.785970055113, 37.2019519411609], [-121.787698055291, 37.2020609414342], [-121.789856055641, 37.2015609411502], [-121.792647055651, 37.202373940878], [-121.795233056521, 37.201464940459], [-121.796353056254, 37.2010369402746], [-121.794435056105, 37.1985299402948], [-121.793734055773, 37.1976129401615], [-121.789195054593, 37.1915629399534], [-121.789084054265, 37.1916559405019], [-121.789065053999, 37.1915989403871], [-121.789007054272, 37.1914829398824], [-121.788898054492, 37.1913289399365], [-121.788699054301, 37.1910679403008], [-121.788607054239, 37.1909669398213], [-121.788478054368, 37.1908389402311], [-121.788382054108, 37.1907559402187], [-121.788219053902, 37.1906259401022], [-121.788121053992, 37.1905549401643], [-121.787973053854, 37.1904559398874], [-121.787829053914, 37.1903709399942], [-121.787676053754, 37.1902899403607], [-121.787488053433, 37.190203939833], [-121.78737205398, 37.1901659399847], [-121.787246053583, 37.1901379403102], [-121.787116053887, 37.1901229400202], [-121.787046053567, 37.1901229400202], [-121.786964053551, 37.1901229400202], [-121.786837053329, 37.1901359401286], [-121.786710054006, 37.1901619403385], [-121.786534053381, 37.1902179403749], [-121.786406053334, 37.1902479401984], [-121.78627005379, 37.1902649399262], [-121.785553053564, 37.1902659403731], [-121.785468053176, 37.1902629404635], [-121.785359053396, 37.1902469404669], [-121.785247053243, 37.1902139400159], [-121.785155053181, 37.1901709400788], [-121.785066053493, 37.1901139402743], [-121.784994053523, 37.190048940407], [-121.784935053073, 37.1899759404563], [-121.784890053766, 37.1898939399471], [-121.784862053278, 37.1898069399467], [-121.784852053233, 37.189710940052], [-121.78485805308, 37.189627940231], [-121.78488405302, 37.1895439405779], [-121.784945053119, 37.1894379400645], [-121.784981053104, 37.1893509402544], [-121.785001053195, 37.1892539400353], [-121.785001053195, 37.1880989398405], [-121.785255053639, 37.1880909403289], [-121.785238053022, 37.1859059398666], [-121.785250052717, 37.1851179395631], [-121.785260052763, 37.1845139394861], [-121.785250052717, 37.1843289398162], [-121.785084052138, 37.1812799397935], [-121.784960052289, 37.1790029394344], [-121.784799051732, 37.1761829392646], [-121.784708051496, 37.1751849389322], [-121.78437105211, 37.1753489388764], [-121.784076051659, 37.1754649391109], [-121.783952051811, 37.1755469388236], [-121.783808051871, 37.1755639389973], [-121.783684052022, 37.1754809393761], [-121.783671051603, 37.1754209394378], [-121.783705051938, 37.1753819393808], [-121.783918051475, 37.1752939391967], [-121.784035051651, 37.1752229391604], [-121.784282051524, 37.1751079392022], [-121.784529051396, 37.1750089387182], [-121.784667051488, 37.1748989388236], [-121.784790051512, 37.1748169391234], [-121.78472205174, 37.1741219390416], [-121.784668051313, 37.1723239385495], [-121.786406051537, 37.1722339384427], [-121.787792052308, 37.1721629383941], [-121.78786005208, 37.1719879382718], [-121.787915052331, 37.1719159387337], [-121.788005051845, 37.1719109388626], [-121.788094051533, 37.1719549384323], [-121.78827905238, 37.1720259386764], [-121.7886500521, 37.1720539386232], [-121.788986051661, 37.1721089385141], [-121.789137052172, 37.1721179382582], [-121.789247051777, 37.1720919382788], [-121.789336052364, 37.1720809385877], [-121.789590051909, 37.1721909382901], [-121.789783052252, 37.1722079385032], [-121.7899680522, 37.1722459380813], [-121.790030052125, 37.1722789385094], [-121.790044052368, 37.1723229385807], [-121.790126052384, 37.1723339382366], [-121.7906270527, 37.1724879382617], [-121.791128052117, 37.1726089384191], [-121.791362052468, 37.1726089384191], [-121.791609052341, 37.1725379380071], [-121.791870052456, 37.1724829384285], [-121.7919450528, 37.1724559386077], [-121.792399052361, 37.172383938084], [-121.792762052584, 37.1722689380993], [-121.792852052996, 37.1722469380511], [-121.793051052289, 37.1722469380511], [-121.79334605274, 37.1721869384079], [-121.793799052477, 37.1721759380147], [-121.7945200529, 37.1719179379662], [-121.794699053, 37.1718849380962], [-121.794836053268, 37.171873938375], [-121.795070052721, 37.1719289376811], [-121.795228052905, 37.1719729379561], [-121.795328053362, 37.1720439381832], [-121.795399052609, 37.1720939382225], [-121.795578052709, 37.1721709381609], [-121.795983052765, 37.1722529378697], [-121.796264052973, 37.1723629380375], [-121.796498053324, 37.1723469378279], [-121.796601053256, 37.1722809377324], [-121.796656053508, 37.1721389376569], [-121.798696053856, 37.1720819378439], [-121.798960053447, 37.1720749380397], [-121.80145705373, 37.1719309376291], [-121.802054054305, 37.1718329372523], [-121.802468053683, 37.1718329372523], [-121.802865054242, 37.1718199375726], [-121.802832053731, 37.1711779377232], [-121.802836053929, 37.1710499375225], [-121.802792053548, 37.1699009374149], [-121.802673053723, 37.1673539374415], [-121.802686053243, 37.1671079371325], [-121.802660053304, 37.1664369367059], [-121.802653053631, 37.1662529371986], [-121.80259605373, 37.165017936603], [-121.803021052979, 37.1650099367947], [-121.812464055211, 37.1648459358864], [-121.812734054649, 37.1647929358573], [-121.815168055183, 37.1648289361648], [-121.816183055334, 37.1647989362676], [-121.816619055352, 37.1648229357568], [-121.816685055474, 37.1647919357888], [-121.816763055292, 37.164771935849], [-121.816915055628, 37.1647629359459], [-121.817208055531, 37.1647629359459], [-121.817502055259, 37.164771935849], [-121.817623055633, 37.1647759361237], [-121.817728055215, 37.1647659361523], [-121.817831056045, 37.1647409358601], [-121.819980056174, 37.164700935948], [-121.819980056174, 37.1645529355167], [-121.821726055896, 37.164526935798], [-121.822663056229, 37.1644919354191], [-121.822663056229, 37.1646669357198], [-121.827620056985, 37.1645779351553], [-121.827974056988, 37.1645569350872], [-121.828079057468, 37.1645529348008], [-121.828917057169, 37.1645249349382], [-121.82896105755, 37.1641519350876], [-121.829093056896, 37.1638759348309], [-121.830701057424, 37.1628719346088], [-121.831168057404, 37.1625799345592], [-121.831272057162, 37.1625149346227], [-121.831376057817, 37.1624499346303], [-121.8324940579, 37.1624359346687], [-121.833556057907, 37.1624229348042], [-121.835736057998, 37.1623949341525], [-121.835851058524, 37.162392934668], [-121.836353057766, 37.1623869340666], [-121.836970058432, 37.1623789339799], [-121.83700005857, 37.1623759343946], [-121.837090058083, 37.1623689344073], [-121.837121058045, 37.1623679343068], [-121.837129058441, 37.1623869340666], [-121.837031058532, 37.1626069343292], [-121.837064058144, 37.1626049341344], [-121.837101057954, 37.1626029339396], [-121.837149058532, 37.1626009344607], [-121.837166058251, 37.1626009344607], [-121.837200058586, 37.1626029339396], [-121.837126058068, 37.1624759343476], [-121.837547058017, 37.1624499339144], [-121.837910058241, 37.1625879339088], [-121.838164058684, 37.1627419344661], [-121.838267058616, 37.1627639344179], [-121.838357058129, 37.1627689341782], [-121.838549058648, 37.1626869342008], [-121.838568058915, 37.1626789341459], [-121.838844058201, 37.162576934266], [-121.839235058912, 37.1625329342473], [-121.839764058816, 37.1625209337821], [-121.840265059131, 37.1624169342052], [-121.840704058624, 37.1623509340278], [-121.840883058724, 37.1622789338987], [-121.841075059243, 37.1621369336419], [-121.841199059092, 37.1620269336226], [-121.84139705856, 37.1617849335893], [-121.841588059254, 37.1616269335046], [-121.841624059239, 37.161597933879], [-121.841863058716, 37.1614639339591], [-121.842324058848, 37.1612079340821], [-121.842393059343, 37.1610979334267], [-121.842413058537, 37.1609659335745], [-121.84242705878, 37.1607679340798], [-121.842448058697, 37.1606969339973], [-121.842458058742, 37.1602979334125], [-121.842461059116, 37.1601969340285], [-121.842482059032, 37.1599109337507], [-121.842509058796, 37.1598009333558], [-121.842509058796, 37.1595099337519], [-121.842454058544, 37.1593179334368], [-121.842406058864, 37.1589829334681], [-121.842440058301, 37.1588179336538], [-121.842522058317, 37.15869093343], [-121.842721058508, 37.1584609338514], [-121.842762058516, 37.1584219336325], [-121.843037058876, 37.1581689332289], [-121.843188058488, 37.1579879333997], [-121.843218058626, 37.1579339334142], [-121.843005059089, 37.1578859336334], [-121.842998058518, 37.1578969332428], [-121.842964059081, 37.1579709335675], [-121.842598058485, 37.1582239332019], [-121.842229058414, 37.1584259335274], [-121.842158058268, 37.1584659338964], [-121.841898058876, 37.1586589336613], [-121.841754058936, 37.1588289338436], [-121.841609058272, 37.1590709333173], [-121.841561058592, 37.1592079336108], [-121.841548059071, 37.1593949335062], [-121.841472058903, 37.1596199338544], [-121.841438058568, 37.159663933421], [-121.841390058888, 37.1598839337337], [-121.841379059017, 37.1602749340466], [-121.840576058578, 37.1582999335153], [-121.84047605812, 37.156788933631], [-121.840401057777, 37.1556499333941], [-121.832624056698, 37.1518859336823], [-121.826276055149, 37.1487929339466], [-121.822895054236, 37.147056933986], [-121.817340053081, 37.1442649342011], [-121.816829053618, 37.1439959339207], [-121.808466051835, 37.1395539344199], [-121.803371050088, 37.1368659345991], [-121.803379050484, 37.1364189345004], [-121.803351049997, 37.1317909342449], [-121.803311049814, 37.1314849338082], [-121.803250048816, 37.1246549335234], [-121.803189048717, 37.1193789327008], [-121.803180048496, 37.1169769329261], [-121.803180048496, 37.1165179329386], [-121.803033048183, 37.1165019323723], [-121.802890048068, 37.1161419327046], [-121.803176048298, 37.1157289327266], [-121.803152048009, 37.111978932333], [-121.803154047658, 37.1113399324919], [-121.803149047636, 37.1109079323191], [-121.80315204711, 37.1097639321493], [-121.799524047224, 37.1097639321493], [-121.799483046317, 37.1026609319324], [-121.798273046172, 37.1026649319099], [-121.795990045251, 37.1026729318642], [-121.79600304567, 37.1012749316809], [-121.795973045533, 37.0990149316251], [-121.803104046531, 37.0989169313352], [-121.803129046646, 37.099910931468], [-121.815117047943, 37.0997899303441], [-121.81948304887, 37.0997689302004], [-121.82795404971, 37.0996479295662], [-121.832269050583, 37.0996129292579], [-121.834989051347, 37.0995669287257], [-121.842489052416, 37.0994859285151], [-121.842796051665, 37.0945859282043], [-121.84273605139, 37.0945819278002], [-121.842693051733, 37.0945749279883], [-121.842564051861, 37.0945659283316], [-121.842522052028, 37.0945499281431], [-121.842463051579, 37.094544928173], [-121.842372051342, 37.0945509277071], [-121.842013051317, 37.0945749279883], [-121.841926051278, 37.094587928048], [-121.8418130513, 37.0946049277918], [-121.841778052039, 37.0946049277918], [-121.841613051284, 37.0946049277918], [-121.841528051793, 37.0945859282043], [-121.841343051845, 37.094544928173], [-121.840973051051, 37.0944449279862], [-121.840882051713, 37.0943939279189], [-121.840803051172, 37.0943549283501], [-121.840683051521, 37.0942749278673], [-121.840610051726, 37.094209927995], [-121.84059305111, 37.0941949280166], [-121.840575051566, 37.0941709283316], [-121.840533051734, 37.0941149280814], [-121.840491051002, 37.0940409283528], [-121.840466051786, 37.0939969278796], [-121.840453051368, 37.0939749279916], [-121.840445050972, 37.093956927818], [-121.840391051443, 37.0938329277797], [-121.840383051047, 37.0938149282888], [-121.84037505155, 37.0937919280575], [-121.840333051717, 37.0936649283054], [-121.840329051519, 37.093650927795], [-121.84030305158, 37.0935349281751], [-121.840283051488, 37.09348492779], [-121.840243051305, 37.0934549282597], [-121.840203051122, 37.0934449281748], [-121.840143050848, 37.0934449281748], [-121.840027051395, 37.0934709279629], [-121.83988405128, 37.093504927948], [-121.839753050861, 37.0935349281751], [-121.839643051256, 37.0935449282482], [-121.83952605108, 37.0935439279543], [-121.839303051497, 37.0935249281008], [-121.839193050994, 37.09348492779], [-121.838983050932, 37.0933949284468], [-121.838663051265, 37.0932249281219], [-121.838637051325, 37.0931989282494], [-121.838623051082, 37.0931849283694], [-121.83860305099, 37.0931449278792], [-121.838595050594, 37.0930959282532], [-121.838583050899, 37.09301492829], [-121.83860305099, 37.0929449279778], [-121.838653051219, 37.092864928156], [-121.838704051272, 37.0927659282059], [-121.838803051007, 37.092574927915], [-121.838811050504, 37.0925429281268], [-121.838833051144, 37.0924649277804], [-121.838833051144, 37.0923949283932], [-121.838823051098, 37.0922649282339], [-121.838783050915, 37.0920949282402], [-121.838743050732, 37.0920249277947], [-121.838718050618, 37.0919999278247], [-121.838673050412, 37.0919549280011], [-121.838602051165, 37.0919029280922], [-121.838587051097, 37.0918919282033], [-121.838453051202, 37.0917949283325], [-121.838381050334, 37.0917569277436], [-121.838263050333, 37.0916949280994], [-121.838087050606, 37.0916229280792], [-121.838043051123, 37.0916049280634], [-121.83793305062, 37.0915749277888], [-121.83781305097, 37.0915749277888], [-121.837723050558, 37.0915949277344], [-121.83757305077, 37.0916649278605], [-121.837333050571, 37.0917349279219], [-121.837156051019, 37.0917749284398], [-121.837113050463, 37.0917849280286], [-121.836973050721, 37.0917949283325], [-121.836835050628, 37.0917949283325], [-121.836753050612, 37.0917949283325], [-121.836270050739, 37.0916859281006], [-121.835733050438, 37.0915649281724], [-121.835623049935, 37.0915249282601], [-121.835593050696, 37.0914949279538], [-121.835553050513, 37.0914649283523], [-121.835473050147, 37.0913649284002], [-121.835403049827, 37.0911849281541], [-121.835353050497, 37.0911149283012], [-121.835313050314, 37.0910749281514], [-121.835243049994, 37.0910449283836], [-121.835173050572, 37.0910249282929], [-121.835093050206, 37.0910149278873], [-121.835023049885, 37.0910249282929], [-121.834953050464, 37.0910249282929], [-121.834853050006, 37.0910449283836], [-121.834821050219, 37.0910559283954], [-121.83465304999, 37.0911149283012], [-121.834343050368, 37.0912349286236], [-121.83429305014, 37.0912349286236], [-121.834277050246, 37.0912339282993], [-121.834204050451, 37.0912269281781], [-121.834183049636, 37.0912249282457], [-121.834103050169, 37.0911849281541], [-121.834015050305, 37.0911209281068], [-121.833956049856, 37.0910789280241], [-121.833603049678, 37.0908249285288], [-121.833583049587, 37.0907949279454], [-121.833575050089, 37.0907709286167], [-121.833543050302, 37.0906649286241], [-121.833483050028, 37.0905449281157], [-121.833443049845, 37.0904949286241], [-121.832963049446, 37.0902149284248], [-121.832443049762, 37.0898749281741], [-121.832183049471, 37.0897049285516], [-121.832058049797, 37.0895699284954], [-121.83205204995, 37.0895549283151], [-121.832037049881, 37.0895099284729], [-121.832033049683, 37.0894949282807], [-121.831998049523, 37.0892569283689], [-121.831983049454, 37.0891549283827], [-121.831963049363, 37.0890749281429], [-121.831893049043, 37.0889749279035], [-121.831703049072, 37.0887249285194], [-121.83163304965, 37.088654928544], [-121.831553049284, 37.088604928522], [-121.831415049192, 37.088557928113], [-121.831019049357, 37.0884239285249], [-121.830815049142, 37.0883559282797], [-121.830783049355, 37.0883449285926], [-121.830683048898, 37.0882949283661], [-121.830403049414, 37.0881049279212], [-121.830283048865, 37.0880749284108], [-121.829973049243, 37.0880749284108], [-121.829856049067, 37.0880649283326], [-121.829783049272, 37.0880749284108], [-121.829713048952, 37.0880949285634], [-121.829473048753, 37.0882199283228], [-121.829463048707, 37.0882249287102], [-121.829393049285, 37.0882449281066], [-121.829343049056, 37.0882449281066], [-121.829313048919, 37.0882249287102], [-121.829193049269, 37.088014928638], [-121.829075049268, 37.0879209284922], [-121.828057048743, 37.0886729285439], [-121.827419049059, 37.0879949284642], [-121.827212048471, 37.0878989282735], [-121.827173049012, 37.0879049283338], [-121.827063048508, 37.087934928628], [-121.826943048858, 37.0879749282852], [-121.826883048583, 37.0879849283754], [-121.826833048355, 37.0879849283754], [-121.826763048933, 37.0879549288175], [-121.826613048247, 37.0878549285336], [-121.826433048322, 37.0877749283548], [-121.826342048085, 37.0877599285357], [-121.826253048397, 37.0877449287138], [-121.825733048713, 37.0877049282186], [-121.82562304821, 37.0877249284688], [-121.825533048696, 37.0877549288343], [-121.82545304833, 37.0877749283548], [-121.82533304868, 37.0877749283548], [-121.825233048222, 37.0877649289535], [-121.825113048572, 37.0877449287138], [-121.824913048555, 37.0877249284688], [-121.824833048189, 37.087734928592], [-121.824723048584, 37.0877549288343], [-121.824473048339, 37.087814928813], [-121.824383047928, 37.087814928813], [-121.82430304846, 37.0878049287004], [-121.82423304814, 37.0877849284713], [-121.824193047957, 37.0877649289535], [-121.824113048489, 37.0877049289352], [-121.82406304826, 37.0876549290031], [-121.824033048123, 37.0875749286131], [-121.824023048077, 37.0874649283869], [-121.824013048032, 37.0874149290131], [-121.823989047742, 37.0872149283215], [-121.823973047849, 37.0870749283833], [-121.823953047757, 37.0869749283715], [-121.823823048061, 37.0866249283661], [-121.823673048273, 37.0860549288087], [-121.823653048182, 37.0860149288548], [-121.823603047953, 37.0859749288798], [-121.823543047678, 37.0859549288844], [-121.823473048256, 37.0859549288844], [-121.823223048011, 37.0859349288837], [-121.823123047554, 37.0859149288777], [-121.822273047259, 37.0856949284637], [-121.822033047958, 37.0855549285844], [-121.821423047862, 37.0852549285866], [-121.821323047405, 37.08517492853], [-121.821273047176, 37.0851449285766], [-121.821203047754, 37.0851169287049], [-121.820981047098, 37.0850269287401], [-121.820533047385, 37.0848449283893], [-121.820443046973, 37.084784928926], [-121.820193047626, 37.0845549289906], [-121.820143047397, 37.0844949285811], [-121.820023046848, 37.0843649284865], [-121.81987304706, 37.0842649284825], [-121.819713047227, 37.0841749289394], [-121.819423046799, 37.0840249285079], [-121.819133047269, 37.083924928772], [-121.819061047299, 37.0839119290331], [-121.818913047161, 37.083885928832], [-121.818695046703, 37.0838759289177], [-121.818663046915, 37.0838749284962], [-121.81841304667, 37.0838249289042], [-121.818323047157, 37.0837849284901], [-121.818253046837, 37.0837449287716], [-121.818183046516, 37.0836449286663], [-121.818133047186, 37.0835549283871], [-121.81805304682, 37.0832849290582], [-121.818003046591, 37.0832549290734], [-121.817933047169, 37.0832249290767], [-121.817843046758, 37.0831749290559], [-121.817763046392, 37.083094928954], [-121.817724046932, 37.0830249287955], [-121.817673046878, 37.082914928416], [-121.817604046383, 37.0828229285492], [-121.817473046862, 37.0826449289575], [-121.81745304677, 37.0825749283835], [-121.817463046816, 37.0825049284616], [-121.817483046908, 37.0824549286825], [-121.817533046238, 37.0823849286497], [-121.817563046375, 37.0822849289003], [-121.81755304633, 37.0822449283903], [-121.817523046192, 37.0821649287402], [-121.817433046679, 37.0820149286313], [-121.817413046587, 37.081964928529], [-121.817413046587, 37.0819149283937], [-121.817473046862, 37.0817149289563], [-121.817473046862, 37.0816049288257], [-121.81745304677, 37.0815549284531], [-121.817283046891, 37.0814049285705], [-121.817183046434, 37.0812449288463], [-121.816983046417, 37.08101492892], [-121.816623046567, 37.0805249287755], [-121.816563046293, 37.0804649287595], [-121.816533046155, 37.0804249287225], [-121.816503046018, 37.0803749282882], [-121.816493045972, 37.0802599288842], [-121.816504045843, 37.0802059286116], [-121.81652304611, 37.0801149287951], [-121.816613046521, 37.079864928855], [-121.816603046476, 37.0797449284476], [-121.816603046476, 37.0795849288034], [-121.816613046521, 37.0795349285318], [-121.816633045715, 37.0795049284963], [-121.816693045989, 37.0794549281719], [-121.816723046126, 37.0793549281409], [-121.816743046218, 37.0793349285489], [-121.816823046584, 37.0792949286324], [-121.816917046295, 37.0792379283744], [-121.817093046022, 37.0791349287552], [-121.817163046342, 37.0790749283558], [-121.817273045947, 37.0789149287311], [-121.81731304613, 37.0787649286417], [-121.817373046405, 37.0786249281473], [-121.817393046496, 37.078474928201], [-121.81738304645, 37.0783149280266], [-121.817333046222, 37.0781249283665], [-121.817293046039, 37.0780349279841], [-121.817203045627, 37.0778849283039], [-121.817123046159, 37.0778249283487], [-121.817043045793, 37.0777749283498], [-121.816836046104, 37.0776609283723], [-121.81664304576, 37.0775549286795], [-121.816626046042, 37.0775449286467], [-121.816413045606, 37.0774149281009], [-121.816153046214, 37.0772649286274], [-121.816093045939, 37.0772349284104], [-121.816063045802, 37.0772249283354], [-121.816023045619, 37.0772249283354], [-121.815883045877, 37.077244928484], [-121.815793045465, 37.077244928484], [-121.815763045328, 37.0772349284104], [-121.815713045998, 37.0772049281816], [-121.815594045274, 37.0771129285524], [-121.815453045707, 37.0770049285026], [-121.815404045303, 37.0769539281669], [-121.815233045599, 37.0767749286139], [-121.815077045963, 37.0765519280712], [-121.814721045413, 37.0766449281812], [-121.814685045428, 37.0766049282789], [-121.814579045122, 37.0764849284453], [-121.814544045861, 37.0764449284586], [-121.813985045819, 37.0762449282084], [-121.813936045415, 37.0762249285127], [-121.813831044935, 37.076161928541], [-121.813744044896, 37.0760719286953], [-121.813581045588, 37.0758779284735], [-121.813538045032, 37.075863928261], [-121.813439045298, 37.0758119280633], [-121.813362045305, 37.0757339284165], [-121.813223045388, 37.0755609284542], [-121.813000044906, 37.0755419283929], [-121.812841044898, 37.0754949284847], [-121.812664045346, 37.0753869282804], [-121.812596044675, 37.0752989285842], [-121.812529044728, 37.0751599286769], [-121.812457044758, 37.0747799281195], [-121.812303044772, 37.0744959286096], [-121.812127045045, 37.0742809286165], [-121.81201004487, 37.0740009280115], [-121.811833044419, 37.0735199284137], [-121.811531044295, 37.0730659280999], [-121.81142304434, 37.0729069285457], [-121.811389044904, 37.0728649284048], [-121.81124204459, 37.0722529281173], [-121.81119404491, 37.0720529282784], [-121.811118044742, 37.0717109285429], [-121.810903044657, 37.0713199278967], [-121.81066804448, 37.0708879281749], [-121.810540044434, 37.0706789279772], [-121.809704044382, 37.0699009279193], [-121.809485044099, 37.0697399283976], [-121.809371044296, 37.0696359281687], [-121.809312043847, 37.0695359280898], [-121.809289044281, 37.0694979278102], [-121.809198044044, 37.0693739278972], [-121.809135044295, 37.0693239280599], [-121.809089044264, 37.0693059284832], [-121.809050043906, 37.0692909278768], [-121.808761044201, 37.0692109281771], [-121.808523043651, 37.0691329281916], [-121.808029043907, 37.0689419278423], [-121.80786804335, 37.0688599279688], [-121.807667043509, 37.0687099280582], [-121.807637043371, 37.0686629282163], [-121.807453043248, 37.0686749285142], [-121.807333043598, 37.0686849282831], [-121.806943043611, 37.0686949280508], [-121.806823043062, 37.0686949280508], [-121.806733043548, 37.0686649280271], [-121.806503043394, 37.0685749286017], [-121.805957042873, 37.0682859285223], [-121.805891043649, 37.0683109284288], [-121.80530204347, 37.0685299284906], [-121.804380043205, 37.0685759285083], [-121.803976042974, 37.0685229284232], [-121.803584043337, 37.0683649285716], [-121.803037042991, 37.0678859281803], [-121.803025042397, 37.067875928306], [-121.802903043097, 37.0678849282646], [-121.802493043018, 37.0679649286462], [-121.802353042378, 37.0679749285088], [-121.802263042864, 37.0679649286462], [-121.802143042315, 37.0679349283338], [-121.802013042619, 37.0678749283902], [-121.801713042145, 37.0676649285722], [-121.801679042708, 37.0676339282221], [-121.801523042174, 37.0674949286008], [-121.801483042889, 37.0674249283754], [-121.801463042798, 37.0673749286869], [-121.801433042661, 37.0671249283159], [-121.801403042524, 37.0669649285636], [-121.801383042432, 37.0668949285658], [-121.801213042553, 37.0667149282749], [-121.800963042307, 37.0663849287826], [-121.800913042079, 37.0662949288021], [-121.800883041942, 37.066224928186], [-121.800873041896, 37.066114928521], [-121.800853042703, 37.0660449284555], [-121.800483041908, 37.0656949285931], [-121.800343042166, 37.0655049281348], [-121.800323042075, 37.0654749282831], [-121.800243041709, 37.0654349282233], [-121.800193042379, 37.0654249287426], [-121.79997304227, 37.0654149285439], [-121.799703041934, 37.0654049283438], [-121.799563042192, 37.0653849286565], [-121.799433041597, 37.0653449285493], [-121.79911304193, 37.0652249288179], [-121.798623041485, 37.0650249283658], [-121.79844304156, 37.0649349282054], [-121.79815304203, 37.0647649285667], [-121.79784304151, 37.064604928854], [-121.797783041236, 37.0645649283354], [-121.797503041752, 37.064234928808], [-121.797443041477, 37.0641849284502], [-121.796953041033, 37.0638949281627], [-121.796773041108, 37.063804928812], [-121.79669304164, 37.0637849287029], [-121.796503041669, 37.0637649285884], [-121.79638304112, 37.0637449284687], [-121.796103041636, 37.0636349287914], [-121.795963040996, 37.0635749283137], [-121.795903041619, 37.0635649285879], [-121.795833041299, 37.0635649285879], [-121.795773041025, 37.063584928755], [-121.795743040888, 37.063584928755], [-121.795653041374, 37.0636149286374], [-121.795463041403, 37.063664928654], [-121.795283041478, 37.0636949285049], [-121.79520904096, 37.063710928755], [-121.795193041067, 37.0637149286377], [-121.795033041233, 37.0637849287029], [-121.794973040959, 37.0637849287029], [-121.794683041429, 37.0637549288877], [-121.794543040788, 37.0637549288877], [-121.794383040955, 37.0637749290047], [-121.794313040635, 37.0638349286074], [-121.794283041396, 37.0638749287941], [-121.794233041167, 37.0639749284516], [-121.794153040801, 37.0640849290696], [-121.794083041379, 37.0641549287933], [-121.79396304083, 37.064234928808], [-121.79384304118, 37.0642749287837], [-121.793703041438, 37.0643049291101], [-121.793563040797, 37.0643149287384], [-121.793393040918, 37.0642749287837], [-121.793203040947, 37.0641949288112], [-121.792983040839, 37.0640449289936], [-121.792893040427, 37.0639949285107], [-121.792843041097, 37.0639849288402], [-121.792633041035, 37.0639649287785], [-121.792543040623, 37.0639649287785], [-121.792343040606, 37.0639149289596], [-121.792257040393, 37.063900928689], [-121.792163040681, 37.0638849291958], [-121.792126040871, 37.0638849291958], [-121.79142304089, 37.0638849291958], [-121.791333040478, 37.0638649291078], [-121.791243040965, 37.0638349286074], [-121.791093040278, 37.0637149286377], [-121.791053040095, 37.0636949292217], [-121.791003040765, 37.0636949292217], [-121.790843040932, 37.0637049289303], [-121.790723040383, 37.0637049289303], [-121.790663040108, 37.0636849287948], [-121.790629040671, 37.0636699292274], [-121.790483040183, 37.0636049289169], [-121.790213040745, 37.0636349287914], [-121.79015304047, 37.0636349287914], [-121.790053040013, 37.063594929195], [-121.789873040088, 37.0634049292113], [-121.789773040529, 37.0633349287956], [-121.7897230403, 37.0633149292793], [-121.789373040496, 37.0633049288024], [-121.789313040221, 37.063294929041], [-121.789243039901, 37.063264929032], [-121.789173040479, 37.0631949292039], [-121.788993040554, 37.0629649290066], [-121.788913040188, 37.0628949289016], [-121.788843039868, 37.0628649287345], [-121.788783040492, 37.0628449290943], [-121.788463039926, 37.0628149289074], [-121.78833304023, 37.0627749288786], [-121.788293040047, 37.0627349288288], [-121.78826303991, 37.0626649292284], [-121.788233039772, 37.062454929323], [-121.788233039772, 37.0623949293456], [-121.788193039589, 37.0623249287147], [-121.788133040213, 37.0622749292485], [-121.78802303971, 37.0622149291288], [-121.787893040014, 37.0621549289617], [-121.78773304018, 37.0621049286666], [-121.787563039403, 37.0620749289039], [-121.78742303966, 37.0620649289803], [-121.787283039918, 37.0620749289039], [-121.787083039902, 37.062094928747], [-121.786753039291, 37.0621649288733], [-121.786573039366, 37.0621649288733], [-121.786483039852, 37.0621549289617], [-121.786305039577, 37.0620919287709], [-121.786173039333, 37.0620449291293], [-121.786053039682, 37.0619949287617], [-121.785953039224, 37.0619349291374], [-121.785813039482, 37.0618049290717], [-121.785593039374, 37.0614949290087], [-121.785433039541, 37.0612349292971], [-121.785333039083, 37.0610849293615], [-121.785233039524, 37.0609949288276], [-121.785143039113, 37.0609299290925], [-121.785123039021, 37.0609149289804], [-121.784993039325, 37.0608749293835], [-121.784903038913, 37.0608549292187], [-121.784803039354, 37.0608249289617], [-121.784703038897, 37.0607749292238], [-121.784523038971, 37.0606649288242], [-121.784313038909, 37.0604349288418], [-121.78414303903, 37.0602349293812], [-121.783943039013, 37.0600349293934], [-121.783643038539, 37.0598249293764], [-121.78347303866, 37.0597249292664], [-121.783263038598, 37.0595749292127], [-121.783093038718, 37.0594649292239], [-121.783003039205, 37.0593749289188], [-121.782943038931, 37.0593249289422], [-121.782693038685, 37.0590449290376], [-121.782433038394, 37.058774929175], [-121.782403038257, 37.0587469288847], [-121.782123038773, 37.0584849289958], [-121.782023038316, 37.058364929166], [-121.781953038894, 37.0582049288587], [-121.781893038619, 37.058034929193], [-121.781783038116, 37.0577649293207], [-121.781673038511, 37.0575349291494], [-121.781643038374, 37.057144929323], [-121.781631038678, 37.057113928975], [-121.781606038564, 37.0570469286654], [-121.781563038008, 37.056995929246], [-121.781031038629, 37.05674192883], [-121.779171038205, 37.0560639292515], [-121.778270037857, 37.0560699289635], [-121.778073037315, 37.0558549290713], [-121.777903037436, 37.0555949293883], [-121.777844037885, 37.0555179291016], [-121.777773037739, 37.0554249288932], [-121.777683037328, 37.055344928908], [-121.777503037403, 37.0552549294511], [-121.777223037919, 37.0551849294015], [-121.776963037628, 37.0551249294099], [-121.776837037231, 37.0551029289949], [-121.776733037474, 37.0550849289113], [-121.77657303764, 37.0550749295002], [-121.776413036908, 37.0550549292403], [-121.776293037258, 37.0550349289752], [-121.776183037653, 37.0549749288651], [-121.776103037287, 37.0549249288565], [-121.776063037104, 37.0548649293763], [-121.776055037606, 37.0547579292775], [-121.776043037012, 37.0545849295019], [-121.776023036921, 37.0544549290298], [-121.775983036738, 37.0540949292072], [-121.775923037362, 37.053804929064], [-121.775823036904, 37.0535049289114], [-121.775773036676, 37.0533749287399], [-121.775703037254, 37.0532649290826], [-121.775653037025, 37.0532349294091], [-121.775522036606, 37.0531319288864], [-121.775463037054, 37.0530849294298], [-121.775343037404, 37.0530249292117], [-121.775273037084, 37.0529849290399], [-121.775183036672, 37.0529649289461], [-121.775063037021, 37.0529649289461], [-121.774893037142, 37.0529749293521], [-121.774593036668, 37.0530149288122], [-121.774393036651, 37.0530049291284], [-121.774233036818, 37.0529749293521], [-121.77408303703, 37.0529549292557], [-121.773803036648, 37.0528749288173], [-121.773433036752, 37.0527549294354], [-121.773123036232, 37.0526649290575], [-121.772963036398, 37.0526249294129], [-121.772673036869, 37.0526249294129], [-121.772493036943, 37.0526649290575], [-121.772303036074, 37.0527249295603], [-121.771723036116, 37.0527449290004], [-121.771533036145, 37.0527649291522], [-121.771324035908, 37.0528269290873], [-121.770983036325, 37.052914929047], [-121.770793036354, 37.0530149295292], [-121.7705630362, 37.0532249297543], [-121.770473036687, 37.0532649290826], [-121.770343036092, 37.0532849290973], [-121.770053036562, 37.0532949294612], [-121.769633036437, 37.0532649297995], [-121.769413036329, 37.0532349294091], [-121.768923035885, 37.0530749297552], [-121.76874303596, 37.0530649293623], [-121.767933035848, 37.0530849294298], [-121.767873035573, 37.0531149298795], [-121.767653035465, 37.0532049297237], [-121.76747303554, 37.0532949294612], [-121.76735303589, 37.0533249298279], [-121.767243035386, 37.0533249298279], [-121.766973035948, 37.0532849298142], [-121.766563035869, 37.0531549299828], [-121.766283035487, 37.0530349296098], [-121.765943035728, 37.0527949297284], [-121.765823035179, 37.0527149298382], [-121.765643035254, 37.0526349298637], [-121.765455035831, 37.0525819293951], [-121.765393035009, 37.052564929548], [-121.765203035038, 37.0525249298507], [-121.764863035279, 37.0524749296618], [-121.764722035712, 37.0524639297878], [-121.764493035384, 37.0524449296759], [-121.76433303555, 37.0523649301337], [-121.764153035625, 37.052264929512], [-121.763843035105, 37.0521449298825], [-121.763403034889, 37.051964929724], [-121.763293035284, 37.0518949295072], [-121.763243035056, 37.0518449296201], [-121.76323303501, 37.0517749300096], [-121.763263035147, 37.0509649295129], [-121.763293035284, 37.0507249295377], [-121.763333034569, 37.0506649296046], [-121.763403034889, 37.050604929624], [-121.763453035118, 37.0505549296039], [-121.763553034677, 37.0505049295509], [-121.763673035226, 37.0504349294214], [-121.763843035105, 37.0503649299443], [-121.763923034573, 37.0503049297265], [-121.764104035221, 37.050122929923], [-121.764143034681, 37.0500849299562], [-121.764243035138, 37.0499149293058], [-121.764293035367, 37.0498649295481], [-121.76438303488, 37.0498249298617], [-121.764483035338, 37.0497949295453], [-121.76462303508, 37.0497949295453], [-121.764787035111, 37.0497789292283], [-121.764833035142, 37.0497749293277], [-121.764883035371, 37.0497349295938], [-121.764915035158, 37.0496789295008], [-121.764933034701, 37.0496149295487], [-121.764893035417, 37.0494749297342], [-121.764864035104, 37.0494279294467], [-121.764813035051, 37.0493449298289], [-121.764693034502, 37.0492249291671], [-121.764543034714, 37.0491249294267], [-121.764443035155, 37.0490749291486], [-121.76419303491, 37.0489949296388], [-121.764143034681, 37.0489649297113], [-121.764103034498, 37.0489049298208], [-121.764053035167, 37.0488149291789], [-121.763963034756, 37.0486849295771], [-121.763894035159, 37.0486079294487], [-121.76388303439, 37.0485949293914], [-121.763813034968, 37.0485449294811], [-121.763733034602, 37.0485149293757], [-121.763513034494, 37.0484149294168], [-121.763403034889, 37.0483749296831], [-121.763333034569, 37.0483549298084], [-121.763203034873, 37.048364929388], [-121.763092034545, 37.048364929388], [-121.762793034794, 37.048364929388], [-121.762753034611, 37.0483449295105], [-121.762713034428, 37.0483149293261], [-121.762691034686, 37.0482869294779], [-121.762673034245, 37.0482649292313], [-121.762623034914, 37.0481849295848], [-121.762553034594, 37.0480949295232], [-121.762433034045, 37.0480149296975], [-121.762003034773, 37.0478249294151], [-121.761350034122, 37.0477149296002], [-121.760691034521, 37.0476049296259], [-121.758213033606, 37.0487949301371], [-121.758133034139, 37.0488349296494], [-121.757993033498, 37.0489449299921], [-121.757923034077, 37.0490249302714], [-121.757713034014, 37.0494749297342], [-121.757613033557, 37.0496349298084], [-121.756923033994, 37.0492449302466], [-121.756813033491, 37.0491849298604], [-121.756573033291, 37.0492149297009], [-121.756403033412, 37.0491749303889], [-121.756389034066, 37.0491709297395], [-121.75619303335, 37.0491149299473], [-121.755883033728, 37.0491249301436], [-121.755859033439, 37.0491229298177], [-121.755633033483, 37.0491049304665], [-121.755493033741, 37.0490349297628], [-121.755373033192, 37.0489249302675], [-121.75530303377, 37.048684930294], [-121.755093033708, 37.048544930198], [-121.754933032976, 37.0484549298463], [-121.754893033691, 37.0484049298438], [-121.754853033508, 37.048304930457], [-121.754833033417, 37.0479249301513], [-121.754793033234, 37.047704929935], [-121.754733032959, 37.0474749301025], [-121.754723032914, 37.0474549299906], [-121.754673033583, 37.0473149297768], [-121.754623033354, 37.0472149296708], [-121.754503032806, 37.0471149301501], [-121.754253033459, 37.0468649296964], [-121.754123032864, 37.0467149300328], [-121.754053033442, 37.0465849297022], [-121.754033033351, 37.0465149302591], [-121.754023033305, 37.0464449300346], [-121.754043033396, 37.0463549300608], [-121.754093032727, 37.0462049301063], [-121.754093032727, 37.0461149298479], [-121.754073032635, 37.0460649297379], [-121.754003033213, 37.0459949298154], [-121.753453032494, 37.0455749296418], [-121.753393033118, 37.0455049299844], [-121.753313032752, 37.0453149298719], [-121.753226032713, 37.045140929865], [-121.753133032827, 37.0449549297132], [-121.75303303237, 37.0446849299078], [-121.752983033039, 37.0446149301467], [-121.752368032023, 37.0438049299577], [-121.74777403149, 37.0377539298239], [-121.7475710311, 37.0373199297941], [-121.746840030631, 37.035753929726], [-121.746374030476, 37.034753929643], [-121.744348030371, 37.0336769298024], [-121.744153030378, 37.0333249297767], [-121.743937029569, 37.0329279298413], [-121.743465029566, 37.0320579294471], [-121.74345302987, 37.0320349291292], [-121.743003029609, 37.0312749293918], [-121.742783029501, 37.0308949291811], [-121.742603029576, 37.0305549297587], [-121.742393029513, 37.0302449296971], [-121.741793029464, 37.029634929259], [-121.74089302894, 37.0287549291417], [-121.74081902932, 37.0286839293218], [-121.740555028831, 37.0284319296979], [-121.73977802923, 37.0276889294491], [-121.739333028991, 37.0273149290594], [-121.73914302902, 37.0271849292175], [-121.739090028418, 37.0271619295754], [-121.738743028987, 37.0270129294489], [-121.738653028575, 37.0269749293891], [-121.737453028476, 37.0265249292361], [-121.736623028273, 37.0261949292464], [-121.735853028344, 37.025904929376], [-121.735253028294, 37.02566892952], [-121.734093027479, 37.0252149297591], [-121.733978027852, 37.0251689292749], [-121.733636027545, 37.0250309298068], [-121.733523027567, 37.0249849292112], [-121.733043027168, 37.0247949293871], [-121.732053027131, 37.0244249296115], [-121.731846027442, 37.0243439294571], [-121.731103027277, 37.0240549294682], [-121.73040302677, 37.023774929984], [-121.729903027178, 37.023564929335], [-121.729263026945, 37.023334929529], [-121.729053026883, 37.0232249293757], [-121.727833026692, 37.0227549297954], [-121.727503026081, 37.0225949297326], [-121.727243026688, 37.0224249299243], [-121.726973026352, 37.0222349294352], [-121.726928026146, 37.0221999299727], [-121.726793026426, 37.0220949300542], [-121.726683025923, 37.021974930072], [-121.72659302641, 37.0218949299786], [-121.726073025828, 37.0212649300648], [-121.725839026375, 37.0207979300086], [-121.725833025628, 37.0207849294929], [-121.725827025781, 37.0207689295172], [-121.725794026169, 37.020682929949], [-121.725784026123, 37.0206549299517], [-121.726292026111, 37.0207089295785], [-121.727819026448, 37.0208719294809], [-121.728328026261, 37.0209269294878], [-121.72870302618, 37.0199309293101], [-121.730827026194, 37.0203289295835], [-121.730452027174, 37.0222229296827], [-121.73132602686, 37.0224219298145], [-121.731544027318, 37.0221049295062], [-121.734653027346, 37.0175909288785], [-121.736199027052, 37.0153469284315], [-121.727828024873, 37.0098669285681], [-121.727283025075, 37.0108219285747], [-121.726579025268, 37.0120589285876], [-121.723591024715, 37.0096699292003], [-121.722663024603, 37.0089289290522], [-121.722409024159, 37.0088389290911], [-121.721649024276, 37.0085689292859], [-121.721396023658, 37.0084789288986], [-121.718884023306, 37.0075999290536], [-121.718775023527, 37.0075619293273], [-121.718881023832, 37.007466929211], [-121.718956023277, 37.0074009288414], [-121.719425023805, 37.0069819289947], [-121.727593023798, 36.9996989274294], [-121.729637024344, 36.997876927106], [-121.728973023822, 36.9972549271296], [-121.728359023529, 36.9968249272835], [-121.728801023395, 36.9959979272466], [-121.729021023503, 36.9953519275884], [-121.729674023256, 36.9945449270175], [-121.729685024025, 36.9938559269475], [-121.729820023744, 36.993559926725], [-121.7301640237, 36.9933309266933], [-121.730718023719, 36.9929509268518], [-121.731341023335, 36.9927139270674], [-121.732139023751, 36.992727926833], [-121.732321024225, 36.9927669269864], [-121.73253802396, 36.9927339265267], [-121.733107024047, 36.9927179271032], [-121.733535023669, 36.9927499266645], [-121.734197024542, 36.9927709270194], [-121.73461102392, 36.9924249266155], [-121.734841024074, 36.9922349264625], [-121.735051024136, 36.9917879263943], [-121.73492102444, 36.991279926869], [-121.734866024188, 36.9910549265531], [-121.735055024334, 36.991004926791], [-121.735362024481, 36.9909239261741], [-121.736211024052, 36.9906099264395], [-121.737218024706, 36.9903949263305], [-121.738640024563, 36.9900899264182], [-121.7386700247, 36.9900489258804], [-121.738710024883, 36.9899959262199], [-121.738655024632, 36.9899809264447], [-121.736398024548, 36.9893719258968], [-121.735683023973, 36.9896459266277], [-121.734702024157, 36.9893409265821], [-121.734304023773, 36.9893729261292], [-121.734151023612, 36.9893659266554], [-121.734027023764, 36.9894279266869], [-121.733244023416, 36.9898139268339], [-121.732642023717, 36.9897199262944], [-121.732325023524, 36.9896689268615], [-121.731889023506, 36.9898729265406], [-121.731625023916, 36.9900609264076], [-121.730484023368, 36.9908269270845], [-121.717938021854, 36.9955489281868], [-121.717891021998, 36.9955659278831], [-121.717871021907, 36.9955089278735], [-121.717868021534, 36.9954219282674], [-121.717832021549, 36.9952769282244], [-121.717797022287, 36.9951629277292], [-121.717712021898, 36.9950479283404], [-121.717639022103, 36.9949759277175], [-121.717534021623, 36.9949109281429], [-121.717626021684, 36.9946119279492], [-121.717532021973, 36.9945269283634], [-121.717342022002, 36.9943039279434], [-121.71720402191, 36.9941629278809], [-121.717103021628, 36.9940749279995], [-121.716863021428, 36.9940049282331], [-121.716473021441, 36.9938649277895], [-121.716143021728, 36.9937249278056], [-121.715788021002, 36.9935809282913], [-121.715483021404, 36.9934549281339], [-121.715313021524, 36.9933949281564], [-121.71525302125, 36.9933549281451], [-121.714923021537, 36.9932249283219], [-121.714673021292, 36.9931349284245], [-121.714593020926, 36.9931249280306], [-121.714373020818, 36.9931549277731], [-121.712871020595, 36.9931179281847], [-121.710931020704, 36.9930709281775], [-121.710418020693, 36.9923459286147], [-121.711008020697, 36.9918239285821], [-121.711268020089, 36.9909749283531], [-121.711388020638, 36.9905859284265], [-121.710713020246, 36.9897249281504], [-121.710545020016, 36.9897329278186], [-121.710041020226, 36.9897569282534], [-121.709873019997, 36.9897649279183], [-121.709823020666, 36.9906079281599], [-121.709043019793, 36.9902709285111], [-121.708502020193, 36.9900379284449], [-121.70731202014, 36.9897239286403], [-121.705522019138, 36.9893649285756], [-121.705400018939, 36.9879369284512], [-121.705257018824, 36.9862499280321], [-121.702195018652, 36.9861779284085], [-121.701172018105, 36.9861549285542], [-121.699671018605, 36.9862549286811], [-121.6953710178, 36.9851549286657], [-121.695278017015, 36.9829349284013], [-121.695271017343, 36.9827549285469], [-121.696671017458, 36.9813549286166], [-121.69623501744, 36.9805649282605], [-121.696229016694, 36.9804079279858], [-121.696214016626, 36.9799389280833], [-121.696210017326, 36.9797829283104], [-121.696933017399, 36.979104927735], [-121.697302016572, 36.9784929279783], [-121.697692016559, 36.9777499282216], [-121.697898017322, 36.9768229279895], [-121.697912016667, 36.9767609277321], [-121.698132016775, 36.9759529275836], [-121.698441016572, 36.9749889279143], [-121.698321016921, 36.974052927465], [-121.698271016692, 36.9733899276875], [-121.698142016821, 36.9726099273939], [-121.697842016347, 36.9721029272943], [-121.697162015931, 36.9714929274234], [-121.69660301589, 36.9711289272469], [-121.695844015831, 36.970454927569], [-121.69522401569, 36.9699219277037], [-121.694734015246, 36.9694419273564], [-121.694045015507, 36.9689619275709], [-121.693591015048, 36.968508927675], [-121.693316015586, 36.9682349276178], [-121.692366014834, 36.9680029273274], [-121.691787014701, 36.967847927287], [-121.690303014919, 36.9674879275498], [-121.690191014766, 36.9673759273641], [-121.690171014675, 36.9673559276981], [-121.689728014984, 36.9673559276981], [-121.689571014625, 36.9673559276981], [-121.688775014757, 36.9671789277334], [-121.687771014477, 36.9669559275326], [-121.686671013936, 36.9674559281288], [-121.68646901427, 36.9674149275948], [-121.685671013854, 36.9672559278537], [-121.684962014024, 36.9671849280066], [-121.683671013688, 36.967055927771], [-121.682859013927, 36.9672719283257], [-121.682171013115, 36.9674559281288], [-121.681123013352, 36.9675629284728], [-121.678271013242, 36.9678549287404], [-121.678075012525, 36.9676379286042], [-121.677370012893, 36.9668559285983], [-121.677370012893, 36.9667529286615], [-121.677370012893, 36.9665559281364], [-121.677268012786, 36.9665089282272], [-121.677175012899, 36.9664659282696], [-121.677208012511, 36.9660399280788], [-121.677248012694, 36.9655519283172], [-121.676506012355, 36.965824928159], [-121.676106012321, 36.9659729285395], [-121.675693012768, 36.9657819285328], [-121.67477001178, 36.9653559281032], [-121.674424012173, 36.9653559281032], [-121.673970011714, 36.965355928821], [-121.673583012099, 36.9653849281996], [-121.672670012055, 36.9654559282901], [-121.672592012237, 36.9652229283114], [-121.672470012039, 36.9648559287871], [-121.672392011323, 36.9646609287738], [-121.672270012022, 36.9643559283405], [-121.671975011571, 36.9644139285664], [-121.671770011532, 36.9644559284054], [-121.670427011317, 36.9638599283164], [-121.669943011619, 36.9636459285527], [-121.666143010406, 36.9643449286268], [-121.66613101071, 36.9643389288475], [-121.664800010192, 36.9637189292507], [-121.664694010785, 36.9636059286911], [-121.664376010767, 36.9632679287348], [-121.664270010462, 36.9631559288005], [-121.664119009951, 36.961900928691], [-121.663970009988, 36.9606559290673], [-121.662870009448, 36.9591559284445], [-121.663009009365, 36.958491928919], [-121.663270009481, 36.9572559282589], [-121.663659009644, 36.9564899284391], [-121.664343009359, 36.9551449279625], [-121.663776008921, 36.9542389283096], [-121.663320008812, 36.9535119284678], [-121.663282009177, 36.9522759281013], [-121.663270008583, 36.9518559282478], [-121.661570008891, 36.9517559281464], [-121.660108007953, 36.9511369280504], [-121.658970007778, 36.9506559284168], [-121.658370007728, 36.9505559281758], [-121.657570007662, 36.9506559284168], [-121.655132007829, 36.951054928768], [-121.654051007555, 36.9505889282626], [-121.653688007332, 36.9477219284905], [-121.652284007019, 36.9476329286809], [-121.652869007, 36.9457559280611], [-121.654069007099, 36.9447559279301], [-121.653769006625, 36.9438559281486], [-121.653239005997, 36.9422679281398], [-121.653069006118, 36.9417559277599], [-121.650011005245, 36.938478927973], [-121.648869004872, 36.9372559275348], [-121.648459004793, 36.9365809279526], [-121.647231004207, 36.9345559278003], [-121.646822004851, 36.9338809272817], [-121.645804004327, 36.9323349272334], [-121.645757004471, 36.9323329274239], [-121.642889003569, 36.9322689277475], [-121.641427003529, 36.9322369278892], [-121.641038003367, 36.9322289279225], [-121.641357003209, 36.9331459278807], [-121.641981003548, 36.9349389283797], [-121.641869003395, 36.9349559279728], [-121.642269004326, 36.9363559281993], [-121.64036900372, 36.9375559285414], [-121.639669004111, 36.9378559283671], [-121.639469004095, 36.9377559285564], [-121.639068003338, 36.9376889285452], [-121.638869004045, 36.9376559286145], [-121.638083003324, 36.9382979283565], [-121.637769003505, 36.9385559283934], [-121.637068003173, 36.9390579284167], [-121.631869002568, 36.9392579287977], [-121.631714002757, 36.9394659292976], [-121.63047300265, 36.9405489292817], [-121.630415002924, 36.9405369295631], [-121.629545002537, 36.9403899294465], [-121.626937001926, 36.9399489295492], [-121.626068002263, 36.9398019297344], [-121.626068002263, 36.9398499297784], [-121.624699001211, 36.9389319298888], [-121.624061001527, 36.9384989294791], [-121.624248002023, 36.9390769295955], [-121.62442400175, 36.9396199295022], [-121.624743001592, 36.9400989295663], [-121.624751001988, 36.9402119298245], [-121.624768001706, 36.9404559297977], [-121.621133001249, 36.9374819298532], [-121.615563999849, 36.9329249297815], [-121.615368999856, 36.9327659298364], [-121.609930997978, 36.9283159294765], [-121.607167997556, 36.9260559296433], [-121.596431996237, 36.9261189306001], [-121.590366995443, 36.9261559311606], [-121.590333994933, 36.9250269305832], [-121.590166994528, 36.9192569299835], [-121.58354199297, 36.9192569307017], [-121.581166992886, 36.9192569307017], [-121.581172992734, 36.9188949309579], [-121.581255992574, 36.9136159306325], [-121.581438991076, 36.9019809293626], [-121.581450990771, 36.9012319291231], [-121.581461990642, 36.9005589294765], [-121.58146599084, 36.9004059293511], [-121.58146799049, 36.9002569295022], [-121.581366991106, 36.8991569292865], [-121.580915991019, 36.8989439288054], [-121.580630990614, 36.8987159293718], [-121.580361990102, 36.8985269288335], [-121.580332990688, 36.8984999291289], [-121.580165990283, 36.8982909289371], [-121.580116990778, 36.8981929289423], [-121.580091990663, 36.8981639291322], [-121.580006990275, 36.8979999292808], [-121.579952990746, 36.897756929199], [-121.579930990107, 36.8976169292145], [-121.579910990015, 36.8975489291293], [-121.579871990555, 36.897448928894], [-121.579840990593, 36.897382928667], [-121.579721989869, 36.8970449287647], [-121.579701990676, 36.8969769288882], [-121.579697990478, 36.8969409292672], [-121.579672990364, 36.8968369289096], [-121.579631990356, 36.8967359291658], [-121.579507990507, 36.8965889286456], [-121.579399990552, 36.8964769291196], [-121.579380990286, 36.8964449293275], [-121.579326989859, 36.8963899291371], [-121.579302990468, 36.8963589293258], [-121.579272990331, 36.8962929288745], [-121.579149990307, 36.8961029287805], [-121.579125990017, 36.8960729288737], [-121.57909598988, 36.8960069288935], [-121.579007990017, 36.895881928927], [-121.578932989674, 36.8957929289352], [-121.578901989711, 36.8957679290319], [-121.578817990046, 36.8956859290903], [-121.578765990167, 36.8956279289907], [-121.578679989954, 36.8955469289267], [-121.578470989716, 36.895363928625], [-121.578417990013, 36.8953069290303], [-121.578208989775, 36.8951239288716], [-121.578062990186, 36.8949889292624], [-121.577929990116, 36.8948929286926], [-121.577823989811, 36.8948269291288], [-121.577749989293, 36.8947869290606], [-121.577613989749, 36.8946939290725], [-121.577333989366, 36.8944629290289], [-121.577252989175, 36.8943779289925], [-121.577083989121, 36.8941699290533], [-121.577055989532, 36.8941019287706], [-121.577030989418, 36.8940729288429], [-121.576973989516, 36.8939769292762], [-121.576929989135, 36.8938769286713], [-121.576919989089, 36.8938429291254], [-121.576874989782, 36.8937439291148], [-121.576829989576, 36.8936819287671], [-121.576754989233, 36.8935939291372], [-121.576723989271, 36.8935679291782], [-121.576541989696, 36.8934659286454], [-121.576458988957, 36.8934379292501], [-121.576371988918, 36.8934229291336], [-121.576241989222, 36.8933939289479], [-121.576158989381, 36.8933699290337], [-121.576127989419, 36.8933439289984], [-121.575930988877, 36.8931519286289], [-121.575809989402, 36.8930479288558], [-121.575775989067, 36.8930239288328], [-121.575737989432, 36.8930049291086], [-121.575652989043, 36.892980929072], [-121.57560898956, 36.8929879287841], [-121.575456989224, 36.8930239288328], [-121.575414989392, 36.8930379289669], [-121.575277989124, 36.8931289286982], [-121.575118989116, 36.8932509286889], [-121.575059989564, 36.8933039288714], [-121.575026989054, 36.8933269287494], [-121.574952989434, 36.8934139293497], [-121.574842988931, 36.8935259290598], [-121.574794989251, 36.8935859287086], [-121.574682989098, 36.8938159292006], [-121.574658988808, 36.8938839290196], [-121.574627988846, 36.8939499293988], [-121.574566988747, 36.894118928847], [-121.574529988937, 36.8942579294559], [-121.574524988914, 36.8942929288613], [-121.574505989546, 36.8943249288372], [-121.574480989431, 36.8943919288782], [-121.574404989263, 36.8945199292539], [-121.574397989591, 36.8945549292576], [-121.57436498908, 36.8946209290566], [-121.574284989613, 36.8947479290099], [-121.574253988752, 36.8948129293229], [-121.574208989445, 36.8949869291919], [-121.574184989155, 36.8950549294045], [-121.574094989642, 36.895215929022], [-121.574009989253, 36.8953409293609], [-121.573955988826, 36.8953969289003], [-121.573924988864, 36.8954229289547], [-121.573843989572, 36.8955069292358], [-121.573819989282, 36.8955369293651], [-121.573789989145, 36.8955639293996], [-121.57375398916, 36.8955849292601], [-121.573693988886, 36.8956359292053], [-121.573496989242, 36.8957799293313], [-121.573427988747, 36.8958249290007], [-121.573200988966, 36.8959939293261], [-121.573165988806, 36.8960159290901], [-121.57296198949, 36.8962049293813], [-121.572838989466, 36.8963079291454], [-121.572647988772, 36.8964579295365], [-121.572571989502, 36.8964969294319], [-121.572446988931, 36.8965349292923], [-121.572402989448, 36.8965429294118], [-121.572327989105, 36.8965819292637], [-121.572294989493, 36.8966059296048], [-121.572216988777, 36.8966409293702], [-121.572109988647, 36.8967049294951], [-121.571865989148, 36.8968639292026], [-121.571790988804, 36.8969019295987], [-121.571722989032, 36.8969479293346], [-121.571647988689, 36.8969869296979], [-121.571607989405, 36.8970019298323], [-121.571531989237, 36.8970409294497], [-121.571491989054, 36.8970569295817], [-121.571406988665, 36.8970799297656], [-121.571316989152, 36.897096929897], [-121.571144988724, 36.8971299294229], [-121.57061398917, 36.8972049299252], [-121.570527988956, 36.8972229293164], [-121.570010988747, 36.8972239300408], [-121.569876988853, 36.8972199300168], [-121.569787989164, 36.8972119299683], [-121.569517988828, 36.8972229300348], [-121.569293988522, 36.8972419294274], [-121.569204988833, 36.8972419294274], [-121.569117988795, 36.8972349301055], [-121.56880698845, 36.8972309300821], [-121.568719988411, 36.8972269300586], [-121.56858898889, 36.8972109299622], [-121.568501988851, 36.8971959298688], [-121.568368988782, 36.8971829297855], [-121.568055988788, 36.8971679296866], [-121.567967988026, 36.8971559296054], [-121.567880988885, 36.89713792948], [-121.56770298861, 36.8971169300468], [-121.567522988685, 36.8971119300099], [-121.566935988156, 36.8970779297499], [-121.566566988085, 36.8969469300434], [-121.566481988594, 36.8969249298293], [-121.566406988251, 36.8968859301526], [-121.566374988464, 36.8968599298782], [-121.566305987969, 36.8968149301007], [-121.566231988349, 36.8967749296376], [-121.566153988531, 36.8967389299212], [-121.565910987959, 36.8966459301564], [-121.565827988118, 36.8966179297725], [-121.565652988216, 36.8965899300967], [-121.565231988266, 36.8964719297591], [-121.565058988014, 36.8964359298999], [-121.564609987577, 36.8963909298724], [-121.564296987583, 36.8963749303192], [-121.564118988206, 36.8963499298881], [-121.563893988075, 36.8963449298008], [-121.563849987694, 36.8963399297133], [-121.563806988036, 36.8963279302203], [-121.563404987455, 36.8962779300375], [-121.563269987736, 36.8962799300742], [-121.563134988017, 36.8962899302568], [-121.563089987811, 36.8962879302204], [-121.562955987917, 36.8962699298903], [-121.562913987185, 36.8962569303676], [-121.560284987556, 36.8971159300395], [-121.560271987138, 36.8971259301125], [-121.560184987099, 36.8972509301967], [-121.560120987525, 36.8973839301076], [-121.560100987433, 36.8974529303428], [-121.560072986946, 36.8975929306281], [-121.560044987357, 36.8977349306552], [-121.560034987311, 36.8978059305697], [-121.560004987174, 36.8979459302075], [-121.55997598776, 36.8985509307181], [-121.559976987585, 36.8987289306308], [-121.559971987562, 36.8988709306993], [-121.559982987433, 36.8993689306321], [-121.559999987151, 36.8996169304828], [-121.560071988019, 36.9002179308099], [-121.56008498754, 36.9002529303556], [-121.560133987944, 36.9007119307319], [-121.560150987662, 36.900923930631], [-121.560197987518, 36.9019109311219], [-121.560198988241, 36.9020519310735], [-121.560181987624, 36.9022999308249], [-121.560185987822, 36.9023699308637], [-121.560182987449, 36.9027589311001], [-121.560171987579, 36.9030769308172], [-121.56015298821, 36.9032899312555], [-121.560126988271, 36.9034669309651], [-121.560112988027, 36.9034999306098], [-121.560075988217, 36.90365493084], [-121.560042987707, 36.9038319311394], [-121.560021987791, 36.9039009312911], [-121.560004988072, 36.9040069311942], [-121.5599409876, 36.9042499307689], [-121.559907987988, 36.9043169307164], [-121.559833988368, 36.904520931374], [-121.559811987728, 36.9045519307431], [-121.559721988215, 36.9046309307698], [-121.559637987651, 36.9047139310645], [-121.559605987864, 36.9048169308371], [-121.559566988404, 36.904918931284], [-121.559547988138, 36.9049509311144], [-121.559512987978, 36.9050539312854], [-121.559437987635, 36.9052949313168], [-121.559383988106, 36.9054299313713], [-121.559351988319, 36.9054959311034], [-121.559314987611, 36.9055979313608], [-121.559281987999, 36.9056639309477], [-121.559239988166, 36.9057639311924], [-121.559219988075, 36.9058699313806], [-121.559198988158, 36.9059379312341], [-121.55918398809, 36.9059719311381], [-121.559140988432, 36.9061469313126], [-121.559118987792, 36.9062159315256], [-121.55911198812, 36.9062469309243], [-121.559009988012, 36.9067059311597], [-121.55897898805, 36.9070239316658], [-121.558968988005, 36.9072009313327], [-121.558957988134, 36.9072359312669], [-121.55896598853, 36.9072959316298], [-121.55897898805, 36.9078609315954], [-121.559033988302, 36.9083849317037], [-121.559034988127, 36.9084909311234], [-121.559029988104, 36.9085959312572], [-121.558977988225, 36.9090539311564], [-121.558973988027, 36.9091249313134], [-121.558938988766, 36.9092279315956], [-121.55886998827, 36.909505931391], [-121.558776988384, 36.9099269317749], [-121.558674988277, 36.9101609319238], [-121.558589988786, 36.9103249314959], [-121.558534988535, 36.9103809315318], [-121.558464988214, 36.9104729319633], [-121.558340988366, 36.910575931862], [-121.558078988425, 36.9107709316937], [-121.558009988828, 36.9108169316881], [-121.557978987968, 36.9108429315165], [-121.557715988202, 36.9109799314607], [-121.557568988787, 36.9110619314878], [-121.557378987918, 36.9111569320047], [-121.557343988656, 36.9111789317068], [-121.55718098845, 36.9113029319333], [-121.557087988563, 36.9113799317929], [-121.556816988401, 36.9115679315621], [-121.556332988703, 36.9119429320519], [-121.556192988062, 36.9120809319865], [-121.556128988488, 36.9121739316143], [-121.556081988633, 36.9122329318754], [-121.556025988556, 36.9122879321385], [-121.555929988297, 36.9124079320527], [-121.555853988129, 36.9124949317288], [-121.555796988227, 36.912548931998], [-121.555744988349, 36.9126069321646], [-121.555625988523, 36.9127579319212], [-121.555592988013, 36.912823931778], [-121.555568988622, 36.9128539322816], [-121.555512988545, 36.912908932097], [-121.555168988589, 36.9133689322648], [-121.555124988208, 36.9134429320952], [-121.555111988687, 36.9134659323676], [-121.555042988192, 36.9135569321594], [-121.554958988526, 36.9136829324101], [-121.554946987932, 36.9137169324534], [-121.55490298845, 36.9137799321135], [-121.554871988488, 36.9138459325224], [-121.554850988571, 36.9138779321995], [-121.554751987939, 36.9139959321947], [-121.554692988388, 36.9140499321194], [-121.55462798809, 36.9141179325821], [-121.554511988638, 36.9142259322205], [-121.553989988406, 36.9146629324416], [-121.553843987918, 36.9147959321681], [-121.553789988389, 36.9148929326108], [-121.553740987985, 36.9149929322494], [-121.55369398813, 36.9150529322569], [-121.553665988541, 36.91508093234], [-121.553629988556, 36.9151029323468], [-121.553571987931, 36.9151559324351], [-121.553505987809, 36.9152039321986], [-121.553427987991, 36.9152379322822], [-121.553258987937, 36.9152819321989], [-121.553220988302, 36.9153009321224], [-121.553179988294, 36.9153149324788], [-121.55309198843, 36.9153329326255], [-121.552987987775, 36.9153589323511], [-121.552354988113, 36.9155179326899], [-121.552319987953, 36.9155279325059], [-121.552232987915, 36.9155469323681], [-121.552188988432, 36.9155519326335], [-121.552057988012, 36.915576932519], [-121.551968988324, 36.9155839323131], [-121.551702988185, 36.9155929323552], [-121.551613987598, 36.9155909328248], [-121.55152498791, 36.9155939328386], [-121.551392987665, 36.9156079324231], [-121.551349988008, 36.9156189327103], [-121.551272988015, 36.915654932856], [-121.550832987799, 36.9159619324499], [-121.550794988164, 36.9159809329222], [-121.550656988072, 36.9160729323451], [-121.550619988262, 36.9160929325485], [-121.550559987987, 36.9161299329468], [-121.550407987651, 36.916226932411], [-121.550154987931, 36.9164269330865], [-121.550041987953, 36.9165239328912], [-121.55000398742, 36.9165559328812], [-121.549937988196, 36.9166039324818], [-121.549829987343, 36.9166679330994], [-121.549797987556, 36.9166919328683], [-121.549714987715, 36.9167199330679], [-121.549666988035, 36.916747932539], [-121.54964398757, 36.9167619326298], [-121.549578988171, 36.9168109325683], [-121.549101988145, 36.9171289326058], [-121.549031987825, 36.9171719331234], [-121.549001987688, 36.9171969331961], [-121.548920987497, 36.9172299326474], [-121.548849987352, 36.9172729331081], [-121.548782987405, 36.9173199332331], [-121.548626987769, 36.9173899331365], [-121.548534987708, 36.9174119331954], [-121.548406987661, 36.9174189328211], [-121.548317987973, 36.917415932879], [-121.54818198753, 36.9174049328509], [-121.548138987872, 36.9173959330226], [-121.548121987256, 36.9173959330226], [-121.54809698804, 36.9173959330226], [-121.548077987773, 36.9173959330226], [-121.548021987697, 36.9173959330226], [-121.548003987255, 36.9173959330226], [-121.547914987566, 36.9173919333379], [-121.547647987603, 36.9173829327899], [-121.547598987199, 36.9173819330482], [-121.547558987914, 36.9173819330482], [-121.547148987835, 36.9173799328464], [-121.547108987652, 36.9173959330226], [-121.547037987507, 36.917433933248], [-121.546997987324, 36.917456933035], [-121.546864987255, 36.9175529332266], [-121.546790987635, 36.9175929328518], [-121.546689987353, 36.9176639329609], [-121.546403987123, 36.917890933493], [-121.546045986922, 36.9181579333966], [-121.545749987545, 36.9183859329051], [-121.545692987643, 36.9184309328882], [-121.545431987527, 36.9185639332256], [-121.545400987565, 36.9185869333901], [-121.545283987389, 36.9186419333805], [-121.545179987632, 36.9187009329473], [-121.545140987274, 36.9187179332888], [-121.545001987357, 36.9188039332261], [-121.544887987554, 36.9188589330599], [-121.544804986815, 36.9188859334601], [-121.544760987333, 36.9188929336686], [-121.54455298692, 36.9189599336832], [-121.544425987597, 36.9189959336881], [-121.544381987216, 36.919003933607], [-121.544211987337, 36.9190499336636], [-121.543990987404, 36.9190839334689], [-121.543855986786, 36.9190889335024], [-121.543541986967, 36.919087933783], [-121.543451987453, 36.9190919333786], [-121.543362986867, 36.9190829337494], [-121.543237987193, 36.9191029331635], [-121.543147986781, 36.9191079331957], [-121.543059986918, 36.9191219335714], [-121.543039986826, 36.9191289337583], [-121.543017987085, 36.9191369336633], [-121.542844986833, 36.9191759334577], [-121.542679986976, 36.9192339336121], [-121.54255198693, 36.9192699334877], [-121.542511986747, 36.9192869337023], [-121.542402986967, 36.9193489333545], [-121.542368986632, 36.9193729337161], [-121.542218986844, 36.919505933847], [-121.541921986743, 36.9197239336517], [-121.541783986651, 36.9198159335865], [-121.54152198671, 36.9199549333478], [-121.541283987058, 36.9200529333992], [-121.541088987065, 36.9201409333966], [-121.540770987047, 36.9202709337946], [-121.540536986696, 36.9203759335124], [-121.540393986581, 36.9204629334357], [-121.540295986671, 36.920534934164], [-121.54023698712, 36.9205879340681], [-121.540108987074, 36.9206849336075], [-121.540028986708, 36.9207699337836], [-121.5399269866, 36.9209259338097], [-121.539839986562, 36.9210479338838], [-121.539823986668, 36.9210809338233], [-121.539762986569, 36.9211749336595], [-121.539650986416, 36.921327933787], [-121.53959098704, 36.9214219340369], [-121.539554987055, 36.9214869338898], [-121.539490986582, 36.9216199339244], [-121.539458986795, 36.9217229338513], [-121.539415987138, 36.9218239342719], [-121.539404986369, 36.9218949340324], [-121.53931398703, 36.9221329342446], [-121.539250986383, 36.9222659338706], [-121.539198986504, 36.9224389339387], [-121.539164987067, 36.9225779339457], [-121.539132986382, 36.922930934266], [-121.539139986953, 36.9229669338325], [-121.539209987273, 36.9230979341064], [-121.539250987281, 36.9231609339168], [-121.539277987045, 36.9231899342794], [-121.53958898739, 36.923447934469], [-121.539643986743, 36.9235039342055], [-121.539773987338, 36.9236019340046], [-121.539935986821, 36.9237389340108], [-121.539989987248, 36.9237839344258], [-121.540010987164, 36.9238149338662], [-121.540437986962, 36.9242319342192], [-121.540558987335, 36.9243819342896], [-121.540603987541, 36.9244199339063], [-121.540656987245, 36.924476934014], [-121.540724987017, 36.924569934325], [-121.540750986956, 36.9245989341516], [-121.54076698685, 36.9246329343553], [-121.540814987428, 36.9247699339453], [-121.540856987261, 36.9249449340805], [-121.54086998768, 36.9250509341845], [-121.540884987749, 36.9251219338126], [-121.540886987398, 36.9251569341411], [-121.540858986911, 36.9252969338579], [-121.540794987337, 36.9254309340643], [-121.540748987306, 36.9254919341124], [-121.54069298723, 36.9255469341492], [-121.54059498732, 36.9256219340049], [-121.540527987373, 36.9256509341495], [-121.540456987228, 36.9256949345213], [-121.540335987753, 36.9257419344823], [-121.540291987372, 36.9257519343938], [-121.540247986991, 36.9257569339901], [-121.540156987652, 36.9257569339901], [-121.540116987469, 36.9257739341947], [-121.539943987217, 36.9258879344973], [-121.539879987643, 36.9259379346644], [-121.539821987018, 36.9259929343794], [-121.539696987345, 36.9261409346038], [-121.539663986835, 36.9262079339947], [-121.539595987063, 36.9264519342799], [-121.539447986925, 36.9265859346105], [-121.539357987411, 36.9267099342029], [-121.539326987449, 36.92677693453], [-121.539310987556, 36.9268469343694], [-121.539288986916, 36.927024934328], [-121.539285987441, 36.9271669341502], [-121.539269987548, 36.9272379346803], [-121.539246987083, 36.9273069344847], [-121.539160986869, 36.9273269346141], [-121.539075987379, 36.9273519342299], [-121.538910987522, 36.9274109342385], [-121.538749986966, 36.9274769343402], [-121.538527987208, 36.9275999343117], [-121.538281987161, 36.9277259343395], [-121.538186987624, 36.9277759347374], [-121.538108986908, 36.9278119348887], [-121.537919986762, 36.9279099348952], [-121.537712987073, 36.9280439348174], [-121.536936987296, 36.9286429346124], [-121.536828987341, 36.9287069344608], [-121.536492986882, 36.9289449349517], [-121.536122986986, 36.9291499346763], [-121.53597098665, 36.9292269351871], [-121.535772987182, 36.9293139350644], [-121.535729986626, 36.9293249348107], [-121.535641986762, 36.9293399350497], [-121.535523986762, 36.9293939348805], [-121.535448987317, 36.9294329351733], [-121.535321987095, 36.9295349350162], [-121.535157987064, 36.9297049349297], [-121.535127986927, 36.9297719347788], [-121.535088986569, 36.9298369346941], [-121.535039987063, 36.9298969352295], [-121.535022987345, 36.9299299349293], [-121.535000986705, 36.9299989351696], [-121.534968986918, 36.9300659347602], [-121.534764986703, 36.9304229353162], [-121.534703986604, 36.9305579354166], [-121.534628987159, 36.930686935002], [-121.534613987091, 36.9307569348414], [-121.534600986672, 36.9307919354552], [-121.534561987212, 36.9308559349355], [-121.534537986923, 36.9308859348081], [-121.534475986998, 36.9309379351337], [-121.53436498667, 36.9309999353651], [-121.534173986875, 36.9310939351796], [-121.533861986705, 36.9312369348813], [-121.533780986514, 36.9312689351595], [-121.533667986536, 36.9313279350088], [-121.533585986521, 36.9313569351371], [-121.533546987061, 36.9313749350873], [-121.533436986558, 36.9314379352388], [-121.533359986565, 36.9314739350968], [-121.533246986587, 36.9315339350618], [-121.533065986837, 36.9316399353392], [-121.532872986493, 36.9317319352572], [-121.532788986827, 36.9317569355826], [-121.53239898684, 36.9319369353855], [-121.532199986649, 36.9320209356746], [-121.532115986983, 36.9320449356377], [-121.531950987126, 36.9321049351531], [-121.53190798657, 36.9321149356662], [-121.531797986966, 36.9321769356582], [-121.531519986233, 36.9322929355312], [-121.5314779864, 36.93230693564], [-121.531004986572, 36.9325089355916], [-121.530920986907, 36.9325349352053], [-121.530696986601, 36.9326559358313], [-121.530507986455, 36.9327529358146], [-121.530176986917, 36.9329389355188], [-121.530034986627, 36.9330269357225], [-121.52986998677, 36.9331369356548], [-121.52972598683, 36.9332339357441], [-121.529615986327, 36.9332969357951], [-121.529396986044, 36.9334759360208], [-121.529338986318, 36.9335309360418], [-121.529178986484, 36.9337019359058], [-121.528870986512, 36.9340529359364], [-121.528824986482, 36.9341139355477], [-121.528571986762, 36.9343659361201], [-121.528550986845, 36.934396935566], [-121.528330986737, 36.9345739356117], [-121.528087986165, 36.9347869356937], [-121.527433986587, 36.9353269360555], [-121.527408986472, 36.9353559360983], [-121.527332986304, 36.9354119357041], [-121.527309986738, 36.9354289359096], [-121.527032986729, 36.9356099358779], [-121.526831985989, 36.9357519362226], [-121.526569986048, 36.9358899361523], [-121.526141986426, 36.9360919359422], [-121.525827986607, 36.9362329358942], [-121.52549698617, 36.9363449359299], [-121.525323985918, 36.9363839362562], [-121.525284986458, 36.9364029359477], [-121.525240986077, 36.9364109361944], [-121.525132986122, 36.9364479360674], [-121.525004986076, 36.9364799363119], [-121.524886986075, 36.9365309362024], [-121.52485098609, 36.9365509360657], [-121.524807986432, 36.9365619362037], [-121.524690986257, 36.9366139362471], [-121.524450986057, 36.9367069361118], [-121.524254986238, 36.9367879362721], [-121.524050986024, 36.9368619363522], [-121.524016985689, 36.9368849360229], [-121.523862985703, 36.9369559361175], [-121.523603986135, 36.9370949362224], [-121.523543985861, 36.93714693662], [-121.523414985989, 36.9372459363125], [-121.523324985578, 36.9373239367412], [-121.523212986323, 36.9374759365739], [-121.523094986322, 36.9376259364328], [-121.523043986269, 36.9376829367181], [-121.52292398572, 36.9379509364305], [-121.522873986389, 36.9380499365145], [-121.522852985575, 36.9380809366159], [-121.522808986092, 36.9382899369241], [-121.522793986023, 36.9383239367654], [-121.522762986061, 36.9384269363823], [-121.522738985772, 36.9385659366761], [-121.522702985787, 36.9386679365032], [-121.522341986112, 36.9394679368179], [-121.522328985693, 36.9395369370395], [-121.522302985754, 36.9395659369162], [-121.522283986385, 36.9395979365694], [-121.52223898618, 36.9396959365006], [-121.522163985836, 36.9397819364682], [-121.522100986087, 36.9398299365248], [-121.521918985614, 36.9399819371029], [-121.52185498604, 36.9400309364783], [-121.521797986139, 36.9400839364706], [-121.521733985666, 36.9401329364984], [-121.52161498584, 36.9402379368621], [-121.521458986205, 36.9403639368205], [-121.521393985908, 36.9404119372285], [-121.521271985709, 36.940514936895], [-121.520852986307, 36.9408289372567], [-121.520759985523, 36.9409029370027], [-121.520660985788, 36.9409739369436], [-121.520598985864, 36.9410239372668], [-121.520269985976, 36.9412609372037], [-121.520046985495, 36.9414339372436], [-121.519877985441, 36.9415509368113], [-121.519702985539, 36.9416639370702], [-121.519558985599, 36.9417469372679], [-121.519518985416, 36.9417639367783], [-121.519410985461, 36.9418249373973], [-121.519345986061, 36.9418729368849], [-121.519164985413, 36.9419769368677], [-121.519117985558, 36.9419969374556], [-121.518961985922, 36.9420509369347], [-121.518919986089, 36.9420609368606], [-121.518741985814, 36.9420679370951], [-121.518652986125, 36.9420629371328], [-121.518430985469, 36.942065937541], [-121.518342985606, 36.9420789371547], [-121.518074985817, 36.9421079375], [-121.517676985434, 36.9421619376183], [-121.517546985738, 36.9421839369908], [-121.517463985897, 36.9422059370749], [-121.517418985691, 36.9422089374775], [-121.517336985675, 36.9422379370553], [-121.517260985507, 36.942274936971], [-121.517118985217, 36.942361937032], [-121.516959985208, 36.9424849373942], [-121.516869985695, 36.9425629374861], [-121.51676198574, 36.9427179373027], [-121.516732985428, 36.9427849372], [-121.516710985686, 36.9428539372898], [-121.51669198542, 36.942885937716], [-121.51668998577, 36.9429219371922], [-121.516678985899, 36.9429569372451], [-121.516661985283, 36.9430629374301], [-121.51663098532, 36.9431659371029], [-121.516494985776, 36.9435379376404], [-121.51645198522, 36.9436729374847], [-121.516436985152, 36.9437059376815], [-121.516335985768, 36.9438639376641], [-121.516269985645, 36.9439549377918], [-121.516213985569, 36.9440109375401], [-121.516195985127, 36.9440429374804], [-121.516171985736, 36.9440729379058], [-121.516081985324, 36.9441509378079], [-121.51605298591, 36.9441699377167], [-121.516015985202, 36.9441959376598], [-121.515987985613, 36.9442239378095], [-121.515888985879, 36.9442929373141], [-121.515817985734, 36.9443359375876], [-121.515736985543, 36.9443669372855], [-121.515692985162, 36.944374937414], [-121.515652985877, 36.9443879373517], [-121.515615985169, 36.9444099375173], [-121.515449985488, 36.9444589376349], [-121.515368985297, 36.9444889378965], [-121.515326985464, 36.9444979373983], [-121.515162985433, 36.9445519379767], [-121.515000985051, 36.9446119376969], [-121.514916985385, 36.9446369373869], [-121.514794985187, 36.9446819376697], [-121.514752985354, 36.9446929380698], [-121.514707985148, 36.9446979378596], [-121.514458985626, 36.9447759378397], [-121.5143399858, 36.944824937722], [-121.514303985815, 36.9448469377614], [-121.514225985099, 36.9448819376479], [-121.514073985661, 36.9449579379615], [-121.513974985029, 36.9450289377135], [-121.513882984967, 36.9451049378804], [-121.513825985066, 36.945159938124], [-121.513791985629, 36.9452249378385], [-121.51369598537, 36.9453449376075], [-121.513659985385, 36.9454079376977], [-121.513587985415, 36.9454969379529], [-121.513468985589, 36.9457229380854], [-121.513458985543, 36.9457569381998], [-121.513388985223, 36.9458859379046], [-121.513365985657, 36.9459519378027], [-121.51333598552, 36.9460169382773], [-121.513308985755, 36.9460459378416], [-121.513288985664, 36.9460769382796], [-121.513280985268, 36.946111937601], [-121.513081985076, 36.9464639379848], [-121.513039985244, 36.9465259377902], [-121.512990985738, 36.9465859381095], [-121.512954985753, 36.9466499379674], [-121.512818985311, 36.9468029379368], [-121.512441985742, 36.9472309381993], [-121.512369985772, 36.9473199377607], [-121.512322985018, 36.947455938148], [-121.5122449852, 36.9476569380857], [-121.512206985565, 36.9477199384178], [-121.51216198536, 36.9478189380139], [-121.512121985177, 36.9479569383457], [-121.512085985192, 36.9480209384876], [-121.512077985694, 36.9480449384371], [-121.512051985755, 36.9481219385235], [-121.512024985092, 36.9482259378733], [-121.51198098561, 36.9483639381858], [-121.511963984993, 36.9484329382482], [-121.511900985244, 36.9486029383643], [-121.511848985365, 36.9487669385307], [-121.511846985715, 36.948775938245], [-121.511792985289, 36.9489109381405], [-121.511789985814, 36.9489459383136], [-121.511785985616, 36.9489979385206], [-121.511768984999, 36.9490299385199], [-121.511748985806, 36.9491349381091], [-121.511733985737, 36.9491939384849], [-121.511721985144, 36.9492389382297], [-121.511704985425, 36.9492709381277], [-121.51170598525, 36.9493129384222], [-121.511696985029, 36.9493369386827], [-121.511693985554, 36.9493479384107], [-121.511697985752, 36.949381938343], [-121.511692985729, 36.9494519382404], [-121.511695985204, 36.9494859381263], [-121.511691985905, 36.9495389380027], [-121.511688985532, 36.9496069383995], [-121.511687985707, 36.9496269384202], [-121.511692985729, 36.949730938587], [-121.511737985935, 36.9499709380984], [-121.511741985235, 36.9500389381096], [-121.511755985479, 36.9500719384204], [-121.511788985989, 36.9504509384421], [-121.511783985966, 36.9504859386255], [-121.511793986012, 36.9506239384332], [-121.511793986012, 36.9506929386021], [-121.511803986058, 36.9507619387086], [-121.511814985928, 36.9509349387113], [-121.511813985205, 36.9510049386173], [-121.511823985251, 36.9511089383383], [-121.511837985494, 36.9511779387858], [-121.511938985777, 36.9514129386966], [-121.511939985602, 36.951447938438], [-121.511967986089, 36.9514759387938], [-121.512030985838, 36.9516089381899], [-121.512040985884, 36.9516439385591], [-121.512055985953, 36.9517839384394], [-121.512067985648, 36.9518179387202], [-121.512070986021, 36.9518329388392], [-121.512156986235, 36.9522319387678], [-121.512166986281, 36.9523019389176], [-121.512151986212, 36.9524779382921], [-121.512128985748, 36.9525469389352], [-121.512127985923, 36.952588938859], [-121.512083985542, 36.9526509387044], [-121.512057985602, 36.9526799386147], [-121.511923985708, 36.9527749389615], [-121.511884986248, 36.9527919388826], [-121.5117039856, 36.9528939383295], [-121.51154698614, 36.9529609386097], [-121.511462985576, 36.9529859384312], [-121.511418986093, 36.9529939383725], [-121.510854986029, 36.9532139385791], [-121.510771985289, 36.9532399390249], [-121.510664986058, 36.9533029390467], [-121.510545985334, 36.9534079384887], [-121.510483985409, 36.9534569385616], [-121.510413985988, 36.9535479387159], [-121.510371986155, 36.9536489386021], [-121.510336985995, 36.9537139389697], [-121.510297985637, 36.9538159386176], [-121.510243986108, 36.9540579388543], [-121.510240985735, 36.9541279387616], [-121.510245985758, 36.9548669388008], [-121.51023998591, 36.9549369386824], [-121.510242986283, 36.9550779389356], [-121.510231985514, 36.9551479386232], [-121.510217986169, 36.9553569387742], [-121.510214985796, 36.9554629389338], [-121.510207986123, 36.9555329389855], [-121.510208985948, 36.9556729388957], [-121.510200985552, 36.9557419387978], [-121.5102029861, 36.9558129392664], [-121.510198985902, 36.9558469391842], [-121.510197986077, 36.9560239389337], [-121.510264986025, 36.9564089391745], [-121.510291985789, 36.956474939287], [-121.510362985934, 36.9566049387321], [-121.510471985714, 36.9567569388622], [-121.510531985988, 36.9568089387614], [-121.510627986248, 36.9568819388362], [-121.510731986005, 36.9569469393159], [-121.510880985968, 36.9570209391982], [-121.511058986243, 36.9571219387855], [-121.511144986457, 36.9571649389956], [-121.511280986001, 36.9572339389816], [-121.511352985971, 36.9572739393193], [-121.511429985964, 36.9573079393027], [-121.511462986474, 36.9573309392618], [-121.511614985912, 36.9574019389668], [-121.51172598624, 36.9574599387474], [-121.511829985997, 36.9575249387338], [-121.512076986767, 36.9577319389611], [-121.512151986212, 36.9578189393152], [-121.512196986418, 36.957878939353], [-121.512275986061, 36.9580019390674], [-121.51233298686, 36.9581739392101], [-121.512365986472, 36.9583489387313], [-121.512403986107, 36.958523939286], [-121.512431986595, 36.9587349393379], [-121.512433986244, 36.9588049392532], [-121.512442986465, 36.9588399391867], [-121.512405986655, 36.9588909391841], [-121.512333986685, 36.9589789388459], [-121.512287986655, 36.9590409392318], [-121.512240986799, 36.9590839390761], [-121.512230986753, 36.959092939007], [-121.512103986532, 36.9591909389839], [-121.512045986805, 36.9592439392851], [-121.511901986865, 36.9593289395286], [-121.511825986697, 36.9593669389481], [-121.511785986514, 36.959377939381], [-121.511740986308, 36.9593919395381], [-121.511659986118, 36.9594219389432], [-121.511572986079, 36.9594409393499], [-121.511264986107, 36.9594869394082], [-121.511178986792, 36.9595039392667], [-121.51108898638, 36.9594999389203], [-121.510826986439, 36.9594589391263], [-121.51069398637, 36.9594429391657], [-121.510602986133, 36.9594399394419], [-121.510425986581, 36.9594519390543], [-121.510380986376, 36.9594519390543], [-121.510292986512, 36.959467939013], [-121.51016798594, 36.959506938988], [-121.510123986458, 36.959511939241], [-121.510002986084, 36.9595579392565], [-121.509931985939, 36.9596019394325], [-121.5099019867, 36.959627939133], [-121.509832986204, 36.9596709393636], [-121.509714986204, 36.9597759393574], [-121.509677986394, 36.9598079391353], [-121.509566986066, 36.9599069395294], [-121.509530986081, 36.9599399391537], [-121.509413985905, 36.9600439395943], [-121.509389986514, 36.9600729395607], [-121.509371986072, 36.9601049392138], [-121.509347986681, 36.9601729395086], [-121.509318986369, 36.9602379393326], [-121.509283986208, 36.9603009393078], [-121.509262986292, 36.9603919391799], [-121.509260986642, 36.9604049392553], [-121.509139986268, 36.9608559395031], [-121.509130986048, 36.9609249397335], [-121.50901798607, 36.9615529395909], [-121.509012986047, 36.9616229397868], [-121.508957986694, 36.9619819393904], [-121.50890698664, 36.9623219397715], [-121.508875986678, 36.9624259398298], [-121.508859986784, 36.9624589397979], [-121.508844986716, 36.962508939657], [-121.508816986228, 36.9625969394442], [-121.508734986212, 36.9627579400314], [-121.508702986425, 36.9628239396655], [-121.508675986661, 36.9628899399601], [-121.508574986379, 36.9630469397677], [-121.508470986622, 36.9631619394396], [-121.508409986522, 36.9632569396304], [-121.508336986728, 36.9633449399886], [-121.508258986011, 36.9634159398283], [-121.508190986239, 36.9634799399], [-121.508174986346, 36.9635139399835], [-121.508167986673, 36.9635489399058], [-121.508167986673, 36.9636199395552], [-121.508157986627, 36.9636539395762], [-121.508019986535, 36.9636619398322], [-121.507974986329, 36.9636609399797], [-121.507929986123, 36.9636679396648], [-121.507886986466, 36.9636739402147], [-121.507852986131, 36.9636939401302], [-121.507704985993, 36.9637249398454], [-121.507251986256, 36.9637699396179], [-121.506952986505, 36.9637799402814], [-121.506832985956, 36.9638059399908], [-121.506798986519, 36.9637849402538], [-121.506729986024, 36.9637839396852], [-121.50592598576, 36.9638079396921], [-121.505787985668, 36.963840939779], [-121.505727986292, 36.9638739398515], [-121.505628985659, 36.9639209399518], [-121.505545985818, 36.9639819400542], [-121.505389986183, 36.964117940118], [-121.505362986419, 36.9641559400186], [-121.505292986098, 36.9642209400311], [-121.505254986464, 36.964412940208], [-121.505280986403, 36.9644409401035], [-121.505303985969, 36.9645589400632], [-121.505301986319, 36.9646549397859], [-121.505265986334, 36.9647509401053], [-121.505195986014, 36.9648329404319], [-121.505186985793, 36.9648669399111], [-121.505142986311, 36.9649079403818], [-121.505080986386, 36.9650449400614], [-121.505053985724, 36.9650789401637], [-121.504995985998, 36.9654649403874], [-121.504994986173, 36.9655059405361], [-121.504967986409, 36.9655609404032], [-121.504946986492, 36.9657749405261], [-121.504933986073, 36.9657979400808], [-121.504909985784, 36.9659259404721], [-121.504905986484, 36.9660979399412], [-121.50485698608, 36.9664629403064], [-121.50478498611, 36.9666339401842], [-121.504740986628, 36.966674940421], [-121.50462798665, 36.9668119405094], [-121.504512986124, 36.9669619407427], [-121.50448598636, 36.9670649403967], [-121.504458986595, 36.9671269406578], [-121.50448398671, 36.9673549400956], [-121.504544985911, 36.9675479407827], [-121.504569986025, 36.967575940243], [-121.504585985919, 36.967638940606], [-121.504591986665, 36.9677829404195], [-121.504564986002, 36.967851940114], [-121.504416986763, 36.9679669404228], [-121.504390985925, 36.967980940436], [-121.504364985986, 36.9679799406402], [-121.504330986549, 36.9680009406555], [-121.504055986189, 36.9680659402561], [-121.503986986592, 36.9681069404394], [-121.503925986493, 36.9681539407974], [-121.503751986416, 36.9683039405394], [-121.503619986171, 36.9684679406273], [-121.50357398614, 36.9686389403076], [-121.50353898598, 36.9686799408999], [-121.503460986163, 36.9688399403221], [-121.50343198585, 36.9689339408216], [-121.503395985865, 36.9690089403198], [-121.503360986603, 36.9690499407129], [-121.503315986398, 36.9691599403105], [-121.503289986458, 36.9691939407282], [-121.503280986238, 36.9692219410185], [-121.503253986473, 36.9692559406907], [-121.503240986055, 36.9692899403477], [-121.503120986404, 36.9695299406612], [-121.503076986023, 36.9695779406331], [-121.503040986038, 36.9696599407842], [-121.503014986099, 36.9696799405626], [-121.502996986555, 36.9697219410849], [-121.502953985999, 36.9697619406039], [-121.502935986456, 36.9698099404294], [-121.502786986493, 36.9699599404967], [-121.502771986424, 36.9699769408877], [-121.502690986234, 36.9700729409552], [-121.502559986712, 36.9701989410842], [-121.502507985936, 36.9702639409611], [-121.502463986453, 36.9703009408993], [-121.502385986635, 36.9703829409892], [-121.502315986315, 36.9704649409908], [-121.502296986048, 36.970532940645], [-121.50224298652, 36.9706769407255], [-121.502099986405, 36.9710069406002], [-121.502055986024, 36.9710539406029], [-121.502046986701, 36.9710819409267], [-121.502003986145, 36.9711159412036], [-121.501994985925, 36.9711399410521], [-121.501968985985, 36.9711699408521], [-121.501984985879, 36.971190940705], [-121.501762986121, 36.9716549412409], [-121.50150098618, 36.9718999407138], [-121.499724986321, 36.9734909414448], [-121.499205986462, 36.9739539411598], [-121.497767985813, 36.9752369415921], [-121.491899985561, 36.9804759424374], [-121.489943985777, 36.9822229426733], [-121.489795985639, 36.9823539429675], [-121.489461985728, 36.9826529425529], [-121.489357985971, 36.9827559425004], [-121.489218986054, 36.9828959425815], [-121.488961985237, 36.9831529426445], [-121.487699985214, 36.9827849431432], [-121.485885984821, 36.9822559433877], [-121.475612983284, 36.9792619436155], [-121.473533982578, 36.9786569434286], [-121.473507982639, 36.9786489433132], [-121.473438983042, 36.9786289437388], [-121.472813982878, 36.9784469437099], [-121.472188982714, 36.9782649439633], [-121.472166982074, 36.9782509436888], [-121.472097982477, 36.9782379437904], [-121.472075982736, 36.9782319436709], [-121.472051982446, 36.9782249438897], [-121.471947982689, 36.9781939436209], [-121.47163598252, 36.97810394388], [-121.471531982763, 36.9780739439426], [-121.471516982694, 36.9780689434735], [-121.471474981963, 36.9780569439251], [-121.471460982618, 36.9780529438359], [-121.471400982343, 36.9780379438587], [-121.471222982068, 36.9779929439093], [-121.471163982517, 36.9779789435847]]]}}, {"type": "Feature", "properties": {"DISTRICT": 2}, "geometry": {"type": "Polygon", "coordinates": [[[-121.880702079351, 37.2922469425649], [-121.880600079243, 37.2922559422732], [-121.880578079502, 37.2922579426052], [-121.880328079257, 37.2922909427168], [-121.880209079431, 37.2923099426445], [-121.880087079232, 37.2923299423752], [-121.879943079292, 37.2923389420736], [-121.879511079472, 37.2923699425352], [-121.879368079357, 37.2923799427505], [-121.879255079379, 37.292387942636], [-121.879132079356, 37.2923969423275], [-121.878864078669, 37.2924169427496], [-121.878490078575, 37.2924459428521], [-121.878426079001, 37.2924519424037], [-121.878191078824, 37.2924749422287], [-121.87802207877, 37.2924909426932], [-121.87751807898, 37.292539942442], [-121.877464078553, 37.2925459427008], [-121.87735007875, 37.2925559428927], [-121.877318078963, 37.2926119426567], [-121.877311078392, 37.2926229426438], [-121.877237078772, 37.2927579424835], [-121.877163079152, 37.2928929427956], [-121.877113078924, 37.29298394243], [-121.877040079129, 37.2931569424836], [-121.877028078535, 37.2931879426082], [-121.876935078648, 37.293473942417], [-121.876871079074, 37.293734942843], [-121.876828078518, 37.294001942506], [-121.876827078693, 37.294010942719], [-121.876755078723, 37.2942849427337], [-121.876677078906, 37.2947319431844], [-121.876670079233, 37.2952469431655], [-121.876685079301, 37.2955209429659], [-121.876759078921, 37.2966149426905], [-121.876764078944, 37.2966669432912], [-121.876782079386, 37.2968259426923], [-121.876788079234, 37.2968799433562], [-121.876800078929, 37.2969899433449], [-121.876813079348, 37.2971039428646], [-121.876841078937, 37.2973219432578], [-121.876856079006, 37.2974329430546], [-121.876871079074, 37.2975529431915], [-121.876906079234, 37.2978129433077], [-121.876921079303, 37.2979139429016], [-121.87694007957, 37.2980339429857], [-121.876957079288, 37.2981489427973], [-121.876993079273, 37.2983739432563], [-121.877005078969, 37.2984949430469], [-121.877017079562, 37.2986119430314], [-121.877120079495, 37.2996269435593], [-121.877159079853, 37.2998409435253], [-121.877199080036, 37.3000959429268], [-121.877225079975, 37.300331943567], [-121.877232079648, 37.3004549431801], [-121.877238079495, 37.300503943458], [-121.877240080044, 37.3006809435833], [-121.877230079998, 37.300835943581], [-121.877209080081, 37.3009569436984], [-121.877170079723, 37.3011129435328], [-121.877112079997, 37.3012979433065], [-121.877063079593, 37.3014069435782], [-121.877006079692, 37.3015219432346], [-121.876956079463, 37.301609943381], [-121.87687707982, 37.301715943437], [-121.876822079569, 37.3017779437645], [-121.876713079789, 37.3018789437507], [-121.877426079816, 37.3027639433246], [-121.878313079921, 37.3039319435767], [-121.878625080091, 37.3043469436994], [-121.878644080357, 37.3042059431794], [-121.878659080426, 37.3041349437094], [-121.878671080121, 37.3040749431992], [-121.878690080388, 37.304017943742], [-121.880030081128, 37.3057569436478], [-121.881622080864, 37.30777094386], [-121.882369081227, 37.3087539439549], [-121.883358081439, 37.309981943469], [-121.883486081485, 37.3099309437889], [-121.883562081653, 37.3100329438291], [-121.88475708173, 37.3114869439671], [-121.885200082319, 37.3120179434182], [-121.885793082696, 37.3127269440098], [-121.886003082758, 37.3129699438973], [-121.886160082219, 37.3131509435265], [-121.888216083359, 37.3152479438206], [-121.888786083271, 37.3159529438373], [-121.889021083448, 37.3162799440324], [-121.889262083472, 37.3166909437939], [-121.889587083162, 37.3173439440096], [-121.889729083453, 37.3177049437309], [-121.889789083727, 37.3177289438765], [-121.889873083393, 37.3177619442429], [-121.889970083477, 37.317800943553], [-121.890031083576, 37.3178259438512], [-121.890175083516, 37.3178589441749], [-121.890609083885, 37.3179609441747], [-121.89075408365, 37.3179949439057], [-121.890748083802, 37.318083943528], [-121.890747083977, 37.3181139439147], [-121.890747083977, 37.318124943744], [-121.890729083535, 37.3184729438752], [-121.890724083512, 37.3185929440149], [-121.890975083582, 37.3186029436011], [-121.891730083443, 37.3186339439532], [-121.89179508374, 37.3186369437562], [-121.891982084236, 37.318643943534], [-121.892189083925, 37.3186509440256], [-121.892814084089, 37.3186729435253], [-121.893022084502, 37.3186809434717], [-121.893029084175, 37.3185709437774], [-121.893047083718, 37.3182919434865], [-121.893049084266, 37.3182409437286], [-121.893056083939, 37.3181319435695], [-121.89399908412, 37.3181649437589], [-121.895106084333, 37.3182049437525], [-121.895391084738, 37.3182449437249], [-121.896031084073, 37.3183369435805], [-121.896647084914, 37.3184969437755], [-121.896791084854, 37.3185469431862], [-121.897681084434, 37.3188619436379], [-121.89766508454, 37.31912394328], [-121.897618084684, 37.3199119434672], [-121.897603084616, 37.3201749438875], [-121.897597084768, 37.3202799433391], [-121.897595085118, 37.3203499438446], [-121.89758908527, 37.3206319433631], [-121.897600085141, 37.3208089432575], [-121.897608084639, 37.3208759435569], [-121.897618084684, 37.3209589439195], [-121.897638084776, 37.3210489437443], [-121.897685084632, 37.3211879438334], [-121.897777084693, 37.3214559433207], [-121.897840085341, 37.3216019435882], [-121.897858084884, 37.3216439434462], [-121.898092085236, 37.3220569434197], [-121.898211085061, 37.3222089439836], [-121.898382085664, 37.3224089436932], [-121.897967085562, 37.3226139434682], [-121.897356085642, 37.3228549440219], [-121.897047084947, 37.3229839439118], [-121.89576708538, 37.3233739440097], [-121.894055085095, 37.323653944114], [-121.893576084521, 37.3237279440388], [-121.892933084813, 37.3238529441612], [-121.892471084856, 37.3239319443999], [-121.892306085, 37.3239659442872], [-121.892259084246, 37.3239749444859], [-121.892189084824, 37.3239889444753], [-121.892036084663, 37.3240189439337], [-121.891851084715, 37.3240559440827], [-121.891483084469, 37.3241289442265], [-121.891267084559, 37.3241719441998], [-121.890802084228, 37.3242659441387], [-121.89053408444, 37.3243179441912], [-121.890274084149, 37.3243689441116], [-121.888949084376, 37.3246299444649], [-121.888089084036, 37.3248059448537], [-121.887850083661, 37.3248559443532], [-121.887705083896, 37.3248859448942], [-121.887162083748, 37.3249979448078], [-121.886811084118, 37.325069944664], [-121.88588608348, 37.3252609445736], [-121.885054083627, 37.3255339449404], [-121.884294083744, 37.3258069450297], [-121.883663083732, 37.3261139451855], [-121.88324108306, 37.3263199449243], [-121.882705083482, 37.3265759453107], [-121.882185083799, 37.3268239450318], [-121.881898083744, 37.3269619450925], [-121.88157208333, 37.3270769449494], [-121.881082082886, 37.3272489450903], [-121.88099608357, 37.3272789453902], [-121.880752083173, 37.3273659453348], [-121.879594082906, 37.3276319455426], [-121.878388082959, 37.3277859456461], [-121.876984082645, 37.327891945942], [-121.875847082295, 37.3279769457951], [-121.875819082706, 37.3279389460995], [-121.875652082302, 37.3277129454833], [-121.873550082029, 37.3279689461239], [-121.871885081599, 37.3281969460605], [-121.871760081926, 37.3282249458922], [-121.871912082262, 37.328427946146], [-121.871794082261, 37.3284529457663], [-121.871229081473, 37.3286119458142], [-121.871221081976, 37.3285989460116], [-121.871171081747, 37.3285109460249], [-121.871116081495, 37.3284189464807], [-121.870596081812, 37.328547946105], [-121.87003908142, 37.3287469460489], [-121.869379081994, 37.3290089462303], [-121.868775081746, 37.329262946679], [-121.868274081431, 37.3295179462966], [-121.868273081606, 37.3296649466409], [-121.86822608175, 37.3297999464121], [-121.86705408124, 37.3305079463994], [-121.865343081678, 37.3315619470816], [-121.865147080961, 37.3316829470337], [-121.865026081486, 37.3317579469062], [-121.864758081697, 37.331923947072], [-121.864057081365, 37.3323779472697], [-121.862642081181, 37.3332969470425], [-121.862034080735, 37.3336919470429], [-121.861274080852, 37.3341499471337], [-121.858889080722, 37.3355919477755], [-121.857990080922, 37.336126947387], [-121.857384081024, 37.3364879475858], [-121.855277080729, 37.3377589482874], [-121.855041080727, 37.337904948303], [-121.853291079909, 37.3389989483996], [-121.852547079919, 37.3394209484605], [-121.85227007991, 37.339577948362], [-121.852118080472, 37.3396709484174], [-121.85210008003, 37.339681948662], [-121.852201080313, 37.3398139486156], [-121.852895080074, 37.3404069485098], [-121.85440008067, 37.3419279481837], [-121.854670081007, 37.3422019485505], [-121.854444081051, 37.3423419486439], [-121.854815080772, 37.3427239487139], [-121.856638081385, 37.3446069488803], [-121.857296082059, 37.3452779488904], [-121.857350081588, 37.3453339486648], [-121.858149081829, 37.3461719485138], [-121.858426081838, 37.3464509488315], [-121.858914081735, 37.3469649489474], [-121.859517082158, 37.3476749488251], [-121.860238082581, 37.3484569487096], [-121.860865082395, 37.3491669487608], [-121.861099082747, 37.3494439484224], [-121.861415083114, 37.3498309489968], [-121.861470082467, 37.3498959488957], [-121.861741082629, 37.3497669487996], [-121.861862083003, 37.3499129483217], [-121.861814082424, 37.349936948891], [-121.861577082597, 37.3500429486355], [-121.861778082439, 37.3502449487313], [-121.862031083057, 37.3505089484049], [-121.862222082853, 37.3507039490284], [-121.863315082822, 37.3518139490268], [-121.864063083908, 37.3524829487399], [-121.865004083541, 37.3533009488446], [-121.865656083469, 37.353875948972], [-121.866074083944, 37.354244948554], [-121.866496083718, 37.3546169489729], [-121.867015084475, 37.3550749485574], [-121.867279084066, 37.3553259489216], [-121.868868084328, 37.3567329488341], [-121.869310085092, 37.3570969489223], [-121.870670085025, 37.3581489484655], [-121.871409084992, 37.3586159489655], [-121.871468085441, 37.3586519488559], [-121.871661084887, 37.3587689487374], [-121.872394085904, 37.3592139484759], [-121.873545085599, 37.3597949488933], [-121.8738420857, 37.3599179483003], [-121.874344085841, 37.3601399484961], [-121.875553086161, 37.3606299484242], [-121.876439086441, 37.360947948321], [-121.876565085939, 37.3609949484991], [-121.877344086089, 37.3612199486095], [-121.877396086866, 37.3611599486936], [-121.87746208609, 37.3610849481958], [-121.877484086729, 37.3610589484056], [-121.877643086738, 37.3608759485836], [-121.877780086107, 37.3607199485587], [-121.878362086613, 37.3600349483502], [-121.878377086682, 37.3600179483604], [-121.878435086408, 37.3599559482389], [-121.878640086448, 37.3597489483028], [-121.878747086578, 37.3596219479698], [-121.878876086449, 37.3594719481092], [-121.879021086214, 37.3593159480218], [-121.879085086686, 37.359257947989], [-121.879209086535, 37.3591479484439], [-121.879240086497, 37.3591189483681], [-121.879275086657, 37.3590889479333], [-121.879340086955, 37.3590399480066], [-121.879374086391, 37.3590149478568], [-121.879505086811, 37.3589339481139], [-121.879549086294, 37.3589109479153], [-121.87981908663, 37.3587759483462], [-121.880100086838, 37.3586429478139], [-121.880285086786, 37.3585559483958], [-121.880472086383, 37.3584659478083], [-121.881034086798, 37.3581999482654], [-121.881222087119, 37.3581119479729], [-121.881408086892, 37.3580229479291], [-121.881969086584, 37.3577569482443], [-121.88215608708, 37.3576689481464], [-121.882342086853, 37.3575799475773], [-121.882904087267, 37.357314948122], [-121.883091086865, 37.3572269475059], [-121.883277086638, 37.3571369474669], [-121.883838087228, 37.3568679477938], [-121.88402608665, 37.356778947703], [-121.884212087322, 37.3566899475066], [-121.884773087013, 37.356426947818], [-121.884960087509, 37.3563389475888], [-121.885146087282, 37.356248947199], [-121.885708086799, 37.3559819472642], [-121.885895087295, 37.3558929475509], [-121.886080087243, 37.3558049474097], [-121.886638087459, 37.3555409470811], [-121.886824087232, 37.3554539476377], [-121.887010087005, 37.3553649472983], [-121.88757208742, 37.3550979470752], [-121.887759087018, 37.3550099474301], [-121.887945087689, 37.3549209472784], [-121.888505087555, 37.354654947311], [-121.888692087153, 37.3545669471466], [-121.888878087824, 37.3544769467743], [-121.889438087691, 37.354207946851], [-121.889625087289, 37.3541189471765], [-121.889834087526, 37.3540189471114], [-121.890464087713, 37.3537209469558], [-121.890674087775, 37.3536219467814], [-121.890884087837, 37.3535209470602], [-121.891517087499, 37.3532209469318], [-121.891728087386, 37.353121946812], [-121.89152608772, 37.3528439467222], [-121.891410087369, 37.352691946731], [-121.891366087886, 37.3526329468583], [-121.890452087119, 37.3514079465513], [-121.890133087277, 37.3509799468477], [-121.889814087435, 37.3505509463847], [-121.889454086686, 37.3500679467749], [-121.888856087185, 37.3492669467198], [-121.888537086444, 37.3488389469504], [-121.888218086602, 37.3484099463933], [-121.887261086177, 37.3471229464393], [-121.886942086335, 37.3466949465882], [-121.887152086397, 37.3465939468315], [-121.887782086584, 37.3462949466776], [-121.887993086471, 37.3461959467082], [-121.888202086708, 37.3460949462802], [-121.888831086172, 37.3457949464708], [-121.888954086196, 37.3457369467027], [-121.889035086386, 37.345683946666], [-121.889242086076, 37.3455779464805], [-121.889434086595, 37.3454819464394], [-121.889871086438, 37.3452739460483], [-121.890082086325, 37.345174946161], [-121.890298086235, 37.3450709463264], [-121.890946086863, 37.3447629459713], [-121.891163086598, 37.3446599461063], [-121.891379086508, 37.3445559462726], [-121.892027087137, 37.3442479459476], [-121.892244086872, 37.3441449460903], [-121.892281086682, 37.3442229458704], [-121.892291086728, 37.3442339461625], [-121.892358086675, 37.3443009462836], [-121.89243108647, 37.344050946028], [-121.89246608663, 37.3439339460595], [-121.892576087133, 37.3436449458504], [-121.892737086791, 37.3433739459932], [-121.892758086708, 37.343346945938], [-121.892921086915, 37.3431449458521], [-121.892963086747, 37.3431019460254], [-121.893092086619, 37.3429739455315], [-121.893135087175, 37.34293194617], [-121.893286086787, 37.3428499456485], [-121.893411086461, 37.3427829456611], [-121.89374908657, 37.3426259460321], [-121.893905087104, 37.3425539458604], [-121.894117086816, 37.342452945533], [-121.89475308685, 37.3421509457377], [-121.894966087286, 37.3420509454433], [-121.895155087432, 37.342305945931], [-121.895358086923, 37.3425779459253], [-121.895632087458, 37.3424439454053], [-121.89570008723, 37.3424079455979], [-121.895826086728, 37.342343945501], [-121.895836086774, 37.3422959459281], [-121.895468087426, 37.3417969453822], [-121.896496087098, 37.3412819457287], [-121.896879087413, 37.3410899452523], [-121.89702008698, 37.3411759450428], [-121.897444087302, 37.341435945704], [-121.897586087592, 37.3415229456804], [-121.897682086953, 37.3415809451324], [-121.897829087267, 37.3416709452525], [-121.897970087732, 37.3417579456708], [-121.898066087093, 37.3418169455194], [-121.898041087877, 37.3418459451375], [-121.898017087587, 37.3418969453007], [-121.898012087565, 37.3419469455671], [-121.898017087587, 37.3419659450883], [-121.898026087808, 37.3419979456617], [-121.89805908742, 37.342045945425], [-121.898234087322, 37.3422759452043], [-121.898271087132, 37.3423279456468], [-121.898300087445, 37.3423689454895], [-121.898397087529, 37.3425029454292], [-121.898489087591, 37.3426239456116], [-121.898595087896, 37.342762945067], [-121.898763087227, 37.3429899452481], [-121.898854087464, 37.3431129457674], [-121.898952087373, 37.3432449454039], [-121.899249087474, 37.3436429454571], [-121.899348088106, 37.3437759454281], [-121.899390087939, 37.3438319456086], [-121.899517088161, 37.3440029454037], [-121.899560087818, 37.3440609457971], [-121.899574088062, 37.3440799454975], [-121.899618087545, 37.3441389456644], [-121.899633087613, 37.3441589451779], [-121.899667087949, 37.3442049453241], [-121.899770087881, 37.3443459457985], [-121.899805088041, 37.3443929456598], [-121.899827087782, 37.3444229455406], [-121.899896088277, 37.3445149454814], [-121.899919087844, 37.3445459451411], [-121.899985087966, 37.3446349454522], [-121.900183088333, 37.3449029455752], [-121.90025008828, 37.3449929452847], [-121.900346088539, 37.3451199453737], [-121.900635088244, 37.3455039452248], [-121.900697088168, 37.3455859457047], [-121.900729087956, 37.3456349458443], [-121.900811087971, 37.3457469455331], [-121.900831088063, 37.3457739454395], [-121.901062088041, 37.3460799456041], [-121.901146088605, 37.3461909455376], [-121.901206087981, 37.3462709456582], [-121.901229088446, 37.3463019453071], [-121.901479088691, 37.3466379458866], [-121.901563088357, 37.3467509453058], [-121.901662088989, 37.3468849452815], [-121.90196108874, 37.3472869459159], [-121.902061088299, 37.3474219454383], [-121.902153088361, 37.3475449458393], [-121.902399088408, 37.3478749457279], [-121.902434088568, 37.3479119455536], [-121.902480088599, 37.3479589453252], [-121.902496088492, 37.3479739456259], [-121.902554089117, 37.3480079453443], [-121.902845088472, 37.3479959458236], [-121.903108089136, 37.3479059454287], [-121.903406089062, 37.3477539454372], [-121.9036760885, 37.3476009453513], [-121.904178088641, 37.3472359451285], [-121.904494089008, 37.3469699450674], [-121.904385089228, 37.3468989452864], [-121.904253088984, 37.3468059456125], [-121.904310088885, 37.3467709455518], [-121.904417089015, 37.3467079454015], [-121.904548088536, 37.3467879456853], [-121.904659088864, 37.3468639452691], [-121.9050550887, 37.3466279450324], [-121.905615089465, 37.3461889452121], [-121.906446089493, 37.345579945394], [-121.906796089297, 37.3452439450791], [-121.906834088932, 37.3452189453335], [-121.906890089009, 37.3451769450852], [-121.907056089588, 37.3450549449108], [-121.907171089216, 37.3449749449229], [-121.907266088752, 37.3449099450486], [-121.907509089325, 37.3447389451765], [-121.908241089619, 37.3442259446518], [-121.908342089003, 37.3441559449655], [-121.908486088943, 37.3440559444843], [-121.90873208899, 37.3438859446463], [-121.908774089721, 37.3438579449385], [-121.909383089093, 37.3434269448036], [-121.909461088911, 37.3433639447042], [-121.909575089612, 37.3432729446261], [-121.909698089636, 37.343180944592], [-121.909839089203, 37.3430729447497], [-121.909937089112, 37.3430079446573], [-121.910533089862, 37.3426139442228], [-121.910659089361, 37.3425359441997], [-121.910678089627, 37.3425219448097], [-121.910926089324, 37.3423609444942], [-121.91113908976, 37.3422199445777], [-121.911780089817, 37.3417989443963], [-121.911994089179, 37.341658944719], [-121.912087089964, 37.3415969444316], [-121.912253089645, 37.3414879445855], [-121.912366089623, 37.3414089442379], [-121.91245908951, 37.3413459445881], [-121.912696089336, 37.3414619444351], [-121.913410090087, 37.3418119440573], [-121.913648089738, 37.3419289444752], [-121.91395608971, 37.3420839444125], [-121.914883089997, 37.3425509441555], [-121.915192089794, 37.3427069440894], [-121.915452090085, 37.3428399442898], [-121.916235090433, 37.3432399440369], [-121.916496090549, 37.3433739438506], [-121.916462090213, 37.3433369439313], [-121.916360090106, 37.3432259440638], [-121.916327090494, 37.3431899439172], [-121.916698090215, 37.343374944408], [-121.917814090649, 37.3439299438599], [-121.918186091093, 37.3441159445033], [-121.918475090798, 37.3442709442116], [-121.919344091359, 37.3447359442731], [-121.919634090889, 37.3448919439528], [-121.92011009109, 37.3451289437524], [-121.921538091693, 37.3458399443762], [-121.921922091833, 37.3460319441344], [-121.922015091719, 37.3460779438474], [-121.922132091895, 37.3461409438122], [-121.922179091751, 37.3461659439649], [-121.922673091495, 37.3464299436988], [-121.922838091352, 37.3465179441179], [-121.923786091556, 37.3469969438199], [-121.924642091698, 37.347429943752], [-121.930054093637, 37.3501659440285], [-121.931858093984, 37.3510789440796], [-121.932093093262, 37.3511949438872], [-121.932148093514, 37.3512239434539], [-121.932147093689, 37.3511789437766], [-121.932135093994, 37.3502729439151], [-121.932266093515, 37.3502179440058], [-121.932393093736, 37.3501559436442], [-121.932515093935, 37.350087943995], [-121.932632093213, 37.3500149433684], [-121.932853094044, 37.3498739435419], [-121.933003093832, 37.3499349436665], [-121.933045093665, 37.3499129433229], [-121.933103093391, 37.3498849437203], [-121.93315109397, 37.3498229437978], [-121.933181093209, 37.3497859434857], [-121.933213093894, 37.349744943408], [-121.933443094048, 37.3498649435896], [-121.933843094081, 37.3500649432281], [-121.933883093366, 37.3500749436245], [-121.935033094134, 37.3506449433085], [-121.935963093897, 37.3511049437565], [-121.936253094325, 37.3512549432001], [-121.936543094753, 37.3514449432076], [-121.93674309477, 37.3516049435926], [-121.937023094254, 37.3518949435998], [-121.937133094757, 37.3520149432012], [-121.937183094088, 37.352064943157], [-121.937253094408, 37.3521349433249], [-121.937493094607, 37.3523949431728], [-121.937688094601, 37.3525549436753], [-121.937833094366, 37.3526749436498], [-121.938233094399, 37.3529649438081], [-121.938313094765, 37.3530149431311], [-121.938393095131, 37.3530849431272], [-121.938463094553, 37.3531149438196], [-121.938633094432, 37.353234943613], [-121.939783095201, 37.3538449431674], [-121.940188095257, 37.3540659437739], [-121.941173095271, 37.3546049433678], [-121.941953095246, 37.3550149437288], [-121.942641096057, 37.3553589434847], [-121.942673095844, 37.3553749434184], [-121.942763095358, 37.3554149435947], [-121.942853095769, 37.3554549430356], [-121.943123096106, 37.3555949434101], [-121.943333096168, 37.3556549434908], [-121.943623095698, 37.3557049431643], [-121.943773095486, 37.3557249431671], [-121.94400309564, 37.3557149435234], [-121.944343096297, 37.3556549434908], [-121.944493096085, 37.3555949434101], [-121.944643095872, 37.3555249428985], [-121.944869095828, 37.3554149428806], [-121.944973096484, 37.355364943014], [-121.945433095893, 37.3551249429047], [-121.945833095926, 37.3549749433393], [-121.945983096612, 37.3549249431795], [-121.946103096263, 37.3548749429865], [-121.946663096129, 37.3546749433093], [-121.94721309595, 37.3544849429082], [-121.948393096856, 37.3540549427801], [-121.949333096665, 37.3537149430108], [-121.949573096864, 37.3536349429673], [-121.950713096689, 37.353234942899], [-121.950748096849, 37.3533029425539], [-121.950833096339, 37.353464942681], [-121.951095097179, 37.3539269423924], [-121.951213097179, 37.354134942376], [-121.951311097089, 37.3543089427915], [-121.951605096817, 37.3548299426414], [-121.951703096726, 37.3550049425623], [-121.951802097358, 37.3551789423893], [-121.952023097291, 37.3555649429949], [-121.952098096736, 37.3557069425221], [-121.952193097171, 37.3558849429984], [-121.952299097476, 37.3560729426498], [-121.952617097493, 37.3566369430633], [-121.952723097798, 37.3568249429733], [-121.952803097266, 37.3569449425482], [-121.952875097236, 37.3570959428355], [-121.952913097769, 37.3571749431012], [-121.952993097237, 37.357414943082], [-121.953043097465, 37.3576249427035], [-121.953083097648, 37.3577449431414], [-121.953213097345, 37.3579549425535], [-121.953413097361, 37.3582049429237], [-121.95364009804, 37.3584879427891], [-121.954263097656, 37.359264942554], [-121.954320097558, 37.3593379427535], [-121.954543098039, 37.3596249425659], [-121.954613098359, 37.3597149431916], [-121.954727098162, 37.3598449429528], [-121.954763098147, 37.3598849428889], [-121.954943098072, 37.3600549429152], [-121.955263097739, 37.3602149427982], [-121.955450098235, 37.3602949429688], [-121.955715098549, 37.3604079425378], [-121.956147098369, 37.3605919431149], [-121.95669309889, 37.360824942748], [-121.95705309874, 37.3609449430676], [-121.957203098528, 37.3609849431314], [-121.957443098728, 37.36102494246], [-121.957482098187, 37.3610239428519], [-121.957953098366, 37.3610149428083], [-121.958255098489, 37.3610149428083], [-121.958863098935, 37.3610149428083], [-121.959161098861, 37.3610189426691], [-121.959463098985, 37.36102494246], [-121.959453098939, 37.3613549423544], [-121.959442099068, 37.3615179425544], [-121.959433098847, 37.361664942383], [-121.959463098985, 37.3627149429843], [-121.959466099358, 37.3629999428563], [-121.95947309903, 37.363494942692], [-121.959519099061, 37.363513943186], [-121.959613098772, 37.3635549428829], [-121.959657099153, 37.3635739426478], [-121.959704099009, 37.3635949429835], [-121.959858098995, 37.3636619429615], [-121.9603220995, 37.3638639428208], [-121.960477099311, 37.3639319428419], [-121.960553099479, 37.3639649429035], [-121.961436099386, 37.3643579431051], [-121.961612100011, 37.3644359425897], [-121.962373099719, 37.3647749427852], [-121.964327099854, 37.3656119424016], [-121.965103100529, 37.3659449428848], [-121.965213100134, 37.3659949428426], [-121.9652931005, 37.3660249426585], [-121.965953100824, 37.3663049429797], [-121.965971100367, 37.3663129428511], [-121.967991100624, 37.3672119423352], [-121.968153101006, 37.3672849426575], [-121.968667100842, 37.3675069424775], [-121.969827101656, 37.3680069422841], [-121.972093101961, 37.3689849421449], [-121.972783101523, 37.3692649421285], [-121.97333010187, 37.3694539427405], [-121.973503102122, 37.3695149426588], [-121.974183102538, 37.3697349426076], [-121.97453910219, 37.3698199422203], [-121.974848101986, 37.3698929421468], [-121.97499310265, 37.3699269426457], [-121.975613102791, 37.3700749426224], [-121.976362102803, 37.3702279425904], [-121.976493102324, 37.3702549422584], [-121.976703102387, 37.3702849425127], [-121.976823102936, 37.3703049421997], [-121.977024102777, 37.3703279424755], [-121.977240102687, 37.370352942426], [-121.977343102619, 37.3703649419423], [-121.977627102301, 37.3703949421527], [-121.977657102439, 37.3703979420303], [-121.977829102866, 37.3704169422041], [-121.977822102295, 37.3705849422542], [-121.981596103568, 37.3705869419296], [-121.982415103003, 37.3705879421242], [-121.982582103407, 37.3705879421242], [-121.982584103057, 37.3704829416057], [-121.983191103678, 37.3704789415354], [-121.985015104116, 37.3704679415196], [-121.985623103663, 37.3704649416449], [-121.985960103947, 37.3704609415737], [-121.986971103901, 37.3704499415552], [-121.987309104009, 37.3704469416797], [-121.987330103926, 37.3703859418053], [-121.995930105535, 37.3703099410497], [-121.995928105886, 37.3702429405827], [-121.995930105535, 37.3701529411612], [-121.995863105588, 37.3700949409375], [-121.995843105497, 37.3699949407417], [-121.995836104926, 37.3697069411182], [-121.995833105451, 37.3695349411231], [-121.99582410523, 37.3688499407085], [-121.995805104964, 37.3671699408266], [-121.995750104712, 37.3669159407895], [-121.995847104796, 37.3644249402599], [-121.995864104515, 37.3634839402242], [-121.995853104644, 37.3634149402209], [-121.995853104644, 37.3633649399718], [-121.995823104507, 37.3619949401771], [-121.995823104507, 37.3618349398051], [-121.99582810453, 37.3616069398816], [-121.995845104248, 37.3609269401045], [-121.995851104096, 37.3606999398907], [-121.995852103921, 37.3606709397007], [-121.996049104463, 37.3606749402938], [-121.996603104482, 37.3606729396403], [-121.997589104321, 37.3606699400879], [-121.999629104669, 37.3606579397349], [-121.999621105171, 37.3602919398311], [-121.999621105171, 37.3595189399293], [-121.999887104412, 37.3595159396168], [-121.99996310458, 37.3595139396463], [-122.000191105084, 37.3595119396758], [-122.000268105077, 37.3595119396758], [-122.000392104925, 37.3595099397053], [-122.000534105216, 37.3595079397347], [-122.000523104447, 37.3586049393562], [-122.000512104576, 37.3576579391122], [-122.000499104157, 37.3565559393258], [-122.000480104789, 37.3547769390268], [-122.000458104149, 37.3540799388694], [-122.000582103998, 37.3540769390535], [-122.001021104389, 37.3540709394214], [-122.00160610437, 37.3540569393256], [-122.00160610437, 37.3538469390045], [-122.001580104431, 37.352425938865], [-122.001577104058, 37.3523249389628], [-122.001574104583, 37.35215393884], [-122.000983103856, 37.3521649386842], [-122.000983103856, 37.3523249389628], [-122.000983103856, 37.3523409388292], [-122.000984104579, 37.3524389388284], [-122.000990104427, 37.3530459392814], [-122.000714104242, 37.3530459392814], [-122.000431104385, 37.3530469389957], [-122.000421104339, 37.3524249391423], [-122.000418103966, 37.3523429389907], [-122.000335104126, 37.3523449391522], [-122.000332103753, 37.3521779386928], [-122.000315104034, 37.3503379391467], [-122.000309104186, 37.3497629390557], [-122.000307103638, 37.3495809385887], [-122.000299104141, 37.3487769390229], [-122.000298103417, 37.3487139384134], [-122.000297103592, 37.348659938563], [-122.000299103242, 37.348626938913], [-122.000243104064, 37.3486349385266], [-122.000068103264, 37.3486499386923], [-122.00001310391, 37.3486549389849], [-121.999983103773, 37.3486649388549], [-121.999918103476, 37.3486649388549], [-121.999917103651, 37.3485019385925], [-121.999962103857, 37.3471579384803], [-122.000215103577, 37.3471549383878], [-122.000230103645, 37.345248938457], [-122.000592103145, 37.3452539382619], [-122.000674103161, 37.345277938178], [-122.000956103193, 37.3452749380104], [-122.001804103838, 37.345267938571], [-122.002087103696, 37.3452669380389], [-122.00211210381, 37.345267938571], [-122.002187103255, 37.3452729383747], [-122.002213103194, 37.3452749380104], [-122.002323103697, 37.3452809383456], [-122.002656103783, 37.3452989379198], [-122.002701103989, 37.345300938269], [-122.002912103876, 37.3453119384032], [-122.002953103884, 37.3453149385693], [-122.003014103983, 37.3453159383867], [-122.002924103572, 37.342179938085], [-122.002901103107, 37.341396937949], [-122.002863103472, 37.3414149377401], [-122.002763103015, 37.341434937979], [-122.002313102753, 37.3414449380964], [-122.002275103118, 37.3414439382276], [-122.001253103294, 37.341434937979], [-122.000823103124, 37.341434937979], [-122.000810102705, 37.341434937979], [-122.000323102633, 37.3414449380964], [-122.000151103104, 37.3414419377756], [-121.999636102545, 37.341434937979], [-121.999465102841, 37.341432938241], [-121.998774102555, 37.3414389381689], [-121.997834102746, 37.3414469385483], [-121.996009102483, 37.3414639384588], [-121.995823101812, 37.3414659381959], [-121.995621102146, 37.3414679386472], [-121.995618101773, 37.3413729382208], [-121.995610102275, 37.3410839381545], [-121.995601102054, 37.3408039380155], [-121.995583101613, 37.3401849385208], [-121.995583101613, 37.3399639384771], [-121.995583101613, 37.33968493834], [-121.995583101613, 37.3396049383449], [-121.995577101765, 37.339361938159], [-121.995573101567, 37.3391549385707], [-121.995573101567, 37.3386329378831], [-121.995573101567, 37.3385449382226], [-121.995568101544, 37.3383909380329], [-121.995565102069, 37.3382869380878], [-121.995556101848, 37.337977937848], [-121.995553101475, 37.3378749379618], [-121.995793101675, 37.3378749379618], [-121.996253101982, 37.3378749379618], [-121.996463102045, 37.3378649380832], [-121.996483102136, 37.3378649380832], [-121.997693102281, 37.3378349377252], [-121.999196102329, 37.3378269376753], [-121.999813102097, 37.3378249378413], [-122.000108102548, 37.3378219380901], [-122.000596102445, 37.3378159378732], [-122.000783102941, 37.337814937956], [-122.002063102508, 37.337806937904], [-122.002399102967, 37.3378059372725], [-122.002398103142, 37.3377059376204], [-122.002398103142, 37.337622937901], [-122.002401102617, 37.3374159378053], [-122.002413102312, 37.3366949373827], [-122.002403102266, 37.3364449375193], [-122.002433102404, 37.3359649377058], [-122.002433102404, 37.3359009371181], [-122.002433102404, 37.335862937145], [-122.002434102229, 37.3356029371896], [-122.002435102952, 37.3351849376275], [-122.002435102053, 37.3348609374226], [-122.002436102777, 37.3344439372647], [-122.002437102602, 37.3340849371758], [-122.003095102378, 37.3340829372421], [-122.003682102907, 37.3340819372752], [-122.004215103009, 37.3340799373415], [-122.004583102357, 37.3340779374077], [-122.004669102571, 37.3340749367926], [-122.004680102441, 37.3328119371941], [-122.004681102266, 37.3326339370149], [-122.004681102266, 37.3325889369109], [-122.004683102814, 37.3323779372699], [-122.004685102464, 37.3322989373398], [-122.004685102464, 37.332218937335], [-122.004689102662, 37.3319669368701], [-122.004705102556, 37.3305379368265], [-122.004706102381, 37.3304279366301], [-122.004718102076, 37.3295519365132], [-122.004733102145, 37.3284949367951], [-122.004746101665, 37.3275749368014], [-122.00474510184, 37.3259719361249], [-122.004740101817, 37.3256899366428], [-122.004731101597, 37.3254449362818], [-122.004664101649, 37.325409936267], [-122.004647101931, 37.3249179363143], [-122.004599101352, 37.3234449360269], [-122.004588101481, 37.3230929363197], [-122.004093101014, 37.323094936546], [-122.003543101193, 37.3230849361286], [-122.003386101732, 37.3230829366165], [-122.002653101613, 37.3230749364244], [-122.002626100951, 37.3230749364244], [-122.002137101229, 37.32307793605], [-122.00129510133, 37.3230839367297], [-122.001219101162, 37.3230849361286], [-122.001163101086, 37.3230849361286], [-122.001122101078, 37.3230849361286], [-122.000163101003, 37.323094936546], [-121.999733100833, 37.323094936546], [-121.99922810032, 37.323094936546], [-121.998885100188, 37.323094936546], [-121.998633100293, 37.323094936546], [-121.997853100318, 37.323104936962], [-121.997763100805, 37.323104936962], [-121.997693100485, 37.323104936962], [-121.996423100065, 37.323104936962], [-121.996016100359, 37.323104936962], [-121.995863100198, 37.323104936962], [-121.995693100319, 37.323104936962], [-121.995522099717, 37.323103936849], [-121.995293100286, 37.323104936962], [-121.995123100407, 37.323104936962], [-121.992523099293, 37.3231249370756], [-121.992053099838, 37.3231249370756], [-121.991610099249, 37.3231279374137], [-121.990363099294, 37.3231349374876], [-121.988823099437, 37.323144937184], [-121.988133098975, 37.323144937184], [-121.987943099004, 37.3231549375933], [-121.987293098726, 37.3231549375933], [-121.987023098389, 37.323164937287], [-121.98479309807, 37.3231849373846], [-121.983033098104, 37.323184938099], [-121.982393097872, 37.3231949377886], [-121.981623097943, 37.3232049381914], [-121.980603097769, 37.3231949377886], [-121.979803097702, 37.3231949377886], [-121.979133097333, 37.3232049381914], [-121.978303097129, 37.3232049381914], [-121.978053097782, 37.3232049381914], [-121.977373097367, 37.3232149378783], [-121.976423097513, 37.3232149378783], [-121.975563097172, 37.3232149385927], [-121.975443097521, 37.3232249382784], [-121.97528309679, 37.3232249382784], [-121.974593097227, 37.3232249382784], [-121.973433096412, 37.3232249382784], [-121.973138096859, 37.3232289387237], [-121.972808096248, 37.3232329384545], [-121.972703096666, 37.3232349386771], [-121.972153096845, 37.3232349386771], [-121.971683096492, 37.3232449383601], [-121.970353096696, 37.3232649384365], [-121.969893096389, 37.3232649384365], [-121.969973095856, 37.3231849388133], [-121.970023096085, 37.3231149388054], [-121.970019095887, 37.3230449387322], [-121.970744096508, 37.3221879385003], [-121.971669096248, 37.3210829385064], [-121.971783096051, 37.3209469386482], [-121.972445096025, 37.3201559381402], [-121.972635095996, 37.3199279380945], [-121.973208096281, 37.3192469378726], [-121.973399096077, 37.3190209382616], [-121.973533095971, 37.3188629380921], [-121.973911096263, 37.3184199381741], [-121.973946096423, 37.3183809377563], [-121.973985095883, 37.3183349382267], [-121.974040096134, 37.318270937623], [-121.974106096257, 37.3181929380413], [-121.974304096623, 37.3179589380965], [-121.97437109657, 37.3178819376592], [-121.974453096586, 37.317783937573], [-121.974580095909, 37.3176369375614], [-121.974702096108, 37.317493938013], [-121.974774096078, 37.3174099379215], [-121.974785095949, 37.3173969376099], [-121.974814096261, 37.3173609379439], [-121.974861096117, 37.3173039378424], [-121.974902096125, 37.3172559379864], [-121.974932096262, 37.3172209377299], [-121.97497509592, 37.3171689377677], [-121.975039096392, 37.3170909377569], [-121.975103095966, 37.3170149380532], [-121.975147096347, 37.3169639374288], [-121.975273096744, 37.3168129378845], [-121.975347096364, 37.3167249376695], [-121.975421095983, 37.3166219379365], [-121.975580095992, 37.3164179377366], [-121.975605096107, 37.3163839380067], [-121.975633096594, 37.3163449379613], [-121.975749096047, 37.3161859376769], [-121.975775095986, 37.3161489379399], [-121.975853096702, 37.3160399376048], [-121.975880096466, 37.3160039372889], [-121.975895096535, 37.3159819377225], [-121.975941096565, 37.3159189374671], [-121.975957096459, 37.3158979373703], [-121.976064096589, 37.3157349374395], [-121.97614909608, 37.3155949377692], [-121.976237095943, 37.3154519379081], [-121.976372096561, 37.3152139378459], [-121.976650096395, 37.3146439371791], [-121.976808096579, 37.3143219374464], [-121.976862096107, 37.3141829375195], [-121.976953096344, 37.3139519372265], [-121.977012095895, 37.313762937628], [-121.977057096101, 37.3136209373789], [-121.977121096573, 37.3133279374611], [-121.97714209649, 37.3132309373976], [-121.977205096239, 37.3129539370724], [-121.977265096513, 37.3126299374552], [-121.977289095904, 37.3124449369813], [-121.977293096102, 37.3124209372919], [-121.977318096217, 37.3121469369019], [-121.977326095714, 37.3119999372981], [-121.977333096285, 37.311890937377], [-121.97733609576, 37.3116749368766], [-121.977335095935, 37.3115599370284], [-121.977335095935, 37.3114139372598], [-121.977337096483, 37.3112659373811], [-121.977345095981, 37.3108949368489], [-121.977347095631, 37.3108249368262], [-121.977353096377, 37.3106779367809], [-121.977363095524, 37.3105099369895], [-121.977383095616, 37.3101809368466], [-121.977398095684, 37.3100059367921], [-121.977413095753, 37.3098389372176], [-121.977457096134, 37.3094959371678], [-121.97750409599, 37.3091319371388], [-121.97753909615, 37.3088809367184], [-121.977617095967, 37.3084739369288], [-121.97764809593, 37.3083149371446], [-121.977679095892, 37.3081349369022], [-121.9777200959, 37.3079669371447], [-121.977723095374, 37.3079509371141], [-121.977830095504, 37.307487936498], [-121.977852095246, 37.3073969365478], [-121.977897095452, 37.3072139367072], [-121.977748095489, 37.3072159366415], [-121.977302095425, 37.3072249367024], [-121.977154095287, 37.3072279369606], [-121.976877095277, 37.3072349370863], [-121.976651095322, 37.3072389369538], [-121.975145094901, 37.3072719369235], [-121.97464309476, 37.3072839372337], [-121.974407094759, 37.3072889367074], [-121.973702095127, 37.3073049368788], [-121.973467094951, 37.3073109373888], [-121.973302095094, 37.3073149372522], [-121.973231094949, 37.3073159368607], [-121.972526095317, 37.3073299370951], [-121.972291095141, 37.3073349372803], [-121.972072094858, 37.3073389371424], [-121.971417094556, 37.30735193705], [-121.971199094997, 37.3073569372337], [-121.971196094623, 37.3068159372927], [-121.971188094228, 37.3051929369805], [-121.971187094403, 37.3049659369202], [-121.971195094799, 37.3047609368876], [-121.971210093969, 37.3047459372467], [-121.971208094319, 37.3047259372445], [-121.971192094425, 37.3047129368829], [-121.971191094601, 37.3046669368497], [-121.970923093914, 37.3046549368363], [-121.970805093913, 37.3046499371875], [-121.970506094162, 37.3046459371824], [-121.970256093917, 37.3046469368264], [-121.970119094548, 37.3046499371875], [-121.969852094584, 37.3046559371948], [-121.96987509415, 37.3046019371119], [-121.969880094173, 37.3045459369851], [-121.9698770938, 37.3040859372226], [-121.96986609393, 37.3023639367287], [-121.969865094105, 37.302022936952], [-121.969869094303, 37.3017909367732], [-121.96986609393, 37.3016419368478], [-121.969862093732, 37.30130693693], [-121.969863093556, 37.3011969368236], [-121.969865094105, 37.3010489368423], [-121.96994709412, 37.301046936744], [-121.970193094168, 37.3010429365472], [-121.970276094008, 37.3010419368553], [-121.970277093833, 37.3008849364649], [-121.970279093483, 37.300621936442], [-121.970282093856, 37.3004139369002], [-121.970285093331, 37.300257937045], [-121.970286094054, 37.30006193653], [-121.970291094077, 37.2996019364946], [-121.970294093552, 37.2994749366354], [-121.970301093224, 37.2992799366537], [-121.970302093948, 37.2991339366223], [-121.970307093971, 37.2986979364176], [-121.970308093795, 37.2986409364581], [-121.970321093316, 37.2985539368503], [-121.970352093278, 37.2983329365563], [-121.970356093476, 37.2983079362074], [-121.970401093682, 37.2980909362592], [-121.970424093248, 37.2977969368291], [-121.970425093073, 37.2976689363292], [-121.970429093271, 37.2974469365537], [-121.970429093271, 37.2971119365308], [-121.970429093271, 37.2969099364828], [-121.970410093004, 37.2961079365579], [-121.970405092981, 37.2958479362652], [-121.970424093248, 37.295804936526], [-121.97044209369, 37.2957849362899], [-121.9704790935, 37.2957569365222], [-121.970526093355, 37.2957399362753], [-121.970566093538, 37.2957349360338], [-121.970613093394, 37.2957339362713], [-121.971145093671, 37.2957229360245], [-121.97116409304, 37.2957219362619], [-121.971348093163, 37.2957219362619], [-121.971364093056, 37.2949839362917], [-121.97085209287, 37.2949909361279], [-121.970870093312, 37.2953699360869], [-121.968536093236, 37.2954249361335], [-121.967574092788, 37.2954309361621], [-121.966236092596, 37.2954449364653], [-121.966226092551, 37.2956759364463], [-121.963035092507, 37.2956789371653], [-121.962930092026, 37.2956819371695], [-121.962951091943, 37.2955479366249], [-121.962956091966, 37.2954999364571], [-121.962862092254, 37.295512936982], [-121.962102092371, 37.2955239365448], [-121.961302092305, 37.2955399370755], [-121.961354092183, 37.2958709371959], [-121.961403091689, 37.2959379368531], [-121.961557091675, 37.2959339370992], [-121.961667092178, 37.2959469368344], [-121.961811092118, 37.295953936581], [-121.961913092225, 37.2959749372461], [-121.962084091929, 37.2960069366829], [-121.962275091725, 37.2960309366089], [-121.962305091862, 37.2960349370722], [-121.962345092045, 37.2960399365792], [-121.962778092589, 37.2960449368004], [-121.962893092216, 37.296043937042], [-121.962891092567, 37.2960669371981], [-121.962894092041, 37.2961669365212], [-121.962918092331, 37.2962689366514], [-121.962983092628, 37.2964129370202], [-121.963186092119, 37.2968179368472], [-121.963258092089, 37.2969629366257], [-121.963474092, 37.297398936883], [-121.963547092693, 37.2975449367092], [-121.963474092, 37.2975639367392], [-121.963261092462, 37.2976309370321], [-121.963190092317, 37.297653936703], [-121.963150092134, 37.2976669368557], [-121.963117092522, 37.2976759366301], [-121.962897092414, 37.2977409373518], [-121.962824092619, 37.2977629372535], [-121.96279809268, 37.2977319368705], [-121.962789092459, 37.2977209369159], [-121.962688092177, 37.2977799370432], [-121.96265609239, 37.2977939369092], [-121.962615092382, 37.2978869372287], [-121.962433091909, 37.2978979371591], [-121.962185092212, 37.2978979371591], [-121.961905091829, 37.2978969374253], [-121.961865092545, 37.2978969374253], [-121.961744092171, 37.2978969374253], [-121.961353092359, 37.2978949372432], [-121.960950091952, 37.2978499370616], [-121.959503091981, 37.2978639369145], [-121.959185091964, 37.2978799369475], [-121.959030092153, 37.2978609369973], [-121.959035092176, 37.2975059376105], [-121.959033091628, 37.2973429371094], [-121.959032091803, 37.2972709371351], [-121.959028091605, 37.2958879374132], [-121.959032091803, 37.2955349368207], [-121.954454091164, 37.2955739376558], [-121.954454091164, 37.2956329373234], [-121.949932090601, 37.295632938038], [-121.949933090426, 37.2956849378883], [-121.949934090251, 37.2957519377111], [-121.94764709003, 37.2957539379502], [-121.947635089436, 37.295277938141], [-121.947621090091, 37.2949419379756], [-121.945225089192, 37.2949269378055], [-121.945230089215, 37.2949919380441], [-121.944638089561, 37.2949969383351], [-121.944637089736, 37.2951239378941], [-121.944635089188, 37.2953809378146], [-121.944523089035, 37.295474938025], [-121.94451308899, 37.295614937999], [-121.944543089127, 37.2962549379308], [-121.944553089173, 37.2973349384655], [-121.944573089264, 37.2974349382467], [-121.944602089576, 37.2974559384984], [-121.94465308963, 37.2974949383375], [-121.944743089143, 37.2975349386097], [-121.944733089996, 37.2979449382074], [-121.945319089802, 37.2979519384826], [-121.945369090031, 37.3015479386276], [-121.945398090343, 37.3016419382769], [-121.945419090259, 37.3041229386093], [-121.945421090807, 37.3051299391162], [-121.945422090632, 37.3052019387126], [-121.945453090594, 37.3052049390515], [-121.945473090686, 37.3057749391161], [-121.945503090823, 37.3069459393151], [-121.945504090648, 37.3069979392037], [-121.945353091035, 37.3069969388764], [-121.944739090742, 37.3069949389363], [-121.944483090649, 37.3069969388764], [-121.9444200909, 37.3069969388764], [-121.944018090319, 37.3069939393235], [-121.943977090311, 37.3069929389962], [-121.943977090311, 37.3066349388459], [-121.943978090136, 37.305563939211], [-121.94397908996, 37.3052079386758], [-121.943865090158, 37.3052059386881], [-121.943775090644, 37.3052049390515], [-121.943523089851, 37.3052049390515], [-121.943410089873, 37.3052059386881], [-121.943365090565, 37.3052059386881], [-121.943233090321, 37.3052069390393], [-121.94318908994, 37.3052079393904], [-121.943182090267, 37.3047919386607], [-121.943181090442, 37.3042249386685], [-121.943173090047, 37.303553938543], [-121.943171090397, 37.3033139386482], [-121.942314089531, 37.3033179387242], [-121.941877089688, 37.3033209391383], [-121.941377090096, 37.3033229391762], [-121.941089089317, 37.3033249392139], [-121.940753089757, 37.3033269392517], [-121.940758089779, 37.3044779389185], [-121.940760089429, 37.3049829393691], [-121.940766090175, 37.3051339390956], [-121.940610089641, 37.3051159391867], [-121.940474090097, 37.3051389394268], [-121.940389089708, 37.3051529393521], [-121.940069090041, 37.305209939378], [-121.939934089424, 37.3052339392256], [-121.939912089683, 37.30522393929], [-121.939877089522, 37.3052129390021], [-121.939864090002, 37.3052129390021], [-121.939859089979, 37.3050879393199], [-121.939837089339, 37.3045509394989], [-121.939860089804, 37.3044979389867], [-121.939859089081, 37.3033099392866], [-121.939849089035, 37.302430939177], [-121.939478089314, 37.3024329392385], [-121.9393920891, 37.3024179391333], [-121.939301088864, 37.3024039394134], [-121.938501088798, 37.3024199391951], [-121.938126088879, 37.3024219392569], [-121.938139089298, 37.3020909393821], [-121.93817208891, 37.302024939168], [-121.938145089146, 37.3012519390407], [-121.938119089206, 37.300509938794], [-121.938115089008, 37.2997539388743], [-121.94031508919, 37.2997489388996], [-121.940501088963, 37.2997479384759], [-121.940500089138, 37.2997319388403], [-121.940484089245, 37.2994059385576], [-121.940479089222, 37.2992969389589], [-121.940465088978, 37.2991529383947], [-121.940414088925, 37.2988619387055], [-121.940286088878, 37.2983579383262], [-121.940226088604, 37.2981249385449], [-121.940158088831, 37.2979679384968], [-121.939956089165, 37.2974969385303], [-121.939889089218, 37.2973409383418], [-121.939695089049, 37.2969789382796], [-121.939505089078, 37.2966239383032], [-121.939351089093, 37.2964419384407], [-121.938899088283, 37.2958989383505], [-121.938751088145, 37.2957179386404], [-121.937849087971, 37.2945519383007], [-121.937600088449, 37.2943649388095], [-121.936883088224, 37.2943749387597], [-121.935833087912, 37.2943649388095], [-121.935629087698, 37.2945479384732], [-121.935495087804, 37.2946669384334], [-121.93537208778, 37.2947779385748], [-121.935199087528, 37.2949319388154], [-121.934680087669, 37.2953959386087], [-121.93450808814, 37.2955509387782], [-121.933944088075, 37.2960509389234], [-121.933683087959, 37.2962849391675], [-121.932275087447, 37.2975759393131], [-121.932233087615, 37.2976149390901], [-121.931879087612, 37.2979459393697], [-121.931687087992, 37.2980349391446], [-121.931674087573, 37.2977879392129], [-121.931679087596, 37.2974519395398], [-121.931679087596, 37.2974089392883], [-121.931680087421, 37.2973899392192], [-121.931681087246, 37.2973089394725], [-121.931681087246, 37.2972819392993], [-121.931681087246, 37.2972399394077], [-121.931682087969, 37.2972269391813], [-121.931683087794, 37.2971669388768], [-121.931683087794, 37.2971059394947], [-121.931685087444, 37.2969969394213], [-121.931685087444, 37.2968619393279], [-121.931685087444, 37.2963449387463], [-121.931685087444, 37.2962349392437], [-121.931686087268, 37.2955469390038], [-121.931687087093, 37.2949389386564], [-121.931699087687, 37.2944019392617], [-121.927705086306, 37.294386938984], [-121.927543086822, 37.2943949393707], [-121.927419086974, 37.294395939151], [-121.926812086353, 37.2944009394815], [-121.926564086656, 37.2943979394262], [-121.926279086251, 37.294395939151], [-121.926096086851, 37.2943999389866], [-121.92554808668, 37.294405939097], [-121.925366086207, 37.294408939152], [-121.924401086284, 37.2944159397564], [-121.924170086305, 37.2944139394817], [-121.923403085851, 37.2943789393111], [-121.922669085907, 37.2943779395306], [-121.922435085556, 37.2943799398063], [-121.922245085585, 37.2943819393672], [-121.921733085399, 37.2943839396427], [-121.92150008577, 37.2943859399183], [-121.921388085617, 37.2943859399183], [-121.921235085456, 37.2943869396987], [-121.921054085706, 37.2943869396987], [-121.920943085378, 37.2943869396987], [-121.920850085492, 37.2943869396987], [-121.920573085482, 37.2943899397544], [-121.920393085557, 37.2943909395348], [-121.920355085923, 37.2943909395348], [-121.920322085412, 37.2943919400298], [-121.919979085281, 37.2943939395904], [-121.919854085607, 37.2943949400853], [-121.919778085439, 37.2943949400853], [-121.919550085834, 37.2943979401408], [-121.91947508549, 37.2943989399211], [-121.919258085755, 37.2943999397013], [-121.918778085356, 37.2944029397565], [-121.918638085614, 37.2944049400315], [-121.918225085162, 37.2944049400315], [-121.91808708507, 37.2944059398116], [-121.917993085359, 37.2944059398116], [-121.917666085121, 37.2944109401415], [-121.917637084808, 37.2944109401415], [-121.916287084921, 37.294418939811], [-121.91583708466, 37.2944219398655], [-121.915589084962, 37.2944249399199], [-121.9153790849, 37.2944249399199], [-121.914210084763, 37.2944299402484], [-121.914032084488, 37.294434939862], [-121.914006084549, 37.294434939862], [-121.913834084121, 37.2944389404103], [-121.913549084614, 37.2944459402971], [-121.913545084416, 37.2942709400707], [-121.913538084743, 37.2939439399163], [-121.91353508437, 37.2937449400183], [-121.91353508437, 37.2937129403339], [-121.913539084568, 37.2935709400963], [-121.913538084743, 37.2934469401527], [-121.91353708402, 37.2930809400264], [-121.91353708402, 37.2929549403909], [-121.91353708402, 37.2928959400524], [-121.91353708402, 37.2927219403107], [-121.91353708402, 37.2926639403073], [-121.91353708402, 37.2926529403263], [-121.91353708402, 37.2926229397851], [-121.91353708402, 37.2926129403168], [-121.91353508437, 37.2924149402778], [-121.913532083997, 37.2918239400512], [-121.913527083974, 37.2916269398968], [-121.913530084347, 37.2915739402824], [-121.913529084523, 37.2915549401688], [-121.91352608415, 37.2913389398566], [-121.91352608415, 37.2912679396748], [-121.913523083776, 37.290994939932], [-121.913517083929, 37.29017794015], [-121.913515084279, 37.2899059398654], [-121.913513083731, 37.2897029399214], [-121.913511084081, 37.289472940027], [-121.913507083883, 37.2890939396617], [-121.913506084058, 37.2888919395243], [-121.91350208386, 37.2885449395579], [-121.913497083837, 37.2878589394795], [-121.913487083791, 37.2875069396784], [-121.913484083418, 37.2873729395813], [-121.913482083769, 37.28716193951], [-121.913479083396, 37.2870709392663], [-121.913475084096, 37.2869159394929], [-121.913478083571, 37.2867979393038], [-121.913482083769, 37.2867079392169], [-121.913490083266, 37.2864009396593], [-121.913500083312, 37.2860319391737], [-121.913505083335, 37.2854829396], [-121.913508083708, 37.2851769392358], [-121.913509083533, 37.2850139391808], [-121.913513083731, 37.2846079395084], [-121.913514083556, 37.2845239391302], [-121.913516083205, 37.2843619390039], [-121.91351708303, 37.2842159393237], [-121.913521083228, 37.2837769393769], [-121.913523082878, 37.2836319391997], [-121.913524083601, 37.2834379395314], [-121.913529083624, 37.2828579395373], [-121.913530083449, 37.2828459389036], [-121.913520083403, 37.2826649392394], [-121.913513082832, 37.2825389393148], [-121.913501083137, 37.2824639389363], [-121.91348208287, 37.2823439390328], [-121.913426082794, 37.282130939269], [-121.913349082801, 37.2819259391854], [-121.913329082709, 37.2818849392446], [-121.913243083394, 37.2817029394644], [-121.913216082731, 37.2816499392926], [-121.913162083203, 37.2815639392849], [-121.913133082891, 37.2815179393901], [-121.912891083041, 37.281166939189], [-121.91280108263, 37.2810349391542], [-121.912707082918, 37.2808959391704], [-121.912425082886, 37.2804809390389], [-121.912332083, 37.2803429394286], [-121.91223808239, 37.2803859394275], [-121.912150082527, 37.2804219389257], [-121.912034083074, 37.2804709393864], [-121.911603083079, 37.2806549392125], [-121.911421082605, 37.280732939135], [-121.911252082551, 37.2808079390943], [-121.910745082388, 37.2810339391963], [-121.910577082158, 37.2811099395273], [-121.910419082873, 37.2811779394197], [-121.90994708287, 37.2813849393029], [-121.909790082511, 37.2814539396139], [-121.909620082632, 37.2815279396182], [-121.909110082095, 37.2817519390912], [-121.908941082041, 37.2818269394646], [-121.908779082558, 37.2818969393167], [-121.908293082311, 37.2821089397993], [-121.908132082652, 37.2821799393318], [-121.907968082621, 37.282250939512], [-121.907476082526, 37.2824649395899], [-121.90731308232, 37.2825369394392], [-121.907153082486, 37.2826049394718], [-121.90667608246, 37.2828129396528], [-121.906517082451, 37.2828819393694], [-121.90635708172, 37.2829519396698], [-121.905879081869, 37.28316294011], [-121.90572008186, 37.2832339400776], [-121.905567081699, 37.2833009395528], [-121.905108082115, 37.2835019397647], [-121.904955081954, 37.283568939716], [-121.904798081595, 37.2836439397081], [-121.904742082417, 37.2836719396955], [-121.904340081836, 37.2838909396206], [-121.904187081675, 37.2839709403155], [-121.904024081468, 37.2840349400955], [-121.903994082229, 37.2840449399891], [-121.903409082248, 37.2842499400186], [-121.903214082255, 37.2843189398471], [-121.90301208169, 37.2843899401537], [-121.902409082166, 37.2846069403128], [-121.902208081426, 37.284678940257], [-121.902084081577, 37.2847209400139], [-121.901715081506, 37.2848509402022], [-121.901593081308, 37.2848939404844], [-121.901544081802, 37.2849109403233], [-121.901398081314, 37.2849629404373], [-121.901350081633, 37.2849809401659], [-121.901235082006, 37.2850229404691], [-121.900893081699, 37.285148940523], [-121.900779081896, 37.285191940635], [-121.900728081842, 37.2852089404065], [-121.900578081156, 37.2852609403145], [-121.900528081826, 37.2852789406866], [-121.90037808114, 37.2853359400498], [-121.900358081947, 37.2853419401684], [-121.89984608176, 37.2855219406431], [-121.899676080983, 37.2855829401267], [-121.899511081126, 37.2856419404822], [-121.899016081557, 37.2858199404509], [-121.898903081579, 37.2858609403921], [-121.898851081701, 37.2858789406207], [-121.898669081227, 37.2859419403148], [-121.898125081254, 37.2861339408951], [-121.897944081504, 37.2861979402649], [-121.897736081092, 37.286269940831], [-121.897115081126, 37.2864879404573], [-121.896908081437, 37.2865609406303], [-121.896699081199, 37.2866339407325], [-121.89607508086, 37.2868559409704], [-121.895867081346, 37.286929940666], [-121.895654080911, 37.2870059407604], [-121.8954990811, 37.2870619410818], [-121.895019080701, 37.2872359410488], [-121.894808080814, 37.2873129407086], [-121.894588080706, 37.2873909408777], [-121.89393008093, 37.2876259407701], [-121.893711080647, 37.2877049411986], [-121.89353508092, 37.2877659410565], [-121.893008080665, 37.2879529412269], [-121.892833080763, 37.2880159413287], [-121.892646080267, 37.2880819409704], [-121.8920860804, 37.2882819414152], [-121.891900080627, 37.2883489413989], [-121.891672080123, 37.2884289409279], [-121.890990080058, 37.2886729412889], [-121.890763080277, 37.2887549416133], [-121.890529080824, 37.2888369411337], [-121.889828080492, 37.2890869414209], [-121.889595079965, 37.2891699411439], [-121.889216079848, 37.2893049414621], [-121.888081080046, 37.2897119413634], [-121.887703079755, 37.2898479419792], [-121.887238080322, 37.2900089418914], [-121.887025079887, 37.290083941897], [-121.885011079478, 37.2908009420938], [-121.884996079409, 37.2908059419486], [-121.884319079367, 37.2910439420845], [-121.883803079881, 37.2912289423246], [-121.883084080006, 37.2914879423253], [-121.882255079627, 37.2917829419298], [-121.881739079243, 37.2919669419696], [-121.881607078999, 37.2920119420972], [-121.881459079759, 37.2920649421178], [-121.881215079362, 37.2921529426088], [-121.881085079665, 37.2922009420537], [-121.881008079672, 37.2922119421008], [-121.880910078865, 37.2922279426212], [-121.880778079519, 37.2922389426644], [-121.880702079351, 37.2922469425649]]]}}, {"type": "Feature", "properties": {"DISTRICT": 3}, "geometry": {"type": "Polygon", "coordinates": [[[-121.87746208609, 37.3610849481958], [-121.877396086866, 37.3611599486936], [-121.877344086089, 37.3612199486095], [-121.8773160865, 37.3612529484357], [-121.877086086346, 37.3615259486482], [-121.876978086391, 37.3616659484085], [-121.876839086474, 37.3618199487], [-121.876768086329, 37.3618909486491], [-121.876567086487, 37.3620589485127], [-121.876267086013, 37.3622669488086], [-121.875992086552, 37.3624509483976], [-121.875593086344, 37.3627199487659], [-121.875448086579, 37.362825949023], [-121.875383086281, 37.3628659487983], [-121.874844086331, 37.3632079491118], [-121.874735086551, 37.3632799487537], [-121.874666086056, 37.3633249490304], [-121.874522086116, 37.3634229489682], [-121.874293086685, 37.3635749486477], [-121.874038086417, 37.3637459491686], [-121.873985085815, 37.3637899488805], [-121.87361308627, 37.3640369489589], [-121.873385085766, 37.3641899491025], [-121.873367086223, 37.3642009493248], [-121.873315086344, 37.3642359491127], [-121.873298085727, 37.3642479488934], [-121.87301308622, 37.3644439490861], [-121.872648086347, 37.3646959490916], [-121.87251108608, 37.3647879491774], [-121.8724020863, 37.3648559490751], [-121.872150086405, 37.365019949079], [-121.871861085802, 37.3652099492274], [-121.871757086044, 37.3652809495389], [-121.871364085684, 37.3655309490652], [-121.871238086186, 37.3656119495413], [-121.871042086367, 37.365730949086], [-121.870710086106, 37.3659339493438], [-121.870420085678, 37.3661179492225], [-121.869865085834, 37.3664779492012], [-121.869569085558, 37.3666719495009], [-121.869378085762, 37.3668129499007], [-121.869344085427, 37.3668349495746], [-121.869242086218, 37.3668999497418], [-121.869209085708, 37.3669229496336], [-121.869016086262, 37.367048949506], [-121.86895408544, 37.3670899494132], [-121.868257086204, 37.3675659499346], [-121.86819908558, 37.3676039495701], [-121.867947085684, 37.3677739499582], [-121.86783708608, 37.3678479499649], [-121.867508085293, 37.368070949775], [-121.867399085513, 37.3681459497159], [-121.867240085505, 37.3682539498989], [-121.866764085304, 37.3685799499577], [-121.866606086018, 37.3686889497359], [-121.866468085926, 37.3687819501419], [-121.866057086022, 37.3690619501692], [-121.865920085755, 37.3691559503265], [-121.865715085715, 37.3692939497062], [-121.865231085118, 37.3696239503595], [-121.865209085377, 37.3696379504071], [-121.865101085422, 37.369708950098], [-121.864895085558, 37.3698459503977], [-121.864807085694, 37.3699039501001], [-121.864565085845, 37.3700609505095], [-121.863574085085, 37.3707039503315], [-121.863417085624, 37.3708069501573], [-121.86332208519, 37.3708859502674], [-121.863264085463, 37.3709449500696], [-121.863051085028, 37.3710919507056], [-121.862957085317, 37.3711569500403], [-121.862571085527, 37.3714229507726], [-121.861636084844, 37.3720729508533], [-121.861602085407, 37.3720959505871], [-121.861377085276, 37.3722059504272], [-121.861016085601, 37.372452950642], [-121.860626085613, 37.3727219508468], [-121.86040708533, 37.3728689508563], [-121.859310085163, 37.3736139509818], [-121.859016085435, 37.3738139508719], [-121.858847085381, 37.3739239510483], [-121.858741085076, 37.3739989508489], [-121.858434084929, 37.3742159507729], [-121.857087084517, 37.3751189510381], [-121.857000084478, 37.3751949512047], [-121.856982084935, 37.3752129514584], [-121.855031085173, 37.3766159513938], [-121.854770085057, 37.3767869514599], [-121.853525084752, 37.3776239512693], [-121.8533520845, 37.3777429517486], [-121.85332808421, 37.3777619514897], [-121.85331508469, 37.3777709516659], [-121.85327808488, 37.3777999516713], [-121.853266084286, 37.3778099519413], [-121.853254084591, 37.377818951398], [-121.85321908443, 37.377845951903], [-121.85320808456, 37.377855951453], [-121.853098084955, 37.377939951761], [-121.853024084437, 37.3779979516299], [-121.853016084939, 37.3780049515864], [-121.852765084869, 37.3781889518409], [-121.852654084541, 37.3782709515917], [-121.852513084974, 37.3783739517348], [-121.852418084539, 37.3784439516335], [-121.852075084408, 37.3786619516338], [-121.851991084742, 37.3787149519409], [-121.851928084993, 37.3787569519825], [-121.851707084162, 37.3788969517135], [-121.85163708474, 37.3789419519029], [-121.851304084654, 37.3791729522125], [-121.851123084904, 37.3792869519825], [-121.851051084036, 37.379322951949], [-121.850889084552, 37.3794069520416], [-121.850817084582, 37.3794389516442], [-121.850579084032, 37.379538952099], [-121.850556084466, 37.3795459519117], [-121.850343084031, 37.3796179522926], [-121.85011608425, 37.3796779517245], [-121.850003084272, 37.3797029521279], [-121.849738083958, 37.3797539522684], [-121.849545084513, 37.3797919521545], [-121.849461083949, 37.3798049523741], [-121.849283084572, 37.3798359524495], [-121.848859084249, 37.3799119521194], [-121.848752084119, 37.3799349523049], [-121.848576084392, 37.3799739521688], [-121.848407084338, 37.3800189524259], [-121.848318083751, 37.3800429519333], [-121.848133083803, 37.3801009523172], [-121.84791008422, 37.3801809519855], [-121.847861083817, 37.3801989524702], [-121.847749083664, 37.3802479521418], [-121.847596084401, 37.3803119520433], [-121.847572084112, 37.3803229520432], [-121.847356084202, 37.3804279523502], [-121.84715708401, 37.3805399522302], [-121.847014083895, 37.3806219522657], [-121.846779083718, 37.3807789523707], [-121.84644808418, 37.3810019522869], [-121.846078084284, 37.3812519522462], [-121.845845083758, 37.3814109525606], [-121.84570808349, 37.3815019527998], [-121.84529808431, 37.381776952232], [-121.845215083571, 37.3818339526578], [-121.845161084042, 37.3818679527408], [-121.84509508392, 37.3819099524443], [-121.845019083752, 37.3819629525974], [-121.844749083415, 37.3821529526632], [-121.844600083453, 37.3822589525883], [-121.844462084259, 37.3823599528894], [-121.844324084166, 37.3824529527636], [-121.843911083715, 37.3827349525061], [-121.843774083447, 37.3828289526605], [-121.843636083355, 37.3829219526668], [-121.843223083801, 37.3832019527342], [-121.843086083534, 37.3832959530169], [-121.842923083327, 37.3834049528251], [-121.842697083372, 37.3835569527057], [-121.842434083606, 37.383732952746], [-121.842416084062, 37.3837459529962], [-121.842266083376, 37.3838329531851], [-121.842360083986, 37.3839569531733], [-121.842644083668, 37.384328952621], [-121.842739084103, 37.3844539532261], [-121.842848083883, 37.3845979530597], [-121.843066083442, 37.3848849533208], [-121.843176083946, 37.3850299530424], [-121.843286083551, 37.3851749531974], [-121.843370084114, 37.385284953128], [-121.843555084062, 37.3855279531163], [-121.843613083789, 37.385620953344], [-121.843636084253, 37.3856579531186], [-121.843681084459, 37.3857429532454], [-121.843743084383, 37.3858929526881], [-121.843807083957, 37.3861259529737], [-121.843824084574, 37.3862469527813], [-121.843829084597, 37.386371953044], [-121.843830084422, 37.3863959533732], [-121.843818083828, 37.3865349531363], [-121.843806084133, 37.3866389533297], [-121.843803083759, 37.3866719533952], [-121.843774084345, 37.3867939530139], [-121.843743084383, 37.3868879530761], [-121.843719084094, 37.3869409532795], [-121.843678084086, 37.3870379530832], [-121.843660084543, 37.387078953485], [-121.843653083972, 37.387089953206], [-121.843600084268, 37.3871859528436], [-121.843562084633, 37.3872359529186], [-121.843529084123, 37.3872829530442], [-121.843421084168, 37.3874169534533], [-121.843376083962, 37.38747495313], [-121.843088084082, 37.3878129534543], [-121.843039084577, 37.3878719535025], [-121.842975084104, 37.3879439530267], [-121.842871084347, 37.3880689533151], [-121.842672084156, 37.3883119535592], [-121.842560084003, 37.3884449536001], [-121.84245708407, 37.3885709530081], [-121.84242008426, 37.3886159531022], [-121.842389084298, 37.3886549534474], [-121.842320083803, 37.3887579536027], [-121.842314083955, 37.3887679531252], [-121.842291084389, 37.3888089532946], [-121.842234084488, 37.3889139531388], [-121.842199084327, 37.3889989531429], [-121.842161083794, 37.3890929532955], [-121.842118084137, 37.3892439531193], [-121.842088083999, 37.3894089532786], [-121.842080084502, 37.3895349532075], [-121.84208608435, 37.3896159534579], [-121.84209508457, 37.389733953525], [-121.842111084464, 37.3898259535937], [-121.842116084487, 37.3898609535591], [-121.842118084137, 37.3898739534605], [-121.842137084403, 37.3899419534572], [-121.842145083901, 37.3899659533574], [-121.84215808432, 37.3900009532575], [-121.842190084107, 37.3900929537122], [-121.842210084198, 37.3901469537248], [-121.842227083917, 37.3901769531599], [-121.842307084283, 37.3903629533863], [-121.842346084641, 37.3904529535373], [-121.842149084099, 37.3905169532935], [-121.842100084593, 37.3905279532238], [-121.84195108463, 37.3905659533599], [-121.841503084018, 37.3906549533403], [-121.841345083835, 37.3906839533591], [-121.841094084663, 37.3907379536598], [-121.841041084061, 37.3907549538256], [-121.840884084601, 37.3908079534365], [-121.840832083824, 37.3908259535112], [-121.840611083891, 37.3909069537941], [-121.840336084429, 37.3910139533993], [-121.840048084549, 37.3911279537243], [-121.839809084175, 37.3911999536901], [-121.83964008412, 37.3912349537277], [-121.839368084134, 37.3912819534875], [-121.838789084001, 37.3913669536616], [-121.838509083618, 37.391408953754], [-121.838266083944, 37.3914529536556], [-121.838053083508, 37.3915099538629], [-121.837904083546, 37.3915549536203], [-121.837893083675, 37.3915589539939], [-121.837773084024, 37.3915779538031], [-121.837529083627, 37.3915999540643], [-121.837380083664, 37.3916019538932], [-121.837167084127, 37.391591954035], [-121.837014083966, 37.3915969543211], [-121.836852083584, 37.3916169540348], [-121.836782083264, 37.3916309542594], [-121.836714083492, 37.3916459536815], [-121.836621083606, 37.3916729542039], [-121.836424083962, 37.3917449543599], [-121.836206083504, 37.3918209540927], [-121.836069083237, 37.3918689541096], [-121.835736083151, 37.3919699543124], [-121.835545083355, 37.3920249543092], [-121.835475083933, 37.3920459538171], [-121.835329083445, 37.3921039541949], [-121.835313083551, 37.3921119541696], [-121.835265083871, 37.3921349541815], [-121.835250083802, 37.3921439540601], [-121.835191083353, 37.3921739541235], [-121.835146083147, 37.392201954362], [-121.835066083679, 37.3922529538521], [-121.834917083716, 37.3923609542951], [-121.834849083046, 37.392397954312], [-121.834784083647, 37.3924349543105], [-121.834744083464, 37.3924519540916], [-121.834654083052, 37.3924909545823], [-121.834522083706, 37.392532954045], [-121.834375083393, 37.3925639545679], [-121.834340083233, 37.3925709545921], [-121.834238083126, 37.3925939544632], [-121.834176083201, 37.392501954223], [-121.833990083428, 37.3922259542523], [-121.833929083329, 37.3921349541815], [-121.833873083253, 37.3920549544201], [-121.833708083396, 37.39181495391], [-121.833653083145, 37.3917349545208], [-121.833603082916, 37.3916619544416], [-121.833454082953, 37.3914429544913], [-121.833405083447, 37.3913709540453], [-121.833360083242, 37.3913049544678], [-121.833225083522, 37.3911089545149], [-121.833181083141, 37.3910439539148], [-121.833158082677, 37.3910529539244], [-121.833090082905, 37.391081954503], [-121.833068083164, 37.3910919544292], [-121.833166083073, 37.3912279542925], [-121.833460082801, 37.3916389542846], [-121.833558083608, 37.391775954495], [-121.833678083259, 37.3919439545206], [-121.833887083496, 37.3922479543235], [-121.833540083167, 37.3923939539831], [-121.833424082816, 37.3922249543463], [-121.832853083078, 37.3924699544853], [-121.832648083039, 37.392556954543], [-121.832611083229, 37.392572954395], [-121.832509083122, 37.3926169543271], [-121.831657083177, 37.3929879544472], [-121.830691082531, 37.3934099542888], [-121.830782082768, 37.3935449543403], [-121.830672083163, 37.39355595454], [-121.830433082788, 37.393590954905], [-121.830439082636, 37.3935999546088], [-121.830457083078, 37.3936269544273], [-121.830463082926, 37.3936369547278], [-121.830333083229, 37.3936559547239], [-121.830214082505, 37.3936869547824], [-121.829753083271, 37.3938679547297], [-121.829686082426, 37.393896954933], [-121.829469082691, 37.3939939550146], [-121.829360082911, 37.3940699546083], [-121.829326082576, 37.3941019550903], [-121.828718083028, 37.3946969547389], [-121.828545082776, 37.3948659552256], [-121.828819083311, 37.3951759552249], [-121.828900082603, 37.3951169552156], [-121.828940082786, 37.3950709548738], [-121.829169083115, 37.3948199547297], [-121.829217082796, 37.3947589546957], [-121.829254082606, 37.3947049551506], [-121.829348083215, 37.3945739545464], [-121.829396082896, 37.3946549550614], [-121.82941008314, 37.3947149545936], [-121.82941008314, 37.3948089547155], [-121.829348083215, 37.3950619546329], [-121.82927908272, 37.3952759546749], [-121.829079082703, 37.395648954915], [-121.828914082847, 37.3958749551389], [-121.828818082587, 37.3960619546416], [-121.828807082717, 37.3960959546957], [-121.828742083318, 37.3963029549651], [-121.828682083043, 37.396513954772], [-121.828680083394, 37.3965229548385], [-121.828687083066, 37.3966929553364], [-121.828784083151, 37.3969079548472], [-121.829107083191, 37.3974729549866], [-121.829308083032, 37.3978069551524], [-121.829411082964, 37.3979789552512], [-121.829686083324, 37.398500954968], [-121.830030083281, 37.398796955322], [-121.830072083113, 37.3988579549242], [-121.830099083776, 37.3989729552676], [-121.830168083373, 37.3991489547998], [-121.830203083533, 37.3992969549138], [-121.830237083868, 37.3994179548717], [-121.830327083382, 37.3995009554789], [-121.83045108323, 37.399670954931], [-121.830561083733, 37.3998909549088], [-121.830651084145, 37.4000879552491], [-121.830706083498, 37.4003359554846], [-121.83072608359, 37.400511955384], [-121.83072608359, 37.4006709555296], [-121.830644083574, 37.4007699549921], [-121.830520083725, 37.4008739554183], [-121.830355083869, 37.4009619555016], [-121.830065083441, 37.4011819552575], [-121.829735083728, 37.4013249552877], [-121.829508083947, 37.4013849551892], [-121.829339083893, 37.4014479551054], [-121.829267083923, 37.4015229552085], [-121.829156083595, 37.4016159555745], [-121.829053083662, 37.4017699551979], [-121.828922083243, 37.4018739556635], [-121.828764083957, 37.4019509556064], [-121.828537083278, 37.4020169558004], [-121.828061083077, 37.402033955549], [-121.827841083868, 37.4021219556973], [-121.827745083608, 37.4022149553199], [-121.827642083676, 37.4023249559369], [-121.827587083424, 37.4024199555614], [-121.827628083432, 37.4024499557934], [-121.827732083189, 37.4025239558385], [-121.827866083982, 37.4025999553459], [-121.828005083899, 37.4026639554346], [-121.828165083733, 37.4027219554455], [-121.828398083361, 37.4027819556556], [-121.829042083792, 37.4029179557162], [-121.82936908403, 37.4029849555346], [-121.829555083803, 37.4030099553023], [-121.829726083507, 37.403019955778], [-121.829756083644, 37.4030189553023], [-121.829916083478, 37.4030179555402], [-121.83011308402, 37.4030009553013], [-121.830307084188, 37.4029689557645], [-121.830492084136, 37.4029229552467], [-121.830671084236, 37.4028639556272], [-121.830843083766, 37.4027919554482], [-121.831002083774, 37.4027089556315], [-121.831150083912, 37.4026149554273], [-121.83128708418, 37.4025109552765], [-121.831412083853, 37.4024079554653], [-121.831559084166, 37.4023099550838], [-121.831718084175, 37.4022249551881], [-121.831884083856, 37.4021549553694], [-121.832044084588, 37.4021039554807], [-121.832162084589, 37.4020779549224], [-121.832361083882, 37.402025955206], [-121.83254408418, 37.40195995502], [-121.832718084258, 37.4018769549955], [-121.832805084296, 37.4018259549176], [-121.832887084312, 37.401771955469], [-121.832982083848, 37.4016999549542], [-121.833055084541, 37.4016339551946], [-121.833583084621, 37.4011129549657], [-121.833782083914, 37.4009239549269], [-121.833872084326, 37.4008549551111], [-121.833984084479, 37.4007769549636], [-121.834073084167, 37.400722954759], [-121.834269083986, 37.4006249550285], [-121.834383084687, 37.4005779547044], [-121.834485083896, 37.4005419549526], [-121.834599084597, 37.400506954979], [-121.834914084242, 37.4004309547761], [-121.835061084555, 37.4003859546384], [-121.835203084845, 37.4003349549731], [-121.835353084633, 37.4002699545237], [-121.835769084559, 37.4000769545808], [-121.836702084695, 37.3996449549558], [-121.836911084932, 37.3995289544077], [-121.83700208427, 37.3994699549705], [-121.837160084454, 37.3993509547186], [-121.837270084957, 37.3992569545839], [-121.837444085035, 37.3990939543214], [-121.837691084907, 37.3988879544413], [-121.837843084345, 37.3987949542579], [-121.837860084961, 37.3987859544642], [-121.838112084856, 37.3986499547547], [-121.838225084834, 37.3986029546193], [-121.838328084766, 37.3985699548102], [-121.838499084471, 37.3985179548006], [-121.838892084831, 37.3984469545507], [-121.839038084421, 37.3984249541581], [-121.839153084947, 37.3984179546805], [-121.839194084955, 37.39841595432], [-121.839824085142, 37.3984369541784], [-121.839902084959, 37.3984389545384], [-121.839980084777, 37.3984279543417], [-121.840053084572, 37.3984039542962], [-121.840124084717, 37.3983639542034], [-121.840175084771, 37.3983169546023], [-121.840214085129, 37.3982629540524], [-121.840251084939, 37.3982009541396], [-121.840286085099, 37.3981659545], [-121.840378085161, 37.3980999544825], [-121.840475085245, 37.3980499545172], [-121.840964084966, 37.3978659544715], [-121.84115908496, 37.3977939544858], [-121.841401084809, 37.3977209538845], [-121.841599085176, 37.3976819539741], [-121.841645085207, 37.3978139539733], [-121.84165008523, 37.3978409544149], [-121.84175908501, 37.3982029545059], [-121.841776085627, 37.3982419541452], [-121.841818085459, 37.3983039540241], [-121.841870085338, 37.398354954358], [-121.841934084912, 37.3983979539269], [-121.842096085294, 37.3984709538687], [-121.841878084835, 37.3984389545384], [-121.841646085032, 37.3984129541358], [-121.84143608497, 37.3984069544808], [-121.841291085205, 37.398389954623], [-121.841112085104, 37.3984169541434], [-121.841022084693, 37.3984599543904], [-121.840938085027, 37.398540954274], [-121.840783085216, 37.3986599543849], [-121.840663084668, 37.398886954624], [-121.840566085481, 37.3991879546605], [-121.840416084795, 37.3996289544725], [-121.84033008548, 37.3998249542696], [-121.840180084794, 37.399994954414], [-121.840000084869, 37.4000929542548], [-121.839763085042, 37.4001889543678], [-121.839478084637, 37.4002589545958], [-121.839282084818, 37.4003439545807], [-121.839090085198, 37.4005439545427], [-121.838980084695, 37.4007349544114], [-121.838828085257, 37.4010589550032], [-121.838775084655, 37.4009839544358], [-121.838741085218, 37.4009369543369], [-121.838639085111, 37.4009839544358], [-121.837107084751, 37.4016839549097], [-121.833570084202, 37.403307955203], [-121.833166084869, 37.403493954957], [-121.833032084077, 37.4035549550175], [-121.833307084436, 37.4039679554192], [-121.833273084101, 37.4039729555932], [-121.832921084647, 37.4041569556299], [-121.833082084306, 37.4043659552437], [-121.833148084428, 37.4044659552761], [-121.833243084862, 37.4045009555414], [-121.833277084299, 37.40460395533], [-121.833337084574, 37.4046249555951], [-121.833445084529, 37.4047839555768], [-121.833659084789, 37.4050989553249], [-121.833768084569, 37.4052599551922], [-121.833931084776, 37.4055139552367], [-121.833973084608, 37.4055049555364], [-121.834082084388, 37.4054829550751], [-121.834101084655, 37.4054769552726], [-121.834205084412, 37.4054409557335], [-121.834226085227, 37.4054339554842], [-121.834308085242, 37.4053819552424], [-121.83434908525, 37.4053559551079], [-121.834364084421, 37.4053459556577], [-121.834436085289, 37.405254955104], [-121.834487084444, 37.4051899553544], [-121.834502084513, 37.405170955428], [-121.834515084932, 37.405154955411], [-121.834530085, 37.4051359554757], [-121.834651084476, 37.4054129554458], [-121.834437085114, 37.4057959552889], [-121.834344085227, 37.4058729554831], [-121.834043084929, 37.4061249554354], [-121.833645084545, 37.4062229558223], [-121.833386084978, 37.4063669552261], [-121.833334085099, 37.4064329558119], [-121.833154085174, 37.4066909557272], [-121.833079084831, 37.4068329555228], [-121.832988084594, 37.4070789554263], [-121.83285208505, 37.4072479558201], [-121.832538085231, 37.4075689555479], [-121.83235208456, 37.4077609557615], [-121.832184085228, 37.4079509560905], [-121.83200308458, 37.4082399555205], [-121.831833084701, 37.4083059558834], [-121.831747084487, 37.4083439555686], [-121.831528085102, 37.4084419559071], [-121.831300084598, 37.4085489561667], [-121.831230085177, 37.4085659558605], [-121.831156084658, 37.4085689556381], [-121.831088084886, 37.4085589559031], [-121.831023084589, 37.4085359559366], [-121.830978084383, 37.4085089557808], [-121.830928085053, 37.4084779561449], [-121.830883084847, 37.4084419559071], [-121.830821084923, 37.4083869558276], [-121.830768084321, 37.4083329561124], [-121.839009087702, 37.4210749562657], [-121.838892087526, 37.4212189563703], [-121.838944087405, 37.421343956093], [-121.838798086916, 37.421343956093], [-121.838583087729, 37.4213229562341], [-121.838384087538, 37.4213049563503], [-121.838171087103, 37.4213159567554], [-121.837964087413, 37.4213159567554], [-121.837813086902, 37.4213439568064], [-121.837462087273, 37.4214279561832], [-121.836020087324, 37.4213789563204], [-121.835877087209, 37.4214839569045], [-121.835862087141, 37.4215589569257], [-121.835586086956, 37.4216859565336], [-121.835211087037, 37.4216489567094], [-121.835136086694, 37.4219329563957], [-121.834800087134, 37.4218879570447], [-121.834373086438, 37.4221579570253], [-121.834201086909, 37.4223519566639], [-121.833939086968, 37.4222999567512], [-121.833250086332, 37.4227189571061], [-121.833018086528, 37.4228689567398], [-121.83265208683, 37.4228989573439], [-121.832130086598, 37.4230699567054], [-121.831992086506, 37.4230639568846], [-121.831848086566, 37.4230649570926], [-121.831744086809, 37.4230819570589], [-121.83164808655, 37.4230979568139], [-121.831448086533, 37.4231359568426], [-121.831172086349, 37.4231579571132], [-121.8310480865, 37.4233279571055], [-121.831014086165, 37.4234329570968], [-121.830966086484, 37.4235429572355], [-121.830911086233, 37.4236359573759], [-121.830677086779, 37.4238939572526], [-121.830539086687, 37.4240369574484], [-121.830456085948, 37.4241959576049], [-121.830436086755, 37.4243499571832], [-121.830353086016, 37.424525957027], [-121.830243086411, 37.4249109572492], [-121.830250086084, 37.4250699576899], [-121.830250086084, 37.4252179572492], [-121.830429086184, 37.4257179574337], [-121.830498086679, 37.425849957262], [-121.830512086923, 37.425981957571], [-121.830574086847, 37.4260919575318], [-121.83058108652, 37.4262239574141], [-121.830670087106, 37.4264429577269], [-121.830856086879, 37.426673957177], [-121.830873086598, 37.4266899575912], [-121.831077086812, 37.4268829574581], [-121.83133208708, 37.4271849571681], [-121.831601086694, 37.4275149576835], [-121.831973087138, 37.4279209576708], [-121.832193087246, 37.4281519575541], [-121.83267608712, 37.4288329577776], [-121.832931087388, 37.4291679573678], [-121.833000086985, 37.4294149575153], [-121.832965087723, 37.4296019574805], [-121.832779087052, 37.4298879579084], [-121.832573087188, 37.4301129574597], [-121.832380087742, 37.4302399575388], [-121.832077086895, 37.4303219574136], [-121.831794087038, 37.4304259574736], [-121.831622087509, 37.4305689580334], [-121.831477086845, 37.4307229580565], [-121.831264087308, 37.431123957978], [-121.831133086889, 37.4314599581118], [-121.830988087124, 37.4316849579314], [-121.830906087108, 37.4318219576806], [-121.830823087267, 37.4318769576707], [-121.830499087402, 37.4319929580622], [-121.830141087202, 37.4319429578909], [-121.829735087321, 37.4319539581597], [-121.829390086641, 37.4320039583236], [-121.829108086609, 37.4320529583663], [-121.828749086584, 37.4320749581567], [-121.828384086711, 37.4321029577508], [-121.828005086594, 37.4321139579961], [-121.827571087124, 37.4320529583663], [-121.827261086604, 37.4320149578702], [-121.826930087067, 37.4318769583841], [-121.82666208638, 37.4317399580222], [-121.826345086187, 37.4317289584353], [-121.826145086171, 37.4317069585432], [-121.825991086185, 37.4316539579013], [-121.825938086482, 37.4316359583612], [-121.825670086693, 37.4315969582727], [-121.825346086828, 37.4316189581971], [-121.825173086575, 37.4316959582381], [-121.82496008614, 37.4317729582], [-121.824691086527, 37.4318229584849], [-121.824478086091, 37.4318449583428], [-121.823486086405, 37.4318999583161], [-121.824589086419, 37.4325339584361], [-121.824540086016, 37.4326649582933], [-121.824523086297, 37.432644958123], [-121.824433086784, 37.4326149585709], [-121.824323086281, 37.4326149585709], [-121.82420308663, 37.432644958123], [-121.823833086734, 37.4328149586868], [-121.823525085864, 37.4330059583057], [-121.823383086472, 37.4330949585219], [-121.823163086364, 37.4332749587799], [-121.822983086439, 37.4334849585339], [-121.822761086681, 37.4338269584413], [-121.822623086589, 37.4340049589554], [-121.822393086435, 37.434194959045], [-121.822033086585, 37.4344749587109], [-121.821483085866, 37.4348349585764], [-121.821243086565, 37.4350149589298], [-121.821093085879, 37.4351049589441], [-121.820974086053, 37.435144958678], [-121.820873085771, 37.4351799588734], [-121.820553086104, 37.4352849586481], [-121.820303085858, 37.4353149592701], [-121.82025308563, 37.4353249589992], [-121.820183086208, 37.4353449591666], [-121.82003308642, 37.4354349587841], [-121.819913085871, 37.4354849587626], [-121.819943086008, 37.4355549588191], [-121.819943086008, 37.4357049591272], [-121.819923085917, 37.4357849593589], [-121.819843086449, 37.4359249588452], [-121.819767086281, 37.4359999593793], [-121.819703085809, 37.4360649587829], [-121.819403086233, 37.4363049587801], [-121.819283085684, 37.4364349591408], [-121.819203086216, 37.4365749588378], [-121.819113085805, 37.4367849593188], [-121.819043086383, 37.4371349592865], [-121.819043086383, 37.4372249588913], [-121.819105086307, 37.4374589593546], [-121.819143085942, 37.4375249589324], [-121.819213086262, 37.4376749595718], [-121.819293086628, 37.4377949588683], [-121.819383086142, 37.4379149593989], [-121.819413086279, 37.4379449589666], [-121.819463086507, 37.437994959408], [-121.819513085838, 37.4380149595753], [-121.81967308657, 37.4380849594052], [-121.819863086541, 37.4381549591697], [-121.820523086865, 37.4383849588518], [-121.820578086218, 37.4384059589179], [-121.820653086561, 37.4384349589994], [-121.820763086166, 37.4384949591323], [-121.820863086623, 37.4385649592265], [-121.821093086777, 37.4388049590525], [-121.821163086199, 37.4388549589193], [-121.821233086519, 37.4388749588568], [-121.821253086611, 37.4388849588234], [-121.821293086794, 37.4388949595021], [-121.821353087068, 37.4388949595021], [-121.821593086369, 37.4388549589193], [-121.821710086545, 37.4388259590006], [-121.82185308666, 37.4388049590525], [-121.821953087118, 37.4387949590751], [-121.822083086814, 37.4388049590525], [-121.822253086693, 37.4388549589193], [-121.822673086818, 37.4390849593032], [-121.822805087062, 37.439162958789], [-121.823383087371, 37.4395049591414], [-121.823533087158, 37.4395749590042], [-121.823713087084, 37.4396249590698], [-121.823863086871, 37.4396449588014], [-121.823978087397, 37.4396549593784], [-121.824093087025, 37.4396649592409], [-121.824403087545, 37.4397249591009], [-121.824911087533, 37.4398079592677], [-121.825223087703, 37.4398509592922], [-121.825323087262, 37.4398649590625], [-121.825693087158, 37.4399349593018], [-121.825953087448, 37.4399649587729], [-121.826155087115, 37.4399779592533], [-121.826433087848, 37.4399949589453], [-121.826513087315, 37.4399949589453], [-121.827083087228, 37.4399449591268], [-121.827355088112, 37.4399509590212], [-121.827493087306, 37.4399549589506], [-121.827823087918, 37.4399549589506], [-121.82803308798, 37.4399349585886], [-121.828263088134, 37.4399049591054], [-121.828523087526, 37.4398649590625], [-121.828883088275, 37.4397649585053], [-121.82899308788, 37.4397249583876], [-121.829573087838, 37.4394549582823], [-121.830403088041, 37.4390949585285], [-121.831723087791, 37.4386249585418], [-121.832483088572, 37.4383449579965], [-121.832583088132, 37.438334958671], [-121.832913088743, 37.4383349579577], [-121.833494088526, 37.4383739581017], [-121.834403088372, 37.4384349582861], [-121.834783088314, 37.4384849584001], [-121.834933089, 37.4385249584674], [-121.83522308853, 37.4386749578157], [-121.835343089078, 37.438774958403], [-121.835475088425, 37.4389419578948], [-121.835493088866, 37.4389649585088], [-121.835573089232, 37.4391249583364], [-121.835603088471, 37.4392149584011], [-121.835623088563, 37.4393149582669], [-121.835573089232, 37.4394749580594], [-121.835533089049, 37.4395549585406], [-121.835383089261, 37.4397349582408], [-121.835371088668, 37.4397489580328], [-121.835273088758, 37.4398749581837], [-121.835233088575, 37.4399449584136], [-121.835213088484, 37.4400249583924], [-121.835213088484, 37.4400849579637], [-121.83522308853, 37.4401749583003], [-121.835253088667, 37.4402849580893], [-121.835373089216, 37.4406349580928], [-121.835703088929, 37.4415449581434], [-121.835803089386, 37.441774958105], [-121.835873088808, 37.4419149585108], [-121.835903088945, 37.441954958171], [-121.835943089128, 37.4420049580729], [-121.836043089586, 37.4421149587379], [-121.836162089411, 37.4422049580595], [-121.836293088932, 37.4423049582089], [-121.836713089057, 37.4426349583957], [-121.83689308988, 37.4427549582973], [-121.837093089897, 37.4428849581519], [-121.837323089152, 37.4430549582792], [-121.837453089747, 37.4431449586099], [-121.837575089946, 37.4432059584713], [-121.837593089489, 37.4432149586337], [-121.837873089872, 37.4433349583183], [-121.838693090029, 37.4436449581582], [-121.839713090203, 37.4440249581193], [-121.839872090212, 37.4440879585439], [-121.840052090137, 37.444160958177], [-121.84063308992, 37.4443949583479], [-121.84015309042, 37.4447949585608], [-121.840103090191, 37.4448549585866], [-121.840083090099, 37.4448949581015], [-121.840043089916, 37.4450849583585], [-121.840023089825, 37.4455649582098], [-121.840063090008, 37.446294958321], [-121.840063090008, 37.4464749582112], [-121.840033090769, 37.446614958381], [-121.839953090403, 37.4467449586607], [-121.839883090083, 37.4468349588318], [-121.839683090066, 37.4469949582346], [-121.839413090628, 37.4472349588368], [-121.839293090079, 37.4473549584926], [-121.839203090566, 37.4475049586831], [-121.839163090383, 37.4475949586531], [-121.839163090383, 37.4476449583518], [-121.839183090474, 37.4476849585147], [-121.839223090657, 37.4477149584445], [-121.839273089987, 37.4477249586562], [-121.839323090216, 37.4477249586562], [-121.839523090233, 37.4476849585147], [-121.83967309002, 37.4476649587926], [-121.839733090295, 37.4476749582977], [-121.839833090752, 37.4477049589448], [-121.840163090465, 37.4478549584335], [-121.840423090756, 37.4480249586791], [-121.840693090195, 37.4482749582547], [-121.840963090531, 37.4485849583082], [-121.841033090852, 37.4486949585705], [-121.841143090456, 37.4489749588975], [-121.841263091005, 37.4491549587579], [-121.841733091359, 37.4497649589073], [-121.841793090735, 37.4498149585821], [-121.841853091009, 37.4498549582978], [-121.841926090804, 37.4498939588559], [-121.842003090797, 37.4499349583783], [-121.842053091026, 37.4499849586526], [-121.842103091255, 37.4500549586952], [-121.842133091392, 37.4501149587814], [-121.842133091392, 37.4501549583368], [-121.842123091346, 37.4502149583428], [-121.842093091209, 37.4502749590139], [-121.842053091026, 37.4503149584837], [-121.84197309066, 37.4503449587851], [-121.841883091147, 37.450364958504], [-121.841843090964, 37.450364958504], [-121.841793090735, 37.4503449587851], [-121.841503091205, 37.4501749588196], [-121.841263091005, 37.4500649585941], [-121.841183090639, 37.4500349588935], [-121.841093091126, 37.4500249589906], [-121.841033090852, 37.4500249589906], [-121.840923091247, 37.4500649585941], [-121.840813090744, 37.45014495845], [-121.840573090544, 37.4503749590745], [-121.840463090939, 37.4505449585856], [-121.840433090802, 37.4506749591675], [-121.840433090802, 37.4507749586934], [-121.840423090756, 37.4509149586609], [-121.840413090711, 37.4509849585463], [-121.840383090573, 37.4510649588446], [-121.840173090511, 37.4513749587467], [-121.839953091301, 37.4516449586267], [-121.839883090981, 37.4517549586682], [-121.839873090935, 37.4517849591053], [-121.839883090981, 37.4518349588562], [-121.839923091164, 37.451874958918], [-121.840003090632, 37.4519149589585], [-121.840323091197, 37.452024958603], [-121.840423090756, 37.4520449585858], [-121.840533091259, 37.4520549589317], [-121.840713091185, 37.4520649585632], [-121.840803090698, 37.4520949588759], [-121.840933091293, 37.4521549587522], [-121.841023090806, 37.4522249589035], [-121.841073091035, 37.4522749590733], [-121.841093091126, 37.4523449591124], [-121.841093091126, 37.452404958788], [-121.841073091035, 37.452724959098], [-121.841063090989, 37.4527949587159], [-121.841023090806, 37.4528849587396], [-121.840983091521, 37.4529549589209], [-121.840933091293, 37.453004959316], [-121.840923091247, 37.4530449587521], [-121.840923091247, 37.4531049592925], [-121.840933091293, 37.4531749592679], [-121.84096309143, 37.4532449591778], [-121.841213091675, 37.4535749588893], [-121.84132309128, 37.4538149590616], [-121.841383091554, 37.4539649591347], [-121.8413930916, 37.4540549591768], [-121.8413930916, 37.4541549591759], [-121.841363091463, 37.4542249588817], [-121.84132309128, 37.4542949592351], [-121.841253091858, 37.4543749588457], [-121.841133091309, 37.45447495913], [-121.840813091642, 37.4546549593048], [-121.840773091459, 37.4547049592764], [-121.840763091413, 37.4547349592434], [-121.840763091413, 37.4547849591616], [-121.840773091459, 37.4548349590464], [-121.840813091642, 37.4548749589301], [-121.840883091064, 37.4549149587924], [-121.841203091629, 37.4550549588553], [-121.841813091725, 37.4552749594434], [-121.841933091375, 37.4553349589079], [-121.84206309197, 37.4554249594408], [-121.842173091575, 37.455534958915], [-121.842273092032, 37.4556649593815], [-121.842323091363, 37.4557449589529], [-121.842383091637, 37.4558049594667], [-121.842583091654, 37.455914959095], [-121.842913092265, 37.4560849588507], [-121.842983091687, 37.4561349592926], [-121.843193091749, 37.4563749590942], [-121.843353091583, 37.4565449592305], [-121.843413091857, 37.4566449594657], [-121.843433091948, 37.4567149589803], [-121.843443091994, 37.456774959429], [-121.843443091994, 37.4568449588219], [-121.843413091857, 37.4569249592703], [-121.843313092298, 37.4570949588695], [-121.843123092327, 37.4574449593861], [-121.843073092098, 37.4575249591927], [-121.842903092219, 37.45771495946], [-121.84266309202, 37.4579649594516], [-121.842243091895, 37.4584449593745], [-121.842203091712, 37.4585049591482], [-121.84218309162, 37.4585649595868], [-121.84218309162, 37.4586149590837], [-121.842193091666, 37.458654959085], [-121.842233091849, 37.4587049592348], [-121.842273092032, 37.4587249595705], [-121.842363092444, 37.4587449591879], [-121.842503092186, 37.458754959351], [-121.84256309246, 37.4587649595129], [-121.842603091745, 37.4587949592775], [-121.842633091882, 37.4588449593336], [-121.842633091882, 37.4589449593456], [-121.842533092323, 37.4593249593126], [-121.842473092049, 37.459444959539], [-121.842353092398, 37.4596449592507], [-121.84220309261, 37.4598649591715], [-121.842173092473, 37.459924959232], [-121.842173092473, 37.4599749592456], [-121.842193092565, 37.4600249592259], [-121.842233091849, 37.460084959158], [-121.842323092261, 37.4601549597311], [-121.842483092094, 37.4602249595255], [-121.84256309246, 37.4602449594548], [-121.842633091882, 37.4602549594174], [-121.842743092385, 37.4602449594548], [-121.843013092722, 37.460184959651], [-121.843083092144, 37.460184959651], [-121.84316309251, 37.4602049595909], [-121.843223092784, 37.4602249595255], [-121.843263092069, 37.4602649593786], [-121.843293092206, 37.460314959165], [-121.843353092481, 37.4609149596975], [-121.843353092481, 37.4609449593125], [-121.843453092938, 37.4613949592241], [-121.843471092482, 37.4615779596495], [-121.84704309319, 37.4608549590052], [-121.847281092842, 37.4606559593831], [-121.858502095481, 37.4705799594555], [-121.86104209632, 37.4705539591478], [-121.861069096084, 37.470474959309], [-121.865293096721, 37.4704949586353], [-121.865293096721, 37.4705849587459], [-121.865273096629, 37.4706849587416], [-121.865153096979, 37.4709449588174], [-121.865073096613, 37.4710949587514], [-121.865063096567, 37.4711449591378], [-121.865073096613, 37.4712249585458], [-121.865123096842, 37.4712849587585], [-121.86517309707, 37.4713249591113], [-121.865263096584, 37.4713749586309], [-121.865423097315, 37.47142495883], [-121.865623097332, 37.4715049586512], [-121.865733096937, 37.4715749585137], [-121.865973097136, 37.4718049588224], [-121.866063097548, 37.4718649585696], [-121.866263097565, 37.4719849586324], [-121.866303096849, 37.4720349591364], [-121.866343097032, 37.4721049585025], [-121.866423097398, 37.4725949586462], [-121.866483097673, 37.4728049585393], [-121.866503097764, 37.4728449587914], [-121.866823097431, 37.4730749587569], [-121.866833097477, 37.4731149588647], [-121.866843097523, 37.4731949590159], [-121.866833097477, 37.4732649587215], [-121.866783097248, 37.4734349589558], [-121.866773097203, 37.47363495903], [-121.866753097111, 37.4737749589774], [-121.866733097918, 37.4738149587105], [-121.866683097689, 37.4738649587032], [-121.866593097278, 37.4739349592072], [-121.86651309781, 37.4739749588547], [-121.866403097307, 37.4740149591937], [-121.86620309729, 37.4740349589987], [-121.866123097823, 37.4740249587404], [-121.865933096953, 37.4739549590336], [-121.865853097486, 37.4739149586625], [-121.865753097028, 37.4738349592819], [-121.865693097652, 37.4737549591028], [-121.865513096829, 37.4734249586172], [-121.865383097133, 37.4732949590845], [-121.865003097191, 37.4730549586951], [-121.864893096688, 37.4729649587068], [-121.864703096717, 37.4727949588293], [-121.864643097341, 37.4727649589786], [-121.864593097112, 37.4727549592632], [-121.864513096746, 37.4727549592632], [-121.86438309705, 37.4727949588293], [-121.864103096667, 37.4729149588249], [-121.8640230972, 37.4729649587068], [-121.863973096971, 37.4730249589486], [-121.863963096925, 37.4730649590831], [-121.863963096925, 37.4731349589105], [-121.863983097017, 37.4732149590403], [-121.864073097428, 37.4734349589558], [-121.864183097033, 37.4737249589244], [-121.864183097033, 37.4739249589355], [-121.864163096942, 37.4740649590526], [-121.864133096805, 37.4741349593692], [-121.86409309752, 37.4741849591479], [-121.864053097337, 37.4742049589074], [-121.864003097108, 37.4742049589074], [-121.863963096925, 37.4741949593848], [-121.863903096651, 37.4741649593831], [-121.863803097092, 37.4741049593434], [-121.86371309668, 37.4740649590526], [-121.863603097075, 37.4740449592556], [-121.863333096738, 37.4740249594533], [-121.863223097134, 37.4740049589327], [-121.863173096905, 37.4739749588547], [-121.863103096585, 37.4739449594775], [-121.863013097071, 37.4738649594161], [-121.862913096614, 37.4737149593376], [-121.862873096431, 37.4736049595164], [-121.862843097192, 37.4735549593497], [-121.862773096872, 37.4735049591496], [-121.862673096414, 37.4734649592506], [-121.862453097205, 37.4734249593302], [-121.862373096839, 37.4733949590194], [-121.86232309661, 37.4733649594094], [-121.862273096381, 37.4733149590822], [-121.862173096822, 37.4731949590159], [-121.86203309708, 37.4729549590183], [-121.861983096851, 37.4728549592076], [-121.861843096211, 37.4727649589786], [-121.861573096772, 37.4726049590958], [-121.861433096132, 37.4725349594851], [-121.861383096802, 37.4724249593531], [-121.861333096573, 37.4722149591054], [-121.86129309639, 37.4721649594347], [-121.861243096161, 37.4721249588186], [-121.861203096877, 37.4721049592154], [-121.861173096739, 37.4721049592154], [-121.861133096556, 37.4721249588186], [-121.861113096465, 37.4721549589262], [-121.861113096465, 37.4721949595263], [-121.861173096739, 37.4723049592838], [-121.861143096602, 37.472674959354], [-121.861143096602, 37.4727449595466], [-121.861163096694, 37.4727949595422], [-121.861213096922, 37.4728549592076], [-121.861223096968, 37.4728849590223], [-121.861223096968, 37.4729149595378], [-121.861213096922, 37.4729749591069], [-121.861153096648, 37.473054959408], [-121.861113096465, 37.4730949595264], [-121.861063096236, 37.4731049591962], [-121.86100309686, 37.4731049591962], [-121.860963096677, 37.4730949595264], [-121.860873096265, 37.473054959408], [-121.860733096523, 37.4729649594197], [-121.860593096781, 37.4729149595378], [-121.860463096187, 37.4728449595044], [-121.860423096004, 37.4728149589608], [-121.860363096627, 37.4727249593965], [-121.860303096353, 37.472674959354], [-121.86026309617, 37.4726649596267], [-121.860233096033, 37.4726649596267], [-121.860193096748, 37.4727049592409], [-121.860193096748, 37.4727349591157], [-121.860203096794, 37.4727749594054], [-121.86026309617, 37.472824959381], [-121.860373096673, 37.4729349596372], [-121.86040309681, 37.473054959408], [-121.860413096856, 37.4731549596639], [-121.860443096095, 37.4732049593852], [-121.860543096553, 37.4733149590822], [-121.860633096066, 37.4733949590194], [-121.860723096478, 37.473444959293], [-121.860773096706, 37.4734949595333], [-121.860813096889, 37.4735749592778], [-121.860823096935, 37.47363495903], [-121.860823096935, 37.4737249596374], [-121.860813096889, 37.4738349592819], [-121.860783096752, 37.4739449594775], [-121.860783096752, 37.4740249594533], [-121.860793096798, 37.4740749593055], [-121.860833096981, 37.474114959591], [-121.860903096403, 37.4741449596128], [-121.861083096328, 37.4742049596204], [-121.861503096452, 37.4743149592714], [-121.86160309691, 37.4743449592129], [-121.861633097047, 37.4743749591425], [-121.861653097138, 37.4744049590599], [-121.861663097184, 37.4744649595717], [-121.861653097138, 37.4745849590247], [-121.861653097138, 37.474644959392], [-121.86167309723, 37.4747049589981], [-121.861763096743, 37.4748849596662], [-121.861842097284, 37.4751229594326], [-121.861863097201, 37.4751849591035], [-121.861913096531, 37.475254959084], [-121.861973096806, 37.4753049595393], [-121.862093097354, 37.4753749594075], [-121.862233097097, 37.4754149597101], [-121.862453097205, 37.4754849594752], [-121.862503097433, 37.47551495966], [-121.862523096627, 37.4755549591748], [-121.862523097525, 37.4759949595535], [-121.862493097388, 37.4762049591613], [-121.862363096793, 37.4767749593995], [-121.862343096701, 37.4768249595506], [-121.862303097417, 37.4768549591976], [-121.862253097188, 37.4768649597901], [-121.862243097142, 37.4769049592952], [-121.862253097188, 37.4771449594409], [-121.862283097325, 37.4772749594059], [-121.8623430976, 37.4774149596637], [-121.862733097587, 37.4779949596689], [-121.863003097026, 37.478464959653], [-121.863043097208, 37.4785649597991], [-121.863053097254, 37.4786349594653], [-121.8630630973, 37.4788249595527], [-121.862953097695, 37.4794749596126], [-121.862933097604, 37.4795449598521], [-121.862883097375, 37.4796549594849], [-121.862873097329, 37.4797349597643], [-121.862893097421, 37.4798749596906], [-121.862943097649, 37.4800949599615], [-121.862973097787, 37.4803549600946], [-121.862973097787, 37.4804749600702], [-121.862953097695, 37.4805549594716], [-121.862903097466, 37.4806949600002], [-121.862803097907, 37.4808649597293], [-121.862713097496, 37.4809749595576], [-121.862603097891, 37.4810849599369], [-121.862533097571, 37.4811749601266], [-121.862493097388, 37.4812749594976], [-121.862443098057, 37.481614960207], [-121.862423097966, 37.48167495992], [-121.862373097737, 37.4817449602372], [-121.862313097463, 37.4818149597759], [-121.862293097371, 37.4818749600411], [-121.862293097371, 37.4819649599922], [-121.862323097508, 37.4820449599369], [-121.862383097783, 37.4821349596833], [-121.862454097928, 37.4821609602393], [-121.862539097418, 37.4821929601435], [-121.862651097571, 37.4822719597148], [-121.862714098219, 37.4823159596924], [-121.862763097724, 37.4823549597157], [-121.862893097421, 37.4824949597231], [-121.86295009822, 37.4825429600726], [-121.862963097741, 37.4825549601552], [-121.863073098244, 37.4826249596478], [-121.863233098078, 37.4826849599755], [-121.863523097608, 37.4827649598622], [-121.863623098065, 37.4828049597734], [-121.863703098431, 37.4828549601669], [-121.863763097807, 37.482914959597], [-121.86380309799, 37.4829839600583], [-121.863863098264, 37.483084959978], [-121.863883098356, 37.483154959687], [-121.863883098356, 37.4832939602182], [-121.863883098356, 37.4833349599614], [-121.863881097808, 37.4833789600259], [-121.86387509796, 37.4836349596926], [-121.863892098577, 37.4837229601552], [-121.863894098227, 37.4837669599911], [-121.863891097854, 37.4838189599583], [-121.863888098379, 37.4838729601052], [-121.863872098485, 37.4839119600287], [-121.863858098242, 37.4839509599317], [-121.8638360985, 37.4839929601336], [-121.863821098432, 37.4840279602837], [-121.863799097792, 37.4840679602316], [-121.863782098074, 37.484091959905], [-121.86376809783, 37.4841159602834], [-121.863753097761, 37.4841559601842], [-121.863734098393, 37.4842079598806], [-121.863719098324, 37.484245960239], [-121.863704098256, 37.4842799601682], [-121.863689098187, 37.4843239596761], [-121.863674098119, 37.4843499601832], [-121.863648098179, 37.4843859602672], [-121.863614097844, 37.484426960124], [-121.863579098582, 37.4844589597705], [-121.86355009827, 37.4844839601309], [-121.863507098612, 37.4845209602497], [-121.863473098277, 37.4845599598348], [-121.863435097744, 37.4846219602301], [-121.864188097954, 37.4846299603003], [-121.865280098099, 37.4846419600477], [-121.865305098213, 37.484624959811], [-121.866347098129, 37.4839569598602], [-121.867010098826, 37.4835339598035], [-121.867597098456, 37.483163959319], [-121.867797098473, 37.483037959383], [-121.869359098971, 37.4820539597026], [-121.869947098426, 37.4816849591546], [-121.869952098449, 37.4816699592329], [-121.869991098807, 37.481588959461], [-121.870014099272, 37.4815429594898], [-121.870069098625, 37.4814499593221], [-121.870089098716, 37.4812959596407], [-121.870069098625, 37.4811909595788], [-121.870055098381, 37.4811199593107], [-121.870058098754, 37.4810319593466], [-121.870061099127, 37.4809659589491], [-121.870089098716, 37.480812959132], [-121.870128099075, 37.4807339594439], [-121.870144098968, 37.4807029590652], [-121.870227098809, 37.4805979595957], [-121.870330098741, 37.4805209592731], [-121.870352098482, 37.4804979593187], [-121.870404098361, 37.4804439588712], [-121.870420099153, 37.4804279592591], [-121.870502099168, 37.480333958974], [-121.870530098757, 37.4802609590048], [-121.87057009894, 37.4801969589535], [-121.870578098438, 37.4801809592886], [-121.870626099017, 37.4800709590043], [-121.870660098454, 37.4799439593949], [-121.870660098454, 37.4798119594711], [-121.870653098781, 37.4797189592876], [-121.870674098697, 37.4796309590993], [-121.870743098294, 37.4795429588074], [-121.870798098546, 37.4794549591247], [-121.870897099179, 37.4793629593781], [-121.870922098395, 37.4793399590673], [-121.871060098487, 37.4792459588393], [-121.871508099099, 37.479003958679], [-121.871721098636, 37.4788719592334], [-121.872569099281, 37.4783829590769], [-121.872755099054, 37.4782569589205], [-121.872879098902, 37.4782019588082], [-121.872989098507, 37.4781409589733], [-121.873155099087, 37.4780589587546], [-121.873320098943, 37.4780149591218], [-121.873344099233, 37.4780059588696], [-121.873451099363, 37.4779709587501], [-121.873534099204, 37.4779319585772], [-121.873658099052, 37.477882958642], [-121.873706098733, 37.4778499588421], [-121.87391309932, 37.4775749585169], [-121.8740220991, 37.4774119583675], [-121.874228098964, 37.4766419586634], [-121.874303099308, 37.4763669588832], [-121.874625098625, 37.4757719586824], [-121.875218099001, 37.475219958389], [-121.875792099112, 37.4750039582183], [-121.876275098986, 37.4749289582902], [-121.876517098835, 37.475125957969], [-121.876580099482, 37.4751219584945], [-121.876801099415, 37.4751379585297], [-121.876973098944, 37.4751879583503], [-121.87712509928, 37.4752209586128], [-121.877181099357, 37.4752259583056], [-121.877249099129, 37.4752319582218], [-121.877463099389, 37.4751879583503], [-121.877601099481, 37.4750669582138], [-121.877739099574, 37.4749079584965], [-121.877835098935, 37.4746779584684], [-121.877918099674, 37.4744249580477], [-121.878008099187, 37.4742109581926], [-121.878125099363, 37.4740509578407], [-121.878249099212, 37.4739199584427], [-121.878413099243, 37.4737679579881], [-121.878636098826, 37.4735629577531], [-121.878808099253, 37.4734469583622], [-121.878932099102, 37.4733369581466], [-121.879015098943, 37.4731949583029], [-121.879091099111, 37.4729529577971], [-121.879108098829, 37.4729129576027], [-121.879271099036, 37.47254695761], [-121.87933309896, 37.4723539578857], [-121.879478099623, 37.4721729579869], [-121.879699099556, 37.4719369579174], [-121.87987209891, 37.4717939579961], [-121.879913098918, 37.4717609576464], [-121.880264099446, 37.4715529575047], [-121.880554098976, 37.4714049576136], [-121.88072309903, 37.4713239574094], [-121.880878099739, 37.4712509579072], [-121.881168099269, 37.4710809576962], [-121.881650099318, 37.4708719575191], [-121.882009099343, 37.4707129574331], [-121.882120099671, 37.4706879574561], [-121.882285099528, 37.4706529574742], [-121.882429099468, 37.4706029574717], [-121.882616099964, 37.4705589577269], [-121.883098100013, 37.4706749573222], [-121.88334609971, 37.4707579573707], [-121.883477099231, 37.4707689576366], [-121.883615099323, 37.4707579573707], [-121.883753099415, 37.4707359575472], [-121.883904099926, 37.4707739576272], [-121.884035099448, 37.4708399577577], [-121.88430409996, 37.4711259574122], [-121.884382099777, 37.4711779576207], [-121.884428099808, 37.4712089576729], [-121.884573099573, 37.4712799573761], [-121.8847451, 37.4713349575919], [-121.884945100017, 37.4713899570543], [-121.885172099798, 37.4714179576206], [-121.885427100066, 37.4714119573983], [-121.885979100435, 37.4713799571551], [-121.886324100216, 37.4712919571285], [-121.887055100686, 37.4710889570773], [-121.887427100231, 37.4710179571926], [-121.887751100096, 37.4709409569804], [-121.8880401007, 37.4708259573676], [-121.888399100725, 37.4706559569029], [-121.888675100011, 37.4705399572782], [-121.889006100447, 37.470369956876], [-121.88919210022, 37.4702599571228], [-121.889365100472, 37.4701069567755], [-121.8895371009, 37.469881956996], [-121.889684100315, 37.469631956922], [-121.889703100581, 37.4696009569287], [-121.889806100513, 37.4693869568084], [-121.889951100278, 37.4691179571206], [-121.89004110069, 37.4689149568691], [-121.890255100052, 37.4685739565299], [-121.890420100807, 37.4683269565946], [-121.890648100412, 37.4681129563919], [-121.890772100261, 37.4680429568523], [-121.890869100345, 37.4679869567457], [-121.891144100705, 37.4679149564451], [-121.891399100973, 37.4678549563792], [-121.891958101015, 37.4678169562414], [-121.892213100385, 37.4677509562937], [-121.892502100988, 37.4677459568138], [-121.892971100618, 37.4676799568034], [-121.893247100802, 37.467668956796], [-121.893619101246, 37.4676799568034], [-121.893805101019, 37.4676749566059], [-121.894074100633, 37.4676419565766], [-121.894308100985, 37.4676249567503], [-121.89463210085, 37.4675869564955], [-121.895005101119, 37.4675489562214], [-121.895666101268, 37.4674169565075], [-121.895901101444, 37.467356956042], [-121.896101101461, 37.4673179560344], [-121.896314100998, 37.4672969562413], [-121.896521101585, 37.467208956399], [-121.896659101678, 37.4671259559748], [-121.896838100879, 37.4670769560848], [-121.896997100888, 37.4670499563646], [-121.897355101088, 37.4670279561628], [-121.897666101433, 37.4669779558745], [-121.897866101449, 37.4668849561192], [-121.898051101397, 37.4667729562681], [-121.898065101641, 37.4667639560881], [-121.898223101825, 37.4667149559609], [-121.898319101186, 37.4666659558016], [-121.898395101354, 37.4665559563018], [-121.898855101662, 37.4659589557336], [-121.898986101183, 37.4658499562557], [-121.899266101565, 37.465778955673], [-121.899617101195, 37.4657239556474], [-121.899906101798, 37.465646955686], [-121.900146101997, 37.4655269561437], [-121.90039310187, 37.4654339560094], [-121.900791101355, 37.4652149557193], [-121.901024101881, 37.4650949554837], [-121.901244101989, 37.4649969558613], [-121.901320102157, 37.464962955715], [-121.901537101892, 37.4649089554507], [-121.901582102098, 37.4648979557486], [-121.902078101492, 37.4647989555048], [-121.902244102072, 37.4647499555157], [-121.90239210221, 37.4647069555425], [-121.902588102029, 37.464650955789], [-121.902677101717, 37.464646955754], [-121.902769101779, 37.4646419553536], [-121.902830101878, 37.4646399553359], [-121.903047101613, 37.4646629551795], [-121.903140102398, 37.4646729552642], [-121.903300102231, 37.4646729552642], [-121.903346102262, 37.4646729552642], [-121.903588102111, 37.4646289555942], [-121.903773102059, 37.4645829551661], [-121.903930102418, 37.4645449555041], [-121.904080102206, 37.4645069551098], [-121.904309102535, 37.4644509552065], [-121.904352102193, 37.464439955437], [-121.904367102261, 37.4644369557588], [-121.904413102292, 37.4644239552508], [-121.904533101942, 37.4643929552369], [-121.904684102454, 37.4643549554783], [-121.904754101875, 37.4643379556176], [-121.904964101938, 37.4642879556693], [-121.905035102083, 37.4642719554507], [-121.905078102639, 37.4642639553401], [-121.90520910216, 37.4642389553453], [-121.905253102541, 37.464231955602], [-121.9055321022, 37.4641209550008], [-121.906014102249, 37.4639319549855], [-121.906367102427, 37.4638359553039], [-121.90638510197, 37.4638309555623], [-121.906679102596, 37.4637639552837], [-121.906733102124, 37.4637509553717], [-121.90684810265, 37.4637249548278], [-121.907024102378, 37.46363295497], [-121.907121102462, 37.4635939551588], [-121.907107102218, 37.4635069549034], [-121.9070901025, 37.4634149554904], [-121.907082102104, 37.4633689550283], [-121.90723610209, 37.4633189551451], [-121.90730410276, 37.4632969552714], [-121.907324102852, 37.4632909551103], [-121.907352102441, 37.4633579550997], [-121.907401102844, 37.4634749548414], [-121.907480102487, 37.4634419550974], [-121.907613102557, 37.4634149547773], [-121.908099102803, 37.4632149551667], [-121.908137102438, 37.4632039552154], [-121.908594102373, 37.4630479549536], [-121.908741102686, 37.4630359553039], [-121.908936102679, 37.4630179547562], [-121.909142102544, 37.4629999549173], [-121.909175103054, 37.4629829547484], [-121.911345103099, 37.4622409544359], [-121.91090010286, 37.4614909549092], [-121.912028102989, 37.4609649547709], [-121.912665102849, 37.4606549546861], [-121.912843103124, 37.4605709544097], [-121.913044102965, 37.4604759543993], [-121.913190103453, 37.4604069545487], [-121.913472103486, 37.4602519545799], [-121.913916103001, 37.4600259546615], [-121.914410102746, 37.4597789542945], [-121.914897102818, 37.4595529543727], [-121.915349103628, 37.4593139545106], [-121.915818103258, 37.4591039537984], [-121.916372103276, 37.4588449543421], [-121.917110103418, 37.4584779541931], [-121.917278103648, 37.4583959537952], [-121.917366103511, 37.4583499538108], [-121.918941103529, 37.4575029540489], [-121.919031103941, 37.4574559537668], [-121.921088104008, 37.4563469536067], [-121.922318104244, 37.4556839536272], [-121.922582103835, 37.4555429535416], [-121.922850103624, 37.4553909535157], [-121.922975104195, 37.4553219532518], [-121.923014103655, 37.455300953655], [-121.923275103771, 37.4551579532891], [-121.923580104268, 37.4549909529097], [-121.924388103832, 37.4545639530664], [-121.924411104296, 37.4545519534815], [-121.924493104312, 37.4545109529242], [-121.92460610429, 37.4544459531424], [-121.924759104451, 37.4543589529402], [-121.925054104004, 37.454190953124], [-121.925237104302, 37.4542979529021], [-121.925367103998, 37.4542989534058], [-121.925406104356, 37.4542999531964], [-121.925561104167, 37.4543939527059], [-121.925579104608, 37.4543949532083], [-121.925634103962, 37.4543999528678], [-121.925653104228, 37.4544019531594], [-121.925725104198, 37.4544219532197], [-121.925796104343, 37.4544409527729], [-121.925958104725, 37.4544839529449], [-121.92621010462, 37.4545509529812], [-121.926307104705, 37.4545779529363], [-121.926369104629, 37.4547129532786], [-121.926430104728, 37.4548459530977], [-121.926443104249, 37.4548729529463], [-121.926584104714, 37.4550259530927], [-121.92659410476, 37.4550369528209], [-121.926617104326, 37.455064953094], [-121.926768104837, 37.4552459530529], [-121.926873104419, 37.4552509533687], [-121.926914104427, 37.4552539527022], [-121.926984104747, 37.4552249527216], [-121.927053104344, 37.4551979530001], [-121.927089104329, 37.4551839532463], [-121.927376104384, 37.4550339527655], [-121.927397104301, 37.4550409526567], [-121.92763510485, 37.4551359531537], [-121.927646104721, 37.4551409527637], [-121.927668104462, 37.4551529529672], [-121.927799104882, 37.4552189526259], [-121.927863104456, 37.4552669526653], [-121.927873104502, 37.4552839531621], [-121.927902104814, 37.4553379532463], [-121.927913104685, 37.45535695328], [-121.927879104349, 37.4554209532075], [-121.927809104928, 37.4555549529675], [-121.927739104607, 37.4556879527154], [-121.927572105101, 37.4560049532252], [-121.927508104629, 37.4561279530859], [-121.9274541051, 37.4562839528095], [-121.927433104286, 37.4563769529151], [-121.927431104636, 37.4565479528074], [-121.927474105192, 37.4567099530578], [-121.927574104751, 37.456929953056], [-121.927806104554, 37.4571289533235], [-121.928038105256, 37.4572549534412], [-121.928179104823, 37.4573079530651], [-121.928310105243, 37.4573369529511], [-121.928457104658, 37.4573989531121], [-121.928622105413, 37.4572809533825], [-121.928815104858, 37.4571449529314], [-121.928939104707, 37.4570569532627], [-121.92906210473, 37.4569699532455], [-121.929141105271, 37.456913952689], [-121.929220104914, 37.4568579528037], [-121.929386105494, 37.4568699527317], [-121.929494105449, 37.4568449531172], [-121.930148105027, 37.4566959528739], [-121.930296105165, 37.456619952645], [-121.930544104862, 37.4564939528836], [-121.930965104811, 37.4561629527368], [-121.931387105484, 37.4558339528044], [-121.931475105348, 37.4557649529493], [-121.93208210507, 37.455281952894], [-121.932639105462, 37.4551519524749], [-121.932912105273, 37.4554519526625], [-121.932897105205, 37.4558489529195], [-121.932889105707, 37.4562439529662], [-121.932725105676, 37.4568469526303], [-121.932669105599, 37.456923953097], [-121.932595105979, 37.4569469524617], [-121.932520105636, 37.4569699525324], [-121.932208105467, 37.4570659524719], [-121.931895105472, 37.4571629527536], [-121.931258105613, 37.4573579526893], [-121.931141105437, 37.4573949526892], [-121.93119210549, 37.4579159528446], [-121.931423105469, 37.458191953215], [-121.931464105477, 37.4584039531075], [-121.931534105797, 37.4588359532078], [-121.931383105286, 37.4591049528116], [-121.931403105378, 37.4595999533368], [-121.931141105437, 37.4601629531507], [-121.931212105582, 37.4604179534854], [-121.931212105582, 37.4606489528868], [-121.931484105568, 37.4609159529822], [-121.931947106249, 37.4609819532593], [-121.932098105862, 37.4610039531011], [-121.932683105843, 37.4609789534425], [-121.933391105847, 37.4607669530065], [-121.933082106051, 37.460742952973], [-121.932954106004, 37.4606719532451], [-121.932791105798, 37.4605809529026], [-121.932629106314, 37.4604909528702], [-121.932508105941, 37.460423953164], [-121.932387105567, 37.4603569533978], [-121.932909105799, 37.460270953365], [-121.933591105864, 37.4602759526318], [-121.934129105989, 37.4603359530756], [-121.934745105932, 37.4605289531665], [-121.93495410617, 37.4606689527027], [-121.935150105988, 37.4608449527053], [-121.935255106469, 37.4610729531138], [-121.935290106629, 37.4613319526968], [-121.935309106895, 37.4614259526375], [-121.935268106887, 37.4615089529723], [-121.93522710688, 37.4615909528089], [-121.934960106916, 37.4621249531622], [-121.934963106391, 37.4621499531507], [-121.934973106436, 37.4622399533254], [-121.93498910633, 37.4623809529059], [-121.935000106201, 37.4624689527268], [-121.935393106561, 37.4626739527262], [-121.936038106816, 37.4629339528561], [-121.936491106553, 37.4628879528112], [-121.937897107415, 37.4626039530852], [-121.937971107035, 37.4625899525787], [-121.93834110693, 37.4625149530295], [-121.938710107001, 37.4624409530867], [-121.938813106934, 37.4624199526367], [-121.938916106866, 37.4623989528939], [-121.939254106975, 37.4624919525251], [-121.939527107684, 37.4627149530864], [-121.940036107497, 37.4631299531024], [-121.940192107133, 37.4634679528875], [-121.940475107889, 37.4640799525594], [-121.940528107592, 37.4643509525755], [-121.940607107235, 37.4644549531128], [-121.940805107601, 37.4647139531023], [-121.941098107504, 37.4649529528169], [-121.941195107589, 37.4649509528076], [-121.941291107848, 37.4649489527981], [-121.941504107385, 37.4649489527981], [-121.941591107424, 37.4649499524463], [-121.942370107574, 37.4649679525289], [-121.943058108385, 37.465108952669], [-121.943114108462, 37.465120952699], [-121.943270108097, 37.4652189528718], [-121.943377108227, 37.4652859525595], [-121.943484108357, 37.4653529529002], [-121.943792108329, 37.4654619523897], [-121.944239108218, 37.4658269524993], [-121.944348107998, 37.4660979526], [-121.944345108523, 37.4663139528397], [-121.944330108454, 37.4674049525681], [-121.944157108202, 37.4676279527356], [-121.944150108529, 37.468123952769], [-121.944257108659, 37.4685309530523], [-121.944535108494, 37.4688939532467], [-121.944927109029, 37.4691679531256], [-121.945492108919, 37.4691729532234], [-121.94590710902, 37.4690109528808], [-121.945947109203, 37.468995952554], [-121.946462108864, 37.4685949531124], [-121.946692109018, 37.4682819530545], [-121.946794109125, 37.4679699527199], [-121.946810109019, 37.4679229526], [-121.946925108647, 37.4677879525769], [-121.946927109195, 37.46765295231], [-121.947100108549, 37.4674289526021], [-121.94700010899, 37.4664819525155], [-121.947003108464, 37.4662569525202], [-121.946785108904, 37.4656689527291], [-121.946637108766, 37.4654129521221], [-121.946289108612, 37.4648079523562], [-121.946180108832, 37.4644919524532], [-121.946187108505, 37.4639509521225], [-121.946422108681, 37.4633669521245], [-121.947054108518, 37.4626069521239], [-121.947855108409, 37.461982951985], [-121.948139108091, 37.4618499520237], [-121.948992108759, 37.4615429518371], [-121.949388108594, 37.461500951853], [-121.949615108375, 37.4614129516059], [-121.950746108877, 37.4614229521254], [-121.951779108572, 37.4614599515401], [-121.951934109281, 37.4614659518481], [-121.952832109256, 37.4616789514204], [-121.953404109717, 37.4619499515824], [-121.954122109767, 37.4621169513957], [-121.954400109602, 37.4621909516592], [-121.95441510967, 37.4621979515936], [-121.954464109176, 37.4622089516929], [-121.955391109463, 37.4625869514003], [-121.955592109305, 37.4626449513448], [-121.955902109825, 37.4627349516367], [-121.957637109676, 37.4632039516502], [-121.959274110517, 37.4635099510537], [-121.959326110395, 37.4635199512927], [-121.964170111173, 37.463155951001], [-121.965964111474, 37.4628179505185], [-121.967077111535, 37.462491951099], [-121.968087111663, 37.4621729509081], [-121.968125111298, 37.4621549508656], [-121.968537111925, 37.4619579505145], [-121.970834112192, 37.4615119506287], [-121.974484112718, 37.4607439498253], [-121.974719111996, 37.4607449502428], [-121.974785112119, 37.4607439498253], [-121.975084112768, 37.4606439500798], [-121.978487112524, 37.4608139497814], [-121.979084113098, 37.460843949437], [-121.98002711328, 37.4608969493695], [-121.980184113639, 37.460943949628], [-121.989448114872, 37.4636859493604], [-121.992682115472, 37.464643948954], [-121.992988115793, 37.4649279487745], [-121.994324116335, 37.4660539487776], [-121.995515116214, 37.4667489488935], [-121.996484116334, 37.4670439493747], [-121.996684116351, 37.4672439487245], [-121.997184116841, 37.4671439491165], [-121.997784116891, 37.4671439491165], [-121.998261116917, 37.4670999487617], [-121.99983511711, 37.4669579484773], [-121.999985116898, 37.4669439487861], [-122.001086117263, 37.4668489490299], [-122.00244711702, 37.4667319488642], [-122.003809117501, 37.4666149485152], [-122.016228118794, 37.4655449475312], [-122.020885119974, 37.4651439474035], [-122.021166120181, 37.465077947235], [-122.022214119944, 37.4651299473726], [-122.022485120106, 37.4651439466905], [-122.022539120533, 37.4651549470694], [-122.023500120257, 37.4653599468345], [-122.023821120648, 37.4654289471055], [-122.025438120498, 37.4656349471843], [-122.026872120949, 37.46553494685], [-122.027788121367, 37.4654739466589], [-122.029909121007, 37.4653219468544], [-122.031664121849, 37.4652459461232], [-122.033769121596, 37.4651309463054], [-122.034822122281, 37.4650549460931], [-122.036195121734, 37.4649709457686], [-122.037279122381, 37.4647039458928], [-122.038088122668, 37.4643149456918], [-122.03838312222, 37.4641649457005], [-122.040711122449, 37.4629799457424], [-122.041780123027, 37.4622969452989], [-122.042554123154, 37.461815945455], [-122.043308123189, 37.4614039450763], [-122.043407122923, 37.4613499450938], [-122.044412123029, 37.4607779447597], [-122.044487123372, 37.4607349453543], [-122.04460012335, 37.460670944983], [-122.045284123065, 37.4602809447675], [-122.045870122871, 37.4599429448368], [-122.046587123097, 37.4595309448342], [-122.047838123249, 37.4590119446894], [-122.048198123099, 37.4589779446737], [-122.048983123097, 37.4589049445249], [-122.050326123311, 37.4589049445249], [-122.050776123573, 37.4589559442359], [-122.051257123797, 37.4590119446894], [-122.051944123885, 37.4592559441386], [-122.052661124111, 37.459660944059], [-122.057499125041, 37.4627119440696], [-122.059686125702, 37.4640919441983], [-122.059738125581, 37.4603989440417], [-122.059896123968, 37.4493209430708], [-122.059949123672, 37.4456289429801], [-122.059963123915, 37.4452289429468], [-122.059991123504, 37.4444279422476], [-122.060005123748, 37.4440269422844], [-122.060019123093, 37.4436269422449], [-122.059952123146, 37.4417099422638], [-122.059946123299, 37.4415239425538], [-122.059873122605, 37.4394209422441], [-122.05986112291, 37.4390679422861], [-122.059780122719, 37.436751942092], [-122.059752122231, 37.4359599415568], [-122.059700122353, 37.4344359415556], [-122.059687121934, 37.4340629418318], [-122.059686122109, 37.4340439413831], [-122.059692121957, 37.4335979419654], [-122.059698121805, 37.4331519413168], [-122.059702122003, 37.4328789415198], [-122.059710122399, 37.4322469416391], [-122.059740121638, 37.4301669414722], [-122.059777121448, 37.4274539414653], [-122.05978412112, 37.4268589408463], [-122.059785121843, 37.4268439413391], [-122.058018121307, 37.4266189412366], [-122.057381121447, 37.4265539414774], [-122.057285121188, 37.4265439412899], [-122.056253120419, 37.4264929415972], [-122.053291120704, 37.4263469413195], [-122.050952119707, 37.4262309414529], [-122.049839119646, 37.4261759415948], [-122.049185120068, 37.4261439419701], [-122.047584119213, 37.4264579416201], [-122.046722119222, 37.426627941967], [-122.043585118707, 37.4272439426261], [-122.042771119295, 37.427167942439], [-122.041148118699, 37.427016942702], [-122.041130118257, 37.4270149423916], [-122.041102118668, 37.4270119426393], [-122.041077118553, 37.4270099423288], [-122.041060118835, 37.4270089421735], [-122.040431118473, 37.4269519425749], [-122.039642118278, 37.4268799427195], [-122.038753118523, 37.4267849427251], [-122.037131117751, 37.4266539425652], [-122.036118118148, 37.426562942929], [-122.035793117559, 37.4265349426895], [-122.035323118105, 37.4264549425588], [-122.035053117768, 37.426354942632], [-122.034933117219, 37.4263049429752], [-122.035093117951, 37.425494942884], [-122.035233117693, 37.4250249423893], [-122.035513117177, 37.4242249425033], [-122.035893117119, 37.4230849427004], [-122.036413117701, 37.421614942567], [-122.036733117368, 37.4206749419972], [-122.036753117459, 37.4206049422948], [-122.036937117582, 37.4201069419934], [-122.037043116989, 37.419004942264], [-122.037103117264, 37.4187449421336], [-122.037109117111, 37.41855194198], [-122.037123117355, 37.4181849418054], [-122.037123117355, 37.4178149418521], [-122.037123117355, 37.4171739420741], [-122.037123116457, 37.4168549419911], [-122.037123116457, 37.4167149418007], [-122.037118116434, 37.415939942052], [-122.037113116411, 37.4150249416368], [-122.037121116807, 37.4136179413562], [-122.037123116457, 37.4133649412978], [-122.037103116365, 37.412844941645], [-122.037105116015, 37.4119059412349], [-122.037117116609, 37.411053941175], [-122.037155116244, 37.4085009411445], [-122.037169115589, 37.4076499413042], [-122.037149115498, 37.4073149410632], [-122.037092115596, 37.406309940629], [-122.03707311533, 37.4059749408186], [-122.037114115338, 37.4059239406756], [-122.037146115125, 37.4050779409209], [-122.037250114882, 37.4023469409124], [-122.037268115323, 37.4018949402806], [-122.037279115194, 37.4016329404281], [-122.037283115392, 37.4015249405001], [-122.037284115217, 37.401492940333], [-122.037286114867, 37.4014369403644], [-122.037290115065, 37.4014109402883], [-122.037303115483, 37.4013349402886], [-122.037308115506, 37.4013099406756], [-122.037321115027, 37.4012299407162], [-122.037336115095, 37.401140940447], [-122.037360115385, 37.4009899403257], [-122.03737411473, 37.4009109405284], [-122.037176115262, 37.4008649401746], [-122.036953114781, 37.4008149406267], [-122.036595114581, 37.4007529406842], [-122.03640511461, 37.4007199403947], [-122.036314115271, 37.4007039408546], [-122.036041114562, 37.4006579403737], [-122.035950115223, 37.4006419408203], [-122.035905115018, 37.4006289406455], [-122.035831114499, 37.4006079406876], [-122.03576811475, 37.4005939407125], [-122.035723114544, 37.4005849404212], [-122.035268115158, 37.4004869405102], [-122.034966115034, 37.4004239404997], [-122.033908114327, 37.4001859406956], [-122.03345511459, 37.400083941058], [-122.032780114198, 37.3999319404308], [-122.031352114493, 37.3996109408117], [-122.030981113874, 37.3995269405176], [-122.030894113835, 37.3995079405825], [-122.030755113918, 37.3994779406], [-122.0300791137, 37.3993349406134], [-122.029974114118, 37.3993119406699], [-122.029659113576, 37.3992449411357], [-122.029554113994, 37.3992229409773], [-122.029417113726, 37.3991939406938], [-122.029009113297, 37.3991069412033], [-122.028873113753, 37.3990779408749], [-122.028673113737, 37.3990349409825], [-122.028073113687, 37.3989069409743], [-122.027873113671, 37.3988649408014], [-122.027843113533, 37.3988569408337], [-122.027753113122, 37.3988329409256], [-122.027723113883, 37.3988249409545], [-122.027242113659, 37.3987169412615], [-122.02531311274, 37.3982849409332], [-122.024723112736, 37.3981749415223], [-122.02449711278, 37.3981249408933], [-122.024120113212, 37.3980409410746], [-122.02298911271, 37.3977909414309], [-122.022680112913, 37.3977229414179], [-122.022652112426, 37.39779394164], [-122.022611112418, 37.3979079416449], [-122.022553112692, 37.3978949409958], [-122.02246311228, 37.3978649410812], [-122.0215731127, 37.3976749415814], [-122.020767111888, 37.3974959412213], [-122.020583112663, 37.3974549415211], [-122.019763112506, 37.3972849413242], [-122.018663111966, 37.3970449418591], [-122.017583111517, 37.3968149415019], [-122.017613111654, 37.3967149412505], [-122.017638111768, 37.3966589412798], [-122.017663111883, 37.3966049416763], [-122.017413111638, 37.3965449415161], [-122.017103112016, 37.3964849413079], [-122.016363111326, 37.3963299416776], [-122.015573111306, 37.396164941765], [-122.015479111594, 37.3961439419837], [-122.013199111047, 37.3956459417739], [-122.012963111045, 37.3955949417376], [-122.012896111098, 37.3955809415396], [-122.012873110633, 37.3955769420943], [-122.012842110671, 37.3955689417757], [-122.012818110382, 37.395562941893], [-122.012843110496, 37.3954949419995], [-122.012916111189, 37.3952929416791], [-122.012941110405, 37.3952239416745], [-122.013029111167, 37.3949669413987], [-122.013061110954, 37.3948739420593], [-122.013263110621, 37.3941859414814], [-122.013321110347, 37.3939889413283], [-122.013336110416, 37.3939239417981], [-122.013375110774, 37.3938109413279], [-122.013533110957, 37.3933549417481], [-122.013605110927, 37.3930159415351], [-122.013733110974, 37.3925249412684], [-122.013806110769, 37.3923059416982], [-122.014003110412, 37.3917249411198], [-122.014032110725, 37.3916509411172], [-122.014118110938, 37.3914369414315], [-122.014135110657, 37.3913939414376], [-122.014143110154, 37.3913749415818], [-122.014171110642, 37.3912589410807], [-122.014183110337, 37.3912149410652], [-122.014238110589, 37.3910479414687], [-122.014323110079, 37.3907949415637], [-122.014333110125, 37.3907749416307], [-122.014403110445, 37.3905489410178], [-122.014455110324, 37.3903819413651], [-122.014504110728, 37.3902209409375], [-122.01451311005, 37.3901949412527], [-122.014663110736, 37.3897949412325], [-122.014677110082, 37.3897479412541], [-122.014727110311, 37.3895879408336], [-122.014776110714, 37.3894259408986], [-122.014793110433, 37.3893749409127], [-122.014893109992, 37.3890749413848], [-122.014933110175, 37.3889449408835], [-122.014983110404, 37.3887849408904], [-122.0151131101, 37.3888049413543], [-122.015353110299, 37.3880849412775], [-122.015573110407, 37.3874249410807], [-122.015817109907, 37.3866979407403], [-122.015745109937, 37.3866799411019], [-122.015623110636, 37.3866549408832], [-122.015663109921, 37.3864649408047], [-122.015703110104, 37.3863149410787], [-122.015723110195, 37.386284940812], [-122.015858109915, 37.3861849407879], [-122.015913110166, 37.3861449405983], [-122.015943110303, 37.3855949406436], [-122.015963110395, 37.3851949403488], [-122.015963110395, 37.3849249406208], [-122.015963110395, 37.3848649403907], [-122.015933110258, 37.3847649406141], [-122.015843109846, 37.3846049409797], [-122.015733110241, 37.3844349409048], [-122.015563110362, 37.3842249406581], [-122.015413109676, 37.3840649405851], [-122.015173109476, 37.3838849405411], [-122.014893109992, 37.3837449408427], [-122.014643109747, 37.3836549404906], [-122.014193109485, 37.3835349408048], [-122.014000110039, 37.3834779409582], [-122.013853109726, 37.3834349406821], [-122.013573109344, 37.383334940426], [-122.013253109677, 37.3831049408298], [-122.013093109843, 37.3829649403888], [-122.012943109157, 37.3827449406973], [-122.012753109186, 37.3824949407186], [-122.012483108849, 37.3820649404902], [-122.012473109702, 37.3820349406645], [-122.012303108924, 37.3817749407201], [-122.012133109045, 37.3814349409154], [-122.012063108725, 37.381234940646], [-122.012063108725, 37.3809949404752], [-122.012063108725, 37.3808849406756], [-122.012093108862, 37.380654940703], [-122.012223109457, 37.380334940685], [-122.01255310917, 37.379714940155], [-122.012663108774, 37.3794649407823], [-122.012703108957, 37.3793449401021], [-122.012753109186, 37.3791549400602], [-122.012945108807, 37.3786299402782], [-122.013023108625, 37.3784149404557], [-122.013083108899, 37.3782349404125], [-122.012853108745, 37.3781649403187], [-122.012473108804, 37.3780449404138], [-122.012384109115, 37.3780149404076], [-122.011773108297, 37.3778149402974], [-122.010978108253, 37.3775639402003], [-122.010663108609, 37.3774649400704], [-122.010513108821, 37.3774049402958], [-122.010442108676, 37.3773809406581], [-122.010232108614, 37.377310940481], [-122.010162108294, 37.3772879402046], [-122.009973108148, 37.377224940684], [-122.009857108695, 37.377183940605], [-122.009803108268, 37.3771649407174], [-122.00893910773, 37.376883940128], [-122.008633108306, 37.3767849405281], [-122.008223108228, 37.3766749402643], [-122.007813108149, 37.3765849407073], [-122.007783108011, 37.3765749402739], [-122.007363107887, 37.3764949403283], [-122.006503107546, 37.3764549406805], [-122.005953107725, 37.3764549406805], [-122.005260107789, 37.3765309409212], [-122.005233107127, 37.3765349406687], [-122.004573107701, 37.3766649405569], [-122.004428107038, 37.3767099406578], [-122.004160107249, 37.3767919405979], [-122.004050107644, 37.3768259408253], [-122.004118107416, 37.3765589405772], [-122.004692107527, 37.3739979407054], [-122.004719107291, 37.3739169407166], [-122.002980107241, 37.3739329409769], [-122.002763106608, 37.373934940563], [-122.002296106628, 37.373934940563], [-122.000733106306, 37.373934940563], [-122.000013106605, 37.3739449406345], [-121.999973106422, 37.3739549407046], [-121.999143106219, 37.3739549407046], [-121.997693105874, 37.3739549407046], [-121.997473105766, 37.3739549407046], [-121.996898105831, 37.3739739414053], [-121.996593106233, 37.373984940907], [-121.996323105896, 37.3739949409718], [-121.996213106291, 37.373984940907], [-121.995983106137, 37.373984940907], [-121.99559310615, 37.373984940907], [-121.994743105855, 37.373984940907], [-121.994178105965, 37.3739949409718], [-121.993939105591, 37.3739979414193], [-121.992983104991, 37.3740149410974], [-121.992583104958, 37.3740149410974], [-121.991673105287, 37.3740249411582], [-121.99116310475, 37.3740149418113], [-121.991073105237, 37.3740249411582], [-121.989908105298, 37.3740309413368], [-121.989133104448, 37.3740349419315], [-121.987853104881, 37.3740549420465], [-121.987036104198, 37.3740729418598], [-121.986953104357, 37.3740749421561], [-121.986909104875, 37.3740749421561], [-121.986533104233, 37.3740749421561], [-121.986243104703, 37.3740849422089], [-121.985233104574, 37.3740849422089], [-121.985126104444, 37.3740869417909], [-121.984683103855, 37.3740949422603], [-121.983983104246, 37.3740949422603], [-121.982463103582, 37.3741149423593], [-121.982453103536, 37.3740649421019], [-121.982453103536, 37.3740149418113], [-121.982446103863, 37.3736959421705], [-121.982433103445, 37.3729549420839], [-121.982437103642, 37.3727419420312], [-121.98244310349, 37.3724249423144], [-121.98244310349, 37.3723449422259], [-121.98244310349, 37.3722799417788], [-121.98244310349, 37.3722649420521], [-121.98244310349, 37.3721049421625], [-121.982450103163, 37.3718449420603], [-121.982453103536, 37.3717449420556], [-121.982433103445, 37.3717049420164], [-121.982448103513, 37.3716339420728], [-121.982453103536, 37.3716149422072], [-121.982540103575, 37.3714389415701], [-121.982573103187, 37.37137494195], [-121.982418103376, 37.3713699417432], [-121.982415103003, 37.370680941604], [-121.982415103003, 37.3705879421242], [-121.981596103568, 37.3705869419296], [-121.977822102295, 37.3705849422542], [-121.977829102866, 37.3704169422041], [-121.977657102439, 37.3703979420303], [-121.977627102301, 37.3703949421527], [-121.977343102619, 37.3703649419423], [-121.977240102687, 37.370352942426], [-121.977024102777, 37.3703279424755], [-121.976823102936, 37.3703049421997], [-121.976703102387, 37.3702849425127], [-121.976493102324, 37.3702549422584], [-121.976362102803, 37.3702279425904], [-121.975613102791, 37.3700749426224], [-121.97499310265, 37.3699269426457], [-121.974848101986, 37.3698929421468], [-121.97453910219, 37.3698199422203], [-121.974183102538, 37.3697349426076], [-121.973503102122, 37.3695149426588], [-121.97333010187, 37.3694539427405], [-121.972783101523, 37.3692649421285], [-121.972093101961, 37.3689849421449], [-121.969827101656, 37.3680069422841], [-121.968667100842, 37.3675069424775], [-121.968153101006, 37.3672849426575], [-121.967991100624, 37.3672119423352], [-121.965971100367, 37.3663129428511], [-121.965953100824, 37.3663049429797], [-121.9652931005, 37.3660249426585], [-121.965213100134, 37.3659949428426], [-121.965103100529, 37.3659449428848], [-121.964327099854, 37.3656119424016], [-121.962373099719, 37.3647749427852], [-121.961612100011, 37.3644359425897], [-121.961436099386, 37.3643579431051], [-121.960553099479, 37.3639649429035], [-121.960477099311, 37.3639319428419], [-121.9603220995, 37.3638639428208], [-121.959858098995, 37.3636619429615], [-121.959704099009, 37.3635949429835], [-121.959657099153, 37.3635739426478], [-121.959613098772, 37.3635549428829], [-121.959519099061, 37.363513943186], [-121.95947309903, 37.363494942692], [-121.959466099358, 37.3629999428563], [-121.959463098985, 37.3627149429843], [-121.959433098847, 37.361664942383], [-121.959442099068, 37.3615179425544], [-121.959453098939, 37.3613549423544], [-121.959463098985, 37.36102494246], [-121.959161098861, 37.3610189426691], [-121.958863098935, 37.3610149428083], [-121.958255098489, 37.3610149428083], [-121.957953098366, 37.3610149428083], [-121.957482098187, 37.3610239428519], [-121.957443098728, 37.36102494246], [-121.957203098528, 37.3609849431314], [-121.95705309874, 37.3609449430676], [-121.95669309889, 37.360824942748], [-121.956147098369, 37.3605919431149], [-121.955715098549, 37.3604079425378], [-121.955450098235, 37.3602949429688], [-121.955263097739, 37.3602149427982], [-121.954943098072, 37.3600549429152], [-121.954763098147, 37.3598849428889], [-121.954727098162, 37.3598449429528], [-121.954613098359, 37.3597149431916], [-121.954543098039, 37.3596249425659], [-121.954320097558, 37.3593379427535], [-121.954263097656, 37.359264942554], [-121.95364009804, 37.3584879427891], [-121.953413097361, 37.3582049429237], [-121.953213097345, 37.3579549425535], [-121.953083097648, 37.3577449431414], [-121.953043097465, 37.3576249427035], [-121.952993097237, 37.357414943082], [-121.952913097769, 37.3571749431012], [-121.952875097236, 37.3570959428355], [-121.952803097266, 37.3569449425482], [-121.952723097798, 37.3568249429733], [-121.952617097493, 37.3566369430633], [-121.952299097476, 37.3560729426498], [-121.952193097171, 37.3558849429984], [-121.952098096736, 37.3557069425221], [-121.952023097291, 37.3555649429949], [-121.951802097358, 37.3551789423893], [-121.951703096726, 37.3550049425623], [-121.951605096817, 37.3548299426414], [-121.951311097089, 37.3543089427915], [-121.951213097179, 37.354134942376], [-121.951095097179, 37.3539269423924], [-121.950833096339, 37.353464942681], [-121.950748096849, 37.3533029425539], [-121.950713096689, 37.353234942899], [-121.949573096864, 37.3536349429673], [-121.949333096665, 37.3537149430108], [-121.948393096856, 37.3540549427801], [-121.94721309595, 37.3544849429082], [-121.946663096129, 37.3546749433093], [-121.946103096263, 37.3548749429865], [-121.945983096612, 37.3549249431795], [-121.945833095926, 37.3549749433393], [-121.945433095893, 37.3551249429047], [-121.944973096484, 37.355364943014], [-121.944869095828, 37.3554149428806], [-121.944643095872, 37.3555249428985], [-121.944493096085, 37.3555949434101], [-121.944343096297, 37.3556549434908], [-121.94400309564, 37.3557149435234], [-121.943773095486, 37.3557249431671], [-121.943623095698, 37.3557049431643], [-121.943333096168, 37.3556549434908], [-121.943123096106, 37.3555949434101], [-121.942853095769, 37.3554549430356], [-121.942763095358, 37.3554149435947], [-121.942673095844, 37.3553749434184], [-121.942641096057, 37.3553589434847], [-121.941953095246, 37.3550149437288], [-121.941173095271, 37.3546049433678], [-121.940188095257, 37.3540659437739], [-121.939783095201, 37.3538449431674], [-121.938633094432, 37.353234943613], [-121.938463094553, 37.3531149438196], [-121.938393095131, 37.3530849431272], [-121.938313094765, 37.3530149431311], [-121.938233094399, 37.3529649438081], [-121.937833094366, 37.3526749436498], [-121.937688094601, 37.3525549436753], [-121.937493094607, 37.3523949431728], [-121.937253094408, 37.3521349433249], [-121.937183094088, 37.352064943157], [-121.937133094757, 37.3520149432012], [-121.937023094254, 37.3518949435998], [-121.93674309477, 37.3516049435926], [-121.936543094753, 37.3514449432076], [-121.936253094325, 37.3512549432001], [-121.935963093897, 37.3511049437565], [-121.935033094134, 37.3506449433085], [-121.933883093366, 37.3500749436245], [-121.933843094081, 37.3500649432281], [-121.933443094048, 37.3498649435896], [-121.933213093894, 37.349744943408], [-121.933181093209, 37.3497859434857], [-121.93315109397, 37.3498229437978], [-121.933103093391, 37.3498849437203], [-121.933045093665, 37.3499129433229], [-121.933003093832, 37.3499349436665], [-121.932853094044, 37.3498739435419], [-121.932632093213, 37.3500149433684], [-121.932515093935, 37.350087943995], [-121.932393093736, 37.3501559436442], [-121.932266093515, 37.3502179440058], [-121.932135093994, 37.3502729439151], [-121.932147093689, 37.3511789437766], [-121.932148093514, 37.3512239434539], [-121.932093093262, 37.3511949438872], [-121.931858093984, 37.3510789440796], [-121.930054093637, 37.3501659440285], [-121.924642091698, 37.347429943752], [-121.923786091556, 37.3469969438199], [-121.922838091352, 37.3465179441179], [-121.922673091495, 37.3464299436988], [-121.922179091751, 37.3461659439649], [-121.922132091895, 37.3461409438122], [-121.922015091719, 37.3460779438474], [-121.921922091833, 37.3460319441344], [-121.921538091693, 37.3458399443762], [-121.92011009109, 37.3451289437524], [-121.919634090889, 37.3448919439528], [-121.919344091359, 37.3447359442731], [-121.918475090798, 37.3442709442116], [-121.918186091093, 37.3441159445033], [-121.917814090649, 37.3439299438599], [-121.916698090215, 37.343374944408], [-121.916327090494, 37.3431899439172], [-121.916360090106, 37.3432259440638], [-121.916462090213, 37.3433369439313], [-121.916496090549, 37.3433739438506], [-121.916235090433, 37.3432399440369], [-121.915452090085, 37.3428399442898], [-121.915192089794, 37.3427069440894], [-121.914883089997, 37.3425509441555], [-121.91395608971, 37.3420839444125], [-121.913648089738, 37.3419289444752], [-121.913410090087, 37.3418119440573], [-121.912696089336, 37.3414619444351], [-121.91245908951, 37.3413459445881], [-121.912366089623, 37.3414089442379], [-121.912253089645, 37.3414879445855], [-121.912087089964, 37.3415969444316], [-121.911994089179, 37.341658944719], [-121.911780089817, 37.3417989443963], [-121.91113908976, 37.3422199445777], [-121.910926089324, 37.3423609444942], [-121.910678089627, 37.3425219448097], [-121.910659089361, 37.3425359441997], [-121.910533089862, 37.3426139442228], [-121.909937089112, 37.3430079446573], [-121.909839089203, 37.3430729447497], [-121.909698089636, 37.343180944592], [-121.909575089612, 37.3432729446261], [-121.909461088911, 37.3433639447042], [-121.909383089093, 37.3434269448036], [-121.908774089721, 37.3438579449385], [-121.90873208899, 37.3438859446463], [-121.908486088943, 37.3440559444843], [-121.908342089003, 37.3441559449655], [-121.908241089619, 37.3442259446518], [-121.907509089325, 37.3447389451765], [-121.907266088752, 37.3449099450486], [-121.907171089216, 37.3449749449229], [-121.907056089588, 37.3450549449108], [-121.906890089009, 37.3451769450852], [-121.906834088932, 37.3452189453335], [-121.906796089297, 37.3452439450791], [-121.906446089493, 37.345579945394], [-121.905615089465, 37.3461889452121], [-121.9050550887, 37.3466279450324], [-121.904659088864, 37.3468639452691], [-121.904548088536, 37.3467879456853], [-121.904417089015, 37.3467079454015], [-121.904310088885, 37.3467709455518], [-121.904253088984, 37.3468059456125], [-121.904385089228, 37.3468989452864], [-121.904494089008, 37.3469699450674], [-121.904178088641, 37.3472359451285], [-121.9036760885, 37.3476009453513], [-121.903406089062, 37.3477539454372], [-121.903108089136, 37.3479059454287], [-121.902845088472, 37.3479959458236], [-121.902554089117, 37.3480079453443], [-121.902496088492, 37.3479739456259], [-121.902480088599, 37.3479589453252], [-121.902434088568, 37.3479119455536], [-121.902399088408, 37.3478749457279], [-121.902153088361, 37.3475449458393], [-121.902061088299, 37.3474219454383], [-121.90196108874, 37.3472869459159], [-121.901662088989, 37.3468849452815], [-121.901563088357, 37.3467509453058], [-121.901479088691, 37.3466379458866], [-121.901229088446, 37.3463019453071], [-121.901206087981, 37.3462709456582], [-121.901146088605, 37.3461909455376], [-121.901062088041, 37.3460799456041], [-121.900831088063, 37.3457739454395], [-121.900811087971, 37.3457469455331], [-121.900729087956, 37.3456349458443], [-121.900697088168, 37.3455859457047], [-121.900635088244, 37.3455039452248], [-121.900346088539, 37.3451199453737], [-121.90025008828, 37.3449929452847], [-121.900183088333, 37.3449029455752], [-121.899985087966, 37.3446349454522], [-121.899919087844, 37.3445459451411], [-121.899896088277, 37.3445149454814], [-121.899827087782, 37.3444229455406], [-121.899805088041, 37.3443929456598], [-121.899770087881, 37.3443459457985], [-121.899667087949, 37.3442049453241], [-121.899633087613, 37.3441589451779], [-121.899618087545, 37.3441389456644], [-121.899574088062, 37.3440799454975], [-121.899560087818, 37.3440609457971], [-121.899517088161, 37.3440029454037], [-121.899390087939, 37.3438319456086], [-121.899348088106, 37.3437759454281], [-121.899249087474, 37.3436429454571], [-121.898952087373, 37.3432449454039], [-121.898854087464, 37.3431129457674], [-121.898763087227, 37.3429899452481], [-121.898595087896, 37.342762945067], [-121.898489087591, 37.3426239456116], [-121.898397087529, 37.3425029454292], [-121.898300087445, 37.3423689454895], [-121.898271087132, 37.3423279456468], [-121.898234087322, 37.3422759452043], [-121.89805908742, 37.342045945425], [-121.898026087808, 37.3419979456617], [-121.898017087587, 37.3419659450883], [-121.898012087565, 37.3419469455671], [-121.898017087587, 37.3418969453007], [-121.898041087877, 37.3418459451375], [-121.898066087093, 37.3418169455194], [-121.897970087732, 37.3417579456708], [-121.897829087267, 37.3416709452525], [-121.897682086953, 37.3415809451324], [-121.897586087592, 37.3415229456804], [-121.897444087302, 37.341435945704], [-121.89702008698, 37.3411759450428], [-121.896879087413, 37.3410899452523], [-121.896496087098, 37.3412819457287], [-121.895468087426, 37.3417969453822], [-121.895836086774, 37.3422959459281], [-121.895826086728, 37.342343945501], [-121.89570008723, 37.3424079455979], [-121.895632087458, 37.3424439454053], [-121.895358086923, 37.3425779459253], [-121.895155087432, 37.342305945931], [-121.894966087286, 37.3420509454433], [-121.89475308685, 37.3421509457377], [-121.894117086816, 37.342452945533], [-121.893905087104, 37.3425539458604], [-121.89374908657, 37.3426259460321], [-121.893411086461, 37.3427829456611], [-121.893286086787, 37.3428499456485], [-121.893135087175, 37.34293194617], [-121.893092086619, 37.3429739455315], [-121.892963086747, 37.3431019460254], [-121.892921086915, 37.3431449458521], [-121.892758086708, 37.343346945938], [-121.892737086791, 37.3433739459932], [-121.892576087133, 37.3436449458504], [-121.89246608663, 37.3439339460595], [-121.89243108647, 37.344050946028], [-121.892358086675, 37.3443009462836], [-121.892291086728, 37.3442339461625], [-121.892281086682, 37.3442229458704], [-121.892244086872, 37.3441449460903], [-121.892027087137, 37.3442479459476], [-121.891379086508, 37.3445559462726], [-121.891163086598, 37.3446599461063], [-121.890946086863, 37.3447629459713], [-121.890298086235, 37.3450709463264], [-121.890082086325, 37.345174946161], [-121.889871086438, 37.3452739460483], [-121.889434086595, 37.3454819464394], [-121.889242086076, 37.3455779464805], [-121.889035086386, 37.345683946666], [-121.888954086196, 37.3457369467027], [-121.888831086172, 37.3457949464708], [-121.888202086708, 37.3460949462802], [-121.887993086471, 37.3461959467082], [-121.887782086584, 37.3462949466776], [-121.887152086397, 37.3465939468315], [-121.886942086335, 37.3466949465882], [-121.887261086177, 37.3471229464393], [-121.888218086602, 37.3484099463933], [-121.888537086444, 37.3488389469504], [-121.888856087185, 37.3492669467198], [-121.889454086686, 37.3500679467749], [-121.889814087435, 37.3505509463847], [-121.890133087277, 37.3509799468477], [-121.890452087119, 37.3514079465513], [-121.891366087886, 37.3526329468583], [-121.891410087369, 37.352691946731], [-121.89152608772, 37.3528439467222], [-121.891728087386, 37.353121946812], [-121.891517087499, 37.3532209469318], [-121.890884087837, 37.3535209470602], [-121.890674087775, 37.3536219467814], [-121.890464087713, 37.3537209469558], [-121.889834087526, 37.3540189471114], [-121.889625087289, 37.3541189471765], [-121.889438087691, 37.354207946851], [-121.888878087824, 37.3544769467743], [-121.888692087153, 37.3545669471466], [-121.888505087555, 37.354654947311], [-121.887945087689, 37.3549209472784], [-121.887759087018, 37.3550099474301], [-121.88757208742, 37.3550979470752], [-121.887010087005, 37.3553649472983], [-121.886824087232, 37.3554539476377], [-121.886638087459, 37.3555409470811], [-121.886080087243, 37.3558049474097], [-121.885895087295, 37.3558929475509], [-121.885708086799, 37.3559819472642], [-121.885146087282, 37.356248947199], [-121.884960087509, 37.3563389475888], [-121.884773087013, 37.356426947818], [-121.884212087322, 37.3566899475066], [-121.88402608665, 37.356778947703], [-121.883838087228, 37.3568679477938], [-121.883277086638, 37.3571369474669], [-121.883091086865, 37.3572269475059], [-121.882904087267, 37.357314948122], [-121.882342086853, 37.3575799475773], [-121.88215608708, 37.3576689481464], [-121.881969086584, 37.3577569482443], [-121.881408086892, 37.3580229479291], [-121.881222087119, 37.3581119479729], [-121.881034086798, 37.3581999482654], [-121.880472086383, 37.3584659478083], [-121.880285086786, 37.3585559483958], [-121.880100086838, 37.3586429478139], [-121.87981908663, 37.3587759483462], [-121.879549086294, 37.3589109479153], [-121.879505086811, 37.3589339481139], [-121.879374086391, 37.3590149478568], [-121.879340086955, 37.3590399480066], [-121.879275086657, 37.3590889479333], [-121.879240086497, 37.3591189483681], [-121.879209086535, 37.3591479484439], [-121.879085086686, 37.359257947989], [-121.879021086214, 37.3593159480218], [-121.878876086449, 37.3594719481092], [-121.878747086578, 37.3596219479698], [-121.878640086448, 37.3597489483028], [-121.878435086408, 37.3599559482389], [-121.878377086682, 37.3600179483604], [-121.878362086613, 37.3600349483502], [-121.877780086107, 37.3607199485587], [-121.877643086738, 37.3608759485836], [-121.877484086729, 37.3610589484056], [-121.87746208609, 37.3610849481958]]]}}, {"type": "Feature", "properties": {"DISTRICT": 4}, "geometry": {"type": "Polygon", "coordinates": [[[-121.93125408116, 37.2434239346861], [-121.931228081221, 37.2432719343884], [-121.931221081548, 37.2431649345077], [-121.931211081502, 37.2428969342668], [-121.931201081457, 37.2424069347192], [-121.931120081266, 37.2424119342126], [-121.930552081003, 37.2424149341945], [-121.930554081551, 37.2425189344472], [-121.930559081574, 37.2430889344935], [-121.930563081772, 37.2434279343699], [-121.93047508101, 37.2434299345693], [-121.930090081046, 37.2434419343341], [-121.929963081723, 37.2434459347321], [-121.929903081448, 37.2434449349902], [-121.929694081211, 37.2434459347321], [-121.929545081248, 37.2434299345693], [-121.929418081026, 37.2434269346278], [-121.929343081581, 37.2434279343699], [-121.929041081458, 37.2434299345693], [-121.928675080861, 37.2434259348856], [-121.928493081287, 37.2434149348605], [-121.928286080699, 37.2434299345693], [-121.927870080772, 37.2434349347099], [-121.927723081358, 37.243454934554], [-121.927637081144, 37.2434559350109], [-121.927627081098, 37.2426559349736], [-121.92755308058, 37.242654934506], [-121.927568080649, 37.2424299348174], [-121.927562080801, 37.2417719348644], [-121.927556080953, 37.2411449349908], [-121.92658208081, 37.2411559346321], [-121.926564080368, 37.2411239347611], [-121.92654708065, 37.2411099343663], [-121.926544080276, 37.2410859348073], [-121.926467080284, 37.2410949349109], [-121.926331080739, 37.2410879350688], [-121.926078080121, 37.2410869345804], [-121.925858080911, 37.2410969344571], [-121.925668080042, 37.2410969344571], [-121.925643080826, 37.2411069350476], [-121.925639080628, 37.2411239347611], [-121.925618080712, 37.2411499345679], [-121.925506080559, 37.241158934664], [-121.925137080488, 37.2411599351514], [-121.925150080907, 37.2426999347922], [-121.925174080298, 37.2434789347889], [-121.92512008077, 37.2434779350475], [-121.924979080304, 37.243476935306], [-121.92491708038, 37.243476935306], [-121.924702080295, 37.2434779350475], [-121.923872080091, 37.2434849353828], [-121.923596080805, 37.243487935322], [-121.923410080134, 37.243487935322], [-121.922852079917, 37.2434919350024], [-121.922667079969, 37.2434929354588], [-121.922680080388, 37.243358934968], [-121.922680080388, 37.2433209354259], [-121.922684080586, 37.2430789348811], [-121.922680080388, 37.2428059348675], [-121.92267807984, 37.2426529350012], [-121.922679080563, 37.2426349351648], [-121.92281808048, 37.2426319351917], [-121.923237079882, 37.2426249347771], [-121.923214080315, 37.24051493485], [-121.923212079767, 37.2403169350872], [-121.92321508014, 37.2402249349338], [-121.923248079752, 37.2402239351491], [-121.92327807989, 37.2402229346493], [-121.923347080385, 37.2402219348647], [-121.923339079989, 37.2398389348383], [-121.923418079632, 37.2398399346281], [-121.92431907998, 37.2398519349645], [-121.924332080399, 37.240104934938], [-121.925122080419, 37.2400999345764], [-121.925113080199, 37.2392999346752], [-121.925105079803, 37.2391709343048], [-121.925124080069, 37.2361519340512], [-121.924562079654, 37.2361619345825], [-121.9243930796, 37.236164934098], [-121.923660079481, 37.236185934279], [-121.922624079413, 37.2361919347383], [-121.921823079522, 37.2361999348732], [-121.920723078982, 37.2361849344408], [-121.920526079339, 37.2362039349403], [-121.919531079279, 37.2362139347496], [-121.919309078623, 37.2362129349117], [-121.919170078705, 37.2362029351023], [-121.918839079168, 37.2362009347111], [-121.918603079166, 37.2361949349677], [-121.917713078688, 37.2362149345874], [-121.917309078457, 37.2362249351104], [-121.917210078723, 37.2362279346234], [-121.917010078706, 37.2362299350138], [-121.916982078219, 37.2362299350138], [-121.916699078362, 37.236231934689], [-121.915753078706, 37.2362369353071], [-121.915017078214, 37.2362419352097], [-121.914936078023, 37.2362319354042], [-121.914893078365, 37.2362249351104], [-121.914036078398, 37.2362509351766], [-121.913911077826, 37.236251935014], [-121.913854077924, 37.236248935502], [-121.913227078111, 37.2362549352411], [-121.912988077736, 37.2362649350436], [-121.912822078055, 37.2362859351967], [-121.912687078335, 37.2362899352593], [-121.912443077938, 37.2362999350571], [-121.911781077964, 37.2363079351806], [-121.911480077665, 37.236311935242], [-121.911371077885, 37.2363129350784], [-121.911234077618, 37.2363149354667], [-121.911221077199, 37.2334579351168], [-121.91120807678, 37.230553935032], [-121.911050077495, 37.2305619350499], [-121.910607076906, 37.2305849351861], [-121.910522077415, 37.2305849351861], [-121.910478077034, 37.2305859350986], [-121.910160077017, 37.2305879349234], [-121.909769077205, 37.2305909346607], [-121.909765077007, 37.2292249346672], [-121.909592076754, 37.2290609351561], [-121.909736076694, 37.2290539349118], [-121.909734076146, 37.2281919350004], [-121.909745076915, 37.2275599347094], [-121.910663076982, 37.2275459346565], [-121.910980076276, 37.2275419348453], [-121.911303076316, 37.2275379343186], [-121.91130607669, 37.2273979343477], [-121.911303076316, 37.226713934309], [-121.91149607666, 37.226713934309], [-121.9124170771, 37.2266989341351], [-121.912693077285, 37.226694934279], [-121.912884077081, 37.226694934279], [-121.912864076989, 37.2254139343894], [-121.912868077187, 37.2253259345753], [-121.911145076133, 37.2251139344718], [-121.910783076633, 37.2250729343593], [-121.910649076739, 37.2250569345886], [-121.91052907619, 37.225035934169], [-121.910435076478, 37.2251149344568], [-121.910186076058, 37.2252159343058], [-121.909845076474, 37.2252419345921], [-121.909535075955, 37.2253009343006], [-121.909258075945, 37.2253919348031], [-121.909053075906, 37.2254949349565], [-121.909056076279, 37.225507934695], [-121.908769076224, 37.2258499348792], [-121.908456076229, 37.2260799345617], [-121.906808075518, 37.2264579345562], [-121.90622607591, 37.2254919350165], [-121.905555075715, 37.2243829347236], [-121.905758075207, 37.2238899350016], [-121.905781075671, 37.2238089348565], [-121.905883075778, 37.2236639343797], [-121.905985075886, 37.2235189343393], [-121.906186075727, 37.2232339349029], [-121.906248075651, 37.22314493468], [-121.906311075401, 37.2230669344867], [-121.906361075629, 37.2229509344169], [-121.906443075645, 37.2227409348233], [-121.906487075128, 37.2226339344138], [-121.906517075265, 37.2225369347605], [-121.90658607576, 37.2223309348173], [-121.90662507522, 37.2222739342614], [-121.906683075845, 37.2221929345267], [-121.906879075663, 37.2219919344917], [-121.906995075116, 37.2219299342588], [-121.906105075536, 37.2214059346168], [-121.906096075315, 37.2214629343981], [-121.90605107511, 37.2217739348552], [-121.906024075345, 37.2219129345091], [-121.905989075185, 37.222104934531], [-121.905971075642, 37.2221779348843], [-121.905923075063, 37.2223769343811], [-121.905863075687, 37.2225519343315], [-121.905855075291, 37.2225729347275], [-121.905832075725, 37.222639934521], [-121.905825075154, 37.22266193491], [-121.905766075603, 37.2228299348076], [-121.905760075755, 37.2228439343053], [-121.905547075319, 37.2233729347274], [-121.905542075297, 37.2233819347999], [-121.905463075654, 37.2235589345756], [-121.905206075736, 37.2234869348503], [-121.905023075438, 37.2234489345901], [-121.904832075642, 37.223422934401], [-121.904632075626, 37.223410935026], [-121.904512075077, 37.2234089350108], [-121.902826074731, 37.2233879348476], [-121.902113074703, 37.2233829348079], [-121.901897074793, 37.2233769347598], [-121.901839075067, 37.2233759347517], [-121.901781074442, 37.2233899348633], [-121.901729074563, 37.2234209351014], [-121.901696074952, 37.2234599346674], [-121.90167607486, 37.2235149350299], [-121.901632074479, 37.2236189348903], [-121.901570074555, 37.2237209353157], [-121.901210074705, 37.224145934888], [-121.901144074583, 37.2242059347357], [-121.901072074612, 37.2242489353125], [-121.900908074581, 37.2241599348567], [-121.90078807493, 37.2240949349799], [-121.900553074754, 37.2239789350607], [-121.900407074266, 37.223911935026], [-121.900238075109, 37.2238359349146], [-121.900057074461, 37.2237709347585], [-121.89992607494, 37.2237239353261], [-121.899510074115, 37.2235909354647], [-121.89932807454, 37.2235329351397], [-121.899122074676, 37.2234679354379], [-121.898504074184, 37.2232759353091], [-121.898299074145, 37.223211935396], [-121.898118074395, 37.2231499354508], [-121.897757073822, 37.2230279354328], [-121.897574074422, 37.2229689353767], [-121.897393073774, 37.222911935303], [-121.89712207451, 37.2228249354463], [-121.896736073823, 37.222690935413], [-121.896301073629, 37.2225139350308], [-121.895155073957, 37.2220279354341], [-121.894819073498, 37.2218919353601], [-121.894852074008, 37.2216789355876], [-121.89486507263, 37.2166539350711], [-121.894844072714, 37.2155339345114], [-121.894728072363, 37.2136729348427], [-121.893124072033, 37.2136579349369], [-121.892902072275, 37.2136579349369], [-121.890382072426, 37.2136539351045], [-121.884621071406, 37.2136439351651], [-121.880864070749, 37.2136419356063], [-121.88080706995, 37.2110069353531], [-121.876243069554, 37.2111009357276], [-121.876243069554, 37.2107759353208], [-121.876304069653, 37.2098169358624], [-121.87630106928, 37.2096789355729], [-121.87629206906, 37.2092669357264], [-121.87629006941, 37.2091299353434], [-121.876282069014, 37.2086459357796], [-121.876259069448, 37.2071949351401], [-121.876252068877, 37.2067119355575], [-121.876184069105, 37.2038639351505], [-121.872631068662, 37.2038929350095], [-121.867627067153, 37.203940935615], [-121.864529066995, 37.2039479360435], [-121.863981066824, 37.2039189362057], [-121.863745066823, 37.203907936141], [-121.863242066857, 37.2039579358369], [-121.862536066503, 37.2039619361833], [-121.862582066533, 37.20375493605], [-121.862580066883, 37.2029329358074], [-121.86257706651, 37.2006499360459], [-121.862559066069, 37.2004149359746], [-121.85891106609, 37.2003839363003], [-121.858698065655, 37.2003809360773], [-121.858706066051, 37.2003929362532], [-121.858864066235, 37.20062393587], [-121.858909065542, 37.2007209357925], [-121.858926066159, 37.2007559358447], [-121.859071065924, 37.2009189357713], [-121.859166066359, 37.2010249359079], [-121.859208066191, 37.2011079360797], [-121.859379065896, 37.2012779359224], [-121.859434066147, 37.2013659358842], [-121.859566066392, 37.2015099359908], [-121.85962006592, 37.2015689363725], [-121.859721066202, 37.2017159362618], [-121.85976406586, 37.2017779359346], [-121.859771066431, 37.2018329363634], [-121.859911066173, 37.2021109359141], [-121.859929065716, 37.2021459360371], [-121.860184065985, 37.2023159364042], [-121.860245066084, 37.2023819360142], [-121.860225065993, 37.2026399357571], [-121.860273066571, 37.2027889362692], [-121.860390066747, 37.2028989363288], [-121.860424066184, 37.2030029359905], [-121.860370066656, 37.2032019359826], [-121.860370066656, 37.2034479360963], [-121.860274066396, 37.2036189359473], [-121.860121066235, 37.20375493605], [-121.85982306631, 37.2040209360792], [-121.859807066416, 37.2040359364699], [-121.85968806659, 37.2041899362537], [-121.859564066742, 37.2043529366349], [-121.859531066232, 37.2043229359766], [-121.859434066147, 37.2042329360768], [-121.85940206636, 37.2042029360863], [-121.859207066366, 37.2040249364222], [-121.858995066654, 37.2041489362165], [-121.858803066135, 37.2044529361196], [-121.858596066446, 37.2049299364814], [-121.858492066689, 37.2053399366166], [-121.858436066613, 37.2065069362755], [-121.858429066042, 37.2068189363715], [-121.85843306624, 37.2068809368607], [-121.858453066331, 37.2070069367055], [-121.858492066689, 37.2071289368771], [-121.858563066834, 37.2072919366344], [-121.858609066865, 37.2073749363537], [-121.858664066218, 37.2074459369289], [-121.858763066851, 37.2075969369728], [-121.858848066341, 37.2077609366499], [-121.858915066288, 37.2079439364359], [-121.858937066928, 37.2080599366881], [-121.858938066753, 37.2081889366235], [-121.858919066486, 37.208301936591], [-121.858884066326, 37.2084059366775], [-121.8588260666, 37.2085149369307], [-121.858755066455, 37.2086149366241], [-121.858667066591, 37.2087099366036], [-121.858569066682, 37.2087929369096], [-121.858455066879, 37.2088699366376], [-121.858339066528, 37.2089289369894], [-121.858167066999, 37.2089909364605], [-121.858070066915, 37.2090329369272], [-121.857981066328, 37.2090889365591], [-121.857909066358, 37.2091509366142], [-121.857846066609, 37.2092269364968], [-121.857799066753, 37.2093129368176], [-121.857772066989, 37.2093969366537], [-121.857766066243, 37.2094449366203], [-121.857769066616, 37.2095759367165], [-121.857773066814, 37.2097059371114], [-121.857799066753, 37.2101129372187], [-121.857811066449, 37.2102929371953], [-121.857819066845, 37.2104939369241], [-121.857810066624, 37.2106059368397], [-121.857809066799, 37.2106279371613], [-121.857803066951, 37.2107409370536], [-121.857848067157, 37.2115459367327], [-121.8578660667, 37.2118599370635], [-121.857879067119, 37.2120949372695], [-121.857918067477, 37.2128019373697], [-121.857932066822, 37.2130379369332], [-121.857951067089, 37.2133719374485], [-121.858004066792, 37.2142529375015], [-121.858009066815, 37.2143759375318], [-121.858017067211, 37.2145259371751], [-121.858015067561, 37.2147119373775], [-121.857809066799, 37.2147119373775], [-121.857192067031, 37.2147119373775], [-121.856987066991, 37.2147119373775], [-121.856940067136, 37.2147119373775], [-121.85679906667, 37.2147119373775], [-121.856752066815, 37.2147119373775], [-121.856595067354, 37.2147109372546], [-121.856127066651, 37.2147109372546], [-121.855971067015, 37.2147109372546], [-121.855795067288, 37.2147189375223], [-121.855731066816, 37.2147219371754], [-121.85554006702, 37.2147459372572], [-121.855353066524, 37.2147849377316], [-121.855276066531, 37.2148069375501], [-121.855187066842, 37.2148339372536], [-121.85511006685, 37.2148619377836], [-121.854986067001, 37.2149069374896], [-121.854847067084, 37.2149729375345], [-121.854820066421, 37.214986937775], [-121.854657067113, 37.2150819376013], [-121.854518067196, 37.2151799376583], [-121.854384066403, 37.2152919377719], [-121.854286066494, 37.2153849377016], [-121.854169066318, 37.215492937776], [-121.853960066979, 37.2156879373002], [-121.854049066668, 37.2157489375468], [-121.854317066456, 37.215932937382], [-121.854407066868, 37.2159949375364], [-121.854455066548, 37.2160279374479], [-121.854909067008, 37.216355937712], [-121.85514506701, 37.2165229379638], [-121.855354067247, 37.2166709374367], [-121.85738406755, 37.218073937386], [-121.857654067886, 37.218260937501], [-121.857973067729, 37.2184859377863], [-121.85812606789, 37.2185979372838], [-121.858309068188, 37.2187309373654], [-121.858859068009, 37.2191319377626], [-121.858960068291, 37.2192059374798], [-121.859044067956, 37.2192639375554], [-121.859148067714, 37.2193359377352], [-121.859461067708, 37.2195529379211], [-121.859566068188, 37.2196259378829], [-121.859637068333, 37.2196749378372], [-121.8596600679, 37.2196899372621], [-121.85994606813, 37.2198799378265], [-121.860042068389, 37.2199439377055], [-121.860115068184, 37.2200059374248], [-121.860467068537, 37.2202969379069], [-121.860475068034, 37.2203039375334], [-121.860730068303, 37.220518937704], [-121.861216068549, 37.2208809377314], [-121.861816068599, 37.2213319377732], [-121.861913068683, 37.2214049374439], [-121.862281068929, 37.2216509375878], [-121.862165068578, 37.2217419374871], [-121.862093068608, 37.2217999377587], [-121.861954068691, 37.2219219376171], [-121.861287068694, 37.2225139378921], [-121.861132068884, 37.2226509375776], [-121.860996068441, 37.2227639380603], [-121.860778068881, 37.2229469379386], [-121.860666068728, 37.2230319376293], [-121.860503068522, 37.223132938122], [-121.86041106846, 37.2231919380498], [-121.860228068162, 37.2232869375576], [-121.860031068519, 37.2233689375562], [-121.859987068138, 37.2233829376691], [-121.859879068183, 37.2234179379401], [-121.859803068913, 37.2234349380659], [-121.859640068706, 37.223458938237], [-121.859478068325, 37.2234699375975], [-121.858577067976, 37.2234879377182], [-121.858499068158, 37.2234889377247], [-121.858253068111, 37.2234929377509], [-121.858173068644, 37.2234899377313], [-121.858151068004, 37.2234889377247], [-121.858069067988, 37.2234799383804], [-121.85777506826, 37.2234189379476], [-121.857724068207, 37.2234059378491], [-121.857115067936, 37.2232519379411], [-121.856395068236, 37.2230749381602], [-121.855952067647, 37.2229659381975], [-121.855574067355, 37.2228689382558], [-121.854839067586, 37.2226809381021], [-121.854442067926, 37.2225719382854], [-121.854066067284, 37.222469938452], [-121.853768067358, 37.2223869381702], [-121.852876067231, 37.2221379382075], [-121.852736067489, 37.2220999379829], [-121.852580066955, 37.2220519381989], [-121.851972067408, 37.2218659382109], [-121.851756067497, 37.2218109380765], [-121.85151006745, 37.2217489384103], [-121.851110067417, 37.221651938334], [-121.850895067332, 37.2216009381702], [-121.850608067277, 37.221531938104], [-121.849747067111, 37.2213259382773], [-121.849569066836, 37.2212839382158], [-121.849463066531, 37.2212499384214], [-121.849291067002, 37.2211819387866], [-121.849263066514, 37.2211689383024], [-121.848671066861, 37.220908938163], [-121.848611066586, 37.2208829385289], [-121.848473066494, 37.2208259383094], [-121.848321066158, 37.2207659386342], [-121.848287066721, 37.2207539388365], [-121.848054066194, 37.2206749382727], [-121.847780066558, 37.2205969383864], [-121.84771506626, 37.2205789382911], [-121.847656066709, 37.2205639383276], [-121.847521066092, 37.2205359384833], [-121.847454066145, 37.2205219385572], [-121.847370066479, 37.2205049384901], [-121.847253066303, 37.2204819388562], [-121.847186066356, 37.2204739384843], [-121.847091065921, 37.2204579384532], [-121.846892066628, 37.2204259383809], [-121.846806066414, 37.220410938387], [-121.846712065805, 37.2203959383901], [-121.846653066253, 37.2204069389127], [-121.846479066176, 37.2204409383718], [-121.84642106645, 37.2204529389346], [-121.846376066244, 37.2205309382545], [-121.846240065802, 37.2207679387196], [-121.846196066319, 37.2208469384706], [-121.846357065977, 37.2208469384706], [-121.846443066191, 37.2208509386369], [-121.846886065882, 37.2208749389149], [-121.847185066531, 37.2208589382535], [-121.847433066228, 37.2208469384706], [-121.847531066137, 37.2208509386369], [-121.847273066395, 37.2211139383752], [-121.846823066133, 37.2215749387747], [-121.846685066041, 37.2215409383961], [-121.845597066094, 37.2221589387187], [-121.845552065888, 37.2221479384517], [-121.845484066116, 37.2221429390451], [-121.84538906658, 37.2221529385733], [-121.845290065948, 37.2221759391283], [-121.845255065787, 37.2221879386998], [-121.844980066326, 37.222286938847], [-121.844462066292, 37.2224979390091], [-121.844288066215, 37.2225789391314], [-121.844126065833, 37.2226679393069], [-121.843990066289, 37.222756938662], [-121.843956065954, 37.2227789390169], [-121.843873066113, 37.2228539387478], [-121.843535066005, 37.2231619391592], [-121.84347106643, 37.2232209390642], [-121.843431066248, 37.2232579387144], [-121.843423065852, 37.2232649387816], [-121.843375066171, 37.2233059391616], [-121.843336065813, 37.2233399387445], [-121.843223065835, 37.2234179393708], [-121.843172065781, 37.2234539389173], [-121.842942065628, 37.2236119391479], [-121.842804065535, 37.2237029388272], [-121.842707066349, 37.2237689390447], [-121.842602065869, 37.2238279391902], [-121.842496065564, 37.223881939283], [-121.842326065684, 37.2239739393519], [-121.842256066263, 37.2240199393444], [-121.842121065645, 37.2241079392517], [-121.842034065606, 37.2241809390968], [-121.841957065614, 37.224266939539], [-121.841897066237, 37.2243609391284], [-121.841855065506, 37.2244579392971], [-121.841848065834, 37.2244829391361], [-121.84183206594, 37.2245529393562], [-121.841590066091, 37.2246859389517], [-121.840791065849, 37.2251259392982], [-121.840756065689, 37.2253779393549], [-121.840222065762, 37.2255779396861], [-121.837831064886, 37.2247379398808], [-121.836925065413, 37.2244199395261], [-121.836830064978, 37.2244169395434], [-121.837022065497, 37.2240369393344], [-121.837117065034, 37.2238339392024], [-121.83717106546, 37.223707939561], [-121.837182065331, 37.2236649393911], [-121.837186064631, 37.2236539393437], [-121.837190064829, 37.2236039398233], [-121.83717506476, 37.2235529395487], [-121.837143064973, 37.2235099392904], [-121.837098064767, 37.2234769397909], [-121.83692406469, 37.2234089393026], [-121.836680065191, 37.2233329393997], [-121.836344064732, 37.2232119396879], [-121.835297064793, 37.2228149395838], [-121.834966064357, 37.2226959397905], [-121.834857064577, 37.2226569398294], [-121.834339064543, 37.2224789393475], [-121.83428606484, 37.222451939519], [-121.834247064482, 37.2224149394735], [-121.834221064543, 37.2223679399114], [-121.834159064618, 37.2223799394523], [-121.834088064473, 37.222378939431], [-121.834060064884, 37.2223719392816], [-121.83403706442, 37.2223669398899], [-121.833858064319, 37.2223029399208], [-121.833654064105, 37.2222199394552], [-121.833603064051, 37.2221979396527], [-121.833454064088, 37.2221339395401], [-121.833518064561, 37.2219719396832], [-121.833714064379, 37.2214869394886], [-121.833780064502, 37.221325939708], [-121.833637064386, 37.2212719399312], [-121.833422064301, 37.2211719398451], [-121.833323064567, 37.2211189392806], [-121.833263064293, 37.2210869394887], [-121.833173063881, 37.2210259392666], [-121.833139064444, 37.2209839397534], [-121.833120064177, 37.2209349399341], [-121.833121064002, 37.2208769397127], [-121.833189063774, 37.2207059396266], [-121.833596064379, 37.2198159393238], [-121.833629063991, 37.2197459397146], [-121.833715064204, 37.2195409393612], [-121.833781064326, 37.2193509393736], [-121.830793063774, 37.2205819398572], [-121.82760406338, 37.2205139396202], [-121.827481063356, 37.2205109401974], [-121.82444206275, 37.2204469400841], [-121.821152062074, 37.2203769403451], [-121.819025061687, 37.2203319403253], [-121.817537061707, 37.2195579403608], [-121.817146061895, 37.2203239406528], [-121.815842061141, 37.2201729410418], [-121.814787061705, 37.2200509405005], [-121.813344061033, 37.2192029408665], [-121.812535060746, 37.2192419411827], [-121.812555060837, 37.2189199409936], [-121.81155406093, 37.2175499410019], [-121.81146006032, 37.2175259410967], [-121.808496060057, 37.2171829409915], [-121.806491059869, 37.216950941175], [-121.802594058572, 37.2163419413024], [-121.802350059072, 37.2158149411473], [-121.802112058523, 37.2158259416225], [-121.802020058461, 37.2158309414478], [-121.801953058514, 37.2154469411679], [-121.801883059092, 37.2152279410999], [-121.801876058521, 37.2152049412878], [-121.801827059016, 37.2149979412326], [-121.801843058909, 37.2147619413615], [-121.801850058582, 37.2146729411578], [-121.80135205864, 37.2143039412026], [-121.801163058494, 37.2141639409897], [-121.801142058577, 37.2141699410553], [-121.800805058293, 37.2142449414768], [-121.800613058673, 37.2142969410193], [-121.800459058687, 37.2143479411137], [-121.800374058298, 37.214383941412], [-121.800288058084, 37.2144319410677], [-121.800122058403, 37.2145359412901], [-121.799859058637, 37.2147289416117], [-121.79972205837, 37.2148169416278], [-121.799690058583, 37.2148339415459], [-121.799605058194, 37.2148669412498], [-121.799588058476, 37.214874941501], [-121.799483057995, 37.214900941775], [-121.799371058741, 37.2149139411933], [-121.799309057918, 37.2149129417884], [-121.79926605826, 37.2149119416682], [-121.799145057887, 37.2148969412932], [-121.799053058723, 37.2148719411386], [-121.798974058182, 37.2148359417885], [-121.798100058496, 37.2143569415476], [-121.797989058168, 37.2143079417159], [-121.797860058297, 37.2142679415815], [-121.797717058182, 37.2142419418047], [-121.797579058089, 37.2142319412278], [-121.797438057624, 37.214237941288], [-121.795568058053, 37.2157429418991], [-121.793616057569, 37.2154779418088], [-121.792088057406, 37.2152859420879], [-121.790856056622, 37.2147139419157], [-121.790285056884, 37.2114269420553], [-121.788822056121, 37.2113909417769], [-121.788157056672, 37.211317941716], [-121.786815056283, 37.2111249419693], [-121.786960056048, 37.209890941855], [-121.781966054584, 37.2083919423703], [-121.779705054303, 37.2077389419315], [-121.779276054855, 37.2083499422623], [-121.779437054514, 37.2086829425787], [-121.780255055022, 37.2106529422994], [-121.780672054773, 37.211716942559], [-121.781220054944, 37.2120899422046], [-121.781236055736, 37.2122039422098], [-121.781267055698, 37.2124379426222], [-121.780132054998, 37.2144809429651], [-121.780731055223, 37.2152909426643], [-121.780893055605, 37.2152959425251], [-121.780848055399, 37.2165379430231], [-121.780811055589, 37.2168139425825], [-121.780782056175, 37.2173379426483], [-121.780736056144, 37.2189599429536], [-121.782283056573, 37.2189139427365], [-121.782308055789, 37.2189999427463], [-121.782927056105, 37.2203699428714], [-121.7828780566, 37.2204519431798], [-121.782845056089, 37.2204869433803], [-121.78274705618, 37.220593943259], [-121.782739056682, 37.2206039429925], [-121.782716056218, 37.2206319428116], [-121.783009056121, 37.2207409432859], [-121.783340056557, 37.2206549431151], [-121.78562105693, 37.2214419429923], [-121.786268056835, 37.2216029432407], [-121.786289056751, 37.2216609429038], [-121.78650905686, 37.2218029428529], [-121.786791056892, 37.2218029428529], [-121.787031057091, 37.2218529428519], [-121.787073056924, 37.2218729426991], [-121.787148057267, 37.2219079429556], [-121.787398057512, 37.2220369428203], [-121.787459057612, 37.2224039428203], [-121.787815057264, 37.2226489432648], [-121.788600057262, 37.2226589427259], [-121.788727057483, 37.222703942788], [-121.788915057804, 37.2227709431805], [-121.788889057865, 37.2228079430515], [-121.788865057575, 37.2228399428285], [-121.788838057811, 37.2228799427096], [-121.78879405743, 37.2229159432283], [-121.788779057362, 37.2229219425977], [-121.788743057377, 37.2229379428214], [-121.788684057825, 37.2229529430281], [-121.788616058053, 37.2229559430691], [-121.788574057322, 37.222949942987], [-121.788505057725, 37.222940942863], [-121.788472057215, 37.2229469429458], [-121.788450057474, 37.2229649431912], [-121.788444057626, 37.2229889427966], [-121.788455057497, 37.2230119430966], [-121.788638057795, 37.2231279430726], [-121.788658057886, 37.2231619427358], [-121.788657058061, 37.2231999431406], [-121.788654057688, 37.2232349427813], [-121.788644057642, 37.2234059428562], [-121.788731057681, 37.2234179429473], [-121.788826058116, 37.2234309430438], [-121.78896005801, 37.2234639425635], [-121.788989057424, 37.2234749426386], [-121.789055057546, 37.2235009428098], [-121.78907105744, 37.2235089428607], [-121.789158057478, 37.2235519431196], [-121.789230057448, 37.2235889426074], [-121.789411058097, 37.2236999431078], [-121.789495057762, 37.2237509425677], [-121.789879057902, 37.2239879429292], [-121.790015058344, 37.2240719428785], [-121.790257058194, 37.224236943222], [-121.790499058043, 37.2243949432428], [-121.790781058075, 37.2246079432134], [-121.790868058114, 37.2246899432062], [-121.790944058282, 37.2247849429731], [-121.790953058503, 37.2247999428124], [-121.791001058183, 37.2248819425965], [-121.791044057841, 37.2249909426512], [-121.791069057955, 37.2251079431449], [-121.791075057803, 37.2251729428639], [-121.791074057978, 37.2252279426925], [-121.791037058168, 37.2256709426709], [-121.791003058731, 37.2260919428108], [-121.791000058358, 37.2262019432331], [-121.791032058145, 37.2264159430749], [-121.791037058168, 37.2265399432668], [-121.79099605816, 37.2269979428083], [-121.790992058861, 37.2270519427771], [-121.790963058548, 37.2274419430725], [-121.790958058526, 37.2274989432989], [-121.790943058457, 37.2276739428086], [-121.790939058259, 37.22773194281], [-121.790925058914, 37.2278929432211], [-121.79088705838, 37.2283759431074], [-121.79087405886, 37.2285379435137], [-121.790865058639, 37.2286409429465], [-121.790840058525, 37.2289519431299], [-121.790832059027, 37.2290559433604], [-121.790821058258, 37.2291369435919], [-121.790805058365, 37.2292139432986], [-121.790759058334, 37.2294469432326], [-121.790714059026, 37.2296129431853], [-121.790688059087, 37.2296819430108], [-121.790683059064, 37.2296979432308], [-121.790622058965, 37.2298289432058], [-121.790568058538, 37.2299219430936], [-121.790414058552, 37.2301249432885], [-121.79031105862, 37.2302349435499], [-121.789266058332, 37.2313629439012], [-121.788918058177, 37.23173994398], [-121.788800058176, 37.2318649438954], [-121.788502058251, 37.2321859439991], [-121.788453058745, 37.2322299434924], [-121.788442058874, 37.2322369434419], [-121.788401058867, 37.2322689435094], [-121.788299058759, 37.2323329436038], [-121.788249058531, 37.2323619439639], [-121.788103058941, 37.2324319440226], [-121.788051058164, 37.2324499434346], [-121.788000059009, 37.2324679435575], [-121.787823058558, 37.2325209440136], [-121.787665058374, 37.2325799437489], [-121.787595058953, 37.2326129435564], [-121.787487058099, 37.2326759434739], [-121.78738705854, 37.2327519439743], [-121.787324058791, 37.2328129440098], [-121.787244058425, 37.2328919440177], [-121.787135058645, 37.2330119440524], [-121.788267058972, 37.233683943578], [-121.789889058846, 37.2346479435921], [-121.790865059537, 37.2352279437391], [-121.791403059663, 37.2355479439818], [-121.791663059055, 37.2357019438111], [-121.791934059217, 37.2358629436538], [-121.792126059736, 37.2359709437288], [-121.792259059805, 37.2360409440127], [-121.792630059526, 37.2362229440173], [-121.792832060091, 37.2363079437628], [-121.792977059856, 37.2363669433952], [-121.79300405962, 37.2363769438981], [-121.793231059401, 37.2364599438009], [-121.793426059394, 37.2365249437471], [-121.793533059525, 37.236556943425], [-121.793712059625, 37.2366119435325], [-121.793919060212, 37.2366679434316], [-121.794197060047, 37.2367319433676], [-121.794235059681, 37.2367409439911], [-121.794625059669, 37.2368149435947], [-121.794889060158, 37.2368519437268], [-121.795194059756, 37.2368879432967], [-121.79548306036, 37.23690994382], [-121.795684060201, 37.2369189437072], [-121.795722059836, 37.2369209433641], [-121.796185060516, 37.2369259432214], [-121.796378059962, 37.2369239435646], [-121.796783060018, 37.2369209433641], [-121.796959060643, 37.2369169433351], [-121.797153060812, 37.2369129433058], [-121.797325060341, 37.2369089432762], [-121.797350060456, 37.2369079434476], [-121.79770006026, 37.2369039434179], [-121.797945060482, 37.2369089432762], [-121.798143060849, 37.2369139431343], [-121.798286060964, 37.2369199435357], [-121.798466060889, 37.2369289434217], [-121.798715060411, 37.2369479437336], [-121.798858060526, 37.2369599431001], [-121.798890060313, 37.2369619434711], [-121.799052060695, 37.2369709433521], [-121.799429061162, 37.2369939436787], [-121.799634061201, 37.2370009431859], [-121.799829061195, 37.2370079434076], [-121.800067060846, 37.2370119434319], [-121.800092060961, 37.2370109436046], [-121.800882060981, 37.2370079434076], [-121.80114606147, 37.2370069435803], [-121.801402060665, 37.2370129432591], [-121.80168706107, 37.2370109428894], [-121.803311061492, 37.2370019430132], [-121.803430061318, 37.2370019430132], [-121.803853061815, 37.236994942791], [-121.803840061397, 37.2370479429254], [-121.803825061328, 37.2371709429722], [-121.803827061876, 37.2372449428688], [-121.803830061351, 37.2373439432741], [-121.803838061747, 37.2380029430775], [-121.803842061945, 37.2382559428206], [-121.803842061945, 37.2384809428114], [-121.80384306177, 37.2391109435041], [-121.803844061595, 37.2391569435595], [-121.803849061617, 37.2393829435174], [-121.803770061975, 37.2396769429802], [-121.803787061693, 37.2403929436178], [-121.803820062203, 37.241821943792], [-121.803838061747, 37.2425879431997], [-121.803840062295, 37.2426829433006], [-121.804070062449, 37.2427329437573], [-121.804070062449, 37.2428739436078], [-121.804069062624, 37.2430249435306], [-121.804069062624, 37.2431419432153], [-121.803819062378, 37.2430849433733], [-121.803819062378, 37.2431139438879], [-121.803821062028, 37.2432949435192], [-121.803834062447, 37.2444449434431], [-121.803854062539, 37.2456059441184], [-121.803958062296, 37.2458479436997], [-121.803957062471, 37.2458719438876], [-121.803957062471, 37.2459439436906], [-121.803957062471, 37.2459689435564], [-121.803963062319, 37.2463799441664], [-121.80398106276, 37.247612943988], [-121.803987062608, 37.2480249438936], [-121.803991062806, 37.2483269442472], [-121.803992062631, 37.2484089441865], [-121.803997062654, 37.2486799438652], [-121.804002062677, 37.2492359441921], [-121.804006062875, 37.2495389443588], [-121.804010063072, 37.2495929439136], [-121.80401406327, 37.2499269441406], [-121.804029063339, 37.2510919440097], [-121.804030063164, 37.2511309442786], [-121.804035063187, 37.2511779445026], [-121.804037062837, 37.2514809440103], [-121.804109062807, 37.2517499441025], [-121.804109062807, 37.2521329443763], [-121.804084063591, 37.2524749446219], [-121.804027062791, 37.2526709446649], [-121.803921063384, 37.2529399440836], [-121.803766063573, 37.2532259445307], [-121.803599063169, 37.2534809445862], [-121.803400062977, 37.2536999443909], [-121.80333306303, 37.2537739445042], [-121.803217063577, 37.253891944264], [-121.802213063297, 37.2549129448956], [-121.802260063152, 37.2549419444334], [-121.802911063256, 37.2553349443429], [-121.802981063576, 37.2553769447414], [-121.803075063287, 37.2554339445808], [-121.803219063227, 37.2555209447041], [-121.803433063487, 37.2556499449732], [-121.803621063808, 37.2557439447586], [-121.803723063916, 37.2557829447645], [-121.803809063231, 37.2558069446481], [-121.803928063955, 37.2558169447165], [-121.804151063538, 37.2558039444843], [-121.804184064048, 37.2560409448996], [-121.804228063531, 37.2561519448105], [-121.804331063463, 37.2562269449477], [-121.804569064013, 37.2563659447183], [-121.804747063389, 37.2564439447808], [-121.804805064014, 37.2564529444803], [-121.804927064213, 37.2564659446005], [-121.805014064251, 37.2564689447379], [-121.805154063994, 37.2564669448847], [-121.805244063507, 37.2564659446005], [-121.805837063884, 37.2564599443253], [-121.806005064113, 37.2564589447561], [-121.806065064388, 37.2564599443253], [-121.806220064198, 37.2564599443253], [-121.806298064016, 37.2564589447561], [-121.806999064348, 37.2564539447647], [-121.80716306438, 37.2564539447647], [-121.807233063802, 37.2564559446183], [-121.807285064579, 37.2564579444718], [-121.807391063985, 37.2564559446183], [-121.807865064537, 37.2564479444885], [-121.80795506405, 37.2564469442041], [-121.808024064545, 37.2564469442041], [-121.808184064379, 37.2564459446347], [-121.808664064778, 37.2564429444964], [-121.808825064436, 37.2564429444964], [-121.808918064323, 37.2564419442119], [-121.80919706488, 37.2564409446424], [-121.809291064592, 37.2564409446424], [-121.809327064577, 37.2564399443579], [-121.809434064707, 37.2564389440734], [-121.809471064517, 37.2564389440734], [-121.809612064084, 37.2564379445039], [-121.810035064581, 37.2564349443653], [-121.810176064148, 37.2564359439348], [-121.810299064172, 37.2564369442193], [-121.810363064644, 37.2564329445111], [-121.810393064782, 37.2564319442265], [-121.810731064891, 37.2564299443722], [-121.810925065059, 37.2564299443722], [-121.811113064482, 37.2564309439419], [-121.811465064834, 37.2564269442333], [-121.812108064542, 37.2564199443852], [-121.812524065367, 37.2564169442458], [-121.812878065369, 37.256415943961], [-121.813057065469, 37.2564149443912], [-121.813595064696, 37.2564119442516], [-121.813710065222, 37.2564119442516], [-121.81377506552, 37.2564129438215], [-121.813787065215, 37.2565379442905], [-121.813787065215, 37.256553943815], [-121.813791065413, 37.2569809440363], [-121.813793065063, 37.2571239442325], [-121.813797065261, 37.2574769441046], [-121.81381006568, 37.2585379443186], [-121.813815065703, 37.2588919442511], [-121.813815065703, 37.2589869445315], [-121.813818065177, 37.2592719439389], [-121.8138190659, 37.2593679439857], [-121.813828065223, 37.260461944501], [-121.813832065421, 37.2608749444354], [-121.813826065573, 37.2609479444254], [-121.813801065459, 37.2610299442124], [-121.813757065976, 37.2611029447671], [-121.813536066043, 37.2613359447913], [-121.813414065845, 37.2612569445693], [-121.81306606569, 37.2610479446593], [-121.813004065766, 37.2609959444685], [-121.812947065864, 37.2609249442599], [-121.812910065156, 37.2608469445478], [-121.812893065438, 37.2607689447548], [-121.812894065263, 37.2607269445029], [-121.812892065613, 37.2594519445518], [-121.812892065613, 37.2590819439772], [-121.812891064889, 37.2589569441549], [-121.812890065065, 37.2589009443732], [-121.812424064909, 37.2589899445686], [-121.812123065509, 37.2590549443878], [-121.811904065226, 37.2591199441509], [-121.811751065065, 37.2591759444848], [-121.811489065124, 37.2592659446022], [-121.811237065229, 37.2593719442531], [-121.811034064839, 37.2594939447998], [-121.810816065279, 37.2596899444556], [-121.810595065346, 37.2598839445538], [-121.810425065467, 37.260050944205], [-121.810312064591, 37.2602069444823], [-121.810687065408, 37.2605069448773], [-121.812196065304, 37.2614039446717], [-121.813538065693, 37.2622009445073], [-121.813617065336, 37.2622539447884], [-121.813709065397, 37.2623149445397], [-121.815115066259, 37.2631279443021], [-121.817497066914, 37.2645409444574], [-121.81754406677, 37.2645689444016], [-121.817819066231, 37.2647559442979], [-121.819022066704, 37.2654669445964], [-121.820204067259, 37.2661659441828], [-121.821515067687, 37.2670249440372], [-121.822003067583, 37.2673429440971], [-121.822119067934, 37.2674349440258], [-121.822650067489, 37.2678799442858], [-121.824355068101, 37.2690999445868], [-121.825724068255, 37.2699999445731], [-121.826074068958, 37.2702509446278], [-121.826238068989, 37.2703679442107], [-121.826912068659, 37.2708429442366], [-121.827434068891, 37.2712039441394], [-121.828624068944, 37.2720829445315], [-121.829063069335, 37.272407944468], [-121.829514069422, 37.2727099442908], [-121.830597069345, 37.273436944056], [-121.831099069486, 37.273825944464], [-121.831186069524, 37.2738939445034], [-121.83180506984, 37.2744759443263], [-121.832188070155, 37.2748299443981], [-121.833625070081, 37.27627394436], [-121.833841069991, 37.2764959444222], [-121.834202070564, 37.2768659445005], [-121.835253070701, 37.2778279446272], [-121.835066071103, 37.2779809445374], [-121.835646071061, 37.2785469443609], [-121.836074070683, 37.2789649443903], [-121.836168071293, 37.2790569444134], [-121.836399071271, 37.2792829440549], [-121.836462071021, 37.2793449442871], [-121.836708071068, 37.2795849441739], [-121.837161071703, 37.280027944156], [-121.837247071018, 37.2799729442903], [-121.837315071689, 37.2799279441104], [-121.837367071567, 37.2798949442949], [-121.837521071553, 37.2797949440726], [-121.83759007115, 37.2797509444759], [-121.837803071585, 37.2796129442419], [-121.837855071464, 37.2795849441739], [-121.838002071777, 37.2794889441681], [-121.839233071838, 37.2786949442948], [-121.839644071742, 37.2784309439002], [-121.839859071827, 37.2782929441052], [-121.840101071676, 37.2781369441256], [-121.840254071837, 37.2780389437072], [-121.840946071948, 37.2775709440783], [-121.841459071959, 37.2772359441897], [-121.841763071733, 37.2770379437167], [-121.841910072046, 37.276932943926], [-121.842195071553, 37.2767589437258], [-121.842569071647, 37.2765149440493], [-121.844083071566, 37.2755329436824], [-121.844313071719, 37.275398943709], [-121.844512071911, 37.2752929437425], [-121.844554071744, 37.2752729437726], [-121.844820071883, 37.2751489436973], [-121.845155071618, 37.2750099435661], [-121.845274072342, 37.2749709435089], [-121.845667071804, 37.274853943216], [-121.845904071631, 37.2747939436551], [-121.846132072135, 37.2747509433209], [-121.84616807212, 37.2747449430728], [-121.846469072419, 37.2747029434674], [-121.846757072299, 37.2746689434632], [-121.846990071927, 37.2746499433702], [-121.847385071937, 37.2746349434438], [-121.847867071986, 37.2746249430146], [-121.848642072836, 37.2745989433223], [-121.848930072716, 37.2745929430621], [-121.8496900726, 37.274578943168], [-121.849853072806, 37.2745809432551], [-121.850159073128, 37.274578943168], [-121.850800073186, 37.2745769430808], [-121.851077073195, 37.2745729429062], [-121.851383072618, 37.2745699427752], [-121.851542072627, 37.2745669426439], [-121.852019072653, 37.274560943096], [-121.85207507273, 37.274560943096], [-121.852179073385, 37.2745599430522], [-121.852674072954, 37.274551942701], [-121.854160073284, 37.2745299424457], [-121.854656073576, 37.2745239428949], [-121.8547790736, 37.2745239428949], [-121.855015073602, 37.2745249429392], [-121.855148073671, 37.2745209427619], [-121.85527207352, 37.2745189426731], [-121.85546407314, 37.274513942451], [-121.855983073897, 37.274502942676], [-121.856043073273, 37.2745009425868], [-121.856236073617, 37.2744959423635], [-121.856436073634, 37.2744889427652], [-121.856503073581, 37.2744879427203], [-121.857037073508, 37.2744789423166], [-121.85723807335, 37.2744759421818], [-121.857257073616, 37.2744759421818], [-121.857317073891, 37.2744759421818], [-121.857337073982, 37.2744759421818], [-121.857394073884, 37.2744759421818], [-121.857604073946, 37.2744699426267], [-121.857875074108, 37.2744669424915], [-121.858069074276, 37.2744649424013], [-121.858879074388, 37.2744429421206], [-121.859111074192, 37.2744309422897], [-121.859491074133, 37.2744269421073], [-121.859900074387, 37.2744239419704], [-121.860030074084, 37.2744239419704], [-121.860314073766, 37.2743259424367], [-121.860839074371, 37.2743259424367], [-121.86274607465, 37.2744419420752], [-121.862952074514, 37.2744549419495], [-121.863000074195, 37.274669942076], [-121.863196074911, 37.2756309423595], [-121.863277075102, 37.2760309424209], [-121.863416075019, 37.2765359422773], [-121.863547074541, 37.2769599421094], [-121.863775075045, 37.2775879419973], [-121.864048074856, 37.2780959421207], [-121.864540074951, 37.2792769427385], [-121.864762075607, 37.279809942256], [-121.864830075379, 37.2797939426687], [-121.864917075418, 37.2797739424651], [-121.864988075563, 37.2797569421806], [-121.865157075617, 37.2797169424632], [-121.865353075436, 37.2796709421543], [-121.86544807587, 37.279646942013], [-121.867038075957, 37.2792499425271], [-121.867208075836, 37.2792079418613], [-121.867568075686, 37.279116942006], [-121.867729076243, 37.2790779419322], [-121.868213075942, 37.2789609423045], [-121.868375076323, 37.2789229421358], [-121.868739076372, 37.2788359418843], [-121.869627076301, 37.2786259421691], [-121.86994307577, 37.2785509421799], [-121.87014407651, 37.2785049418732], [-121.871116076105, 37.2782749420622], [-121.871263076419, 37.2782229416159], [-121.871374076747, 37.2781689418567], [-121.87139207629, 37.2781579419011], [-121.871532076032, 37.2780659414939], [-121.871653076406, 37.2779569417128], [-121.871804076019, 37.2778189417636], [-121.871925076393, 37.277894941767], [-121.872119076561, 37.2779969416508], [-121.872325076426, 37.2780819414485], [-121.872507076899, 37.2781379419775], [-121.872585076717, 37.2781559419089], [-121.872686076101, 37.2781789418151], [-121.872882076817, 37.2782079416867], [-121.873076076986, 37.2782219416207], [-121.873270076257, 37.2782219416207], [-121.873464076425, 37.2782069416913], [-121.873664076442, 37.2781759418277], [-121.873860076261, 37.2781299412918], [-121.874399077109, 37.2779969416508], [-121.874486077148, 37.2779819416766], [-121.874580076859, 37.2779769416845], [-121.874791076746, 37.2779549417154], [-121.87498807639, 37.2779519417191], [-121.875150076772, 37.2779629417049], [-121.875318077001, 37.27798594167], [-121.875475076462, 37.2780209416034], [-121.875557076477, 37.2780419415557], [-121.875714076836, 37.2780919414183], [-121.876343077198, 37.2783489416181], [-121.876433076711, 37.2783819413966], [-121.876541076666, 37.2784209411162], [-121.876710076721, 37.2784659414823], [-121.876736077558, 37.2784729414257], [-121.876805077155, 37.2784869413104], [-121.876922077331, 37.2785049411584], [-121.877115076777, 37.278523941708], [-121.877274077684, 37.2785259416904], [-121.877384077289, 37.2785179417607], [-121.877859077665, 37.2785009411925], [-121.878262077173, 37.2784869413104], [-121.878482077281, 37.2784209411162], [-121.878618077723, 37.2783849413758], [-121.87957507725, 37.2781349412737], [-121.879693077251, 37.2781039413805], [-121.880052077276, 37.2780109409093], [-121.880000077397, 37.2781299412918], [-121.880255077665, 37.2786869415239], [-121.881099078112, 37.2805269409971], [-121.881216078288, 37.2807989415906], [-121.881325078068, 37.280985941205], [-121.881471078556, 37.2813349416277], [-121.881563078618, 37.2816219414119], [-121.881615078496, 37.28182094121], [-121.881672078398, 37.2820799414307], [-121.881733078497, 37.282360941592], [-121.881778078703, 37.282516941394], [-121.881784078551, 37.2825379415213], [-121.881885078833, 37.2828299413913], [-121.881973078697, 37.2830039411374], [-121.882316078828, 37.2828789417137], [-121.882481078685, 37.283165941328], [-121.882977078977, 37.2840279413841], [-121.883143078659, 37.284315941534], [-121.88329407917, 37.2845359416405], [-121.883388078881, 37.2846729415151], [-121.883568078806, 37.2849189417177], [-121.883664079066, 37.2850589413229], [-121.88373907851, 37.2851459415283], [-121.883774078671, 37.2851779412827], [-121.883832079295, 37.2852309418289], [-121.883935079227, 37.285304941693], [-121.883990078581, 37.2853359414793], [-121.883738078686, 37.2854429414963], [-121.883779078693, 37.2855629414614], [-121.883839078968, 37.2858179413772], [-121.883850078839, 37.2858819417305], [-121.88386807928, 37.2860679416889], [-121.88387007893, 37.2862539419024], [-121.88385707941, 37.2864539414882], [-121.88383107947, 37.286642941827], [-121.883788078914, 37.286827941453], [-121.883720079142, 37.2870389417461], [-121.883631079454, 37.2872599416288], [-121.883591079271, 37.2873429419377], [-121.88354507924, 37.2874359415982], [-121.883476078745, 37.2875499420165], [-121.883324079307, 37.287757942109], [-121.883177078994, 37.2879309420298], [-121.883079079085, 37.2880329418917], [-121.882907079556, 37.2881909418112], [-121.882746078999, 37.2883199418613], [-121.882629078823, 37.2884049421502], [-121.882398078844, 37.2885509415647], [-121.881841079351, 37.2888629423401], [-121.881772078855, 37.2888479416727], [-121.881713079304, 37.2888419418337], [-121.88165107938, 37.2888409419796], [-121.881601079151, 37.2888449421106], [-121.881578078687, 37.2888469418186], [-121.881287079332, 37.2890609417213], [-121.881172078806, 37.2891509418525], [-121.881145079041, 37.2891619423456], [-121.880972078789, 37.2892449419858], [-121.880797078887, 37.2893469422105], [-121.88077807862, 37.2893599423694], [-121.880432079014, 37.2896139424383], [-121.879694078872, 37.2901449419704], [-121.879608078658, 37.2902079423809], [-121.879334079022, 37.2904089420106], [-121.879258078854, 37.290464942658], [-121.878998078563, 37.2906739423835], [-121.87888607841, 37.2907659423864], [-121.878729078949, 37.2909079422011], [-121.878189079174, 37.2914339427933], [-121.87807007845, 37.2915599428321], [-121.878028078618, 37.2916049424886], [-121.877848078692, 37.2917919424084], [-121.877781078745, 37.2918749427206], [-121.877767078502, 37.2918929422252], [-121.877684078661, 37.2920039428865], [-121.877615079064, 37.292097942314], [-121.877430079116, 37.2924159429431], [-121.87735007875, 37.2925559428927], [-121.877464078553, 37.2925459427008], [-121.87751807898, 37.292539942442], [-121.87802207877, 37.2924909426932], [-121.878191078824, 37.2924749422287], [-121.878426079001, 37.2924519424037], [-121.878490078575, 37.2924459428521], [-121.878864078669, 37.2924169427496], [-121.879132079356, 37.2923969423275], [-121.879255079379, 37.292387942636], [-121.879368079357, 37.2923799427505], [-121.879511079472, 37.2923699425352], [-121.879943079292, 37.2923389420736], [-121.880087079232, 37.2923299423752], [-121.880209079431, 37.2923099426445], [-121.880328079257, 37.2922909427168], [-121.880578079502, 37.2922579426052], [-121.880600079243, 37.2922559422732], [-121.880702079351, 37.2922469425649], [-121.880778079519, 37.2922389426644], [-121.880910078865, 37.2922279426212], [-121.881008079672, 37.2922119421008], [-121.881085079665, 37.2922009420537], [-121.881215079362, 37.2921529426088], [-121.881459079759, 37.2920649421178], [-121.881607078999, 37.2920119420972], [-121.881739079243, 37.2919669419696], [-121.882255079627, 37.2917829419298], [-121.883084080006, 37.2914879423253], [-121.883803079881, 37.2912289423246], [-121.884319079367, 37.2910439420845], [-121.884996079409, 37.2908059419486], [-121.885011079478, 37.2908009420938], [-121.887025079887, 37.290083941897], [-121.887238080322, 37.2900089418914], [-121.887703079755, 37.2898479419792], [-121.888081080046, 37.2897119413634], [-121.889216079848, 37.2893049414621], [-121.889595079965, 37.2891699411439], [-121.889828080492, 37.2890869414209], [-121.890529080824, 37.2888369411337], [-121.890763080277, 37.2887549416133], [-121.890990080058, 37.2886729412889], [-121.891672080123, 37.2884289409279], [-121.891900080627, 37.2883489413989], [-121.8920860804, 37.2882819414152], [-121.892646080267, 37.2880819409704], [-121.892833080763, 37.2880159413287], [-121.893008080665, 37.2879529412269], [-121.89353508092, 37.2877659410565], [-121.893711080647, 37.2877049411986], [-121.89393008093, 37.2876259407701], [-121.894588080706, 37.2873909408777], [-121.894808080814, 37.2873129407086], [-121.895019080701, 37.2872359410488], [-121.8954990811, 37.2870619410818], [-121.895654080911, 37.2870059407604], [-121.895867081346, 37.286929940666], [-121.89607508086, 37.2868559409704], [-121.896699081199, 37.2866339407325], [-121.896908081437, 37.2865609406303], [-121.897115081126, 37.2864879404573], [-121.897736081092, 37.286269940831], [-121.897944081504, 37.2861979402649], [-121.898125081254, 37.2861339408951], [-121.898669081227, 37.2859419403148], [-121.898851081701, 37.2858789406207], [-121.898903081579, 37.2858609403921], [-121.899016081557, 37.2858199404509], [-121.899511081126, 37.2856419404822], [-121.899676080983, 37.2855829401267], [-121.89984608176, 37.2855219406431], [-121.900358081947, 37.2853419401684], [-121.90037808114, 37.2853359400498], [-121.900528081826, 37.2852789406866], [-121.900578081156, 37.2852609403145], [-121.900728081842, 37.2852089404065], [-121.900779081896, 37.285191940635], [-121.900893081699, 37.285148940523], [-121.901235082006, 37.2850229404691], [-121.901350081633, 37.2849809401659], [-121.901398081314, 37.2849629404373], [-121.901544081802, 37.2849109403233], [-121.901593081308, 37.2848939404844], [-121.901715081506, 37.2848509402022], [-121.902084081577, 37.2847209400139], [-121.902208081426, 37.284678940257], [-121.902409082166, 37.2846069403128], [-121.90301208169, 37.2843899401537], [-121.903214082255, 37.2843189398471], [-121.903409082248, 37.2842499400186], [-121.903994082229, 37.2840449399891], [-121.904024081468, 37.2840349400955], [-121.904187081675, 37.2839709403155], [-121.904340081836, 37.2838909396206], [-121.904742082417, 37.2836719396955], [-121.904798081595, 37.2836439397081], [-121.904955081954, 37.283568939716], [-121.905108082115, 37.2835019397647], [-121.905567081699, 37.2833009395528], [-121.90572008186, 37.2832339400776], [-121.905879081869, 37.28316294011], [-121.90635708172, 37.2829519396698], [-121.906517082451, 37.2828819393694], [-121.90667608246, 37.2828129396528], [-121.907153082486, 37.2826049394718], [-121.90731308232, 37.2825369394392], [-121.907476082526, 37.2824649395899], [-121.907968082621, 37.282250939512], [-121.908132082652, 37.2821799393318], [-121.908293082311, 37.2821089397993], [-121.908779082558, 37.2818969393167], [-121.908941082041, 37.2818269394646], [-121.909110082095, 37.2817519390912], [-121.909620082632, 37.2815279396182], [-121.909790082511, 37.2814539396139], [-121.90994708287, 37.2813849393029], [-121.910419082873, 37.2811779394197], [-121.910577082158, 37.2811099395273], [-121.910745082388, 37.2810339391963], [-121.911252082551, 37.2808079390943], [-121.911421082605, 37.280732939135], [-121.911603083079, 37.2806549392125], [-121.912034083074, 37.2804709393864], [-121.912150082527, 37.2804219389257], [-121.91223808239, 37.2803859394275], [-121.912332083, 37.2803429394286], [-121.912425082886, 37.2804809390389], [-121.912707082918, 37.2808959391704], [-121.91280108263, 37.2810349391542], [-121.912891083041, 37.281166939189], [-121.913133082891, 37.2815179393901], [-121.913162083203, 37.2815639392849], [-121.913216082731, 37.2816499392926], [-121.913243083394, 37.2817029394644], [-121.913329082709, 37.2818849392446], [-121.913349082801, 37.2819259391854], [-121.913426082794, 37.282130939269], [-121.91348208287, 37.2823439390328], [-121.913501083137, 37.2824639389363], [-121.913513082832, 37.2825389393148], [-121.913520083403, 37.2826649392394], [-121.913530083449, 37.2828459389036], [-121.913529083624, 37.2828579395373], [-121.913524083601, 37.2834379395314], [-121.913523082878, 37.2836319391997], [-121.913521083228, 37.2837769393769], [-121.91351708303, 37.2842159393237], [-121.913516083205, 37.2843619390039], [-121.913514083556, 37.2845239391302], [-121.913513083731, 37.2846079395084], [-121.913509083533, 37.2850139391808], [-121.913508083708, 37.2851769392358], [-121.913505083335, 37.2854829396], [-121.913500083312, 37.2860319391737], [-121.913490083266, 37.2864009396593], [-121.913482083769, 37.2867079392169], [-121.913478083571, 37.2867979393038], [-121.913475084096, 37.2869159394929], [-121.913479083396, 37.2870709392663], [-121.913482083769, 37.28716193951], [-121.913484083418, 37.2873729395813], [-121.913487083791, 37.2875069396784], [-121.913497083837, 37.2878589394795], [-121.91350208386, 37.2885449395579], [-121.913506084058, 37.2888919395243], [-121.913507083883, 37.2890939396617], [-121.913511084081, 37.289472940027], [-121.913513083731, 37.2897029399214], [-121.913515084279, 37.2899059398654], [-121.913517083929, 37.29017794015], [-121.913523083776, 37.290994939932], [-121.91352608415, 37.2912679396748], [-121.91352608415, 37.2913389398566], [-121.913529084523, 37.2915549401688], [-121.913530084347, 37.2915739402824], [-121.913527083974, 37.2916269398968], [-121.913532083997, 37.2918239400512], [-121.91353508437, 37.2924149402778], [-121.91353708402, 37.2926129403168], [-121.91353708402, 37.2926229397851], [-121.91353708402, 37.2926529403263], [-121.91353708402, 37.2926639403073], [-121.91353708402, 37.2927219403107], [-121.91353708402, 37.2928959400524], [-121.91353708402, 37.2929549403909], [-121.91353708402, 37.2930809400264], [-121.913538084743, 37.2934469401527], [-121.913539084568, 37.2935709400963], [-121.91353508437, 37.2937129403339], [-121.91353508437, 37.2937449400183], [-121.913538084743, 37.2939439399163], [-121.913545084416, 37.2942709400707], [-121.913549084614, 37.2944459402971], [-121.913834084121, 37.2944389404103], [-121.914006084549, 37.294434939862], [-121.914032084488, 37.294434939862], [-121.914210084763, 37.2944299402484], [-121.9153790849, 37.2944249399199], [-121.915589084962, 37.2944249399199], [-121.91583708466, 37.2944219398655], [-121.916287084921, 37.294418939811], [-121.917637084808, 37.2944109401415], [-121.917666085121, 37.2944109401415], [-121.917993085359, 37.2944059398116], [-121.91808708507, 37.2944059398116], [-121.918225085162, 37.2944049400315], [-121.918638085614, 37.2944049400315], [-121.918778085356, 37.2944029397565], [-121.919258085755, 37.2943999397013], [-121.91947508549, 37.2943989399211], [-121.919550085834, 37.2943979401408], [-121.919778085439, 37.2943949400853], [-121.919854085607, 37.2943949400853], [-121.919979085281, 37.2943939395904], [-121.920322085412, 37.2943919400298], [-121.920355085923, 37.2943909395348], [-121.920393085557, 37.2943909395348], [-121.920573085482, 37.2943899397544], [-121.920850085492, 37.2943869396987], [-121.920943085378, 37.2943869396987], [-121.921054085706, 37.2943869396987], [-121.921235085456, 37.2943869396987], [-121.921388085617, 37.2943859399183], [-121.92150008577, 37.2943859399183], [-121.921733085399, 37.2943839396427], [-121.922245085585, 37.2943819393672], [-121.922435085556, 37.2943799398063], [-121.922669085907, 37.2943779395306], [-121.923403085851, 37.2943789393111], [-121.924170086305, 37.2944139394817], [-121.924401086284, 37.2944159397564], [-121.925366086207, 37.294408939152], [-121.92554808668, 37.294405939097], [-121.926096086851, 37.2943999389866], [-121.926279086251, 37.294395939151], [-121.926564086656, 37.2943979394262], [-121.926812086353, 37.2944009394815], [-121.927419086974, 37.294395939151], [-121.927543086822, 37.2943949393707], [-121.927705086306, 37.294386938984], [-121.931699087687, 37.2944019392617], [-121.931687087093, 37.2949389386564], [-121.931686087268, 37.2955469390038], [-121.931685087444, 37.2962349392437], [-121.931685087444, 37.2963449387463], [-121.931685087444, 37.2968619393279], [-121.931685087444, 37.2969969394213], [-121.931683087794, 37.2971059394947], [-121.931683087794, 37.2971669388768], [-121.931682087969, 37.2972269391813], [-121.931681087246, 37.2972399394077], [-121.931681087246, 37.2972819392993], [-121.931681087246, 37.2973089394725], [-121.931680087421, 37.2973899392192], [-121.931679087596, 37.2974089392883], [-121.931679087596, 37.2974519395398], [-121.931674087573, 37.2977879392129], [-121.931687087992, 37.2980349391446], [-121.931879087612, 37.2979459393697], [-121.932233087615, 37.2976149390901], [-121.932275087447, 37.2975759393131], [-121.933683087959, 37.2962849391675], [-121.933944088075, 37.2960509389234], [-121.93450808814, 37.2955509387782], [-121.934680087669, 37.2953959386087], [-121.935199087528, 37.2949319388154], [-121.93537208778, 37.2947779385748], [-121.935495087804, 37.2946669384334], [-121.935629087698, 37.2945479384732], [-121.935833087912, 37.2943649388095], [-121.936883088224, 37.2943749387597], [-121.937600088449, 37.2943649388095], [-121.937849087971, 37.2945519383007], [-121.938751088145, 37.2957179386404], [-121.938899088283, 37.2958989383505], [-121.939351089093, 37.2964419384407], [-121.939505089078, 37.2966239383032], [-121.939695089049, 37.2969789382796], [-121.939889089218, 37.2973409383418], [-121.939956089165, 37.2974969385303], [-121.940158088831, 37.2979679384968], [-121.940226088604, 37.2981249385449], [-121.940286088878, 37.2983579383262], [-121.940414088925, 37.2988619387055], [-121.940465088978, 37.2991529383947], [-121.940479089222, 37.2992969389589], [-121.940484089245, 37.2994059385576], [-121.940500089138, 37.2997319388403], [-121.940501088963, 37.2997479384759], [-121.94031508919, 37.2997489388996], [-121.938115089008, 37.2997539388743], [-121.938119089206, 37.300509938794], [-121.938145089146, 37.3012519390407], [-121.93817208891, 37.302024939168], [-121.938139089298, 37.3020909393821], [-121.938126088879, 37.3024219392569], [-121.938501088798, 37.3024199391951], [-121.939301088864, 37.3024039394134], [-121.9393920891, 37.3024179391333], [-121.939478089314, 37.3024329392385], [-121.939849089035, 37.302430939177], [-121.939859089081, 37.3033099392866], [-121.939860089804, 37.3044979389867], [-121.939837089339, 37.3045509394989], [-121.939859089979, 37.3050879393199], [-121.939864090002, 37.3052129390021], [-121.939877089522, 37.3052129390021], [-121.939912089683, 37.30522393929], [-121.939934089424, 37.3052339392256], [-121.940069090041, 37.305209939378], [-121.940389089708, 37.3051529393521], [-121.940474090097, 37.3051389394268], [-121.940610089641, 37.3051159391867], [-121.940766090175, 37.3051339390956], [-121.940760089429, 37.3049829393691], [-121.940758089779, 37.3044779389185], [-121.940753089757, 37.3033269392517], [-121.941089089317, 37.3033249392139], [-121.941377090096, 37.3033229391762], [-121.941877089688, 37.3033209391383], [-121.942314089531, 37.3033179387242], [-121.943171090397, 37.3033139386482], [-121.943173090047, 37.303553938543], [-121.943181090442, 37.3042249386685], [-121.943182090267, 37.3047919386607], [-121.94318908994, 37.3052079393904], [-121.943233090321, 37.3052069390393], [-121.943365090565, 37.3052059386881], [-121.943410089873, 37.3052059386881], [-121.943523089851, 37.3052049390515], [-121.943775090644, 37.3052049390515], [-121.943865090158, 37.3052059386881], [-121.94397908996, 37.3052079386758], [-121.943978090136, 37.305563939211], [-121.943977090311, 37.3066349388459], [-121.943977090311, 37.3069929389962], [-121.944018090319, 37.3069939393235], [-121.9444200909, 37.3069969388764], [-121.944483090649, 37.3069969388764], [-121.944739090742, 37.3069949389363], [-121.945353091035, 37.3069969388764], [-121.945504090648, 37.3069979392037], [-121.945503090823, 37.3069459393151], [-121.945473090686, 37.3057749391161], [-121.945453090594, 37.3052049390515], [-121.945422090632, 37.3052019387126], [-121.945421090807, 37.3051299391162], [-121.945419090259, 37.3041229386093], [-121.945398090343, 37.3016419382769], [-121.945369090031, 37.3015479386276], [-121.945319089802, 37.2979519384826], [-121.944733089996, 37.2979449382074], [-121.944743089143, 37.2975349386097], [-121.94465308963, 37.2974949383375], [-121.944602089576, 37.2974559384984], [-121.944573089264, 37.2974349382467], [-121.944553089173, 37.2973349384655], [-121.944543089127, 37.2962549379308], [-121.94451308899, 37.295614937999], [-121.944523089035, 37.295474938025], [-121.944635089188, 37.2953809378146], [-121.944637089736, 37.2951239378941], [-121.944638089561, 37.2949969383351], [-121.945230089215, 37.2949919380441], [-121.945225089192, 37.2949269378055], [-121.947621090091, 37.2949419379756], [-121.947635089436, 37.295277938141], [-121.94764709003, 37.2957539379502], [-121.949934090251, 37.2957519377111], [-121.949933090426, 37.2956849378883], [-121.949932090601, 37.295632938038], [-121.954454091164, 37.2956329373234], [-121.954454091164, 37.2955739376558], [-121.959032091803, 37.2955349368207], [-121.959028091605, 37.2958879374132], [-121.959032091803, 37.2972709371351], [-121.959033091628, 37.2973429371094], [-121.959035092176, 37.2975059376105], [-121.959030092153, 37.2978609369973], [-121.959185091964, 37.2978799369475], [-121.959503091981, 37.2978639369145], [-121.960950091952, 37.2978499370616], [-121.961353092359, 37.2978949372432], [-121.961744092171, 37.2978969374253], [-121.961865092545, 37.2978969374253], [-121.961905091829, 37.2978969374253], [-121.962185092212, 37.2978979371591], [-121.962433091909, 37.2978979371591], [-121.962615092382, 37.2978869372287], [-121.96265609239, 37.2977939369092], [-121.962688092177, 37.2977799370432], [-121.962789092459, 37.2977209369159], [-121.96279809268, 37.2977319368705], [-121.962824092619, 37.2977629372535], [-121.962897092414, 37.2977409373518], [-121.963117092522, 37.2976759366301], [-121.963150092134, 37.2976669368557], [-121.963190092317, 37.297653936703], [-121.963261092462, 37.2976309370321], [-121.963474092, 37.2975639367392], [-121.963547092693, 37.2975449367092], [-121.963474092, 37.297398936883], [-121.963258092089, 37.2969629366257], [-121.963186092119, 37.2968179368472], [-121.962983092628, 37.2964129370202], [-121.962918092331, 37.2962689366514], [-121.962894092041, 37.2961669365212], [-121.962891092567, 37.2960669371981], [-121.962893092216, 37.296043937042], [-121.962778092589, 37.2960449368004], [-121.962345092045, 37.2960399365792], [-121.962305091862, 37.2960349370722], [-121.962275091725, 37.2960309366089], [-121.962084091929, 37.2960069366829], [-121.961913092225, 37.2959749372461], [-121.961811092118, 37.295953936581], [-121.961667092178, 37.2959469368344], [-121.961557091675, 37.2959339370992], [-121.961403091689, 37.2959379368531], [-121.961354092183, 37.2958709371959], [-121.961302092305, 37.2955399370755], [-121.962102092371, 37.2955239365448], [-121.962862092254, 37.295512936982], [-121.962956091966, 37.2954999364571], [-121.962951091943, 37.2955479366249], [-121.962930092026, 37.2956819371695], [-121.963035092507, 37.2956789371653], [-121.966226092551, 37.2956759364463], [-121.966236092596, 37.2954449364653], [-121.967574092788, 37.2954309361621], [-121.968536093236, 37.2954249361335], [-121.970870093312, 37.2953699360869], [-121.97085209287, 37.2949909361279], [-121.970821092908, 37.2940839363078], [-121.970807093563, 37.2939239363269], [-121.970781092725, 37.2931949361796], [-121.970740092717, 37.2931909362799], [-121.970683092816, 37.2931849360726], [-121.970693092862, 37.2924149359899], [-121.970663092724, 37.2916349355744], [-121.970705092557, 37.2916469362357], [-121.97074509274, 37.2916459357043], [-121.970731092496, 37.2908079358872], [-121.972072093061, 37.2907869359237], [-121.972190093062, 37.2907879357519], [-121.972718093141, 37.2907799356963], [-121.972795093134, 37.2907779360396], [-121.973025093288, 37.2907739360114], [-121.973103093106, 37.2907729354683], [-121.97322409348, 37.290769935983], [-121.973590093178, 37.290762935754], [-121.973712093376, 37.2907609353822], [-121.973997092883, 37.2907569353531], [-121.974636093291, 37.2907479354654], [-121.97472109368, 37.2907459358079], [-121.974978093598, 37.290741935778], [-121.975064093811, 37.2907409352345], [-121.975163093546, 37.2907389355767], [-121.975401093197, 37.2907359353753], [-121.975462093296, 37.2907349355464], [-121.975562093754, 37.2907349355464], [-121.975701093671, 37.2907339357175], [-121.976164093453, 37.2907189354231], [-121.976317093614, 37.2907239352833], [-121.976453094057, 37.2907429356068], [-121.976583093753, 37.2907749351251], [-121.976611093342, 37.2907839357242], [-121.976607094042, 37.2906019353114], [-121.976608093867, 37.2904629351315], [-121.976612093167, 37.2898309353942], [-121.980286093983, 37.2925229350362], [-121.980443094342, 37.2923829350251], [-121.980606094548, 37.2922369351852], [-121.98165809451, 37.2913269348581], [-121.981588094189, 37.2912549348429], [-121.981241094758, 37.2910169353746], [-121.9810230943, 37.2908579351301], [-121.98037509457, 37.2903829349064], [-121.980158093936, 37.290223935466], [-121.979828094223, 37.2899879352727], [-121.979981094384, 37.2898469349917], [-121.980861093918, 37.2890929348081], [-121.980928093865, 37.2890549347524], [-121.983467093981, 37.2868459343032], [-121.983979094167, 37.2863789342907], [-121.98412809413, 37.2862429345517], [-121.984073093878, 37.286225934299], [-121.983918094068, 37.2861839346673], [-121.983513094012, 37.2861349343527], [-121.98312009455, 37.2860539346377], [-121.983117094177, 37.2859559345219], [-121.983058093727, 37.2850669348394], [-121.98295609362, 37.2834579344729], [-121.982545093716, 37.2834699342943], [-121.982383093334, 37.2834749346362], [-121.982013093438, 37.2834849346043], [-121.980348093009, 37.2835059344615], [-121.98008009322, 37.2835089342365], [-121.97968309356, 37.2835149345006], [-121.978873093448, 37.283544934385], [-121.977873093366, 37.2835649350161], [-121.97726309327, 37.283584934927], [-121.976703092505, 37.2836049348327], [-121.976644092954, 37.2836059347563], [-121.976642093304, 37.2841559350748], [-121.976639092931, 37.2842859348096], [-121.976637093281, 37.2843659350846], [-121.975604092688, 37.2844169349475], [-121.974602092956, 37.2844659349514], [-121.974267092322, 37.2844779353267], [-121.974041092366, 37.2844819349749], [-121.974177092808, 37.2860989354431], [-121.974102092465, 37.2861009352241], [-121.973613092744, 37.2861149351194], [-121.972633092753, 37.2861549350101], [-121.972297092294, 37.2861739350579], [-121.971544092083, 37.2862069356938], [-121.971353092287, 37.2862149355209], [-121.970780092002, 37.2862399356005], [-121.970754092063, 37.2862419353778], [-121.970590092031, 37.2862479354241], [-121.969695092429, 37.2862809353128], [-121.96879609173, 37.28631893534], [-121.968212091574, 37.2863479356488], [-121.968054092288, 37.2863779358333], [-121.968003092235, 37.2863849357555], [-121.967699091563, 37.2864489356266], [-121.967533091882, 37.2864919357104], [-121.967480092178, 37.2865059355329], [-121.967412091508, 37.2865229357223], [-121.967151091392, 37.2865919356108], [-121.96704809146, 37.2866089357808], [-121.966925091436, 37.2866309360792], [-121.966735091465, 37.2866629359169], [-121.966329091584, 37.2866849354848], [-121.966303091645, 37.2866849354848], [-121.966257091614, 37.2866849354848], [-121.965838091315, 37.2867059358785], [-121.965799090957, 37.2841799359224], [-121.966002091346, 37.2841769354595], [-121.966083091537, 37.2841769354595], [-121.966161091355, 37.2841749356273], [-121.966335091432, 37.2841719358789], [-121.966398091181, 37.2841709352481], [-121.966478091547, 37.2841709352481], [-121.966478091547, 37.2837249355845], [-121.966480091197, 37.2823899355638], [-121.966481091022, 37.2819449352976], [-121.966387091311, 37.2819449352976], [-121.966106091103, 37.2819449352976], [-121.966013091217, 37.2819449352976], [-121.96514309083, 37.2819449352976], [-121.96478309098, 37.2819449352976], [-121.964766091262, 37.281417935606], [-121.964717090858, 37.2798399350399], [-121.964734090577, 37.2793009351352], [-121.964735090402, 37.2792289350493], [-121.964740090424, 37.2788409353862], [-121.964948090837, 37.2787689355751], [-121.965144090655, 37.2787019349245], [-121.965336090276, 37.2785609349396], [-121.965548090886, 37.2782949348014], [-121.965917090957, 37.2781189348972], [-121.966121090274, 37.2780879349974], [-121.966294090526, 37.2780579350822], [-121.966434090268, 37.2780399351273], [-121.966601090673, 37.2780329351437], [-121.966761090506, 37.2780069351989], [-121.966992090485, 37.277945935293], [-121.968105090545, 37.2775389346561], [-121.968361090639, 37.2774529349546], [-121.968514090799, 37.2774019346614], [-121.96894209132, 37.2772579350765], [-121.969454091506, 37.2773259348751], [-121.969868090884, 37.2773149347962], [-121.970259091595, 37.2773059347305], [-121.970385091093, 37.2773019347009], [-121.970448090843, 37.2773009346935], [-121.970495091597, 37.2772989346786], [-121.970518091163, 37.2773029347083], [-121.971095091646, 37.2773329349245], [-121.971333091298, 37.2773449350076], [-121.971431091207, 37.2773669344401], [-121.971463090994, 37.2773749344922], [-121.971522091443, 37.2773809345306], [-121.971629091574, 37.2773909345936], [-121.971673091056, 37.2773949346184], [-121.971954091264, 37.2773869345686], [-121.972063091044, 37.277384934556], [-121.972243091867, 37.2773749344922], [-121.972282091327, 37.2773739344857], [-121.972942091651, 37.2773589343873], [-121.973163091584, 37.2773549343606], [-121.973270091714, 37.2773559343673], [-121.973592091929, 37.2773629344139], [-121.973699092059, 37.277364934427], [-121.973806092189, 37.2773699344598], [-121.974132091704, 37.2773869345686], [-121.974242092207, 37.2773929346061], [-121.974424091782, 37.2773989346431], [-121.974968091755, 37.2774219340657], [-121.975151092053, 37.2774289341062], [-121.975462092398, 37.2774129347276], [-121.976334092434, 37.2773699344598], [-121.976390092511, 37.2773359342306], [-121.976495092093, 37.2772749344958], [-121.976617092292, 37.2772309341408], [-121.976673092368, 37.2772049339189], [-121.976692091736, 37.2773609344006], [-121.976702091782, 37.2774419341795], [-121.976742091965, 37.277765934568], [-121.976743092688, 37.2778919346203], [-121.976736092117, 37.2779699345471], [-121.976712091828, 37.2780879342826], [-121.976617092292, 37.27837593429], [-121.976826092529, 37.278442934516], [-121.976876092758, 37.2784589343904], [-121.976940092332, 37.2784949340955], [-121.976997092233, 37.2785429343902], [-121.977079092249, 37.2786599346677], [-121.977223092189, 37.2789069344974], [-121.977235092783, 37.2789359340886], [-121.977265092022, 37.2790059344852], [-121.977290092136, 37.2791479343342], [-121.97751809264, 37.2790939345239], [-121.977679092298, 37.2790609343427], [-121.977755092466, 37.2790469345647], [-121.977862092597, 37.2790389346904], [-121.978394092874, 37.2790389339756], [-121.978691092975, 37.2790319340849], [-121.97887309255, 37.2790109344089], [-121.978897092839, 37.2790089344395], [-121.979272092758, 37.27900693447], [-121.97937709234, 37.27900693447], [-121.979695093256, 37.2790079344547], [-121.979801092663, 37.2790089344395], [-121.979799093013, 37.2787609342416], [-121.979779092921, 37.2784919341207], [-121.979753092982, 37.2781349341258], [-121.979696092182, 37.2765029338266], [-121.979781092571, 37.2764999337724], [-121.979859092389, 37.2764969337181], [-121.980096092215, 37.2764899343059], [-121.980175092756, 37.2764879342694], [-121.980657092805, 37.2764739340129], [-121.981251093007, 37.2764569336979], [-121.981535092689, 37.2764519336045], [-121.982104092777, 37.2764359340183], [-121.98258709265, 37.2764229337712], [-121.982773093322, 37.2764179336755], [-121.983002092752, 37.2764119335603], [-121.983046093133, 37.2764109335411], [-121.982959093094, 37.2742139335207], [-121.982933092257, 37.2734359332746], [-121.982684092735, 37.2734819338197], [-121.982328092184, 37.2736059337815], [-121.982131092541, 37.2736989332614], [-121.982100092579, 37.2736239333669], [-121.981459092521, 37.2718099338073], [-121.981242091888, 37.271194933335], [-121.981352092391, 37.271194933335], [-121.981393092399, 37.271194933335], [-121.981556092606, 37.2711579336241], [-121.981602092636, 37.2711279330917], [-121.981925092677, 37.2710709336913], [-121.982275092481, 37.2710009330644], [-121.982367092542, 37.2709829335666], [-121.982415092223, 37.2709709331843], [-121.982366092718, 37.2708019332549], [-121.982387092634, 37.2708049335361], [-121.982199092313, 37.2703029334241], [-121.982165091978, 37.2702129336284], [-121.983309092001, 37.2699899335201], [-121.983330091917, 37.2699459331963], [-121.983336092663, 37.2699219335287], [-121.983344092161, 37.2698849331923], [-121.983113092182, 37.2692499332978], [-121.982614092415, 37.2678129332288], [-121.982289091826, 37.2678609331857], [-121.982123092145, 37.2678849327953], [-121.982076092289, 37.2677549333293], [-121.981931091626, 37.2673569331836], [-121.981923092128, 37.2673349329705], [-121.981795092082, 37.2670259327427], [-121.982265091537, 37.2669319327388], [-121.982309091918, 37.2670799333459], [-121.982758092355, 37.2669959327086], [-121.983936091814, 37.2667409326509], [-121.984117092463, 37.2667029327478], [-121.984446092351, 37.2666369329458], [-121.984478092138, 37.2666329330642], [-121.984505091902, 37.2665929328073], [-121.984770092216, 37.2665489326432], [-121.984975092255, 37.2665139330954], [-121.984999092545, 37.2665249326078], [-121.985146091959, 37.2665919326576], [-121.985213091907, 37.2666159326717], [-121.985355092197, 37.2666679325567], [-121.985492092464, 37.266730932603], [-121.986509092265, 37.2671989324203], [-121.986849092922, 37.2673559330441], [-121.987611092455, 37.2677089328595], [-121.988982093157, 37.2683429327554], [-121.989903093597, 37.2687619323752], [-121.990668093503, 37.2691109322834], [-121.990718093732, 37.2689699329207], [-121.99072409358, 37.2689549325776], [-121.99077209326, 37.2687739323948], [-121.990800093747, 37.2687019322485], [-121.990800093747, 37.2686089323151], [-121.990760093565, 37.2685459324102], [-121.990738092925, 37.2685099322367], [-121.990713093709, 37.2684069322408], [-121.990690093244, 37.2683119324043], [-121.99072409358, 37.2681589321448], [-121.990779092933, 37.2680319328285], [-121.990783093131, 37.2680089326818], [-121.990813093268, 37.267872932634], [-121.990654093259, 37.2671919321435], [-121.990664093305, 37.2667839325558], [-121.990668093503, 37.2666369322309], [-121.990752093169, 37.2663829325398], [-121.990832092636, 37.2661419325868], [-121.990865093146, 37.2660499325081], [-121.991067092813, 37.2654999321488], [-121.991187093362, 37.2648339320976], [-121.991208093278, 37.2647169324948], [-121.991233093393, 37.2646239319292], [-121.991256092959, 37.2645719320625], [-121.991560092732, 37.2641489319923], [-121.991626092855, 37.2640719322276], [-121.991845093138, 37.2638209323086], [-121.991871093077, 37.2637839318339], [-121.991975092834, 37.2636339322353], [-121.99202009304, 37.2635479316634], [-121.992054093375, 37.263482932147], [-121.99206809272, 37.2634389323104], [-121.99209009336, 37.2633209317771], [-121.992085093337, 37.2632579317377], [-121.992036092933, 37.263148931965], [-121.992014093192, 37.263112932071], [-121.991951092545, 37.2630369321589], [-121.991951092545, 37.2628899316691], [-121.991891093168, 37.2629039323068], [-121.991713092893, 37.2629459320597], [-121.991654092444, 37.2629609321701], [-121.991575092801, 37.2629789321555], [-121.991341092449, 37.2630349317651], [-121.991263092631, 37.2630549321262], [-121.99119309321, 37.2630709316964], [-121.990984092972, 37.2631209322079], [-121.990915092477, 37.2631379319596], [-121.990763093039, 37.2631749320366], [-121.990641092841, 37.26319793223], [-121.990508092771, 37.2632169323533], [-121.990354092785, 37.2632499323304], [-121.990197092426, 37.2632789322333], [-121.98949509227, 37.2634099324691], [-121.989209092938, 37.2634629318995], [-121.98882309225, 37.2635349320506], [-121.9884630924, 37.2636149322172], [-121.988349092597, 37.263639931939], [-121.988283092475, 37.263654932626], [-121.988008092115, 37.2637119326358], [-121.987895092137, 37.2637359321379], [-121.987436092553, 37.263830932028], [-121.986653092205, 37.2639949323841], [-121.986060091828, 37.2641239324394], [-121.985603091894, 37.2642249322122], [-121.985523092426, 37.2642349325928], [-121.98544309206, 37.2642549326353], [-121.98532309241, 37.2642799328596], [-121.984724092185, 37.2644099326054], [-121.984525091993, 37.2644539325895], [-121.984468092092, 37.2644659325807], [-121.984299092038, 37.2645019325429], [-121.984243091961, 37.2645149327037], [-121.984133091458, 37.2645449330113], [-121.984086091602, 37.2645539324578], [-121.983610091401, 37.2646519325574], [-121.983503092169, 37.2646749330146], [-121.983451091392, 37.2646829329855], [-121.983345091986, 37.2646979327498], [-121.983262092145, 37.2647109328768], [-121.983233091833, 37.2647149328604], [-121.983043091862, 37.2647449330884], [-121.983029091618, 37.2647449330884], [-121.982923091313, 37.2647449330884], [-121.982794091441, 37.2647489330702], [-121.982633091783, 37.2647549326851], [-121.982409091477, 37.2647479328961], [-121.98228109143, 37.2647439329142], [-121.982184091346, 37.2648029331615], [-121.982116091574, 37.2648449325703], [-121.981893091991, 37.2649799329113], [-121.981796091907, 37.2650399331441], [-121.981680091556, 37.2650839327601], [-121.981496091433, 37.2651559327913], [-121.981321091531, 37.2651589325826], [-121.981197091682, 37.2651619330886], [-121.980921091498, 37.2651099328786], [-121.980366091654, 37.2650059330657], [-121.980093090944, 37.264953932748], [-121.979927091263, 37.2649229331463], [-121.979818091483, 37.2649029332813], [-121.979673090819, 37.2649019331092], [-121.979241090999, 37.2649019331092], [-121.979097091059, 37.2649019331092], [-121.97871309092, 37.2649549329194], [-121.978223091373, 37.2650149331721], [-121.977373091078, 37.2650649331078], [-121.977280091192, 37.2650699332425], [-121.976673090571, 37.2651049334615], [-121.976283090584, 37.265134933534], [-121.975493090564, 37.2651749331355], [-121.974875090971, 37.2652089331376], [-121.974806090475, 37.2652089331376], [-121.974607090284, 37.2651969332648], [-121.974076090729, 37.2651659337632], [-121.974059090113, 37.2651679333855], [-121.97381209024, 37.2651929333068], [-121.973785090476, 37.2651909336851], [-121.973573090764, 37.2651749331355], [-121.973474090132, 37.2651449337938], [-121.973373090748, 37.2651149337253], [-121.97334708991, 37.2650989331595], [-121.973243090153, 37.2650349337223], [-121.973025090593, 37.2648559337563], [-121.972927089785, 37.2647639335364], [-121.972741090013, 37.2645889336315], [-121.972184089621, 37.2640639336216], [-121.972153089659, 37.2640349333061], [-121.972003089871, 37.2638849334924], [-121.971943089596, 37.2639149333361], [-121.971893090266, 37.2639449331678], [-121.971863090129, 37.2639549335857], [-121.971673090158, 37.2639849334014], [-121.970670089702, 37.2640029338571], [-121.970563089572, 37.2640049335102], [-121.970333089418, 37.2640149339201], [-121.96967908984, 37.26402393343], [-121.96771708931, 37.2640549341166], [-121.967063088833, 37.2640649338049], [-121.96697308932, 37.2640659339881], [-121.966703088983, 37.2640729338406], [-121.96661308947, 37.2640749342068], [-121.966051089055, 37.2640799336923], [-121.965553089113, 37.2640849338925], [-121.964365088709, 37.2640909342752], [-121.963803089193, 37.2640949342917], [-121.963571088491, 37.2640989343081], [-121.962875088182, 37.2641129340062], [-121.962803088212, 37.2641149343714], [-121.962643088378, 37.2641149343714], [-121.962681088911, 37.2639669343713], [-121.962795088714, 37.2635229340558], [-121.962833088349, 37.2633749343222], [-121.962441088712, 37.2632999341529], [-121.961266087828, 37.263077934501], [-121.961143087805, 37.2630549342711], [-121.961023088154, 37.2630349339099], [-121.960873088366, 37.2630149342584], [-121.961089088276, 37.2627259339112], [-121.961323088628, 37.2624149343793], [-121.961746088227, 37.2618649339253], [-121.961933087825, 37.2616249340284], [-121.961973088008, 37.2615849339712], [-121.961932088, 37.2615789341038], [-121.96181208835, 37.2615609337837], [-121.961773087992, 37.2615549339144], [-121.961010087735, 37.2614409341615], [-121.96029308751, 37.2613349338475], [-121.959625087688, 37.2612389341629], [-121.959183087822, 37.2611749343052], [-121.958719087317, 37.2611219339797], [-121.957953087586, 37.2610349338906], [-121.95705708726, 37.2609539343337], [-121.956782086901, 37.2609139346352], [-121.956429087621, 37.2608599346151], [-121.95627808711, 37.2608149344497], [-121.956240087476, 37.2608039341033], [-121.956219087559, 37.260779934382], [-121.955545086991, 37.259970934533], [-121.955512087379, 37.2599309343123], [-121.954664086734, 37.2589129345245], [-121.954588086566, 37.258824934491], [-121.954517086421, 37.2587409339405], [-121.954479086786, 37.2586979344481], [-121.954431087106, 37.2586399339633], [-121.954375087029, 37.2585809346076], [-121.954218086671, 37.2585079344684], [-121.954025086327, 37.2583879342719], [-121.953834086531, 37.2582689341445], [-121.953857086996, 37.2582139341122], [-121.954730086857, 37.2571309340052], [-121.954795086256, 37.2570439343113], [-121.954953086439, 37.2568289339052], [-121.955119087019, 37.2566039343529], [-121.955201087035, 37.2564919341091], [-121.95535708667, 37.2562689341238], [-121.955243086868, 37.2562099343411], [-121.955227086974, 37.2562009338975], [-121.955161086852, 37.2561669341189], [-121.955116086646, 37.2561449342119], [-121.95502308676, 37.2560989338006], [-121.954846086309, 37.2560119343447], [-121.954609086483, 37.2558939343306], [-121.954579086346, 37.2559309336763], [-121.954196086031, 37.255741934161], [-121.95411108654, 37.255699933966], [-121.95400608606, 37.2556479343732], [-121.953901086478, 37.255596934325], [-121.953213086565, 37.2552579341371], [-121.953098086039, 37.2552009341645], [-121.952476086248, 37.2548949344024], [-121.952347086377, 37.2548309341594], [-121.952025086161, 37.2546719339796], [-121.951547085412, 37.2544179339765], [-121.951513085975, 37.2544149337574], [-121.951524085846, 37.2544009344018], [-121.951604086212, 37.2542989340127], [-121.951630086151, 37.2542669340024], [-121.951743086129, 37.2541249337031], [-121.951882086046, 37.2539559338642], [-121.951901085414, 37.2539329337088], [-121.95198108578, 37.2538469342155], [-121.951960085864, 37.2537309343112], [-121.951938086123, 37.2536129342992], [-121.952047085903, 37.2534479338938], [-121.952253085767, 37.2531749342626], [-121.95214908601, 37.253117934144], [-121.95205308575, 37.2530649338696], [-121.951936085575, 37.2529839336076], [-121.951908085985, 37.2529789341006], [-121.951820086122, 37.2529709336016], [-121.951780085939, 37.2528009337014], [-121.951675085459, 37.252418933586], [-121.951572085526, 37.2520379340219], [-121.951413085518, 37.2514849339708], [-121.951225085197, 37.2507949336538], [-121.951218085524, 37.2507709336036], [-121.95112308509, 37.2504369335426], [-121.951072085036, 37.250219933568], [-121.951053085668, 37.2501419334969], [-121.950980084974, 37.2498949336926], [-121.950957085408, 37.2498139335978], [-121.950946085538, 37.2497719336733], [-121.950924084898, 37.2496929334794], [-121.950826084989, 37.2493299333885], [-121.950794085202, 37.2492099335885], [-121.950755084844, 37.2490689334362], [-121.950689084721, 37.2488279338583], [-121.950639085391, 37.2486459335416], [-121.950601084858, 37.2485049337641], [-121.950544084956, 37.2483019337225], [-121.950463084765, 37.2480149334949], [-121.950375084902, 37.2476959336634], [-121.95032008465, 37.2474939332758], [-121.950254084528, 37.2475049334206], [-121.949522085132, 37.2476339338286], [-121.949263084666, 37.2476649333949], [-121.949097084985, 37.2476919334911], [-121.948997084527, 37.2477079334641], [-121.94889308477, 37.2477249338339], [-121.948566084532, 37.2478049336299], [-121.948527085072, 37.2478109338794], [-121.948412084546, 37.2478329340748], [-121.948374084912, 37.2478399340056], [-121.94821008488, 37.2478719338854], [-121.948197084461, 37.2478739339668], [-121.948155084629, 37.247882933975], [-121.947820083994, 37.2467149340206], [-121.947106084142, 37.2467079339853], [-121.947090084248, 37.2466489338661], [-121.946899084453, 37.2459549340503], [-121.946884084384, 37.2459569334675], [-121.946756084338, 37.2454829335225], [-121.946729083675, 37.2453819336482], [-121.946692083865, 37.2452459335046], [-121.94664508401, 37.2450739338969], [-121.9465470841, 37.2447089335579], [-121.946534083681, 37.2446759333244], [-121.946479084328, 37.2445339335422], [-121.946471083932, 37.2444349332839], [-121.946278083588, 37.2437399333643], [-121.946243083428, 37.243592933834], [-121.946225083885, 37.2435859335087], [-121.946178084029, 37.2435689336354], [-121.946034084089, 37.2435169335363], [-121.945923083761, 37.2434769338757], [-121.945820083829, 37.243443933818], [-121.945641083729, 37.2433999337185], [-121.945594083873, 37.243393933833], [-121.945443083362, 37.2433769339164], [-121.945236083673, 37.2433619334819], [-121.945145083436, 37.2433559335934], [-121.944916084006, 37.2433439338149], [-121.944714083441, 37.2433349339797], [-121.944616083532, 37.2433359337231], [-121.944507083752, 37.2433379339249], [-121.944409083843, 37.2433389336682], [-121.94423808324, 37.2433399334115], [-121.943789083701, 37.2433459340164], [-121.943728083602, 37.2433489339612], [-121.943558083723, 37.2433589335377], [-121.943245083728, 37.2433449335581], [-121.942993082935, 37.2433349339797], [-121.942306082847, 37.2433409338699], [-121.941993082852, 37.2433449335581], [-121.941810083452, 37.2433449335581], [-121.941262083281, 37.2433449335581], [-121.941153082603, 37.2433449335581], [-121.941080082808, 37.2433449335581], [-121.940976083051, 37.2433589335377], [-121.940803082799, 37.2433839342611], [-121.940662083232, 37.2433889336897], [-121.940558082576, 37.2433929340904], [-121.940345083039, 37.2433999337185], [-121.940339083192, 37.2426999340771], [-121.940338082468, 37.2422779339452], [-121.940324082225, 37.2408799340464], [-121.940307082506, 37.2397079336618], [-121.94028808224, 37.237881933292], [-121.940276082544, 37.2368409334449], [-121.940269081973, 37.2361249333965], [-121.940056082436, 37.2361259332356], [-121.939720081977, 37.2361269330745], [-121.938713082222, 37.2361319336996], [-121.938526081726, 37.2361329335385], [-121.938378081588, 37.2361339333774], [-121.938155082005, 37.2361349332163], [-121.934769081069, 37.2361639335443], [-121.934775080917, 37.2367419338094], [-121.934792081534, 37.2367969337818], [-121.934729081784, 37.2368379339563], [-121.934715081541, 37.2368419339896], [-121.934652080893, 37.2368669340139], [-121.93461008106, 37.2368789341084], [-121.934643081571, 37.2380099339089], [-121.934641081921, 37.2391879337398], [-121.934653081616, 37.2401709343872], [-121.934581081646, 37.2401719341725], [-121.934531081418, 37.2401719341725], [-121.934412081592, 37.2401739337431], [-121.934318081881, 37.2401729339578], [-121.934038081498, 37.2401699338867], [-121.933945081612, 37.2401699338867], [-121.933819081215, 37.2401689341013], [-121.93381808139, 37.2402249342186], [-121.933820081938, 37.2417289342686], [-121.933820081938, 37.2434219344866], [-121.933327082019, 37.2434239346861], [-121.932770081627, 37.2434269346278], [-121.932708081703, 37.2434269346278], [-121.932525081404, 37.2434269346278], [-121.932464081305, 37.2434279343699], [-121.932221081631, 37.2434289348271], [-121.932095081234, 37.2434299345693], [-121.931519081474, 37.2434349347099], [-121.931495081185, 37.2434349347099], [-121.93125408116, 37.2434239346861]]]}}, {"type": "Feature", "properties": {"DISTRICT": 5}, "geometry": {"type": "Polygon", "coordinates": [[[-122.047319115306, 37.3890889385155], [-122.047474115116, 37.3890999386553], [-122.047433115109, 37.3888749386535], [-122.047406115344, 37.3887409387091], [-122.047393114926, 37.3886749389574], [-122.047308115435, 37.3883439386556], [-122.047275114925, 37.3882129390684], [-122.047308115435, 37.3881769383735], [-122.047409114819, 37.3880699390016], [-122.047443115154, 37.3880349389138], [-122.047473115292, 37.3878849387601], [-122.047458115223, 37.387755939016], [-122.047364115512, 37.3869149388957], [-122.047333114651, 37.3866349384182], [-122.047363114788, 37.3865749388427], [-122.047398114948, 37.3865389387888], [-122.0474531152, 37.3864849383186], [-122.047653115217, 37.3863949384003], [-122.047703115445, 37.3863759387051], [-122.04781311505, 37.3863349386327], [-122.047993114975, 37.3862749388171], [-122.048653115299, 37.3860749386089], [-122.049173114983, 37.3859549385134], [-122.049693115565, 37.3858749385811], [-122.050183115111, 37.3858549380493], [-122.050603115236, 37.3858549380493], [-122.051243115469, 37.3859149382011], [-122.051373115165, 37.3859349380031], [-122.051843115518, 37.3860549381305], [-122.052193115323, 37.3861549383279], [-122.052225116008, 37.386088938441], [-122.052283115734, 37.3859749383048], [-122.052290115407, 37.385928938063], [-122.052315115521, 37.3857939378577], [-122.052324115742, 37.3857489382111], [-122.052413115431, 37.3855649379475], [-122.05272311595, 37.3846149382009], [-122.052741115494, 37.3845619377809], [-122.053845116232, 37.3847969379304], [-122.055714115978, 37.3851949382075], [-122.05592411604, 37.3852399381866], [-122.056944116214, 37.3854569377067], [-122.056979116374, 37.3853549380105], [-122.057099116025, 37.3849989379836], [-122.057305115889, 37.384390937598], [-122.057838115992, 37.3828559377995], [-122.057998115825, 37.3823999372533], [-122.058204116588, 37.3818109373509], [-122.058341115957, 37.3814189372587], [-122.058878116257, 37.3797709370792], [-122.059096115817, 37.3791179370768], [-122.059538115683, 37.3777869368272], [-122.060137115908, 37.3759909366388], [-122.060289115345, 37.3755209368063], [-122.060342115947, 37.3753589364611], [-122.060152115976, 37.3752849367246], [-122.060141116106, 37.3752799367783], [-122.059998115991, 37.3752249366338], [-122.05957011547, 37.375060936807], [-122.05942811518, 37.3750069366376], [-122.059357115933, 37.3749789364022], [-122.059293115461, 37.3749549367021], [-122.05915111517, 37.3748869366771], [-122.059083115398, 37.3748549365601], [-122.058932115786, 37.3747889367217], [-122.058763115731, 37.3747149364228], [-122.058476115676, 37.3746039365515], [-122.059387115172, 37.3730669367042], [-122.059802115274, 37.372368936336], [-122.060361115315, 37.371461936501], [-122.061393115185, 37.369787936372], [-122.062113114885, 37.3686169360079], [-122.062324115671, 37.3682529361083], [-122.063272114977, 37.366727935458], [-122.063004115188, 37.3663479359422], [-122.062632114744, 37.3658039358561], [-122.062329114795, 37.3650419357133], [-122.062006114755, 37.3646209357065], [-122.06199611471, 37.3642819355292], [-122.062170114787, 37.3636119357372], [-122.062121114383, 37.3628739354705], [-122.061615114943, 37.3625239355021], [-122.061847114747, 37.3619139357965], [-122.061498114767, 37.3611409354655], [-122.061640114159, 37.3607799352602], [-122.06172111435, 37.3606699350898], [-122.061724114723, 37.3606059355655], [-122.061726114373, 37.3605729354549], [-122.061767114381, 37.3604199350765], [-122.061829114305, 37.3601559352723], [-122.061871114138, 37.3600509351489], [-122.061909114671, 37.3599749353487], [-122.061946114481, 37.3599029353918], [-122.062036113994, 37.3597979349143], [-122.062174114086, 37.359638935197], [-122.062304114681, 37.35951293502], [-122.062387114522, 37.3594249348389], [-122.062470114362, 37.359309935242], [-122.062518114043, 37.359166935044], [-122.062552114378, 37.359029935238], [-122.062587114538, 37.3589199353587], [-122.062552114378, 37.3587879354335], [-122.062435114202, 37.3586279353643], [-122.062365113882, 37.3585599348211], [-122.062215114094, 37.3584139349797], [-122.062015114078, 37.3582109350851], [-122.061829114305, 37.3580679349354], [-122.061630114113, 37.3579249352271], [-122.061127114148, 37.3576119350697], [-122.061052113805, 37.3575349352872], [-122.060969113964, 37.3574089351482], [-122.060935113629, 37.3573039354657], [-122.060928113956, 37.3570899348761], [-122.060928113956, 37.3568919354288], [-122.060969113964, 37.3564689353465], [-122.061024113318, 37.3563589352839], [-122.061148114064, 37.3562049352111], [-122.061422113701, 37.3560849351672], [-122.061561113618, 37.3559559349953], [-122.061660113352, 37.3558369349446], [-122.061683113817, 37.3557249345985], [-122.061652113855, 37.3554099351837], [-122.061596113778, 37.3553419345811], [-122.061548114098, 37.3553059352452], [-122.061417113678, 37.3552109351893], [-122.06126911354, 37.3551229349626], [-122.061231113905, 37.3551009347112], [-122.060965113766, 37.3549969350588], [-122.060745113658, 37.3548119346412], [-122.060735113613, 37.3547709351662], [-122.060783113293, 37.3546499345649], [-122.060866113134, 37.3545629348027], [-122.060997113553, 37.3544579347093], [-122.061323113967, 37.3542599347456], [-122.061375113845, 37.3542269347009], [-122.061403113434, 37.3542109345225], [-122.061428113549, 37.3541899351311], [-122.06152211326, 37.3541119349942], [-122.061570113839, 37.3540729345383], [-122.061617113695, 37.3541669349069], [-122.061759113985, 37.3544489345925], [-122.061798113444, 37.3544089346155], [-122.061980113918, 37.3542169348576], [-122.062379113228, 37.3536409347794], [-122.062429113456, 37.3535469344662], [-122.062493113929, 37.3535499350174], [-122.062686113374, 37.3535319345649], [-122.062797113702, 37.3534959343609], [-122.063060113468, 37.3533129346642], [-122.06325711401, 37.353163934761], [-122.06347311392, 37.3529249344712], [-122.063495113661, 37.3528759348049], [-122.063491113463, 37.3525899346128], [-122.063492113288, 37.35251093452], [-122.063416114018, 37.3523509346378], [-122.063352113546, 37.3522169344205], [-122.063327113432, 37.352167934292], [-122.06325911366, 37.3521649343997], [-122.063092113255, 37.3520589347949], [-122.062985113125, 37.3519929341839], [-122.062900113634, 37.3519399342788], [-122.063199113385, 37.3515239344249], [-122.063214113454, 37.3515029342818], [-122.06348811309, 37.3511449340686], [-122.06359511322, 37.3508719346575], [-122.063661113343, 37.3506939344337], [-122.063743113358, 37.3504699346514], [-122.064078113094, 37.3501649342782], [-122.064294113902, 37.349979934092], [-122.064270113613, 37.3497919341768], [-122.064237113103, 37.3495419343505], [-122.064202113841, 37.3492799343761], [-122.064192113795, 37.3492029339018], [-122.064455113561, 37.3490759342918], [-122.064561113866, 37.3490259344875], [-122.064709113106, 37.3489559342772], [-122.064718113327, 37.3489069341626], [-122.064725112999, 37.3488649338348], [-122.064757113685, 37.3486849343064], [-122.064778113601, 37.3485679344172], [-122.064803113715, 37.348454934162], [-122.064808113738, 37.3483989338587], [-122.064760113159, 37.3480389342783], [-122.06491511297, 37.3478659341098], [-122.064980113267, 37.347782934193], [-122.06476711373, 37.3476289336654], [-122.064589113455, 37.3475009337471], [-122.064478113127, 37.3474219340121], [-122.064275113636, 37.3473309338529], [-122.064144113216, 37.3472729338429], [-122.063890112773, 37.3471619340806], [-122.063651113297, 37.3469729337411], [-122.063624112634, 37.3468799341588], [-122.063650113472, 37.346791934164], [-122.063658112969, 37.3466789340923], [-122.063697113328, 37.3466119339506], [-122.0638831131, 37.3465289340757], [-122.064147112691, 37.3464109338807], [-122.064328113339, 37.346209933987], [-122.064174113354, 37.3455979341842], [-122.064240112577, 37.3452759335433], [-122.064174113354, 37.345097933621], [-122.064135112995, 37.3449919340366], [-122.064145113041, 37.3448239338227], [-122.064227113057, 37.3447569341682], [-122.064428112898, 37.3446369336783], [-122.064714113129, 37.3445169337107], [-122.06473811252, 37.3445019334335], [-122.0649041131, 37.3444359340348], [-122.064910112947, 37.3443959337218], [-122.064920112993, 37.3443459336577], [-122.064936112887, 37.3442489336383], [-122.064961113001, 37.3441059340291], [-122.064998112811, 37.3438879336064], [-122.065052113237, 37.3437019338265], [-122.0652051125, 37.3431549336009], [-122.064977112894, 37.3426619335938], [-122.064852112323, 37.3423919336162], [-122.064832113129, 37.3420549334593], [-122.06480811284, 37.3415819335724], [-122.064615112496, 37.341507933378], [-122.064333112464, 37.3413949332106], [-122.064224112684, 37.3413519338101], [-122.06388911205, 37.3412179332451], [-122.063709112125, 37.340366933195], [-122.063487112367, 37.3400319337252], [-122.063461112428, 37.3399969333639], [-122.063331111833, 37.3399049336017], [-122.063085111786, 37.3398419334044], [-122.062904112036, 37.3397889334923], [-122.062589112391, 37.3396979333674], [-122.062469111843, 37.3395449332933], [-122.0627481124, 37.3392079332165], [-122.062806112126, 37.3391369332385], [-122.062821112195, 37.3389769334242], [-122.062734112156, 37.3388489337559], [-122.062615112331, 37.3386729334094], [-122.062490111759, 37.3385849330815], [-122.062395112223, 37.3385179335743], [-122.062209111552, 37.338391933657], [-122.062153111475, 37.3382659335283], [-122.062107111444, 37.3381629333227], [-122.062070111634, 37.3380799333941], [-122.062144112153, 37.3379699335281], [-122.062200112229, 37.3378879333023], [-122.062249111735, 37.3378169335049], [-122.062287112268, 37.3377589332887], [-122.06233111175, 37.3376949335152], [-122.06236611191, 37.3376439333554], [-122.062395112223, 37.3376009332358], [-122.062413111766, 37.3375449334085], [-122.062483112086, 37.3375449334085], [-122.06267811208, 37.3375339335651], [-122.062745112027, 37.337530933088], [-122.062850111609, 37.3375249335621], [-122.063043111953, 37.3375149336369], [-122.063165112152, 37.3375149329227], [-122.063271111559, 37.3375149329227], [-122.063353111574, 37.3375149329227], [-122.063600112345, 37.3375149329227], [-122.063683112186, 37.3375149329227], [-122.063943112477, 37.3375179334004], [-122.064453112114, 37.3375249328479], [-122.064723112451, 37.3375189333215], [-122.064983111844, 37.3375149329227], [-122.065329112349, 37.3375149329227], [-122.06542311206, 37.3375149329227], [-122.066367112066, 37.3375219330847], [-122.066713112571, 37.3375249328479], [-122.066993112953, 37.3375259327689], [-122.067173112878, 37.3375349327717], [-122.067233112255, 37.3375339328508], [-122.067499112393, 37.3375289332461], [-122.067572112188, 37.3374779329736], [-122.06734111221, 37.3373179331963], [-122.066423112143, 37.3366249328194], [-122.066193111989, 37.3364549333014], [-122.065199111754, 37.3364609329128], [-122.06495611208, 37.336461932848], [-122.064910112049, 37.336461932848], [-122.064822112185, 37.3364629327832], [-122.064850111774, 37.3361889329056], [-122.064916111897, 37.3355519327523], [-122.064868112216, 37.3355149332648], [-122.064840111729, 37.3354939329298], [-122.064732111774, 37.3354109329088], [-122.064631111491, 37.3353489331775], [-122.064659111979, 37.3353179332926], [-122.064707111659, 37.3352659329963], [-122.064730112124, 37.3351719332482], [-122.064768111759, 37.3350159326621], [-122.064793111873, 37.3349149329111], [-122.06478811185, 37.3348989329027], [-122.064763111736, 37.3348389326624], [-122.06475311169, 37.3348189328098], [-122.064746112017, 37.3348079332814], [-122.064738111622, 37.3347959330797], [-122.064730112124, 37.3347839328762], [-122.064722111728, 37.3347709327131], [-122.064713111507, 37.3347599331776], [-122.064707111659, 37.3347519328002], [-122.064694112139, 37.3347359327572], [-122.064687111568, 37.3347279330914], [-122.064673112223, 37.3347129330017], [-122.064662111454, 37.3347019327436], [-122.064654111956, 37.3346939330743], [-122.064639111887, 37.3346799329366], [-122.064623111994, 37.3346669327555], [-122.0646071121, 37.3346549332456], [-122.064561112069, 37.3346199332356], [-122.064346111984, 37.3344599330844], [-122.064194111648, 37.3343449331001], [-122.063833111973, 37.334155932644], [-122.063818111905, 37.3341159332839], [-122.06414411142, 37.3341999332726], [-122.064762111911, 37.3343699328943], [-122.06502811205, 37.3344439329792], [-122.065395111573, 37.3345469325706], [-122.0657461121, 37.3347009327849], [-122.065848112207, 37.3347759325014], [-122.066078112361, 37.3349269330937], [-122.066315112188, 37.3351159330385], [-122.066513112554, 37.3352649330451], [-122.066653112296, 37.3353779331503], [-122.066793112038, 37.3353859327468], [-122.067364112674, 37.335797932955], [-122.067810112738, 37.3358059325068], [-122.06787811251, 37.3358009327871], [-122.067894112404, 37.3358009327871], [-122.06798711229, 37.335796933011], [-122.067994112861, 37.3357389326634], [-122.068003112183, 37.3356349326175], [-122.068016112602, 37.3355859330955], [-122.068039112169, 37.3354719326406], [-122.068042112542, 37.3354569326994], [-122.068104112466, 37.3351799328666], [-122.068227112489, 37.334629932832], [-122.06824011201, 37.3345709323372], [-122.068245112033, 37.3345509324132], [-122.068259112277, 37.3344979323388], [-122.06827311252, 37.3344449329412], [-122.068343111942, 37.3341949327317], [-122.068364112757, 37.3341179325024], [-122.068375112627, 37.334085932857], [-122.068508112697, 37.3336839322664], [-122.068547112157, 37.3335799322324], [-122.068593112187, 37.3335749323645], [-122.068683112599, 37.3335749323645], [-122.068723112782, 37.3335749323645], [-122.068737112127, 37.3335039327759], [-122.068791112554, 37.3332419325561], [-122.068799112052, 37.3332139324513], [-122.068824112166, 37.3331309327681], [-122.068833112387, 37.3331039326018], [-122.068911112205, 37.3327629322592], [-122.068977112327, 37.3324709326688], [-122.069060112168, 37.3319679325794], [-122.069092111955, 37.3317549326271], [-122.069143112008, 37.3314149325919], [-122.069177112343, 37.3311449321821], [-122.069213112328, 37.3308649321343], [-122.069259112359, 37.3303349322735], [-122.06928311175, 37.3300649322681], [-122.069284112474, 37.3300149319489], [-122.069439112284, 37.3299319323028], [-122.069722112142, 37.329727931802], [-122.070653112627, 37.3302789320294], [-122.071723112132, 37.3309109318516], [-122.071822112764, 37.3309699323638], [-122.072073112835, 37.3311019319135], [-122.072591112868, 37.3314129318729], [-122.072710112694, 37.3314839320092], [-122.072838112741, 37.3315599320808], [-122.073014112468, 37.3316649320532], [-122.073489112844, 37.3322499320702], [-122.07354311327, 37.3322249322848], [-122.073753113333, 37.3321049317702], [-122.073963113395, 37.3320049323855], [-122.074063112954, 37.3319749318299], [-122.074104112962, 37.3319689318601], [-122.074643112912, 37.3322389321656], [-122.074781113005, 37.3323079322547], [-122.07456411327, 37.3325839319771], [-122.07457311349, 37.3325939318445], [-122.075837113164, 37.3333589320392], [-122.07596311356, 37.3333719317325], [-122.076082113386, 37.3333839321616], [-122.076183113669, 37.3333949318985], [-122.076324113235, 37.333415932106], [-122.076553113564, 37.3334499319875], [-122.076653113123, 37.3334649316151], [-122.077013113872, 37.3335349319808], [-122.077236113455, 37.3335839321265], [-122.07730511395, 37.3335999317007], [-122.077463113235, 37.3336349321859], [-122.07759511348, 37.3336709319129], [-122.077991114213, 37.3337789317046], [-122.078123113559, 37.3338149320768], [-122.078743113701, 37.3340549317367], [-122.079058114243, 37.334207931566], [-122.079423114116, 37.334384931624], [-122.080073114394, 37.3347549319598], [-122.08080311414, 37.3352349316486], [-122.081573114968, 37.3357749320963], [-122.081638114367, 37.3358199317203], [-122.082473114593, 37.3363979319695], [-122.082873114626, 37.336674931596], [-122.083179114948, 37.3368909316712], [-122.083595114874, 37.3371839318617], [-122.083723114921, 37.3372749314616], [-122.084713114958, 37.337914931749], [-122.085493115831, 37.3383549319973], [-122.0871231161, 37.3392939315911], [-122.087663115876, 37.3396049319171], [-122.088324116025, 37.3399559315119], [-122.088589116338, 37.340096931394], [-122.089093116129, 37.3403649320002], [-122.089395116252, 37.3405049319473], [-122.089669115889, 37.3406319317704], [-122.089681116483, 37.3406099315577], [-122.089719116118, 37.3405459313569], [-122.089733116361, 37.3405249317143], [-122.089795116286, 37.340406931369], [-122.089813116727, 37.340374931546], [-122.089923116332, 37.3400749317389], [-122.089939116226, 37.3400359318473], [-122.08996611599, 37.3399769313136], [-122.089984116431, 37.3399829313579], [-122.09001211602, 37.3399919317805], [-122.090129116196, 37.3400379316225], [-122.090113116303, 37.3399129312875], [-122.090122116524, 37.3398579316457], [-122.090264115916, 37.3398029312493], [-122.090376116069, 37.3397589317602], [-122.090478116176, 37.3396569313522], [-122.090519116184, 37.3396169313504], [-122.09053811645, 37.3394469314623], [-122.090546115948, 37.3393729313068], [-122.090533116427, 37.3393249312634], [-122.090514116161, 37.3391599316393], [-122.090513116336, 37.3391449317204], [-122.090513116336, 37.338984931209], [-122.090537116625, 37.3388539311301], [-122.090563116565, 37.3387149315817], [-122.090633115986, 37.3383949312427], [-122.090635116535, 37.3383749316227], [-122.090683116215, 37.3380249316956], [-122.090753116535, 37.3376249313124], [-122.09086311614, 37.3371149312518], [-122.090897116475, 37.336934931412], [-122.090943115608, 37.3366949309545], [-122.090967115897, 37.3366269312569], [-122.090601116199, 37.3363729314218], [-122.090471115605, 37.3362839313185], [-122.090365116198, 37.336163931574], [-122.090235115603, 37.3360029311991], [-122.090113115404, 37.3358349308747], [-122.089965116165, 37.3356329312967], [-122.089813115829, 37.3354499309164], [-122.089641115401, 37.3352579312442], [-122.089550116063, 37.3351549311992], [-122.089452115256, 37.335105931364], [-122.089337115628, 37.3350489311511], [-122.08922411565, 37.3349539311763], [-122.08908011571, 37.3348319315361], [-122.089072115314, 37.3347839314477], [-122.089048115923, 37.3346299314035], [-122.088920115876, 37.3345679310276], [-122.088671115456, 37.3344469314367], [-122.088521115668, 37.3342919314518], [-122.08833611572, 37.3341009309292], [-122.088139115178, 37.3338959310656], [-122.088022115003, 37.3337739311357], [-122.08797811552, 37.3335149310667], [-122.087536114756, 37.3330889314735], [-122.087484114877, 37.3331239314826], [-122.087322115394, 37.3329639310021], [-122.087128115225, 37.3330949313538], [-122.086925114835, 37.3332309313683], [-122.08703311479, 37.3333339311943], [-122.087410115257, 37.3336929313011], [-122.087170115058, 37.3337269310571], [-122.087013114699, 37.3337479311718], [-122.086831115124, 37.3337729311647], [-122.086574115206, 37.3338079315693], [-122.086170114975, 37.3338649312954], [-122.085861115179, 37.3339109313185], [-122.084979115097, 37.3340279311882], [-122.084657114881, 37.3340719311775], [-122.084454114492, 37.3334189313189], [-122.08438411507, 37.3331159316452], [-122.084300114506, 37.3327459310935], [-122.084019114299, 37.331525931344], [-122.083990113986, 37.3314039311365], [-122.083743114114, 37.3314609312581], [-122.083231113928, 37.3315779313722], [-122.083198114316, 37.3315859313733], [-122.083175113852, 37.3315559313647], [-122.083129114719, 37.3314969313126], [-122.082904114588, 37.331203931082], [-122.082842113766, 37.331124931346], [-122.082948114071, 37.3310539315846], [-122.083050114178, 37.3309889310903], [-122.084328114095, 37.3301309314383], [-122.08483111406, 37.3297939312684], [-122.085041114123, 37.3296579307463], [-122.085156114649, 37.3295769307594], [-122.085403114521, 37.3294119311512], [-122.085624114454, 37.3292649310262], [-122.086121114571, 37.3289309306497], [-122.087892114408, 37.327746930802], [-122.088778114688, 37.3271539302513], [-122.089434114814, 37.3267149301765], [-122.089005114468, 37.3263589305072], [-122.088820114521, 37.3262099306947], [-122.088645114618, 37.3260699305346], [-122.087187113878, 37.3256449302365], [-122.08486611422, 37.3249679307389], [-122.084442113898, 37.3247349305487], [-122.083384113191, 37.3241549303747], [-122.082659113467, 37.3237569306386], [-122.082577113452, 37.3237119309324], [-122.08248311374, 37.3237169307424], [-122.082124113715, 37.3237409303969], [-122.081846112983, 37.3237489305181], [-122.081401112744, 37.3237239307614], [-122.080907112999, 37.3236269305409], [-122.079795112764, 37.3234439309179], [-122.078141112204, 37.3231729310402], [-122.078283112495, 37.3230629307768], [-122.079147113033, 37.322383930632], [-122.079321113111, 37.322247930985], [-122.079736112314, 37.3219229305796], [-122.08046411241, 37.3213519306463], [-122.080735112572, 37.3211399307415], [-122.081195112879, 37.3207789303731], [-122.081510112524, 37.3205309307044], [-122.081445113125, 37.3204799303225], [-122.081146112475, 37.3202309302303], [-122.080162112286, 37.3194169306076], [-122.079798112238, 37.3191009301724], [-122.079438112388, 37.3187879303488], [-122.078344111696, 37.3178379303317], [-122.077596111508, 37.3171859303128], [-122.077596111508, 37.316460930691], [-122.077596111508, 37.3156759306802], [-122.077596111508, 37.315338930696], [-122.077985111671, 37.3153419306305], [-122.084050112464, 37.3153559300848], [-122.086082113315, 37.3153599295202], [-122.086607113021, 37.3153609297362], [-122.087606113279, 37.3153639296698], [-122.087548112655, 37.313732929789], [-122.087542112807, 37.3135789294652], [-122.087499113149, 37.3123549297118], [-122.087458112243, 37.3111139289763], [-122.087376112227, 37.3086629291034], [-122.086448112114, 37.3086399292267], [-122.086284112083, 37.3086359294338], [-122.082736111664, 37.3086299297441], [-122.077785110756, 37.3086469299355], [-122.077652110686, 37.3086499301369], [-122.077598111158, 37.3086509297278], [-122.07759611061, 37.3081939295744], [-122.07759611061, 37.3080709297576], [-122.077778111083, 37.3080719300707], [-122.08413411213, 37.3080879293609], [-122.086288112281, 37.3080929287812], [-122.087348112638, 37.3080959290048], [-122.09068511317, 37.3081049289603], [-122.091105113295, 37.3081049289603], [-122.091133112884, 37.3081049289603], [-122.092000112897, 37.3081069288709], [-122.092023113362, 37.3080789286888], [-122.092138112989, 37.3056539281728], [-122.092173112251, 37.3045949281666], [-122.092189113043, 37.3043069284719], [-122.091689112552, 37.3043049284603], [-122.091736112408, 37.3031049283086], [-122.091797112507, 37.301480928247], [-122.091827111746, 37.3008729279877], [-122.09182811247, 37.3006799281658], [-122.090983112198, 37.3006649284255], [-122.090923111923, 37.3006639280139], [-122.089481111975, 37.3006379280279], [-122.088479111344, 37.3006209281695], [-122.08761211133, 37.3006019281972], [-122.086649111058, 37.3005849283307], [-122.086306110926, 37.3005829282201], [-122.079576110684, 37.3004679292715], [-122.079575109961, 37.3006739292704], [-122.07862811048, 37.3006689293569], [-122.077343109992, 37.3006679289454], [-122.077051109913, 37.3006759293787], [-122.077551110404, 37.3004629293444], [-122.075594109896, 37.300408929109], [-122.073103109461, 37.3003389293284], [-122.072113109424, 37.3003369292112], [-122.070468109086, 37.3003319292753], [-122.069148108438, 37.3003279297551], [-122.068684108831, 37.3003279297551], [-122.06842610819, 37.3003259296376], [-122.068452108129, 37.297769929685], [-122.068456108327, 37.2972839294932], [-122.06846110835, 37.2968859296911], [-122.06846110835, 37.2967689291656], [-122.068463107999, 37.2965729295633], [-122.068177107769, 37.2959959293298], [-122.067940107943, 37.2955189291427], [-122.067672108154, 37.2949809291133], [-122.067199107428, 37.2949849296324], [-122.066875107563, 37.2949799293408], [-122.066880107586, 37.2944469293572], [-122.066879107761, 37.2937019290719], [-122.067850107531, 37.2937239294403], [-122.068484107916, 37.2937389291355], [-122.068535107969, 37.2921469287402], [-122.068579107452, 37.2907509292343], [-122.068599107544, 37.29007692874], [-122.068582107825, 37.2891629286163], [-122.068574107429, 37.288690928695], [-122.068549107315, 37.2873639285684], [-122.068531106873, 37.2864029287116], [-122.068531106873, 37.2862779285013], [-122.068531106873, 37.2857619286944], [-122.068541106919, 37.2837259283591], [-122.068553106615, 37.2815099283422], [-122.06856510631, 37.2791679282711], [-122.068335106156, 37.2793379279848], [-122.068024105812, 37.2794829278577], [-122.067854105932, 37.2794669282009], [-122.067001106163, 37.2793879277014], [-122.065920105889, 37.2794119279253], [-122.06557110591, 37.2792399284154], [-122.065442106038, 37.2790299283978], [-122.065233105801, 37.2790579279575], [-122.065055105526, 37.2790129279452], [-122.064799105433, 37.2790579279575], [-122.064495105659, 37.2789759285028], [-122.064433105735, 37.2784559279811], [-122.064133105261, 37.27594492813], [-122.064063104941, 37.2760049282031], [-122.063993105519, 37.2760249279786], [-122.06394310529, 37.2760249279786], [-122.063853104878, 37.275994927956], [-122.063888105038, 37.275518928237], [-122.064038104826, 37.2752839277089], [-122.064142105482, 37.2751219277086], [-122.063900104734, 37.27431592767], [-122.064105104773, 37.2740129278049], [-122.064154105177, 37.2737459279817], [-122.064173104545, 37.2734609275915], [-122.064024104583, 37.2732809275791], [-122.064049104697, 37.2728719280362], [-122.064061105291, 37.2726799279353], [-122.064130104888, 37.2724009275192], [-122.064376104935, 37.2719299276297], [-122.066385105321, 37.2719569276074], [-122.06787510495, 37.2719769270286], [-122.068581105305, 37.2719649275195], [-122.068680105039, 37.2719629273628], [-122.068319105364, 37.2688299269802], [-122.067923104631, 37.2658669271685], [-122.067926105004, 37.2654529265622], [-122.067926105004, 37.2654059266655], [-122.067821104524, 37.2644749270322], [-122.067564104606, 37.262191926191], [-122.061605103219, 37.2613479266906], [-122.059319102823, 37.2610239271418], [-122.059296102359, 37.2553519265466], [-122.05928310194, 37.2520949263771], [-122.059284101765, 37.2520639264883], [-122.059289101788, 37.251971926374], [-122.059291101438, 37.2519419260638], [-122.059186101856, 37.2519309265667], [-122.059076102251, 37.2519419260638], [-122.058898101976, 37.2519809266078], [-122.05868510154, 37.2520139265023], [-122.058499101768, 37.2520519266663], [-122.056524101716, 37.2514909260617], [-122.055482100903, 37.2509879262709], [-122.054509100584, 37.2508359262137], [-122.053331101124, 37.2501489267777], [-122.053312100858, 37.2501449267356], [-122.05316210107, 37.2501119267375], [-122.052929100543, 37.2501299262182], [-122.052664100229, 37.2502249268225], [-122.05260110048, 37.2502539267348], [-122.052538100731, 37.2503489264678], [-122.052514100442, 37.2504209262834], [-122.05251610099, 37.2505119264982], [-122.052592101158, 37.2508269265581], [-122.052622100397, 37.2509749266355], [-122.052631100617, 37.2510359269404], [-122.052612100351, 37.2510829265085], [-122.052627100419, 37.2511839266072], [-122.052560100472, 37.2513569269218], [-122.052212100318, 37.2513239267395], [-122.051651100626, 37.2512729266244], [-122.051144100463, 37.2518649266905], [-122.050965100363, 37.252074926681], [-122.050315100085, 37.2520429271561], [-122.050320100107, 37.2518809272075], [-122.050356100092, 37.2503709266372], [-122.050275099902, 37.2479939265984], [-122.0502181, 37.2462339266074], [-122.048631099388, 37.2476079269625], [-122.047738099436, 37.2478349270065], [-122.046874099795, 37.2488549271022], [-122.046676099429, 37.2487559267998], [-122.046339099145, 37.2489829269607], [-122.045953099355, 37.2490399266323], [-122.045627099841, 37.2490959273089], [-122.045301099427, 37.2490679273333], [-122.045301099427, 37.2489259272461], [-122.045060099403, 37.2486989269135], [-122.045174099206, 37.2484159269019], [-122.04523609913, 37.2480849268841], [-122.045326099542, 37.2479459268514], [-122.045254099572, 37.2473019271096], [-122.045778099453, 37.2462689269977], [-122.045969099249, 37.2460329270139], [-122.046487099283, 37.245390926803], [-122.046461099344, 37.2450299268829], [-122.046433098856, 37.2449219269154], [-122.046397098871, 37.2447849262175], [-122.046455099496, 37.244423926255], [-122.046165099068, 37.2442629268194], [-122.046483099085, 37.2438479264442], [-122.046502099351, 37.2438099264335], [-122.046607098933, 37.2437559263101], [-122.046884098943, 37.2440399263936], [-122.047493099213, 37.2444109262022], [-122.047670099664, 37.2444839264141], [-122.047854098888, 37.2444999263531], [-122.047952099696, 37.2444729265434], [-122.048060099651, 37.2443839263607], [-122.048103099309, 37.2442349264783], [-122.048060099651, 37.2441789264799], [-122.047796099162, 37.2441059266878], [-122.047913099338, 37.2439889263541], [-122.04829109963, 37.2436069266163], [-122.047947098775, 37.2435459260184], [-122.047510098932, 37.2434689266468], [-122.047604099541, 37.2434089263947], [-122.047219098679, 37.2433309264246], [-122.04722609925, 37.2433729263636], [-122.044549099042, 37.2433309264246], [-122.041551098443, 37.2433309264246], [-122.035948097607, 37.2431199273479], [-122.035792097073, 37.2431149271864], [-122.034108097275, 37.2430519274111], [-122.029028096496, 37.2428599278053], [-122.027245096065, 37.2428909279051], [-122.027203095334, 37.2399459272832], [-122.026094095472, 37.2399459272832], [-122.02606309551, 37.2398009278002], [-122.025544095651, 37.2399919275442], [-122.025238095329, 37.2400239278958], [-122.025254095223, 37.2401839273046], [-122.025398095163, 37.2402609278868], [-122.025306095101, 37.240474927875], [-122.025057095579, 37.2407859278744], [-122.024886095875, 37.2409779277576], [-122.024678095462, 37.2410919277251], [-122.024704095402, 37.2411329277088], [-122.024590095599, 37.2412209276685], [-122.024476095796, 37.2412679276373], [-122.024310095216, 37.2412729279214], [-122.024134095489, 37.2412059275201], [-122.024061095694, 37.2411539279361], [-122.024033095207, 37.2411689280948], [-122.023846095609, 37.2410439278727], [-122.023832095366, 37.2410719279691], [-122.023656095638, 37.2413329277285], [-122.02354709496, 37.2416589278245], [-122.023003094987, 37.2417149282651], [-122.022518095463, 37.2417659276979], [-122.022424094854, 37.2420219276806], [-122.022435095623, 37.2421289277538], [-122.022414094808, 37.2422169279808], [-122.022380095371, 37.2423589278379], [-122.022282095462, 37.2423589278379], [-122.021226095303, 37.2423609280656], [-122.0212340948, 37.2430219278401], [-122.02066009469, 37.2430319281752], [-122.020543095412, 37.2430349281324], [-122.020203094755, 37.2430249285129], [-122.020177094816, 37.2428039282155], [-122.020173094618, 37.2427649279275], [-122.020183094664, 37.2422939279163], [-122.019127094505, 37.2422949283886], [-122.019075094626, 37.2422949283886], [-122.019066094405, 37.242067928105], [-122.018508094189, 37.2420859280768], [-122.018531094653, 37.242753928521], [-122.018539095049, 37.242981928632], [-122.018355094926, 37.2429929287203], [-122.018049094604, 37.2430469286753], [-122.01780809458, 37.2431609283738], [-122.017649094571, 37.2431889283989], [-122.017079094659, 37.2432539282636], [-122.01695709446, 37.2433159288415], [-122.016843094657, 37.2434249287073], [-122.016756094619, 37.2434599282569], [-122.0167430942, 37.2435649282381], [-122.016191094729, 37.2435619283019], [-122.014653094521, 37.2435549286889], [-122.014536094345, 37.2435569288849], [-122.014183094168, 37.2435649289532], [-122.013988094174, 37.2435999284377], [-122.013845094059, 37.2436219284323], [-122.013727094058, 37.243680928776], [-122.013582094293, 37.243803928726], [-122.013584093943, 37.2435459288789], [-122.013589093966, 37.2431129284089], [-122.013595093814, 37.2424969284096], [-122.013351093416, 37.2424969284096], [-122.012905093352, 37.2422529285642], [-122.012731094173, 37.2424759285566], [-122.012579093837, 37.2424109287359], [-122.012563093944, 37.2422349286322], [-122.01247909338, 37.2422299284119], [-122.012236093706, 37.2421649290943], [-122.012110093309, 37.242105928994], [-122.011841093696, 37.2419799284191], [-122.011629093085, 37.2417319285566], [-122.011631093633, 37.2416779290897], [-122.011633093283, 37.2416339286744], [-122.011502093762, 37.2415489284982], [-122.010965093461, 37.2411999288902], [-122.010821093521, 37.2412559289566], [-122.010543093687, 37.2413689287341], [-122.010473093367, 37.2411089288722], [-122.010060092915, 37.2407779289414], [-122.00998509347, 37.2407179286924], [-122.010037093349, 37.2406849288569], [-122.010082093555, 37.240663928499], [-122.010116092991, 37.2406499287339], [-122.010058093265, 37.2406119285411], [-122.010133093608, 37.2405649288783], [-122.010111092969, 37.2403139285854], [-122.010220092749, 37.2401589283803], [-122.010697092774, 37.2400949284933], [-122.010762093072, 37.2401569288093], [-122.010988093028, 37.2400449284321], [-122.011061092823, 37.2398469288649], [-122.011024093013, 37.2397089284472], [-122.011299093372, 37.2397579289406], [-122.011349093601, 37.2397679282784], [-122.011618093214, 37.2399919282593], [-122.011648093352, 37.2400469287212], [-122.011531093176, 37.2401609286664], [-122.011403093129, 37.2402049285114], [-122.011063093371, 37.2403349283257], [-122.010865093004, 37.2403629286855], [-122.010932092951, 37.2404189286586], [-122.011552093092, 37.2409409289356], [-122.012353093882, 37.2404479287689], [-122.012125093378, 37.2402269287817], [-122.011829093102, 37.2399979284157], [-122.011765093528, 37.2399479282901], [-122.011811093558, 37.2399179289139], [-122.011887093726, 37.2398549286119], [-122.012011093575, 37.2397279287737], [-122.012098093614, 37.2396529286617], [-122.012142093096, 37.2396019285144], [-122.012336093265, 37.2393849288057], [-122.012090093218, 37.2391899283303], [-122.011783093071, 37.2389479288249], [-122.01159109345, 37.2387959287974], [-122.011719093497, 37.2387999287268], [-122.012662093678, 37.2384729286152], [-122.012439093197, 37.2382999287589], [-122.011717092949, 37.2377199286461], [-122.011131093143, 37.2377649283028], [-122.009884093188, 37.2378629282092], [-122.009565092447, 37.2378329287184], [-122.009401092416, 37.2377239286325], [-122.009081092749, 37.237364928823], [-122.009044092939, 37.2373099285498], [-122.008888092405, 37.2373039288946], [-122.008593092852, 37.2374749285339], [-122.008535092227, 37.2374939287083], [-122.008467092455, 37.2374829285327], [-122.008350092279, 37.2374989285276], [-122.008183092773, 37.237521928693], [-122.008042092308, 37.2375849287995], [-122.008021092391, 37.2375939286061], [-122.007977092909, 37.2376139285697], [-122.007886092672, 37.2376899283832], [-122.007677092435, 37.2378239289404], [-122.007672092412, 37.2379479289663], [-122.007565092282, 37.2379839287279], [-122.007519092251, 37.2381179287625], [-122.007385092357, 37.2382209286965], [-122.007370092288, 37.2383519288814], [-122.007194092561, 37.2384299289981], [-122.007264092881, 37.2386659284743], [-122.007299092143, 37.2387859286155], [-122.007187092888, 37.2388589285543], [-122.007199092584, 37.2389319291376], [-122.007129092264, 37.2389639285089], [-122.00706509269, 37.239060929202], [-122.006927092597, 37.2391019288601], [-122.006822092117, 37.2390689290323], [-122.006712092512, 37.2391169287121], [-122.006566092024, 37.2391319285611], [-122.006405092366, 37.2392719289145], [-122.006453092046, 37.2394899287428], [-122.006388092647, 37.2397429292162], [-122.006330092921, 37.2398239286936], [-122.006205092349, 37.2398259289886], [-122.006157092669, 37.2399159293366], [-122.006047092165, 37.2399699293507], [-122.006006092157, 37.2400269286879], [-122.005952092629, 37.2401829289497], [-122.005970092172, 37.2402319291349], [-122.005955092104, 37.2402449291933], [-122.00593909221, 37.2402589290336], [-122.005711092605, 37.240341928953], [-122.005700092734, 37.2403449290173], [-122.005465092557, 37.240423928999], [-122.005367092648, 37.2404569289487], [-122.005236092229, 37.2404679294056], [-122.005188092548, 37.2404569289487], [-122.005065092524, 37.240429929121], [-122.005014092471, 37.2404119294688], [-122.004790092165, 37.2403339292577], [-122.004733092263, 37.240312928802], [-122.004446092208, 37.2404209289378], [-122.004439092535, 37.2404069291276], [-122.004264092633, 37.2403839291272], [-122.004222091902, 37.2404949292197], [-122.004089091833, 37.2405779288792], [-122.003979092228, 37.2406479291759], [-122.003882092143, 37.2407419290838], [-122.0036890918, 37.2409489292816], [-122.00375909212, 37.2410609290307], [-122.003669092606, 37.2411379294321], [-122.003143092177, 37.2412859292305], [-122.00265509228, 37.2414239296214], [-122.002396091814, 37.2414969291508], [-122.002466092134, 37.2415109294737], [-122.002438092545, 37.2415219290616], [-122.002263091745, 37.2416139290623], [-122.002217091714, 37.2416379291683], [-122.002019092245, 37.2417409292984], [-122.001749091909, 37.2418699295612], [-122.001569091984, 37.2418879295804], [-122.001424092219, 37.241777929158], [-122.001297091997, 37.2418009294481], [-122.001210091958, 37.2419809296107], [-122.001083091737, 37.2420149293548], [-122.000967092284, 37.241964929852], [-122.000922092078, 37.2419989296034], [-122.000963092086, 37.2421489293747], [-122.000854092306, 37.2421979297121], [-122.000740091605, 37.2421919297308], [-122.000609092084, 37.2423999292778], [-122.000450092075, 37.2423739299022], [-122.00034409177, 37.2424379292843], [-122.000314091633, 37.2425559296341], [-122.000302091937, 37.2426009299794], [-122.000247091686, 37.2426139296291], [-122.000149091776, 37.2425769294648], [-121.999962092179, 37.2425059297751], [-121.999930091493, 37.242463929353], [-121.999526092161, 37.2422839296287], [-121.999455092015, 37.2422789294118], [-121.999362092129, 37.2423239299225], [-121.999246091778, 37.2423529300149], [-121.998878091532, 37.2426299299652], [-121.998867091661, 37.2426379294168], [-121.998473091476, 37.2426749295512], [-121.998330091361, 37.2427229297951], [-121.998209091885, 37.2428859298738], [-121.997895091168, 37.2430869299943], [-121.997871091777, 37.2431789295149], [-121.997837091441, 37.2433089299207], [-121.997503091531, 37.2434739296454], [-121.997334091476, 37.2436339295968], [-121.997302091689, 37.2436679300254], [-121.997179091665, 37.2438219297135], [-121.997112091718, 37.2439139297671], [-121.997055091817, 37.2439919298489], [-121.996976091276, 37.2440829299615], [-121.997041091573, 37.24421392997], [-121.997037091375, 37.2442469296906], [-121.99689409126, 37.2444089303196], [-121.996847091404, 37.2445489301678], [-121.996870091869, 37.2446599298472], [-121.996837091359, 37.2448189304175], [-121.996815091617, 37.2449289299771], [-121.996680091898, 37.2451349303976], [-121.996312091652, 37.2453389301064], [-121.996304091256, 37.2454099299877], [-121.996300091957, 37.2454429298996], [-121.996291091736, 37.2454629299259], [-121.996224091789, 37.2456149300954], [-121.996202092047, 37.2456659304646], [-121.996177091933, 37.2457239302116], [-121.996110091986, 37.2458099303954], [-121.996060091757, 37.2458769302793], [-121.99600609133, 37.2459389301296], [-121.996007092054, 37.2460139304223], [-121.996123091506, 37.2462229305677], [-121.996113091461, 37.2462969301585], [-121.99602809197, 37.2464049303008], [-121.995817092083, 37.2465049305329], [-121.995736091892, 37.2465669305815], [-121.995498091342, 37.2465989302867], [-121.995435091593, 37.2466079304472], [-121.995316091767, 37.2466239306504], [-121.995258091143, 37.2466479305912], [-121.995223091881, 37.2467299302122], [-121.995516091784, 37.2470379303462], [-121.99563509161, 37.2472459301054], [-121.995735092067, 37.2474419301644], [-121.995796092166, 37.247603930361], [-121.995807092037, 37.2477589302716], [-121.995770092227, 37.2478889306428], [-121.995652092226, 37.2481089306501], [-121.99552409218, 37.2484849302547], [-121.995451091487, 37.2486059301677], [-121.995477091426, 37.2488409302888], [-121.995357091775, 37.2489909307435], [-121.99534509208, 37.2493669302374], [-121.99525109147, 37.2494879308793], [-121.995258092041, 37.2496579303891], [-121.995296091676, 37.2499489308471], [-121.995344092255, 37.2501619308459], [-121.995438091966, 37.2502929302977], [-121.995504092088, 37.2503859306819], [-121.995425092446, 37.2504889302968], [-121.995353092476, 37.2505849308107], [-121.995243091972, 37.2507149305967], [-121.995198091767, 37.2508029308086], [-121.995193091744, 37.2508149308295], [-121.995298092224, 37.2507929307896], [-121.995354092301, 37.2508099304635], [-121.995404091631, 37.2508349308601], [-121.995464091905, 37.2508499305221], [-121.99545409186, 37.2509259305749], [-121.995434091768, 37.2509809309228], [-121.995365092171, 37.2513049307666], [-121.99531909214, 37.2514079305553], [-121.99531009192, 37.2514309307665], [-121.995104092055, 37.251683930482], [-121.994967091788, 37.2518819311278], [-121.994837092092, 37.2520249309925], [-121.994541091816, 37.2522889310198], [-121.994308092187, 37.2524319308272], [-121.994260092507, 37.2524699307803], [-121.994224092521, 37.2524809309137], [-121.993646092213, 37.2526949312392], [-121.993575092068, 37.2527199310104], [-121.993513092144, 37.2527749307638], [-121.993443091824, 37.2528449311719], [-121.993398091618, 37.2529589310639], [-121.993354092135, 37.2530649310095], [-121.993194092302, 37.2532219310664], [-121.993134092027, 37.2533449311738], [-121.993087092171, 37.2535089307664], [-121.993123092156, 37.2536649310067], [-121.99313909205, 37.2538809307511], [-121.993153092294, 37.2540649312102], [-121.993153092294, 37.254124930843], [-121.993173092385, 37.2544049313579], [-121.993057092034, 37.254629931043], [-121.993006091981, 37.254731930984], [-121.99292509179, 37.2548589312782], [-121.99289909185, 37.2549699315009], [-121.992902092224, 37.2551379309083], [-121.992907092246, 37.2552179314137], [-121.992919091942, 37.2552689310034], [-121.992976091843, 37.255394931524], [-121.993003092506, 37.2554539312301], [-121.993023092597, 37.2555149314835], [-121.993123092156, 37.2557749309781], [-121.993289092736, 37.2561549313754], [-121.993503092098, 37.2566449316171], [-121.993337092417, 37.2569199313852], [-121.992841092124, 37.2577459313677], [-121.992783092398, 37.257844931297], [-121.992683092839, 37.2580259312936], [-121.99263509226, 37.2581409314724], [-121.992607092671, 37.2582839316114], [-121.992586092754, 37.2583119317368], [-121.992477092076, 37.2584659315257], [-121.99231209222, 37.2587679314976], [-121.992264092539, 37.2588999312518], [-121.992233092577, 37.258953931247], [-121.992154092934, 37.2590899316726], [-121.992140092691, 37.2591139319325], [-121.991927092255, 37.2592409319889], [-121.991890092445, 37.2592769315888], [-121.991981092682, 37.2595979314902], [-121.991984092157, 37.2596079317703], [-121.991953092194, 37.2596169318068], [-121.991907092164, 37.2596379318877], [-121.991873092727, 37.2596529319419], [-121.991826092871, 37.2597309314606], [-121.991794092186, 37.2599779319061], [-121.991825093046, 37.2604709315661], [-121.991860092308, 37.2606199315157], [-121.991825093046, 37.2606749319361], [-121.991805092955, 37.2609659320228], [-121.99177109262, 37.2610699316951], [-121.991702093023, 37.2611909321299], [-121.991696092276, 37.2613039320413], [-121.991682092931, 37.2616309317473], [-121.991704092672, 37.2618289319877], [-121.991727093137, 37.2620469316214], [-121.991737093183, 37.2621359316742], [-121.991792092536, 37.2623999320154], [-121.991909092712, 37.2626799317993], [-121.991951092545, 37.2628229319002], [-121.991951092545, 37.2628899316691], [-121.991951092545, 37.2630369321589], [-121.992014093192, 37.263112932071], [-121.992036092933, 37.263148931965], [-121.992085093337, 37.2632579317377], [-121.99209009336, 37.2633209317771], [-121.99206809272, 37.2634389323104], [-121.992054093375, 37.263482932147], [-121.99202009304, 37.2635479316634], [-121.991975092834, 37.2636339322353], [-121.991871093077, 37.2637839318339], [-121.991845093138, 37.2638209323086], [-121.991626092855, 37.2640719322276], [-121.991560092732, 37.2641489319923], [-121.991256092959, 37.2645719320625], [-121.991233093393, 37.2646239319292], [-121.991208093278, 37.2647169324948], [-121.991187093362, 37.2648339320976], [-121.991067092813, 37.2654999321488], [-121.990865093146, 37.2660499325081], [-121.990832092636, 37.2661419325868], [-121.990752093169, 37.2663829325398], [-121.990668093503, 37.2666369322309], [-121.990664093305, 37.2667839325558], [-121.990654093259, 37.2671919321435], [-121.990813093268, 37.267872932634], [-121.990783093131, 37.2680089326818], [-121.990779092933, 37.2680319328285], [-121.99072409358, 37.2681589321448], [-121.990690093244, 37.2683119324043], [-121.990713093709, 37.2684069322408], [-121.990738092925, 37.2685099322367], [-121.990760093565, 37.2685459324102], [-121.990800093747, 37.2686089323151], [-121.990800093747, 37.2687019322485], [-121.99077209326, 37.2687739323948], [-121.99072409358, 37.2689549325776], [-121.990718093732, 37.2689699329207], [-121.990668093503, 37.2691109322834], [-121.989903093597, 37.2687619323752], [-121.988982093157, 37.2683429327554], [-121.987611092455, 37.2677089328595], [-121.986849092922, 37.2673559330441], [-121.986509092265, 37.2671989324203], [-121.985492092464, 37.266730932603], [-121.985355092197, 37.2666679325567], [-121.985213091907, 37.2666159326717], [-121.985146091959, 37.2665919326576], [-121.984999092545, 37.2665249326078], [-121.984975092255, 37.2665139330954], [-121.984770092216, 37.2665489326432], [-121.984505091902, 37.2665929328073], [-121.984478092138, 37.2666329330642], [-121.984446092351, 37.2666369329458], [-121.984117092463, 37.2667029327478], [-121.983936091814, 37.2667409326509], [-121.982758092355, 37.2669959327086], [-121.982309091918, 37.2670799333459], [-121.982265091537, 37.2669319327388], [-121.981795092082, 37.2670259327427], [-121.981923092128, 37.2673349329705], [-121.981931091626, 37.2673569331836], [-121.982076092289, 37.2677549333293], [-121.982123092145, 37.2678849327953], [-121.982289091826, 37.2678609331857], [-121.982614092415, 37.2678129332288], [-121.983113092182, 37.2692499332978], [-121.983344092161, 37.2698849331923], [-121.983336092663, 37.2699219335287], [-121.983330091917, 37.2699459331963], [-121.983309092001, 37.2699899335201], [-121.982165091978, 37.2702129336284], [-121.982199092313, 37.2703029334241], [-121.982387092634, 37.2708049335361], [-121.982366092718, 37.2708019332549], [-121.982415092223, 37.2709709331843], [-121.982367092542, 37.2709829335666], [-121.982275092481, 37.2710009330644], [-121.981925092677, 37.2710709336913], [-121.981602092636, 37.2711279330917], [-121.981556092606, 37.2711579336241], [-121.981393092399, 37.271194933335], [-121.981352092391, 37.271194933335], [-121.981242091888, 37.271194933335], [-121.981459092521, 37.2718099338073], [-121.982100092579, 37.2736239333669], [-121.982131092541, 37.2736989332614], [-121.982328092184, 37.2736059337815], [-121.982684092735, 37.2734819338197], [-121.982933092257, 37.2734359332746], [-121.982959093094, 37.2742139335207], [-121.983046093133, 37.2764109335411], [-121.983002092752, 37.2764119335603], [-121.982773093322, 37.2764179336755], [-121.98258709265, 37.2764229337712], [-121.982104092777, 37.2764359340183], [-121.981535092689, 37.2764519336045], [-121.981251093007, 37.2764569336979], [-121.980657092805, 37.2764739340129], [-121.980175092756, 37.2764879342694], [-121.980096092215, 37.2764899343059], [-121.979859092389, 37.2764969337181], [-121.979781092571, 37.2764999337724], [-121.979696092182, 37.2765029338266], [-121.979753092982, 37.2781349341258], [-121.979779092921, 37.2784919341207], [-121.979799093013, 37.2787609342416], [-121.979801092663, 37.2790089344395], [-121.979695093256, 37.2790079344547], [-121.97937709234, 37.27900693447], [-121.979272092758, 37.27900693447], [-121.978897092839, 37.2790089344395], [-121.97887309255, 37.2790109344089], [-121.978691092975, 37.2790319340849], [-121.978394092874, 37.2790389339756], [-121.977862092597, 37.2790389346904], [-121.977755092466, 37.2790469345647], [-121.977679092298, 37.2790609343427], [-121.97751809264, 37.2790939345239], [-121.977290092136, 37.2791479343342], [-121.977265092022, 37.2790059344852], [-121.977235092783, 37.2789359340886], [-121.977223092189, 37.2789069344974], [-121.977079092249, 37.2786599346677], [-121.976997092233, 37.2785429343902], [-121.976940092332, 37.2784949340955], [-121.976876092758, 37.2784589343904], [-121.976826092529, 37.278442934516], [-121.976617092292, 37.27837593429], [-121.976712091828, 37.2780879342826], [-121.976736092117, 37.2779699345471], [-121.976743092688, 37.2778919346203], [-121.976742091965, 37.277765934568], [-121.976702091782, 37.2774419341795], [-121.976692091736, 37.2773609344006], [-121.976673092368, 37.2772049339189], [-121.976617092292, 37.2772309341408], [-121.976495092093, 37.2772749344958], [-121.976390092511, 37.2773359342306], [-121.976334092434, 37.2773699344598], [-121.975462092398, 37.2774129347276], [-121.975151092053, 37.2774289341062], [-121.974968091755, 37.2774219340657], [-121.974424091782, 37.2773989346431], [-121.974242092207, 37.2773929346061], [-121.974132091704, 37.2773869345686], [-121.973806092189, 37.2773699344598], [-121.973699092059, 37.277364934427], [-121.973592091929, 37.2773629344139], [-121.973270091714, 37.2773559343673], [-121.973163091584, 37.2773549343606], [-121.972942091651, 37.2773589343873], [-121.972282091327, 37.2773739344857], [-121.972243091867, 37.2773749344922], [-121.972063091044, 37.277384934556], [-121.971954091264, 37.2773869345686], [-121.971673091056, 37.2773949346184], [-121.971629091574, 37.2773909345936], [-121.971522091443, 37.2773809345306], [-121.971463090994, 37.2773749344922], [-121.971431091207, 37.2773669344401], [-121.971333091298, 37.2773449350076], [-121.971095091646, 37.2773329349245], [-121.970518091163, 37.2773029347083], [-121.970495091597, 37.2772989346786], [-121.970448090843, 37.2773009346935], [-121.970385091093, 37.2773019347009], [-121.970259091595, 37.2773059347305], [-121.969868090884, 37.2773149347962], [-121.969454091506, 37.2773259348751], [-121.96894209132, 37.2772579350765], [-121.968514090799, 37.2774019346614], [-121.968361090639, 37.2774529349546], [-121.968105090545, 37.2775389346561], [-121.966992090485, 37.277945935293], [-121.966761090506, 37.2780069351989], [-121.966601090673, 37.2780329351437], [-121.966434090268, 37.2780399351273], [-121.966294090526, 37.2780579350822], [-121.966121090274, 37.2780879349974], [-121.965917090957, 37.2781189348972], [-121.965548090886, 37.2782949348014], [-121.965336090276, 37.2785609349396], [-121.965144090655, 37.2787019349245], [-121.964948090837, 37.2787689355751], [-121.964740090424, 37.2788409353862], [-121.964735090402, 37.2792289350493], [-121.964734090577, 37.2793009351352], [-121.964717090858, 37.2798399350399], [-121.964766091262, 37.281417935606], [-121.96478309098, 37.2819449352976], [-121.96514309083, 37.2819449352976], [-121.966013091217, 37.2819449352976], [-121.966106091103, 37.2819449352976], [-121.966387091311, 37.2819449352976], [-121.966481091022, 37.2819449352976], [-121.966480091197, 37.2823899355638], [-121.966478091547, 37.2837249355845], [-121.966478091547, 37.2841709352481], [-121.966398091181, 37.2841709352481], [-121.966335091432, 37.2841719358789], [-121.966161091355, 37.2841749356273], [-121.966083091537, 37.2841769354595], [-121.966002091346, 37.2841769354595], [-121.965799090957, 37.2841799359224], [-121.965838091315, 37.2867059358785], [-121.966257091614, 37.2866849354848], [-121.966303091645, 37.2866849354848], [-121.966329091584, 37.2866849354848], [-121.966735091465, 37.2866629359169], [-121.966925091436, 37.2866309360792], [-121.96704809146, 37.2866089357808], [-121.967151091392, 37.2865919356108], [-121.967412091508, 37.2865229357223], [-121.967480092178, 37.2865059355329], [-121.967533091882, 37.2864919357104], [-121.967699091563, 37.2864489356266], [-121.968003092235, 37.2863849357555], [-121.968054092288, 37.2863779358333], [-121.968212091574, 37.2863479356488], [-121.96879609173, 37.28631893534], [-121.969695092429, 37.2862809353128], [-121.970590092031, 37.2862479354241], [-121.970754092063, 37.2862419353778], [-121.970780092002, 37.2862399356005], [-121.971353092287, 37.2862149355209], [-121.971544092083, 37.2862069356938], [-121.972297092294, 37.2861739350579], [-121.972633092753, 37.2861549350101], [-121.973613092744, 37.2861149351194], [-121.974102092465, 37.2861009352241], [-121.974177092808, 37.2860989354431], [-121.974041092366, 37.2844819349749], [-121.974267092322, 37.2844779353267], [-121.974602092956, 37.2844659349514], [-121.975604092688, 37.2844169349475], [-121.976637093281, 37.2843659350846], [-121.976639092931, 37.2842859348096], [-121.976642093304, 37.2841559350748], [-121.976644092954, 37.2836059347563], [-121.976703092505, 37.2836049348327], [-121.97726309327, 37.283584934927], [-121.977873093366, 37.2835649350161], [-121.978873093448, 37.283544934385], [-121.97968309356, 37.2835149345006], [-121.98008009322, 37.2835089342365], [-121.980348093009, 37.2835059344615], [-121.982013093438, 37.2834849346043], [-121.982383093334, 37.2834749346362], [-121.982545093716, 37.2834699342943], [-121.98295609362, 37.2834579344729], [-121.983058093727, 37.2850669348394], [-121.983117094177, 37.2859559345219], [-121.98312009455, 37.2860539346377], [-121.983513094012, 37.2861349343527], [-121.983918094068, 37.2861839346673], [-121.984073093878, 37.286225934299], [-121.98412809413, 37.2862429345517], [-121.983979094167, 37.2863789342907], [-121.983467093981, 37.2868459343032], [-121.980928093865, 37.2890549347524], [-121.980861093918, 37.2890929348081], [-121.979981094384, 37.2898469349917], [-121.979828094223, 37.2899879352727], [-121.980158093936, 37.290223935466], [-121.98037509457, 37.2903829349064], [-121.9810230943, 37.2908579351301], [-121.981241094758, 37.2910169353746], [-121.981588094189, 37.2912549348429], [-121.98165809451, 37.2913269348581], [-121.980606094548, 37.2922369351852], [-121.980443094342, 37.2923829350251], [-121.980286093983, 37.2925229350362], [-121.976612093167, 37.2898309353942], [-121.976608093867, 37.2904629351315], [-121.976607094042, 37.2906019353114], [-121.976611093342, 37.2907839357242], [-121.976583093753, 37.2907749351251], [-121.976453094057, 37.2907429356068], [-121.976317093614, 37.2907239352833], [-121.976164093453, 37.2907189354231], [-121.975701093671, 37.2907339357175], [-121.975562093754, 37.2907349355464], [-121.975462093296, 37.2907349355464], [-121.975401093197, 37.2907359353753], [-121.975163093546, 37.2907389355767], [-121.975064093811, 37.2907409352345], [-121.974978093598, 37.290741935778], [-121.97472109368, 37.2907459358079], [-121.974636093291, 37.2907479354654], [-121.973997092883, 37.2907569353531], [-121.973712093376, 37.2907609353822], [-121.973590093178, 37.290762935754], [-121.97322409348, 37.290769935983], [-121.973103093106, 37.2907729354683], [-121.973025093288, 37.2907739360114], [-121.972795093134, 37.2907779360396], [-121.972718093141, 37.2907799356963], [-121.972190093062, 37.2907879357519], [-121.972072093061, 37.2907869359237], [-121.970731092496, 37.2908079358872], [-121.97074509274, 37.2916459357043], [-121.970705092557, 37.2916469362357], [-121.970663092724, 37.2916349355744], [-121.970693092862, 37.2924149359899], [-121.970683092816, 37.2931849360726], [-121.970740092717, 37.2931909362799], [-121.970781092725, 37.2931949361796], [-121.970807093563, 37.2939239363269], [-121.970821092908, 37.2940839363078], [-121.97085209287, 37.2949909361279], [-121.971364093056, 37.2949839362917], [-121.971348093163, 37.2957219362619], [-121.97116409304, 37.2957219362619], [-121.971145093671, 37.2957229360245], [-121.970613093394, 37.2957339362713], [-121.970566093538, 37.2957349360338], [-121.970526093355, 37.2957399362753], [-121.9704790935, 37.2957569365222], [-121.97044209369, 37.2957849362899], [-121.970424093248, 37.295804936526], [-121.970405092981, 37.2958479362652], [-121.970410093004, 37.2961079365579], [-121.970429093271, 37.2969099364828], [-121.970429093271, 37.2971119365308], [-121.970429093271, 37.2974469365537], [-121.970425093073, 37.2976689363292], [-121.970424093248, 37.2977969368291], [-121.970401093682, 37.2980909362592], [-121.970356093476, 37.2983079362074], [-121.970352093278, 37.2983329365563], [-121.970321093316, 37.2985539368503], [-121.970308093795, 37.2986409364581], [-121.970307093971, 37.2986979364176], [-121.970302093948, 37.2991339366223], [-121.970301093224, 37.2992799366537], [-121.970294093552, 37.2994749366354], [-121.970291094077, 37.2996019364946], [-121.970286094054, 37.30006193653], [-121.970285093331, 37.300257937045], [-121.970282093856, 37.3004139369002], [-121.970279093483, 37.300621936442], [-121.970277093833, 37.3008849364649], [-121.970276094008, 37.3010419368553], [-121.970193094168, 37.3010429365472], [-121.96994709412, 37.301046936744], [-121.969865094105, 37.3010489368423], [-121.969863093556, 37.3011969368236], [-121.969862093732, 37.30130693693], [-121.96986609393, 37.3016419368478], [-121.969869094303, 37.3017909367732], [-121.969865094105, 37.302022936952], [-121.96986609393, 37.3023639367287], [-121.9698770938, 37.3040859372226], [-121.969880094173, 37.3045459369851], [-121.96987509415, 37.3046019371119], [-121.969852094584, 37.3046559371948], [-121.970119094548, 37.3046499371875], [-121.970256093917, 37.3046469368264], [-121.970506094162, 37.3046459371824], [-121.970805093913, 37.3046499371875], [-121.970923093914, 37.3046549368363], [-121.971191094601, 37.3046669368497], [-121.971192094425, 37.3047129368829], [-121.971208094319, 37.3047259372445], [-121.971210093969, 37.3047459372467], [-121.971195094799, 37.3047609368876], [-121.971187094403, 37.3049659369202], [-121.971188094228, 37.3051929369805], [-121.971196094623, 37.3068159372927], [-121.971199094997, 37.3073569372337], [-121.971417094556, 37.30735193705], [-121.972072094858, 37.3073389371424], [-121.972291095141, 37.3073349372803], [-121.972526095317, 37.3073299370951], [-121.973231094949, 37.3073159368607], [-121.973302095094, 37.3073149372522], [-121.973467094951, 37.3073109373888], [-121.973702095127, 37.3073049368788], [-121.974407094759, 37.3072889367074], [-121.97464309476, 37.3072839372337], [-121.975145094901, 37.3072719369235], [-121.976651095322, 37.3072389369538], [-121.976877095277, 37.3072349370863], [-121.977154095287, 37.3072279369606], [-121.977302095425, 37.3072249367024], [-121.977748095489, 37.3072159366415], [-121.977897095452, 37.3072139367072], [-121.977852095246, 37.3073969365478], [-121.977830095504, 37.307487936498], [-121.977723095374, 37.3079509371141], [-121.9777200959, 37.3079669371447], [-121.977679095892, 37.3081349369022], [-121.97764809593, 37.3083149371446], [-121.977617095967, 37.3084739369288], [-121.97753909615, 37.3088809367184], [-121.97750409599, 37.3091319371388], [-121.977457096134, 37.3094959371678], [-121.977413095753, 37.3098389372176], [-121.977398095684, 37.3100059367921], [-121.977383095616, 37.3101809368466], [-121.977363095524, 37.3105099369895], [-121.977353096377, 37.3106779367809], [-121.977347095631, 37.3108249368262], [-121.977345095981, 37.3108949368489], [-121.977337096483, 37.3112659373811], [-121.977335095935, 37.3114139372598], [-121.977335095935, 37.3115599370284], [-121.97733609576, 37.3116749368766], [-121.977333096285, 37.311890937377], [-121.977326095714, 37.3119999372981], [-121.977318096217, 37.3121469369019], [-121.977293096102, 37.3124209372919], [-121.977289095904, 37.3124449369813], [-121.977265096513, 37.3126299374552], [-121.977205096239, 37.3129539370724], [-121.97714209649, 37.3132309373976], [-121.977121096573, 37.3133279374611], [-121.977057096101, 37.3136209373789], [-121.977012095895, 37.313762937628], [-121.976953096344, 37.3139519372265], [-121.976862096107, 37.3141829375195], [-121.976808096579, 37.3143219374464], [-121.976650096395, 37.3146439371791], [-121.976372096561, 37.3152139378459], [-121.976237095943, 37.3154519379081], [-121.97614909608, 37.3155949377692], [-121.976064096589, 37.3157349374395], [-121.975957096459, 37.3158979373703], [-121.975941096565, 37.3159189374671], [-121.975895096535, 37.3159819377225], [-121.975880096466, 37.3160039372889], [-121.975853096702, 37.3160399376048], [-121.975775095986, 37.3161489379399], [-121.975749096047, 37.3161859376769], [-121.975633096594, 37.3163449379613], [-121.975605096107, 37.3163839380067], [-121.975580095992, 37.3164179377366], [-121.975421095983, 37.3166219379365], [-121.975347096364, 37.3167249376695], [-121.975273096744, 37.3168129378845], [-121.975147096347, 37.3169639374288], [-121.975103095966, 37.3170149380532], [-121.975039096392, 37.3170909377569], [-121.97497509592, 37.3171689377677], [-121.974932096262, 37.3172209377299], [-121.974902096125, 37.3172559379864], [-121.974861096117, 37.3173039378424], [-121.974814096261, 37.3173609379439], [-121.974785095949, 37.3173969376099], [-121.974774096078, 37.3174099379215], [-121.974702096108, 37.317493938013], [-121.974580095909, 37.3176369375614], [-121.974453096586, 37.317783937573], [-121.97437109657, 37.3178819376592], [-121.974304096623, 37.3179589380965], [-121.974106096257, 37.3181929380413], [-121.974040096134, 37.318270937623], [-121.973985095883, 37.3183349382267], [-121.973946096423, 37.3183809377563], [-121.973911096263, 37.3184199381741], [-121.973533095971, 37.3188629380921], [-121.973399096077, 37.3190209382616], [-121.973208096281, 37.3192469378726], [-121.972635095996, 37.3199279380945], [-121.972445096025, 37.3201559381402], [-121.971783096051, 37.3209469386482], [-121.971669096248, 37.3210829385064], [-121.970744096508, 37.3221879385003], [-121.970019095887, 37.3230449387322], [-121.970023096085, 37.3231149388054], [-121.969973095856, 37.3231849388133], [-121.969893096389, 37.3232649384365], [-121.970353096696, 37.3232649384365], [-121.971683096492, 37.3232449383601], [-121.972153096845, 37.3232349386771], [-121.972703096666, 37.3232349386771], [-121.972808096248, 37.3232329384545], [-121.973138096859, 37.3232289387237], [-121.973433096412, 37.3232249382784], [-121.974593097227, 37.3232249382784], [-121.97528309679, 37.3232249382784], [-121.975443097521, 37.3232249382784], [-121.975563097172, 37.3232149385927], [-121.976423097513, 37.3232149378783], [-121.977373097367, 37.3232149378783], [-121.978053097782, 37.3232049381914], [-121.978303097129, 37.3232049381914], [-121.979133097333, 37.3232049381914], [-121.979803097702, 37.3231949377886], [-121.980603097769, 37.3231949377886], [-121.981623097943, 37.3232049381914], [-121.982393097872, 37.3231949377886], [-121.983033098104, 37.323184938099], [-121.98479309807, 37.3231849373846], [-121.987023098389, 37.323164937287], [-121.987293098726, 37.3231549375933], [-121.987943099004, 37.3231549375933], [-121.988133098975, 37.323144937184], [-121.988823099437, 37.323144937184], [-121.990363099294, 37.3231349374876], [-121.991610099249, 37.3231279374137], [-121.992053099838, 37.3231249370756], [-121.992523099293, 37.3231249370756], [-121.995123100407, 37.323104936962], [-121.995293100286, 37.323104936962], [-121.995522099717, 37.323103936849], [-121.995693100319, 37.323104936962], [-121.995863100198, 37.323104936962], [-121.996016100359, 37.323104936962], [-121.996423100065, 37.323104936962], [-121.997693100485, 37.323104936962], [-121.997763100805, 37.323104936962], [-121.997853100318, 37.323104936962], [-121.998633100293, 37.323094936546], [-121.998885100188, 37.323094936546], [-121.99922810032, 37.323094936546], [-121.999733100833, 37.323094936546], [-122.000163101003, 37.323094936546], [-122.001122101078, 37.3230849361286], [-122.001163101086, 37.3230849361286], [-122.001219101162, 37.3230849361286], [-122.00129510133, 37.3230839367297], [-122.002137101229, 37.32307793605], [-122.002626100951, 37.3230749364244], [-122.002653101613, 37.3230749364244], [-122.003386101732, 37.3230829366165], [-122.003543101193, 37.3230849361286], [-122.004093101014, 37.323094936546], [-122.004588101481, 37.3230929363197], [-122.004599101352, 37.3234449360269], [-122.004647101931, 37.3249179363143], [-122.004664101649, 37.325409936267], [-122.004731101597, 37.3254449362818], [-122.004740101817, 37.3256899366428], [-122.00474510184, 37.3259719361249], [-122.004746101665, 37.3275749368014], [-122.004733102145, 37.3284949367951], [-122.004718102076, 37.3295519365132], [-122.004706102381, 37.3304279366301], [-122.004705102556, 37.3305379368265], [-122.004689102662, 37.3319669368701], [-122.004685102464, 37.332218937335], [-122.004685102464, 37.3322989373398], [-122.004683102814, 37.3323779372699], [-122.004681102266, 37.3325889369109], [-122.004681102266, 37.3326339370149], [-122.004680102441, 37.3328119371941], [-122.004669102571, 37.3340749367926], [-122.004583102357, 37.3340779374077], [-122.004215103009, 37.3340799373415], [-122.003682102907, 37.3340819372752], [-122.003095102378, 37.3340829372421], [-122.002437102602, 37.3340849371758], [-122.002436102777, 37.3344439372647], [-122.002435102053, 37.3348609374226], [-122.002435102952, 37.3351849376275], [-122.002434102229, 37.3356029371896], [-122.002433102404, 37.335862937145], [-122.002433102404, 37.3359009371181], [-122.002433102404, 37.3359649377058], [-122.002403102266, 37.3364449375193], [-122.002413102312, 37.3366949373827], [-122.002401102617, 37.3374159378053], [-122.002398103142, 37.337622937901], [-122.002398103142, 37.3377059376204], [-122.002399102967, 37.3378059372725], [-122.002063102508, 37.337806937904], [-122.000783102941, 37.337814937956], [-122.000596102445, 37.3378159378732], [-122.000108102548, 37.3378219380901], [-121.999813102097, 37.3378249378413], [-121.999196102329, 37.3378269376753], [-121.997693102281, 37.3378349377252], [-121.996483102136, 37.3378649380832], [-121.996463102045, 37.3378649380832], [-121.996253101982, 37.3378749379618], [-121.995793101675, 37.3378749379618], [-121.995553101475, 37.3378749379618], [-121.995556101848, 37.337977937848], [-121.995565102069, 37.3382869380878], [-121.995568101544, 37.3383909380329], [-121.995573101567, 37.3385449382226], [-121.995573101567, 37.3386329378831], [-121.995573101567, 37.3391549385707], [-121.995577101765, 37.339361938159], [-121.995583101613, 37.3396049383449], [-121.995583101613, 37.33968493834], [-121.995583101613, 37.3399639384771], [-121.995583101613, 37.3401849385208], [-121.995601102054, 37.3408039380155], [-121.995610102275, 37.3410839381545], [-121.995618101773, 37.3413729382208], [-121.995621102146, 37.3414679386472], [-121.995823101812, 37.3414659381959], [-121.996009102483, 37.3414639384588], [-121.997834102746, 37.3414469385483], [-121.998774102555, 37.3414389381689], [-121.999465102841, 37.341432938241], [-121.999636102545, 37.341434937979], [-122.000151103104, 37.3414419377756], [-122.000323102633, 37.3414449380964], [-122.000810102705, 37.341434937979], [-122.000823103124, 37.341434937979], [-122.001253103294, 37.341434937979], [-122.002275103118, 37.3414439382276], [-122.002313102753, 37.3414449380964], [-122.002763103015, 37.341434937979], [-122.002863103472, 37.3414149377401], [-122.002901103107, 37.341396937949], [-122.002924103572, 37.342179938085], [-122.003014103983, 37.3453159383867], [-122.002953103884, 37.3453149385693], [-122.002912103876, 37.3453119384032], [-122.002701103989, 37.345300938269], [-122.002656103783, 37.3452989379198], [-122.002323103697, 37.3452809383456], [-122.002213103194, 37.3452749380104], [-122.002187103255, 37.3452729383747], [-122.00211210381, 37.345267938571], [-122.002087103696, 37.3452669380389], [-122.001804103838, 37.345267938571], [-122.000956103193, 37.3452749380104], [-122.000674103161, 37.345277938178], [-122.000592103145, 37.3452539382619], [-122.000230103645, 37.345248938457], [-122.000215103577, 37.3471549383878], [-121.999962103857, 37.3471579384803], [-121.999917103651, 37.3485019385925], [-121.999918103476, 37.3486649388549], [-121.999983103773, 37.3486649388549], [-122.00001310391, 37.3486549389849], [-122.000068103264, 37.3486499386923], [-122.000243104064, 37.3486349385266], [-122.000299103242, 37.348626938913], [-122.000297103592, 37.348659938563], [-122.000298103417, 37.3487139384134], [-122.000299104141, 37.3487769390229], [-122.000307103638, 37.3495809385887], [-122.000309104186, 37.3497629390557], [-122.000315104034, 37.3503379391467], [-122.000332103753, 37.3521779386928], [-122.000335104126, 37.3523449391522], [-122.000418103966, 37.3523429389907], [-122.000421104339, 37.3524249391423], [-122.000431104385, 37.3530469389957], [-122.000714104242, 37.3530459392814], [-122.000990104427, 37.3530459392814], [-122.000984104579, 37.3524389388284], [-122.000983103856, 37.3523409388292], [-122.000983103856, 37.3523249389628], [-122.000983103856, 37.3521649386842], [-122.001574104583, 37.35215393884], [-122.001577104058, 37.3523249389628], [-122.001580104431, 37.352425938865], [-122.00160610437, 37.3538469390045], [-122.00160610437, 37.3540569393256], [-122.001021104389, 37.3540709394214], [-122.000582103998, 37.3540769390535], [-122.000458104149, 37.3540799388694], [-122.000480104789, 37.3547769390268], [-122.000499104157, 37.3565559393258], [-122.000512104576, 37.3576579391122], [-122.000523104447, 37.3586049393562], [-122.000534105216, 37.3595079397347], [-122.000392104925, 37.3595099397053], [-122.000268105077, 37.3595119396758], [-122.000191105084, 37.3595119396758], [-121.99996310458, 37.3595139396463], [-121.999887104412, 37.3595159396168], [-121.999621105171, 37.3595189399293], [-121.999621105171, 37.3602919398311], [-121.999629104669, 37.3606579397349], [-121.997589104321, 37.3606699400879], [-121.996603104482, 37.3606729396403], [-121.996049104463, 37.3606749402938], [-121.995852103921, 37.3606709397007], [-121.995851104096, 37.3606999398907], [-121.995845104248, 37.3609269401045], [-121.99582810453, 37.3616069398816], [-121.995823104507, 37.3618349398051], [-121.995823104507, 37.3619949401771], [-121.995853104644, 37.3633649399718], [-121.995853104644, 37.3634149402209], [-121.995864104515, 37.3634839402242], [-121.995847104796, 37.3644249402599], [-121.995750104712, 37.3669159407895], [-121.995805104964, 37.3671699408266], [-121.99582410523, 37.3688499407085], [-121.995833105451, 37.3695349411231], [-121.995836104926, 37.3697069411182], [-121.995843105497, 37.3699949407417], [-121.995863105588, 37.3700949409375], [-121.995930105535, 37.3701529411612], [-121.995928105886, 37.3702429405827], [-121.995930105535, 37.3703099410497], [-121.987330103926, 37.3703859418053], [-121.987309104009, 37.3704469416797], [-121.986971103901, 37.3704499415552], [-121.985960103947, 37.3704609415737], [-121.985623103663, 37.3704649416449], [-121.985015104116, 37.3704679415196], [-121.983191103678, 37.3704789415354], [-121.982584103057, 37.3704829416057], [-121.982582103407, 37.3705879421242], [-121.982415103003, 37.3705879421242], [-121.982415103003, 37.370680941604], [-121.982418103376, 37.3713699417432], [-121.982573103187, 37.37137494195], [-121.982540103575, 37.3714389415701], [-121.982453103536, 37.3716149422072], [-121.982448103513, 37.3716339420728], [-121.982433103445, 37.3717049420164], [-121.982453103536, 37.3717449420556], [-121.982450103163, 37.3718449420603], [-121.98244310349, 37.3721049421625], [-121.98244310349, 37.3722649420521], [-121.98244310349, 37.3722799417788], [-121.98244310349, 37.3723449422259], [-121.98244310349, 37.3724249423144], [-121.982437103642, 37.3727419420312], [-121.982433103445, 37.3729549420839], [-121.982446103863, 37.3736959421705], [-121.982453103536, 37.3740149418113], [-121.982453103536, 37.3740649421019], [-121.982463103582, 37.3741149423593], [-121.983983104246, 37.3740949422603], [-121.984683103855, 37.3740949422603], [-121.985126104444, 37.3740869417909], [-121.985233104574, 37.3740849422089], [-121.986243104703, 37.3740849422089], [-121.986533104233, 37.3740749421561], [-121.986909104875, 37.3740749421561], [-121.986953104357, 37.3740749421561], [-121.987036104198, 37.3740729418598], [-121.987853104881, 37.3740549420465], [-121.989133104448, 37.3740349419315], [-121.989908105298, 37.3740309413368], [-121.991073105237, 37.3740249411582], [-121.99116310475, 37.3740149418113], [-121.991673105287, 37.3740249411582], [-121.992583104958, 37.3740149410974], [-121.992983104991, 37.3740149410974], [-121.993939105591, 37.3739979414193], [-121.994178105965, 37.3739949409718], [-121.994743105855, 37.373984940907], [-121.99559310615, 37.373984940907], [-121.995983106137, 37.373984940907], [-121.996213106291, 37.373984940907], [-121.996323105896, 37.3739949409718], [-121.996593106233, 37.373984940907], [-121.996898105831, 37.3739739414053], [-121.997473105766, 37.3739549407046], [-121.997693105874, 37.3739549407046], [-121.999143106219, 37.3739549407046], [-121.999973106422, 37.3739549407046], [-122.000013106605, 37.3739449406345], [-122.000733106306, 37.373934940563], [-122.002296106628, 37.373934940563], [-122.002763106608, 37.373934940563], [-122.002980107241, 37.3739329409769], [-122.004719107291, 37.3739169407166], [-122.004692107527, 37.3739979407054], [-122.004118107416, 37.3765589405772], [-122.004050107644, 37.3768259408253], [-122.004160107249, 37.3767919405979], [-122.004428107038, 37.3767099406578], [-122.004573107701, 37.3766649405569], [-122.005233107127, 37.3765349406687], [-122.005260107789, 37.3765309409212], [-122.005953107725, 37.3764549406805], [-122.006503107546, 37.3764549406805], [-122.007363107887, 37.3764949403283], [-122.007783108011, 37.3765749402739], [-122.007813108149, 37.3765849407073], [-122.008223108228, 37.3766749402643], [-122.008633108306, 37.3767849405281], [-122.00893910773, 37.376883940128], [-122.009803108268, 37.3771649407174], [-122.009857108695, 37.377183940605], [-122.009973108148, 37.377224940684], [-122.010162108294, 37.3772879402046], [-122.010232108614, 37.377310940481], [-122.010442108676, 37.3773809406581], [-122.010513108821, 37.3774049402958], [-122.010663108609, 37.3774649400704], [-122.010978108253, 37.3775639402003], [-122.011773108297, 37.3778149402974], [-122.012384109115, 37.3780149404076], [-122.012473108804, 37.3780449404138], [-122.012853108745, 37.3781649403187], [-122.013083108899, 37.3782349404125], [-122.013023108625, 37.3784149404557], [-122.012945108807, 37.3786299402782], [-122.012753109186, 37.3791549400602], [-122.012703108957, 37.3793449401021], [-122.012663108774, 37.3794649407823], [-122.01255310917, 37.379714940155], [-122.012223109457, 37.380334940685], [-122.012093108862, 37.380654940703], [-122.012063108725, 37.3808849406756], [-122.012063108725, 37.3809949404752], [-122.012063108725, 37.381234940646], [-122.012133109045, 37.3814349409154], [-122.012303108924, 37.3817749407201], [-122.012473109702, 37.3820349406645], [-122.012483108849, 37.3820649404902], [-122.012753109186, 37.3824949407186], [-122.012943109157, 37.3827449406973], [-122.013093109843, 37.3829649403888], [-122.013253109677, 37.3831049408298], [-122.013573109344, 37.383334940426], [-122.013853109726, 37.3834349406821], [-122.014000110039, 37.3834779409582], [-122.014193109485, 37.3835349408048], [-122.014643109747, 37.3836549404906], [-122.014893109992, 37.3837449408427], [-122.015173109476, 37.3838849405411], [-122.015413109676, 37.3840649405851], [-122.015563110362, 37.3842249406581], [-122.015733110241, 37.3844349409048], [-122.015843109846, 37.3846049409797], [-122.015933110258, 37.3847649406141], [-122.015963110395, 37.3848649403907], [-122.015963110395, 37.3849249406208], [-122.015963110395, 37.3851949403488], [-122.015943110303, 37.3855949406436], [-122.015913110166, 37.3861449405983], [-122.015858109915, 37.3861849407879], [-122.015723110195, 37.386284940812], [-122.015703110104, 37.3863149410787], [-122.015663109921, 37.3864649408047], [-122.015623110636, 37.3866549408832], [-122.015745109937, 37.3866799411019], [-122.015817109907, 37.3866979407403], [-122.015573110407, 37.3874249410807], [-122.015353110299, 37.3880849412775], [-122.0151131101, 37.3888049413543], [-122.014983110404, 37.3887849408904], [-122.014933110175, 37.3889449408835], [-122.014893109992, 37.3890749413848], [-122.014793110433, 37.3893749409127], [-122.014776110714, 37.3894259408986], [-122.014727110311, 37.3895879408336], [-122.014677110082, 37.3897479412541], [-122.014663110736, 37.3897949412325], [-122.01451311005, 37.3901949412527], [-122.014504110728, 37.3902209409375], [-122.014455110324, 37.3903819413651], [-122.014403110445, 37.3905489410178], [-122.014333110125, 37.3907749416307], [-122.014323110079, 37.3907949415637], [-122.014238110589, 37.3910479414687], [-122.014183110337, 37.3912149410652], [-122.014171110642, 37.3912589410807], [-122.014143110154, 37.3913749415818], [-122.014135110657, 37.3913939414376], [-122.014118110938, 37.3914369414315], [-122.014032110725, 37.3916509411172], [-122.014003110412, 37.3917249411198], [-122.013806110769, 37.3923059416982], [-122.013733110974, 37.3925249412684], [-122.013605110927, 37.3930159415351], [-122.013533110957, 37.3933549417481], [-122.013375110774, 37.3938109413279], [-122.013336110416, 37.3939239417981], [-122.013321110347, 37.3939889413283], [-122.013263110621, 37.3941859414814], [-122.013061110954, 37.3948739420593], [-122.013029111167, 37.3949669413987], [-122.012941110405, 37.3952239416745], [-122.012916111189, 37.3952929416791], [-122.012843110496, 37.3954949419995], [-122.012818110382, 37.395562941893], [-122.012842110671, 37.3955689417757], [-122.012873110633, 37.3955769420943], [-122.012896111098, 37.3955809415396], [-122.012963111045, 37.3955949417376], [-122.013199111047, 37.3956459417739], [-122.015479111594, 37.3961439419837], [-122.015573111306, 37.396164941765], [-122.016363111326, 37.3963299416776], [-122.017103112016, 37.3964849413079], [-122.017413111638, 37.3965449415161], [-122.017663111883, 37.3966049416763], [-122.017638111768, 37.3966589412798], [-122.017613111654, 37.3967149412505], [-122.017583111517, 37.3968149415019], [-122.018663111966, 37.3970449418591], [-122.019763112506, 37.3972849413242], [-122.020583112663, 37.3974549415211], [-122.020767111888, 37.3974959412213], [-122.0215731127, 37.3976749415814], [-122.02246311228, 37.3978649410812], [-122.022553112692, 37.3978949409958], [-122.022611112418, 37.3979079416449], [-122.022652112426, 37.39779394164], [-122.022680112913, 37.3977229414179], [-122.02298911271, 37.3977909414309], [-122.024120113212, 37.3980409410746], [-122.02449711278, 37.3981249408933], [-122.024723112736, 37.3981749415223], [-122.02531311274, 37.3982849409332], [-122.027242113659, 37.3987169412615], [-122.027723113883, 37.3988249409545], [-122.027753113122, 37.3988329409256], [-122.027843113533, 37.3988569408337], [-122.027873113671, 37.3988649408014], [-122.028073113687, 37.3989069409743], [-122.028673113737, 37.3990349409825], [-122.028873113753, 37.3990779408749], [-122.029009113297, 37.3991069412033], [-122.029417113726, 37.3991939406938], [-122.029554113994, 37.3992229409773], [-122.029659113576, 37.3992449411357], [-122.029974114118, 37.3993119406699], [-122.0300791137, 37.3993349406134], [-122.030755113918, 37.3994779406], [-122.030894113835, 37.3995079405825], [-122.030981113874, 37.3995269405176], [-122.031352114493, 37.3996109408117], [-122.032780114198, 37.3999319404308], [-122.03345511459, 37.400083941058], [-122.033908114327, 37.4001859406956], [-122.034966115034, 37.4004239404997], [-122.035268115158, 37.4004869405102], [-122.035723114544, 37.4005849404212], [-122.03576811475, 37.4005939407125], [-122.035831114499, 37.4006079406876], [-122.035905115018, 37.4006289406455], [-122.035950115223, 37.4006419408203], [-122.036041114562, 37.4006579403737], [-122.036314115271, 37.4007039408546], [-122.03640511461, 37.4007199403947], [-122.036595114581, 37.4007529406842], [-122.036953114781, 37.4008149406267], [-122.037176115262, 37.4008649401746], [-122.03737411473, 37.4009109405284], [-122.03743311518, 37.4009249404444], [-122.038963114992, 37.4012349403594], [-122.039212115412, 37.401294940333], [-122.040033115395, 37.4014949406114], [-122.041853115635, 37.4018949402806], [-122.043263115797, 37.4022249402021], [-122.044708116118, 37.4025489400606], [-122.045443116786, 37.4027149399564], [-122.046193116623, 37.402874940187], [-122.046547116625, 37.4029349402747], [-122.04657011709, 37.4029389400409], [-122.046639116687, 37.402950940052], [-122.046663116976, 37.4029549398174], [-122.046885116734, 37.4030109400788], [-122.046971116948, 37.4027749401721], [-122.047416116288, 37.4015569399399], [-122.046997116887, 37.401429939741], [-122.046489116899, 37.4013179396678], [-122.046021116196, 37.4012159401436], [-122.046426116251, 37.4000939397832], [-122.046128116326, 37.4000299396404], [-122.0449921158, 37.3998269396063], [-122.045656116323, 37.3977879397944], [-122.046112115534, 37.3965039391548], [-122.046538115506, 37.3953049393462], [-122.046613115849, 37.3950969393074], [-122.046660115705, 37.3949669392577], [-122.046554116298, 37.3949379394684], [-122.046509116092, 37.3949249390178], [-122.046462116236, 37.3949119392786], [-122.046328115444, 37.3948759396597], [-122.046272115367, 37.394858939001], [-122.046058116005, 37.3947909391825], [-122.045574115408, 37.3946339391559], [-122.045526115728, 37.3946179390301], [-122.045250115543, 37.394533939563], [-122.04499411545, 37.3944579397261], [-122.045014115542, 37.3943929391753], [-122.045113115276, 37.3941059396268], [-122.045181115946, 37.3939109390306], [-122.045267115262, 37.3936609391711], [-122.045364115346, 37.3933199391317], [-122.045530115028, 37.3927319392671], [-122.045602114998, 37.3924799392385], [-122.045891115601, 37.3916649391943], [-122.046276115565, 37.3905349391637], [-122.046364115429, 37.3902709389883], [-122.046775115333, 37.3890539389034], [-122.047319115306, 37.3890889385155]], [[-122.060793105254, 37.2793099285293], [-122.061985104957, 37.2794629282862], [-122.062068105696, 37.2797719282204], [-122.062456105136, 37.2797069284136], [-122.062373105295, 37.279396928233], [-122.063761105715, 37.2791669282885], [-122.063925105747, 37.2791399280376], [-122.06401310561, 37.2811229282434], [-122.063695105593, 37.280949928396], [-122.06297210552, 37.280536928491], [-122.061500105434, 37.279707928389], [-122.060793105254, 37.2793099285293]]]}}, {"type": "Feature", "properties": {"DISTRICT": 6}, "geometry": {"type": "Polygon", "coordinates": [[[-121.795056073139, 37.3542559538045], [-121.795198073429, 37.3542839539191], [-121.795369073133, 37.354327953466], [-121.795478072913, 37.3543649536818], [-121.795607073683, 37.3544189537131], [-121.795742073402, 37.3544809534101], [-121.797455073512, 37.3552639534927], [-121.797721073651, 37.3553869538988], [-121.798046073341, 37.3555379537502], [-121.798225073441, 37.3556069538554], [-121.798287073366, 37.3556239534162], [-121.798350074013, 37.35563595386], [-121.798304073982, 37.3557199533422], [-121.798321073701, 37.35608995353], [-121.798351073838, 37.3567449540989], [-121.798627074022, 37.3570849537105], [-121.799137074559, 37.3577139539298], [-121.799170074171, 37.3577579536082], [-121.799188074612, 37.3577809534461], [-121.79919407446, 37.3577889535122], [-121.799104074048, 37.3578489539811], [-121.799090073805, 37.3578579536902], [-121.798961073933, 37.3579429539051], [-121.798949074238, 37.357950953954], [-121.7989190741, 37.3579629540257], [-121.798904074032, 37.3579689540608], [-121.798857074176, 37.3579819537783], [-121.798251074279, 37.3581209540769], [-121.797802073842, 37.3581979539722], [-121.797776073903, 37.3582019539831], [-121.797168074355, 37.3583069538373], [-121.796506073483, 37.358327954219], [-121.79668007356, 37.3585459541274], [-121.796843073767, 37.3587599541357], [-121.797012073821, 37.3589839541714], [-121.797320073793, 37.3593889538839], [-121.797549074122, 37.3596909543168], [-121.798056074285, 37.3603599537994], [-121.798081074399, 37.3603899544401], [-121.798131074628, 37.3604509538734], [-121.796841074117, 37.3604099539086], [-121.79378007377, 37.3604109542389], [-121.792920073429, 37.3604229546313], [-121.791804072995, 37.3604249545775], [-121.791753072942, 37.3604259541936], [-121.791707073809, 37.3607289543496], [-121.791706073086, 37.3607379544275], [-121.791662073604, 37.3610279548503], [-121.792163073919, 37.3611469545247], [-121.792376073456, 37.3611939545781], [-121.792559073754, 37.3612409546021], [-121.792764073794, 37.3613179548664], [-121.792838073413, 37.3613459544886], [-121.793055074047, 37.3614289544037], [-121.793298073721, 37.3615659548283], [-121.79335907382, 37.3616009544173], [-121.793586073601, 37.3617299541688], [-121.79361207354, 37.3617449545738], [-121.793679073487, 37.3617699545282], [-121.79385007409, 37.3618369547076], [-121.793904073618, 37.3618579548155], [-121.794007073551, 37.3618359543964], [-121.79441307433, 37.3617479547973], [-121.794671074073, 37.3623169547872], [-121.794970073823, 37.3629749547355], [-121.794990073915, 37.3630179546039], [-121.795077073953, 37.3632099546957], [-121.795127074182, 37.3633679544102], [-121.79516607454, 37.3633679544102], [-121.795798074377, 37.363368954701], [-121.796009074264, 37.3633699542779], [-121.796123074067, 37.3633599542247], [-121.796219074326, 37.3633389545372], [-121.796389074206, 37.3632819543357], [-121.796616073986, 37.3631729545563], [-121.796786074764, 37.3630969543479], [-121.796843074665, 37.3630769541675], [-121.796889074696, 37.3630669540753], [-121.796958074293, 37.3630649541996], [-121.797040074309, 37.3630729544164], [-121.79708407469, 37.3630819542131], [-121.797271074288, 37.3631489546491], [-121.79751407486, 37.3632269546764], [-121.797608074571, 37.3632589540417], [-121.798206074971, 37.3634679541569], [-121.798539075057, 37.3635779545099], [-121.799022074931, 37.3637389543073], [-121.799446075253, 37.3638889542069], [-121.799534075117, 37.3639249544237], [-121.799573074577, 37.3639449543781], [-121.799641075247, 37.3639919541071], [-121.799689074928, 37.3640429542202], [-121.799764075271, 37.3641789545904], [-121.799828074845, 37.3643209542414], [-121.800021075189, 37.364746954438], [-121.800086075486, 37.3648899539987], [-121.800121074748, 37.3649679543582], [-121.800213074809, 37.3651669541849], [-121.800229075601, 37.3652019542361], [-121.800265075586, 37.3652809545366], [-121.800287075328, 37.3653299546722], [-121.800306075594, 37.3653709540908], [-121.800356074925, 37.365476954173], [-121.800389075435, 37.3655209542978], [-121.800416075199, 37.3655559541839], [-121.800493075192, 37.3656289546895], [-121.80058207488, 37.3656919546677], [-121.800709075102, 37.3657579546561], [-121.800775075224, 37.3657919541732], [-121.801395075365, 37.3661059540246], [-121.801787075901, 37.3663079544441], [-121.802146075926, 37.3664929543688], [-121.802204075652, 37.3665229539856], [-121.802381076103, 37.3666129541919], [-121.802440075654, 37.3666439540079], [-121.802760075321, 37.3667379543389], [-121.802772075915, 37.3667489541877], [-121.802903075436, 37.3668449541623], [-121.803083075361, 37.3669189543712], [-121.803451075607, 37.3670719543499], [-121.803627076233, 37.3671409545602], [-121.803809075807, 37.3672139542376], [-121.804004075801, 37.3672689545442], [-121.804029075915, 37.3672759540741], [-121.804572076064, 37.3674909544115], [-121.80476107621, 37.3675669544531], [-121.804751076164, 37.3675499540278], [-121.804754076537, 37.3675259540927], [-121.80480907589, 37.3674299542755], [-121.805043076242, 37.3670309544329], [-121.80512107606, 37.3668979542518], [-121.805202076251, 37.3667599540348], [-121.805360076434, 37.3664929543688], [-121.805445075925, 37.3663479537911], [-121.805527075941, 37.3662109542434], [-121.805542076009, 37.3661789539951], [-121.805591076413, 37.3660829538823], [-121.805607076307, 37.3660519538345], [-121.805871075897, 37.3655949536706], [-121.805878076468, 37.3655829541053], [-121.806320076334, 37.3649399539456], [-121.806353075946, 37.3649059540425], [-121.806456075878, 37.3647999538676], [-121.806551076313, 37.3647179536701], [-121.806643076374, 37.3646479538137], [-121.806795075812, 37.3645439538247], [-121.806985075783, 37.3644239535486], [-121.80708707589, 37.3643609539337], [-121.807267075815, 37.3642759538481], [-121.807473076578, 37.3641909536663], [-121.807549075847, 37.3641589539845], [-121.807730076496, 37.364083953628], [-121.807780075826, 37.3640649539923], [-121.807859076367, 37.3640369539567], [-121.807871076063, 37.3640319539747], [-121.808068076604, 37.3639829537055], [-121.80809307582, 37.3639799535714], [-121.808153076095, 37.3639719534513], [-121.808441075975, 37.3639379538235], [-121.809054076443, 37.3638739535164], [-121.809355076742, 37.3638439535545], [-121.810281076307, 37.363752953311], [-121.810327076338, 37.363748953596], [-121.810554077017, 37.3637129532947], [-121.810664076621, 37.3636819536957], [-121.810799076341, 37.3636309533372], [-121.810929076935, 37.363565953194], [-121.811053076784, 37.3634859536546], [-121.811797076774, 37.3628829531409], [-121.811868076919, 37.3627989531075], [-121.811947076561, 37.3626819530828], [-121.812010076311, 37.362558953208], [-121.812055076516, 37.3624319533463], [-121.812137076532, 37.3620009534557], [-121.812142076555, 37.3619539531938], [-121.812156076799, 37.3618499530411], [-121.812189076411, 37.3616419530173], [-121.812199076456, 37.3615439528956], [-121.812201077005, 37.3615129531146], [-121.812199076456, 37.3614859531567], [-121.812170076144, 37.3610279534223], [-121.812173076517, 37.3609999529675], [-121.812184076388, 37.3609169532918], [-121.812188076586, 37.3608899531195], [-121.812412076892, 37.3607359530616], [-121.81264507652, 37.3605769531895], [-121.812901076613, 37.3604109528109], [-121.813084076911, 37.3602709528514], [-121.813248076943, 37.3601479533089], [-121.813304077019, 37.3601099527535], [-121.813469076876, 37.3599979530715], [-121.81396507627, 37.3596639529894], [-121.81413107685, 37.3595529529836], [-121.814230076584, 37.3594829525932], [-121.814472076433, 37.359314952675], [-121.814527076685, 37.359276953126], [-121.814627076244, 37.3592089524567], [-121.814734076374, 37.3591469530949], [-121.814776077105, 37.3591179530188], [-121.8152110764, 37.358823952378], [-121.815356077063, 37.3587269524992], [-121.815481076737, 37.3586409528184], [-121.81566707651, 37.358514952394], [-121.815860076854, 37.3583849524711], [-121.815986076352, 37.3582999527568], [-121.816045076801, 37.358258952331], [-121.816070076916, 37.3582419526529], [-121.816224076902, 37.3581369527077], [-121.816284077176, 37.358096952554], [-121.816297076697, 37.3580879528734], [-121.816340077253, 37.3580579527406], [-121.816509076409, 37.3579439528402], [-121.816566077208, 37.3579059525969], [-121.816615076714, 37.357871952363], [-121.816764076677, 37.3577719522996], [-121.816814076906, 37.3577389523708], [-121.816901076944, 37.3576789525281], [-121.81710307661, 37.3575409524935], [-121.81716207706, 37.3575009527362], [-121.817250076924, 37.357441952359], [-121.81763107669, 37.3571819521412], [-121.818777077261, 37.3564059526168], [-121.819160076677, 37.3561469520536], [-121.8195230769, 37.3565549525111], [-121.819787077389, 37.3568519524626], [-121.81996607749, 37.3570259522922], [-121.820331077363, 37.35743195223], [-121.82054207725, 37.3576839522193], [-121.820623077441, 37.3577739523165], [-121.820989077138, 37.3581809521382], [-121.821062077832, 37.3582599519759], [-121.821281077217, 37.3584999520574], [-121.82135407791, 37.3585809522686], [-121.821492078002, 37.3587219521635], [-121.821768078187, 37.3590039525865], [-121.821903077906, 37.3591529523213], [-121.8220370778, 37.3593009521294], [-121.822130077686, 37.3594039526148], [-121.822229078319, 37.3595119525282], [-121.822274077627, 37.3595599525192], [-121.822413077544, 37.3597109525435], [-121.822508077978, 37.3598139524662], [-121.822656078116, 37.3599769524432], [-121.823039078431, 37.360399952033], [-121.823099077807, 37.3604689526666], [-121.823245078295, 37.3606359525302], [-121.823258077816, 37.360651952053], [-121.823411077977, 37.3608379519669], [-121.82355607864, 37.3610019521843], [-121.823691078359, 37.36114995263], [-121.824229078484, 37.3617179525574], [-121.82427607834, 37.3617669521636], [-121.824318078173, 37.3618059521916], [-121.824326078569, 37.3618129522312], [-121.824510078692, 37.361994952315], [-121.824740078846, 37.3622529523836], [-121.824698079013, 37.3623439523042], [-121.825288079017, 37.3630159525849], [-121.82537807853, 37.3629629526092], [-121.825451078325, 37.3630439522875], [-121.825469078767, 37.3630639524766], [-121.825524079018, 37.3631259521724], [-121.825543078387, 37.3631469526336], [-121.825621079103, 37.3632399520552], [-121.825668078958, 37.3632949524189], [-121.82576207867, 37.363394952263], [-121.825870078625, 37.363508952451], [-121.825955079013, 37.3635979524148], [-121.826093079106, 37.3637359527355], [-121.826109078999, 37.3637529525971], [-121.82655207869, 37.3642379525272], [-121.826700078828, 37.3643999526136], [-121.82682707905, 37.3645399527239], [-121.826901079568, 37.3646199525676], [-121.827123079326, 37.3648629524], [-121.827198079669, 37.3649449524391], [-121.827358079502, 37.3651079526947], [-121.827369079373, 37.3651189520685], [-121.827425079449, 37.3651749527497], [-121.827489079024, 37.3652409524789], [-121.82786607949, 37.3656589525098], [-121.827941079834, 37.3657419526522], [-121.82796207975, 37.3657629523812], [-121.828035079545, 37.3658369522294], [-121.828061079484, 37.3658649523073], [-121.828167079789, 37.3659759522583], [-121.82817807966, 37.3659879524747], [-121.82853607986, 37.3663909524406], [-121.828595079411, 37.366453952493], [-121.828638079968, 37.3664999525432], [-121.828738079527, 37.366606952706], [-121.828852079329, 37.366736952665], [-121.82903107943, 37.3669409525862], [-121.829198079834, 37.3671239526104], [-121.82931508001, 37.3672529521486], [-121.82978407964, 37.3677689523671], [-121.830306079872, 37.3683439523124], [-121.830511079911, 37.3685919526134], [-121.830593079927, 37.3686969522088], [-121.831127080753, 37.3693729528375], [-121.831560080398, 37.3699209528477], [-121.831578080839, 37.3699449527306], [-121.831635080741, 37.3700169523332], [-121.831654080109, 37.3700409521854], [-121.831669080178, 37.3700599524496], [-121.831714080384, 37.3701169524996], [-121.831730080277, 37.3701359527445], [-121.831781080331, 37.3702009521936], [-121.831811080468, 37.3702389526362], [-121.831931081017, 37.3704029522967], [-121.831981080347, 37.370470952817], [-121.832032080401, 37.3705429526287], [-121.832185080562, 37.3707589523632], [-121.832236080615, 37.3708309526124], [-121.832279080273, 37.3708859524092], [-121.832408081043, 37.3710529526484], [-121.832451080701, 37.3711089524701], [-121.832532080891, 37.3712119524537], [-121.832541081112, 37.3712239525466], [-121.832776080391, 37.3715229526343], [-121.832858080406, 37.3716269522303], [-121.832971081283, 37.3717679525986], [-121.833310081216, 37.3721929524599], [-121.833375080615, 37.3722729527104], [-121.833424081019, 37.3723349526496], [-121.833487080768, 37.3724149527487], [-121.833678081462, 37.3726569528682], [-121.833742081036, 37.3727379527898], [-121.833877080756, 37.3729189526248], [-121.83390008122, 37.3729489525276], [-121.834125081351, 37.373233952791], [-121.834298081603, 37.3734519529428], [-121.834440080995, 37.3736299527345], [-121.834654081256, 37.3739019527393], [-121.834674081347, 37.3739279523626], [-121.835383081177, 37.3748199524339], [-121.835472081763, 37.3749319528362], [-121.835622081551, 37.3751149526427], [-121.835482081809, 37.3752019528506], [-121.835356081412, 37.3752809526155], [-121.835087081799, 37.3754629528687], [-121.835069081357, 37.375473952866], [-121.835043081418, 37.3754909529234], [-121.834932081988, 37.3755639530423], [-121.834863081493, 37.37560895309], [-121.834831081706, 37.37563095304], [-121.834706082032, 37.3757059525615], [-121.834653081431, 37.3757409526933], [-121.834585081659, 37.3757879528854], [-121.834423081277, 37.3758959527746], [-121.834238081329, 37.3760209531596], [-121.833940081403, 37.3762229525818], [-121.83378008157, 37.3763329527947], [-121.833601081469, 37.3764569530488], [-121.833580081553, 37.3764699531327], [-121.833516081081, 37.3765099527725], [-121.833496081887, 37.3765239529627], [-121.83336108127, 37.3766159528214], [-121.833305081193, 37.3766549529836], [-121.832954081564, 37.3768889528167], [-121.832819081845, 37.3769799528323], [-121.832675081007, 37.3770779527804], [-121.832587081143, 37.3771369534232], [-121.832324081377, 37.3773139529314], [-121.832237081339, 37.3773739527788], [-121.83215208095, 37.3774309529819], [-121.831998080964, 37.3775359530549], [-121.83196908155, 37.3775559529502], [-121.83189908123, 37.3776029534326], [-121.831859081047, 37.3776309534023], [-121.831815081564, 37.3776609528482], [-121.831778081754, 37.3776849531102], [-121.831715081107, 37.3777279531142], [-121.831667081426, 37.3777599534333], [-121.831631081441, 37.3777849530484], [-121.831582081037, 37.3778169533431], [-121.831435081623, 37.3779159530084], [-121.831387081044, 37.3779489533436], [-121.831311081774, 37.3779999532492], [-121.831082081445, 37.3781549529452], [-121.831007081102, 37.3782069535176], [-121.830947081726, 37.3782439533812], [-121.830917081589, 37.3782639530876], [-121.830654080925, 37.3784439530612], [-121.830567080886, 37.3785049535213], [-121.83047208135, 37.3785689534827], [-121.83018608112, 37.3787629532102], [-121.830092081408, 37.3788279530362], [-121.829956080966, 37.3789199536379], [-121.829548081435, 37.3791949532586], [-121.829413080818, 37.3792879534888], [-121.829309081061, 37.3793569531706], [-121.829241081288, 37.3794039532382], [-121.829145081029, 37.3794689532223], [-121.829000081264, 37.3795669534873], [-121.828897081332, 37.3796369537003], [-121.828729081102, 37.3797509534788], [-121.828225081312, 37.3800919538482], [-121.828058080908, 37.3802069537153], [-121.827994081334, 37.3802489536352], [-121.827805081188, 37.380376953382], [-121.827742081438, 37.3804209540475], [-121.827679080791, 37.3804629538476], [-121.827616081042, 37.3805059536864], [-121.827604081346, 37.3805139534712], [-121.827491081368, 37.3805879537591], [-121.827429081444, 37.3806299534657], [-121.82730608142, 37.3807099539973], [-121.82720308059, 37.3807789537984], [-121.827035081259, 37.3808679539757], [-121.826919080908, 37.3809169539239], [-121.826891081319, 37.3809299539485], [-121.82678208064, 37.380969954065], [-121.826725080739, 37.3809889537024], [-121.826692081127, 37.3810019537145], [-121.826552081385, 37.3810349541195], [-121.826495080585, 37.3810499535201], [-121.826468080821, 37.3810549537955], [-121.82638708063, 37.3810709539607], [-121.826361080691, 37.3810769535757], [-121.826472081019, 37.3812649536404], [-121.826585080997, 37.3814299535139], [-121.827222080857, 37.3823619536785], [-121.827119080924, 37.3824269539541], [-121.827029081411, 37.3824969536387], [-121.826511081377, 37.3827299537703], [-121.826346081521, 37.382803954013], [-121.826320080683, 37.3828309541508], [-121.826312081185, 37.3828519540927], [-121.82631308101, 37.3828869537448], [-121.826964081114, 37.3840379537397], [-121.82705508135, 37.3840039539268], [-121.827468081802, 37.3838189543594], [-121.828045081387, 37.3835599541983], [-121.82812008173, 37.3836689536227], [-121.828268081868, 37.3838839540858], [-121.828564081246, 37.3843039537597], [-121.828601081954, 37.3843569536483], [-121.829009081485, 37.3849459542519], [-121.82944008148, 37.3855739543178], [-121.829732081558, 37.3859979537611], [-121.82985908178, 37.3861839543629], [-121.830240082445, 37.3867429540926], [-121.830368082491, 37.3869299542504], [-121.830397081905, 37.3869729539497], [-121.830414082522, 37.3869979540623], [-121.830552082614, 37.387201953842], [-121.830598082645, 37.387269954121], [-121.830611082165, 37.3872889543034], [-121.830657082196, 37.3873569537898], [-121.830796082113, 37.3875609540201], [-121.830843081969, 37.3876299539409], [-121.830825082426, 37.3876369544258], [-121.830770082174, 37.3876609543501], [-121.830753082456, 37.3876689540853], [-121.830891082548, 37.3878659544312], [-121.831307082474, 37.3884599543735], [-121.831446082392, 37.3886579540222], [-121.831543082476, 37.3887949539704], [-121.831577082811, 37.3888439544486], [-121.831799082569, 37.3892309538224], [-121.831883083133, 37.3893779543059], [-121.831941082859, 37.3894699540976], [-121.832115082937, 37.3897459542231], [-121.832174082488, 37.389837954277], [-121.832202082975, 37.3898799545123], [-121.832288083189, 37.3900089541704], [-121.832317082603, 37.390051954245], [-121.832467083289, 37.3902599540086], [-121.832917082653, 37.3908839541192], [-121.833068083164, 37.3910919544292], [-121.833090082905, 37.391081954503], [-121.833158082677, 37.3910529539244], [-121.833181083141, 37.3910439539148], [-121.833225083522, 37.3911089545149], [-121.833360083242, 37.3913049544678], [-121.833405083447, 37.3913709540453], [-121.833454082953, 37.3914429544913], [-121.833603082916, 37.3916619544416], [-121.833653083145, 37.3917349545208], [-121.833708083396, 37.39181495391], [-121.833873083253, 37.3920549544201], [-121.833929083329, 37.3921349541815], [-121.833990083428, 37.3922259542523], [-121.834176083201, 37.392501954223], [-121.834238083126, 37.3925939544632], [-121.834340083233, 37.3925709545921], [-121.834375083393, 37.3925639545679], [-121.834522083706, 37.392532954045], [-121.834654083052, 37.3924909545823], [-121.834744083464, 37.3924519540916], [-121.834784083647, 37.3924349543105], [-121.834849083046, 37.392397954312], [-121.834917083716, 37.3923609542951], [-121.835066083679, 37.3922529538521], [-121.835146083147, 37.392201954362], [-121.835191083353, 37.3921739541235], [-121.835250083802, 37.3921439540601], [-121.835265083871, 37.3921349541815], [-121.835313083551, 37.3921119541696], [-121.835329083445, 37.3921039541949], [-121.835475083933, 37.3920459538171], [-121.835545083355, 37.3920249543092], [-121.835736083151, 37.3919699543124], [-121.836069083237, 37.3918689541096], [-121.836206083504, 37.3918209540927], [-121.836424083962, 37.3917449543599], [-121.836621083606, 37.3916729542039], [-121.836714083492, 37.3916459536815], [-121.836782083264, 37.3916309542594], [-121.836852083584, 37.3916169540348], [-121.837014083966, 37.3915969543211], [-121.837167084127, 37.391591954035], [-121.837380083664, 37.3916019538932], [-121.837529083627, 37.3915999540643], [-121.837773084024, 37.3915779538031], [-121.837893083675, 37.3915589539939], [-121.837904083546, 37.3915549536203], [-121.838053083508, 37.3915099538629], [-121.838266083944, 37.3914529536556], [-121.838509083618, 37.391408953754], [-121.838789084001, 37.3913669536616], [-121.839368084134, 37.3912819534875], [-121.83964008412, 37.3912349537277], [-121.839809084175, 37.3911999536901], [-121.840048084549, 37.3911279537243], [-121.840336084429, 37.3910139533993], [-121.840611083891, 37.3909069537941], [-121.840832083824, 37.3908259535112], [-121.840884084601, 37.3908079534365], [-121.841041084061, 37.3907549538256], [-121.841094084663, 37.3907379536598], [-121.841345083835, 37.3906839533591], [-121.841503084018, 37.3906549533403], [-121.84195108463, 37.3905659533599], [-121.842100084593, 37.3905279532238], [-121.842149084099, 37.3905169532935], [-121.842346084641, 37.3904529535373], [-121.842307084283, 37.3903629533863], [-121.842227083917, 37.3901769531599], [-121.842210084198, 37.3901469537248], [-121.842190084107, 37.3900929537122], [-121.84215808432, 37.3900009532575], [-121.842145083901, 37.3899659533574], [-121.842137084403, 37.3899419534572], [-121.842118084137, 37.3898739534605], [-121.842116084487, 37.3898609535591], [-121.842111084464, 37.3898259535937], [-121.84209508457, 37.389733953525], [-121.84208608435, 37.3896159534579], [-121.842080084502, 37.3895349532075], [-121.842088083999, 37.3894089532786], [-121.842118084137, 37.3892439531193], [-121.842161083794, 37.3890929532955], [-121.842199084327, 37.3889989531429], [-121.842234084488, 37.3889139531388], [-121.842291084389, 37.3888089532946], [-121.842314083955, 37.3887679531252], [-121.842320083803, 37.3887579536027], [-121.842389084298, 37.3886549534474], [-121.84242008426, 37.3886159531022], [-121.84245708407, 37.3885709530081], [-121.842560084003, 37.3884449536001], [-121.842672084156, 37.3883119535592], [-121.842871084347, 37.3880689533151], [-121.842975084104, 37.3879439530267], [-121.843039084577, 37.3878719535025], [-121.843088084082, 37.3878129534543], [-121.843376083962, 37.38747495313], [-121.843421084168, 37.3874169534533], [-121.843529084123, 37.3872829530442], [-121.843562084633, 37.3872359529186], [-121.843600084268, 37.3871859528436], [-121.843653083972, 37.387089953206], [-121.843660084543, 37.387078953485], [-121.843678084086, 37.3870379530832], [-121.843719084094, 37.3869409532795], [-121.843743084383, 37.3868879530761], [-121.843774084345, 37.3867939530139], [-121.843803083759, 37.3866719533952], [-121.843806084133, 37.3866389533297], [-121.843818083828, 37.3865349531363], [-121.843830084422, 37.3863959533732], [-121.843829084597, 37.386371953044], [-121.843824084574, 37.3862469527813], [-121.843807083957, 37.3861259529737], [-121.843743084383, 37.3858929526881], [-121.843681084459, 37.3857429532454], [-121.843636084253, 37.3856579531186], [-121.843613083789, 37.385620953344], [-121.843555084062, 37.3855279531163], [-121.843370084114, 37.385284953128], [-121.843286083551, 37.3851749531974], [-121.843176083946, 37.3850299530424], [-121.843066083442, 37.3848849533208], [-121.842848083883, 37.3845979530597], [-121.842739084103, 37.3844539532261], [-121.842644083668, 37.384328952621], [-121.842360083986, 37.3839569531733], [-121.842266083376, 37.3838329531851], [-121.842416084062, 37.3837459529962], [-121.842434083606, 37.383732952746], [-121.842697083372, 37.3835569527057], [-121.842923083327, 37.3834049528251], [-121.843086083534, 37.3832959530169], [-121.843223083801, 37.3832019527342], [-121.843636083355, 37.3829219526668], [-121.843774083447, 37.3828289526605], [-121.843911083715, 37.3827349525061], [-121.844324084166, 37.3824529527636], [-121.844462084259, 37.3823599528894], [-121.844600083453, 37.3822589525883], [-121.844749083415, 37.3821529526632], [-121.845019083752, 37.3819629525974], [-121.84509508392, 37.3819099524443], [-121.845161084042, 37.3818679527408], [-121.845215083571, 37.3818339526578], [-121.84529808431, 37.381776952232], [-121.84570808349, 37.3815019527998], [-121.845845083758, 37.3814109525606], [-121.846078084284, 37.3812519522462], [-121.84644808418, 37.3810019522869], [-121.846779083718, 37.3807789523707], [-121.847014083895, 37.3806219522657], [-121.84715708401, 37.3805399522302], [-121.847356084202, 37.3804279523502], [-121.847572084112, 37.3803229520432], [-121.847596084401, 37.3803119520433], [-121.847749083664, 37.3802479521418], [-121.847861083817, 37.3801989524702], [-121.84791008422, 37.3801809519855], [-121.848133083803, 37.3801009523172], [-121.848318083751, 37.3800429519333], [-121.848407084338, 37.3800189524259], [-121.848576084392, 37.3799739521688], [-121.848752084119, 37.3799349523049], [-121.848859084249, 37.3799119521194], [-121.849283084572, 37.3798359524495], [-121.849461083949, 37.3798049523741], [-121.849545084513, 37.3797919521545], [-121.849738083958, 37.3797539522684], [-121.850003084272, 37.3797029521279], [-121.85011608425, 37.3796779517245], [-121.850343084031, 37.3796179522926], [-121.850556084466, 37.3795459519117], [-121.850579084032, 37.379538952099], [-121.850817084582, 37.3794389516442], [-121.850889084552, 37.3794069520416], [-121.851051084036, 37.379322951949], [-121.851123084904, 37.3792869519825], [-121.851304084654, 37.3791729522125], [-121.85163708474, 37.3789419519029], [-121.851707084162, 37.3788969517135], [-121.851928084993, 37.3787569519825], [-121.851991084742, 37.3787149519409], [-121.852075084408, 37.3786619516338], [-121.852418084539, 37.3784439516335], [-121.852513084974, 37.3783739517348], [-121.852654084541, 37.3782709515917], [-121.852765084869, 37.3781889518409], [-121.853016084939, 37.3780049515864], [-121.853024084437, 37.3779979516299], [-121.853098084955, 37.377939951761], [-121.85320808456, 37.377855951453], [-121.85321908443, 37.377845951903], [-121.853254084591, 37.377818951398], [-121.853266084286, 37.3778099519413], [-121.85327808488, 37.3777999516713], [-121.85331508469, 37.3777709516659], [-121.85332808421, 37.3777619514897], [-121.8533520845, 37.3777429517486], [-121.853525084752, 37.3776239512693], [-121.854770085057, 37.3767869514599], [-121.855031085173, 37.3766159513938], [-121.856982084935, 37.3752129514584], [-121.857000084478, 37.3751949512047], [-121.857087084517, 37.3751189510381], [-121.858434084929, 37.3742159507729], [-121.858741085076, 37.3739989508489], [-121.858847085381, 37.3739239510483], [-121.859016085435, 37.3738139508719], [-121.859310085163, 37.3736139509818], [-121.86040708533, 37.3728689508563], [-121.860626085613, 37.3727219508468], [-121.861016085601, 37.372452950642], [-121.861377085276, 37.3722059504272], [-121.861602085407, 37.3720959505871], [-121.861636084844, 37.3720729508533], [-121.862571085527, 37.3714229507726], [-121.862957085317, 37.3711569500403], [-121.863051085028, 37.3710919507056], [-121.863264085463, 37.3709449500696], [-121.86332208519, 37.3708859502674], [-121.863417085624, 37.3708069501573], [-121.863574085085, 37.3707039503315], [-121.864565085845, 37.3700609505095], [-121.864807085694, 37.3699039501001], [-121.864895085558, 37.3698459503977], [-121.865101085422, 37.369708950098], [-121.865209085377, 37.3696379504071], [-121.865231085118, 37.3696239503595], [-121.865715085715, 37.3692939497062], [-121.865920085755, 37.3691559503265], [-121.866057086022, 37.3690619501692], [-121.866468085926, 37.3687819501419], [-121.866606086018, 37.3686889497359], [-121.866764085304, 37.3685799499577], [-121.867240085505, 37.3682539498989], [-121.867399085513, 37.3681459497159], [-121.867508085293, 37.368070949775], [-121.86783708608, 37.3678479499649], [-121.867947085684, 37.3677739499582], [-121.86819908558, 37.3676039495701], [-121.868257086204, 37.3675659499346], [-121.86895408544, 37.3670899494132], [-121.869016086262, 37.367048949506], [-121.869209085708, 37.3669229496336], [-121.869242086218, 37.3668999497418], [-121.869344085427, 37.3668349495746], [-121.869378085762, 37.3668129499007], [-121.869569085558, 37.3666719495009], [-121.869865085834, 37.3664779492012], [-121.870420085678, 37.3661179492225], [-121.870710086106, 37.3659339493438], [-121.871042086367, 37.365730949086], [-121.871238086186, 37.3656119495413], [-121.871364085684, 37.3655309490652], [-121.871757086044, 37.3652809495389], [-121.871861085802, 37.3652099492274], [-121.872150086405, 37.365019949079], [-121.8724020863, 37.3648559490751], [-121.87251108608, 37.3647879491774], [-121.872648086347, 37.3646959490916], [-121.87301308622, 37.3644439490861], [-121.873298085727, 37.3642479488934], [-121.873315086344, 37.3642359491127], [-121.873367086223, 37.3642009493248], [-121.873385085766, 37.3641899491025], [-121.87361308627, 37.3640369489589], [-121.873985085815, 37.3637899488805], [-121.874038086417, 37.3637459491686], [-121.874293086685, 37.3635749486477], [-121.874522086116, 37.3634229489682], [-121.874666086056, 37.3633249490304], [-121.874735086551, 37.3632799487537], [-121.874844086331, 37.3632079491118], [-121.875383086281, 37.3628659487983], [-121.875448086579, 37.362825949023], [-121.875593086344, 37.3627199487659], [-121.875992086552, 37.3624509483976], [-121.876267086013, 37.3622669488086], [-121.876567086487, 37.3620589485127], [-121.876768086329, 37.3618909486491], [-121.876839086474, 37.3618199487], [-121.876978086391, 37.3616659484085], [-121.877086086346, 37.3615259486482], [-121.8773160865, 37.3612529484357], [-121.877344086089, 37.3612199486095], [-121.876565085939, 37.3609949484991], [-121.876439086441, 37.360947948321], [-121.875553086161, 37.3606299484242], [-121.874344085841, 37.3601399484961], [-121.8738420857, 37.3599179483003], [-121.873545085599, 37.3597949488933], [-121.872394085904, 37.3592139484759], [-121.871661084887, 37.3587689487374], [-121.871468085441, 37.3586519488559], [-121.871409084992, 37.3586159489655], [-121.870670085025, 37.3581489484655], [-121.869310085092, 37.3570969489223], [-121.868868084328, 37.3567329488341], [-121.867279084066, 37.3553259489216], [-121.867015084475, 37.3550749485574], [-121.866496083718, 37.3546169489729], [-121.866074083944, 37.354244948554], [-121.865656083469, 37.353875948972], [-121.865004083541, 37.3533009488446], [-121.864063083908, 37.3524829487399], [-121.863315082822, 37.3518139490268], [-121.862222082853, 37.3507039490284], [-121.862031083057, 37.3505089484049], [-121.861778082439, 37.3502449487313], [-121.861577082597, 37.3500429486355], [-121.861814082424, 37.349936948891], [-121.861862083003, 37.3499129483217], [-121.861741082629, 37.3497669487996], [-121.861470082467, 37.3498959488957], [-121.861415083114, 37.3498309489968], [-121.861099082747, 37.3494439484224], [-121.860865082395, 37.3491669487608], [-121.860238082581, 37.3484569487096], [-121.859517082158, 37.3476749488251], [-121.858914081735, 37.3469649489474], [-121.858426081838, 37.3464509488315], [-121.858149081829, 37.3461719485138], [-121.857350081588, 37.3453339486648], [-121.857296082059, 37.3452779488904], [-121.856638081385, 37.3446069488803], [-121.854815080772, 37.3427239487139], [-121.854444081051, 37.3423419486439], [-121.854670081007, 37.3422019485505], [-121.85440008067, 37.3419279481837], [-121.852895080074, 37.3404069485098], [-121.852201080313, 37.3398139486156], [-121.85210008003, 37.339681948662], [-121.852118080472, 37.3396709484174], [-121.85227007991, 37.339577948362], [-121.852547079919, 37.3394209484605], [-121.853291079909, 37.3389989483996], [-121.855041080727, 37.337904948303], [-121.855277080729, 37.3377589482874], [-121.857384081024, 37.3364879475858], [-121.857990080922, 37.336126947387], [-121.858889080722, 37.3355919477755], [-121.861274080852, 37.3341499471337], [-121.862034080735, 37.3336919470429], [-121.862642081181, 37.3332969470425], [-121.864057081365, 37.3323779472697], [-121.864758081697, 37.331923947072], [-121.865026081486, 37.3317579469062], [-121.865147080961, 37.3316829470337], [-121.865343081678, 37.3315619470816], [-121.86705408124, 37.3305079463994], [-121.86822608175, 37.3297999464121], [-121.868273081606, 37.3296649466409], [-121.868274081431, 37.3295179462966], [-121.868775081746, 37.329262946679], [-121.869379081994, 37.3290089462303], [-121.87003908142, 37.3287469460489], [-121.870596081812, 37.328547946105], [-121.871116081495, 37.3284189464807], [-121.871171081747, 37.3285109460249], [-121.871221081976, 37.3285989460116], [-121.871229081473, 37.3286119458142], [-121.871794082261, 37.3284529457663], [-121.871912082262, 37.328427946146], [-121.871760081926, 37.3282249458922], [-121.871885081599, 37.3281969460605], [-121.873550082029, 37.3279689461239], [-121.875652082302, 37.3277129454833], [-121.875819082706, 37.3279389460995], [-121.875847082295, 37.3279769457951], [-121.876984082645, 37.327891945942], [-121.878388082959, 37.3277859456461], [-121.879594082906, 37.3276319455426], [-121.880752083173, 37.3273659453348], [-121.88099608357, 37.3272789453902], [-121.881082082886, 37.3272489450903], [-121.88157208333, 37.3270769449494], [-121.881898083744, 37.3269619450925], [-121.882185083799, 37.3268239450318], [-121.882705083482, 37.3265759453107], [-121.88324108306, 37.3263199449243], [-121.883663083732, 37.3261139451855], [-121.884294083744, 37.3258069450297], [-121.885054083627, 37.3255339449404], [-121.88588608348, 37.3252609445736], [-121.886811084118, 37.325069944664], [-121.887162083748, 37.3249979448078], [-121.887705083896, 37.3248859448942], [-121.887850083661, 37.3248559443532], [-121.888089084036, 37.3248059448537], [-121.888949084376, 37.3246299444649], [-121.890274084149, 37.3243689441116], [-121.89053408444, 37.3243179441912], [-121.890802084228, 37.3242659441387], [-121.891267084559, 37.3241719441998], [-121.891483084469, 37.3241289442265], [-121.891851084715, 37.3240559440827], [-121.892036084663, 37.3240189439337], [-121.892189084824, 37.3239889444753], [-121.892259084246, 37.3239749444859], [-121.892306085, 37.3239659442872], [-121.892471084856, 37.3239319443999], [-121.892933084813, 37.3238529441612], [-121.893576084521, 37.3237279440388], [-121.894055085095, 37.323653944114], [-121.89576708538, 37.3233739440097], [-121.897047084947, 37.3229839439118], [-121.897356085642, 37.3228549440219], [-121.897967085562, 37.3226139434682], [-121.898382085664, 37.3224089436932], [-121.898211085061, 37.3222089439836], [-121.898092085236, 37.3220569434197], [-121.897858084884, 37.3216439434462], [-121.897840085341, 37.3216019435882], [-121.897777084693, 37.3214559433207], [-121.897685084632, 37.3211879438334], [-121.897638084776, 37.3210489437443], [-121.897618084684, 37.3209589439195], [-121.897608084639, 37.3208759435569], [-121.897600085141, 37.3208089432575], [-121.89758908527, 37.3206319433631], [-121.897595085118, 37.3203499438446], [-121.897597084768, 37.3202799433391], [-121.897603084616, 37.3201749438875], [-121.897618084684, 37.3199119434672], [-121.89766508454, 37.31912394328], [-121.897681084434, 37.3188619436379], [-121.896791084854, 37.3185469431862], [-121.896647084914, 37.3184969437755], [-121.896031084073, 37.3183369435805], [-121.895391084738, 37.3182449437249], [-121.895106084333, 37.3182049437525], [-121.89399908412, 37.3181649437589], [-121.893056083939, 37.3181319435695], [-121.893049084266, 37.3182409437286], [-121.893047083718, 37.3182919434865], [-121.893029084175, 37.3185709437774], [-121.893022084502, 37.3186809434717], [-121.892814084089, 37.3186729435253], [-121.892189083925, 37.3186509440256], [-121.891982084236, 37.318643943534], [-121.89179508374, 37.3186369437562], [-121.891730083443, 37.3186339439532], [-121.890975083582, 37.3186029436011], [-121.890724083512, 37.3185929440149], [-121.890729083535, 37.3184729438752], [-121.890747083977, 37.318124943744], [-121.890747083977, 37.3181139439147], [-121.890748083802, 37.318083943528], [-121.89075408365, 37.3179949439057], [-121.890609083885, 37.3179609441747], [-121.890175083516, 37.3178589441749], [-121.890031083576, 37.3178259438512], [-121.889970083477, 37.317800943553], [-121.889873083393, 37.3177619442429], [-121.889789083727, 37.3177289438765], [-121.889729083453, 37.3177049437309], [-121.889587083162, 37.3173439440096], [-121.889262083472, 37.3166909437939], [-121.889021083448, 37.3162799440324], [-121.888786083271, 37.3159529438373], [-121.888216083359, 37.3152479438206], [-121.886160082219, 37.3131509435265], [-121.886003082758, 37.3129699438973], [-121.885793082696, 37.3127269440098], [-121.885200082319, 37.3120179434182], [-121.88475708173, 37.3114869439671], [-121.883562081653, 37.3100329438291], [-121.883486081485, 37.3099309437889], [-121.883358081439, 37.309981943469], [-121.882369081227, 37.3087539439549], [-121.881622080864, 37.30777094386], [-121.880030081128, 37.3057569436478], [-121.878690080388, 37.304017943742], [-121.878671080121, 37.3040749431992], [-121.878659080426, 37.3041349437094], [-121.878644080357, 37.3042059431794], [-121.878625080091, 37.3043469436994], [-121.878313079921, 37.3039319435767], [-121.877426079816, 37.3027639433246], [-121.876713079789, 37.3018789437507], [-121.876822079569, 37.3017779437645], [-121.87687707982, 37.301715943437], [-121.876956079463, 37.301609943381], [-121.877006079692, 37.3015219432346], [-121.877063079593, 37.3014069435782], [-121.877112079997, 37.3012979433065], [-121.877170079723, 37.3011129435328], [-121.877209080081, 37.3009569436984], [-121.877230079998, 37.300835943581], [-121.877240080044, 37.3006809435833], [-121.877238079495, 37.300503943458], [-121.877232079648, 37.3004549431801], [-121.877225079975, 37.300331943567], [-121.877199080036, 37.3000959429268], [-121.877159079853, 37.2998409435253], [-121.877120079495, 37.2996269435593], [-121.877017079562, 37.2986119430314], [-121.877005078969, 37.2984949430469], [-121.876993079273, 37.2983739432563], [-121.876957079288, 37.2981489427973], [-121.87694007957, 37.2980339429857], [-121.876921079303, 37.2979139429016], [-121.876906079234, 37.2978129433077], [-121.876871079074, 37.2975529431915], [-121.876856079006, 37.2974329430546], [-121.876841078937, 37.2973219432578], [-121.876813079348, 37.2971039428646], [-121.876800078929, 37.2969899433449], [-121.876788079234, 37.2968799433562], [-121.876782079386, 37.2968259426923], [-121.876764078944, 37.2966669432912], [-121.876759078921, 37.2966149426905], [-121.876685079301, 37.2955209429659], [-121.876670079233, 37.2952469431655], [-121.876677078906, 37.2947319431844], [-121.876755078723, 37.2942849427337], [-121.876827078693, 37.294010942719], [-121.876828078518, 37.294001942506], [-121.876871079074, 37.293734942843], [-121.876935078648, 37.293473942417], [-121.877028078535, 37.2931879426082], [-121.877040079129, 37.2931569424836], [-121.877113078924, 37.29298394243], [-121.877163079152, 37.2928929427956], [-121.877237078772, 37.2927579424835], [-121.877311078392, 37.2926229426438], [-121.877318078963, 37.2926119426567], [-121.87735007875, 37.2925559428927], [-121.877430079116, 37.2924159429431], [-121.877615079064, 37.292097942314], [-121.877684078661, 37.2920039428865], [-121.877767078502, 37.2918929422252], [-121.877781078745, 37.2918749427206], [-121.877848078692, 37.2917919424084], [-121.878028078618, 37.2916049424886], [-121.87807007845, 37.2915599428321], [-121.878189079174, 37.2914339427933], [-121.878729078949, 37.2909079422011], [-121.87888607841, 37.2907659423864], [-121.878998078563, 37.2906739423835], [-121.879258078854, 37.290464942658], [-121.879334079022, 37.2904089420106], [-121.879608078658, 37.2902079423809], [-121.879694078872, 37.2901449419704], [-121.880432079014, 37.2896139424383], [-121.88077807862, 37.2893599423694], [-121.880797078887, 37.2893469422105], [-121.880972078789, 37.2892449419858], [-121.881145079041, 37.2891619423456], [-121.881172078806, 37.2891509418525], [-121.881287079332, 37.2890609417213], [-121.881578078687, 37.2888469418186], [-121.881601079151, 37.2888449421106], [-121.88165107938, 37.2888409419796], [-121.881713079304, 37.2888419418337], [-121.881772078855, 37.2888479416727], [-121.881841079351, 37.2888629423401], [-121.882398078844, 37.2885509415647], [-121.882629078823, 37.2884049421502], [-121.882746078999, 37.2883199418613], [-121.882907079556, 37.2881909418112], [-121.883079079085, 37.2880329418917], [-121.883177078994, 37.2879309420298], [-121.883324079307, 37.287757942109], [-121.883476078745, 37.2875499420165], [-121.88354507924, 37.2874359415982], [-121.883591079271, 37.2873429419377], [-121.883631079454, 37.2872599416288], [-121.883720079142, 37.2870389417461], [-121.883788078914, 37.286827941453], [-121.88383107947, 37.286642941827], [-121.88385707941, 37.2864539414882], [-121.88387007893, 37.2862539419024], [-121.88386807928, 37.2860679416889], [-121.883850078839, 37.2858819417305], [-121.883839078968, 37.2858179413772], [-121.883779078693, 37.2855629414614], [-121.883738078686, 37.2854429414963], [-121.883990078581, 37.2853359414793], [-121.883935079227, 37.285304941693], [-121.883832079295, 37.2852309418289], [-121.883774078671, 37.2851779412827], [-121.88373907851, 37.2851459415283], [-121.883664079066, 37.2850589413229], [-121.883568078806, 37.2849189417177], [-121.883388078881, 37.2846729415151], [-121.88329407917, 37.2845359416405], [-121.883143078659, 37.284315941534], [-121.882977078977, 37.2840279413841], [-121.882481078685, 37.283165941328], [-121.882316078828, 37.2828789417137], [-121.881973078697, 37.2830039411374], [-121.881885078833, 37.2828299413913], [-121.881784078551, 37.2825379415213], [-121.881778078703, 37.282516941394], [-121.881733078497, 37.282360941592], [-121.881672078398, 37.2820799414307], [-121.881615078496, 37.28182094121], [-121.881563078618, 37.2816219414119], [-121.881471078556, 37.2813349416277], [-121.881325078068, 37.280985941205], [-121.881216078288, 37.2807989415906], [-121.881099078112, 37.2805269409971], [-121.880255077665, 37.2786869415239], [-121.880000077397, 37.2781299412918], [-121.880052077276, 37.2780109409093], [-121.879693077251, 37.2781039413805], [-121.87957507725, 37.2781349412737], [-121.878618077723, 37.2783849413758], [-121.878482077281, 37.2784209411162], [-121.878262077173, 37.2784869413104], [-121.877859077665, 37.2785009411925], [-121.877384077289, 37.2785179417607], [-121.877274077684, 37.2785259416904], [-121.877115076777, 37.278523941708], [-121.876922077331, 37.2785049411584], [-121.876805077155, 37.2784869413104], [-121.876736077558, 37.2784729414257], [-121.876710076721, 37.2784659414823], [-121.876541076666, 37.2784209411162], [-121.876433076711, 37.2783819413966], [-121.876343077198, 37.2783489416181], [-121.875714076836, 37.2780919414183], [-121.875557076477, 37.2780419415557], [-121.875475076462, 37.2780209416034], [-121.875318077001, 37.27798594167], [-121.875150076772, 37.2779629417049], [-121.87498807639, 37.2779519417191], [-121.874791076746, 37.2779549417154], [-121.874580076859, 37.2779769416845], [-121.874486077148, 37.2779819416766], [-121.874399077109, 37.2779969416508], [-121.873860076261, 37.2781299412918], [-121.873664076442, 37.2781759418277], [-121.873464076425, 37.2782069416913], [-121.873270076257, 37.2782219416207], [-121.873076076986, 37.2782219416207], [-121.872882076817, 37.2782079416867], [-121.872686076101, 37.2781789418151], [-121.872585076717, 37.2781559419089], [-121.872507076899, 37.2781379419775], [-121.872325076426, 37.2780819414485], [-121.872119076561, 37.2779969416508], [-121.871925076393, 37.277894941767], [-121.871804076019, 37.2778189417636], [-121.871653076406, 37.2779569417128], [-121.871532076032, 37.2780659414939], [-121.87139207629, 37.2781579419011], [-121.871374076747, 37.2781689418567], [-121.871263076419, 37.2782229416159], [-121.871116076105, 37.2782749420622], [-121.87014407651, 37.2785049418732], [-121.86994307577, 37.2785509421799], [-121.869627076301, 37.2786259421691], [-121.868739076372, 37.2788359418843], [-121.868375076323, 37.2789229421358], [-121.868213075942, 37.2789609423045], [-121.867729076243, 37.2790779419322], [-121.867568075686, 37.279116942006], [-121.867208075836, 37.2792079418613], [-121.867038075957, 37.2792499425271], [-121.86544807587, 37.279646942013], [-121.865353075436, 37.2796709421543], [-121.865157075617, 37.2797169424632], [-121.864988075563, 37.2797569421806], [-121.864917075418, 37.2797739424651], [-121.864830075379, 37.2797939426687], [-121.864762075607, 37.279809942256], [-121.864540074951, 37.2792769427385], [-121.864048074856, 37.2780959421207], [-121.863775075045, 37.2775879419973], [-121.863547074541, 37.2769599421094], [-121.863416075019, 37.2765359422773], [-121.863277075102, 37.2760309424209], [-121.863196074911, 37.2756309423595], [-121.863000074195, 37.274669942076], [-121.862952074514, 37.2744549419495], [-121.86274607465, 37.2744419420752], [-121.860839074371, 37.2743259424367], [-121.860314073766, 37.2743259424367], [-121.860030074084, 37.2744239419704], [-121.859900074387, 37.2744239419704], [-121.859491074133, 37.2744269421073], [-121.859111074192, 37.2744309422897], [-121.858879074388, 37.2744429421206], [-121.858069074276, 37.2744649424013], [-121.857875074108, 37.2744669424915], [-121.857604073946, 37.2744699426267], [-121.857394073884, 37.2744759421818], [-121.857337073982, 37.2744759421818], [-121.857317073891, 37.2744759421818], [-121.857257073616, 37.2744759421818], [-121.85723807335, 37.2744759421818], [-121.857037073508, 37.2744789423166], [-121.856503073581, 37.2744879427203], [-121.856436073634, 37.2744889427652], [-121.856236073617, 37.2744959423635], [-121.856043073273, 37.2745009425868], [-121.855983073897, 37.274502942676], [-121.85546407314, 37.274513942451], [-121.85527207352, 37.2745189426731], [-121.855148073671, 37.2745209427619], [-121.855015073602, 37.2745249429392], [-121.8547790736, 37.2745239428949], [-121.854656073576, 37.2745239428949], [-121.854160073284, 37.2745299424457], [-121.852674072954, 37.274551942701], [-121.852179073385, 37.2745599430522], [-121.85207507273, 37.274560943096], [-121.852019072653, 37.274560943096], [-121.851542072627, 37.2745669426439], [-121.851383072618, 37.2745699427752], [-121.851077073195, 37.2745729429062], [-121.850800073186, 37.2745769430808], [-121.850159073128, 37.274578943168], [-121.849853072806, 37.2745809432551], [-121.8496900726, 37.274578943168], [-121.848930072716, 37.2745929430621], [-121.848642072836, 37.2745989433223], [-121.847867071986, 37.2746249430146], [-121.847385071937, 37.2746349434438], [-121.846990071927, 37.2746499433702], [-121.846757072299, 37.2746689434632], [-121.846469072419, 37.2747029434674], [-121.84616807212, 37.2747449430728], [-121.846132072135, 37.2747509433209], [-121.845904071631, 37.2747939436551], [-121.845667071804, 37.274853943216], [-121.845274072342, 37.2749709435089], [-121.845155071618, 37.2750099435661], [-121.844820071883, 37.2751489436973], [-121.844554071744, 37.2752729437726], [-121.844512071911, 37.2752929437425], [-121.844313071719, 37.275398943709], [-121.844083071566, 37.2755329436824], [-121.842569071647, 37.2765149440493], [-121.842195071553, 37.2767589437258], [-121.841910072046, 37.276932943926], [-121.841763071733, 37.2770379437167], [-121.841459071959, 37.2772359441897], [-121.840946071948, 37.2775709440783], [-121.840254071837, 37.2780389437072], [-121.840101071676, 37.2781369441256], [-121.839859071827, 37.2782929441052], [-121.839644071742, 37.2784309439002], [-121.839233071838, 37.2786949442948], [-121.838002071777, 37.2794889441681], [-121.837855071464, 37.2795849441739], [-121.837803071585, 37.2796129442419], [-121.83759007115, 37.2797509444759], [-121.837521071553, 37.2797949440726], [-121.837367071567, 37.2798949442949], [-121.837315071689, 37.2799279441104], [-121.837247071018, 37.2799729442903], [-121.837161071703, 37.280027944156], [-121.836708071068, 37.2795849441739], [-121.836462071021, 37.2793449442871], [-121.836399071271, 37.2792829440549], [-121.836168071293, 37.2790569444134], [-121.836074070683, 37.2789649443903], [-121.835646071061, 37.2785469443609], [-121.835066071103, 37.2779809445374], [-121.835253070701, 37.2778279446272], [-121.834202070564, 37.2768659445005], [-121.833841069991, 37.2764959444222], [-121.833625070081, 37.27627394436], [-121.832188070155, 37.2748299443981], [-121.83180506984, 37.2744759443263], [-121.831186069524, 37.2738939445034], [-121.83101506982, 37.2740389441408], [-121.829533069688, 37.2753439447498], [-121.828051069557, 37.2746659447656], [-121.827225069551, 37.2746219443153], [-121.826848069085, 37.2745299445903], [-121.826205069377, 37.2743609447868], [-121.825205068396, 37.2740869444177], [-121.823647068097, 37.2735219447137], [-121.822787068654, 37.2732069444863], [-121.8226220679, 37.2731469450424], [-121.82248706818, 37.2730719445981], [-121.822432067929, 37.2730749447889], [-121.822311068453, 37.2730479444973], [-121.822205068148, 37.2730149445249], [-121.822137068376, 37.2729939446], [-121.822117068285, 37.2733199449532], [-121.822130068703, 37.2734749448496], [-121.822166068688, 37.2739519446778], [-121.822143068224, 37.2752519451923], [-121.82215306827, 37.2756139454283], [-121.822154068993, 37.2757159448289], [-121.822172068536, 37.2766029448558], [-121.822179069107, 37.2770629454153], [-121.822364069055, 37.2772389449293], [-121.822412068736, 37.2772319448712], [-121.822481068333, 37.2772769452333], [-121.822699068791, 37.277356945096], [-121.822783068456, 37.2773829452653], [-121.823191068885, 37.2775169452809], [-121.823252068985, 37.2775359453652], [-121.823287069145, 37.277654945069], [-121.823303069038, 37.2778119453335], [-121.823308069061, 37.2780279451621], [-121.823313069084, 37.2780849450135], [-121.823318069107, 37.2783179453869], [-121.823322069305, 37.2785039454557], [-121.823329068978, 37.2786149451394], [-121.823335068825, 37.2787009449427], [-121.823366068788, 37.2788889454673], [-121.823390069077, 37.2790279455837], [-121.823401068948, 37.2791849451286], [-121.823402068773, 37.279453945632], [-121.823403069496, 37.2795969453276], [-121.823408069519, 37.2797849450438], [-121.823426069062, 37.2803489456634], [-121.82343206891, 37.28053794561], [-121.823444069504, 37.2809079451184], [-121.823460069397, 37.2814009456996], [-121.823472069093, 37.2817729458648], [-121.823478069839, 37.28202094543], [-121.82348906971, 37.2823929453897], [-121.823346069594, 37.2823909455102], [-121.823242069837, 37.2823909455102], [-121.822920069622, 37.2823759456968], [-121.822778069332, 37.2823699453418], [-121.822699069689, 37.2823659455813], [-121.822587069536, 37.2823609458805], [-121.822462068964, 37.2823659455813], [-121.822383069322, 37.2823699453418], [-121.822300069481, 37.2823829459913], [-121.822118069008, 37.282421945782], [-121.822054069434, 37.2824359456469], [-121.821973069243, 37.282455945858], [-121.821838069524, 37.2824739454715], [-121.821795068968, 37.2824749454102], [-121.821697069058, 37.2824789458796], [-121.821258069565, 37.2824599456136], [-121.82108006929, 37.282452946041], [-121.820924068756, 37.2824429459358], [-121.820713068869, 37.2824309459508], [-121.820562069256, 37.2823969458635], [-121.820464069347, 37.2823659455813], [-121.820316069209, 37.2823199454619], [-121.820214069102, 37.2822849460981], [-121.819996068644, 37.2822479461198], [-121.819896069085, 37.2822369460455], [-121.819790068779, 37.2822269459115], [-121.819684068474, 37.2822239460855], [-121.819642068641, 37.2822239460855], [-121.819366068457, 37.2822119460655], [-121.819261068875, 37.2822079455819], [-121.819261068875, 37.2822809456183], [-121.819261068875, 37.2823829459913], [-121.8192620687, 37.2824919457955], [-121.819263068525, 37.2825029458326], [-121.819270069096, 37.2825769462349], [-121.818763068932, 37.2825769462349], [-121.818727068947, 37.2825389457476], [-121.817649069047, 37.2824939456724], [-121.81741606852, 37.2824839462874], [-121.816453068247, 37.2824439458749], [-121.815537068729, 37.2824049460956], [-121.815172067957, 37.2823749464715], [-121.815078068246, 37.2823989464577], [-121.815003067903, 37.2824229464361], [-121.814537067747, 37.2823869464656], [-121.81442406777, 37.2823799461715], [-121.81420606821, 37.2823629464756], [-121.814192067966, 37.2823629464756], [-121.814047068201, 37.2821299464733], [-121.81386106753, 37.2819039460885], [-121.813810068375, 37.2818179463711], [-121.813655067666, 37.2814579458557], [-121.813614067658, 37.2813079464431], [-121.813599067589, 37.281254945993], [-121.813572067825, 37.2811549461482], [-121.813494068007, 37.2808689459727], [-121.81340506742, 37.2805919458138], [-121.813267067328, 37.2803279463548], [-121.813212067975, 37.2801859458729], [-121.813095067799, 37.2799599460837], [-121.81300806776, 37.2798229462068], [-121.812820067439, 37.2795259462175], [-121.812765067188, 37.2794109458154], [-121.812655067583, 37.2792179459702], [-121.812587067811, 37.2790649457153], [-121.812552067651, 37.2789769463576], [-121.812435067475, 37.2788449460558], [-121.812263067047, 37.2787189461691], [-121.812105067762, 37.2786469462413], [-121.811768067478, 37.2785759462351], [-121.811377067666, 37.2785209460232], [-121.810992066803, 37.278448945906], [-121.810496067409, 37.278393946316], [-121.810180067041, 37.2784089462082], [-121.810146066706, 37.2784109461935], [-121.809561066725, 37.2784929462637], [-121.808886067231, 37.278473946421], [-121.808900066576, 37.2782559464532], [-121.80720106671, 37.2781839460825], [-121.806868066624, 37.2780119466257], [-121.806477066811, 37.2778169460513], [-121.806346066392, 37.2777599467118], [-121.806114066588, 37.2776599465121], [-121.805928065917, 37.2775889462897], [-121.805677065847, 37.2774959466119], [-121.805535066455, 37.2774619464396], [-121.805582066311, 37.2775459461224], [-121.805972066298, 37.2781319462882], [-121.806454066347, 37.2788759463587], [-121.806539066736, 37.2790069466213], [-121.806977066404, 37.2797259465293], [-121.807504066658, 37.2805789462845], [-121.808160066784, 37.2815369463267], [-121.808316067318, 37.2818009465483], [-121.808425067098, 37.281792946252], [-121.808498066893, 37.2817859466174], [-121.808595066978, 37.2817789462674], [-121.808677066993, 37.2819239464409], [-121.808930067612, 37.2823689468312], [-121.809167067438, 37.283013946886], [-121.809371067653, 37.2836989468975], [-121.809489067653, 37.2842509463663], [-121.809540067707, 37.2847339466899], [-121.809542067357, 37.2852489464966], [-121.809392067569, 37.2852489464966], [-121.809306067355, 37.2852489464966], [-121.809278067766, 37.2852489464966], [-121.809304067705, 37.2858489466698], [-121.809312068101, 37.2860459469437], [-121.809579068065, 37.2860379470986], [-121.809795067975, 37.2896669470068], [-121.809810068044, 37.2899189470745], [-121.809826067937, 37.2900539474782], [-121.809842068729, 37.290317947123], [-121.809857067899, 37.2905789470632], [-121.809868068668, 37.2907739474462], [-121.810029068327, 37.2936509476512], [-121.810053068616, 37.293870947621], [-121.810157068373, 37.2945169474846], [-121.810173069165, 37.2946729478127], [-121.809932069141, 37.294825947779], [-121.80968506837, 37.2949889473026], [-121.808577068333, 37.2956709476345], [-121.808482068796, 37.2957229474586], [-121.808165068604, 37.2958539476941], [-121.808075069091, 37.2959039478712], [-121.807958068915, 37.295970947499], [-121.807816068624, 37.2960699479062], [-121.807769068769, 37.2961039475324], [-121.807734068609, 37.2961319478857], [-121.807638068349, 37.2962069482189], [-121.807583068996, 37.2962519479542], [-121.807363068888, 37.2964469479253], [-121.807273068476, 37.2965289476375], [-121.807147068978, 37.2966359481733], [-121.806769068686, 37.2969579478994], [-121.806644068114, 37.2970659482844], [-121.806521068989, 37.297171948313], [-121.806161068241, 37.2974839483528], [-121.806152068918, 37.2974899482172], [-121.806024068872, 37.2975889480546], [-121.805889068254, 37.2976919481368], [-121.805824068855, 37.2977429482571], [-121.805490068046, 37.2980099479864], [-121.8053580687, 37.2981169485594], [-121.805301068798, 37.2981609481364], [-121.805130068196, 37.2982939485853], [-121.805089068188, 37.2983269481928], [-121.805073068294, 37.2983389485013], [-121.804963068689, 37.2984189481266], [-121.80486706843, 37.2984899479907], [-121.804632068253, 37.2986539485883], [-121.804522068648, 37.2987329481559], [-121.80432806848, 37.2988729484976], [-121.804192068037, 37.2989729483778], [-121.803745068149, 37.2992889483833], [-121.803668068156, 37.2993449481373], [-121.803550068155, 37.2994269482632], [-121.803388068671, 37.2995139482904], [-121.803294068062, 37.2995659483161], [-121.803193068678, 37.2996129483221], [-121.803043067992, 37.2996709486843], [-121.802890068729, 37.2997229486015], [-121.802704068058, 37.2997759481914], [-121.802654067829, 37.2997899484004], [-121.80251706846, 37.2998189485189], [-121.802456068361, 37.2998319482974], [-121.802168068481, 37.2998769487223], [-121.802000068251, 37.2998899484907], [-121.801947068548, 37.2998909489126], [-121.801770068097, 37.2998979482921], [-121.801756067854, 37.299896948585], [-121.801574068279, 37.2998789488517], [-121.801383068483, 37.2998609483996], [-121.801191067964, 37.2998289484586], [-121.801034067605, 37.2997889486919], [-121.800935067871, 37.2997649485358], [-121.800858067878, 37.2997429485051], [-121.800797067779, 37.2997219488919], [-121.800742067527, 37.2997029486926], [-121.800670067557, 37.299678948509], [-121.800616068029, 37.2996559487428], [-121.800557067579, 37.2996309488335], [-121.800447067975, 37.2995839488388], [-121.800434067556, 37.2995789488528], [-121.800196067904, 37.299449948814], [-121.800137067455, 37.2994109485594], [-121.800038067721, 37.2993469489954], [-121.799904067826, 37.2992509484755], [-121.799502067245, 37.2989629490389], [-121.799368067351, 37.2988669487435], [-121.799072067973, 37.2986549490266], [-121.798670067392, 37.2983659490096], [-121.798453067657, 37.2982299487855], [-121.798291067275, 37.2981439484328], [-121.798149066985, 37.2980799485054], [-121.798112067175, 37.298063948515], [-121.797956067539, 37.2980069487896], [-121.797808067401, 37.2979589487617], [-121.797608067385, 37.2979079487879], [-121.797569067027, 37.2978999487748], [-121.79744106698, 37.2978749489965], [-121.797220067047, 37.2978439486596], [-121.797050067168, 37.2978299488029], [-121.796837066733, 37.2978269488844], [-121.796804067121, 37.2978269488844], [-121.796592067409, 37.2978409487416], [-121.796419067156, 37.2978539488619], [-121.796330067468, 37.2978609491456], [-121.79598106659, 37.2978659485312], [-121.795899066574, 37.2978609491456], [-121.795727067045, 37.2978519486787], [-121.795620066915, 37.2978399490071], [-121.795524066656, 37.2978249487004], [-121.795402067355, 37.2978069491859], [-121.79505606685, 37.2977259491737], [-121.794928066804, 37.297684948552], [-121.794734066635, 37.297622949138], [-121.79455606636, 37.2975539486467], [-121.794130066388, 37.2974029487074], [-121.793421066558, 37.2971509486968], [-121.792828066181, 37.2969399488921], [-121.792443066217, 37.2968229491652], [-121.792305066124, 37.2967879486863], [-121.791683066333, 37.2966329489218], [-121.791468066248, 37.296579949261], [-121.791258066186, 37.2965119489943], [-121.791090065957, 37.2964449491338], [-121.790947065841, 37.2963779492136], [-121.790908066382, 37.2963569493757], [-121.790724066259, 37.2962559491204], [-121.790572065923, 37.296155949201], [-121.789606066175, 37.2954099489232], [-121.789469065908, 37.2953189493649], [-121.789221065312, 37.2951779490702], [-121.789047065235, 37.2950979488564], [-121.788877065356, 37.2950339491958], [-121.788841065371, 37.2950229488467], [-121.788563065536, 37.294940948922], [-121.788384065436, 37.2948999489262], [-121.788172065724, 37.2948679490184], [-121.788037065107, 37.2948559488709], [-121.787920065829, 37.2948529488337], [-121.787786065036, 37.294849949511], [-121.787572065675, 37.294858948908], [-121.787555065058, 37.2948599493967], [-121.787457065149, 37.2948699492811], [-121.787321065604, 37.2948849494625], [-121.787231065193, 37.2948999489262], [-121.787095065649, 37.2949239492054], [-121.786879065739, 37.2949749490585], [-121.786672065151, 37.2950379489975], [-121.786571064869, 37.2950759496045], [-121.786503065097, 37.2951029491402], [-121.78636206553, 37.2951669494568], [-121.786320065697, 37.2951859493727], [-121.786118065132, 37.295296949463], [-121.78608906482, 37.2953149495781], [-121.785969065169, 37.2953939490795], [-121.785806064963, 37.2955179493869], [-121.785348065203, 37.2958819495697], [-121.785105065529, 37.2960759493127], [-121.785200065065, 37.2961539496872], [-121.785485065471, 37.2963899491184], [-121.785580065007, 37.2964689496347], [-121.78570306503, 37.2965869496633], [-121.785843065671, 37.2967499496588], [-121.786519065888, 37.2976939497535], [-121.786735065798, 37.2980109498625], [-121.786842065929, 37.2981689495509], [-121.787165065969, 37.2986449496454], [-121.787273065924, 37.2988039498675], [-121.787589066291, 37.2992579493438], [-121.787826066118, 37.2995549493443], [-121.787984066302, 37.2997189497634], [-121.788094065906, 37.2998289498878], [-121.788221066128, 37.2999469496474], [-121.788367065718, 37.3000699498902], [-121.788517066404, 37.3001859498652], [-121.788697066329, 37.3003139496545], [-121.788774066322, 37.3003639497252], [-121.788958066445, 37.3004859495867], [-121.789242066127, 37.3006739492787], [-121.790746066898, 37.3016659492671], [-121.791467066423, 37.3021429497736], [-121.791742066783, 37.3022989492918], [-121.792013066945, 37.3024279494458], [-121.792891066829, 37.3027749496873], [-121.793301066907, 37.3029399491827], [-121.794067067537, 37.3030969495705], [-121.794692067701, 37.3035389493796], [-121.795036067657, 37.3036789493497], [-121.795269067286, 37.303771949538], [-121.795540067447, 37.3038809490821], [-121.795656067798, 37.3039229495525], [-121.795817067457, 37.30399494959], [-121.795968067968, 37.3040789496656], [-121.79616706816, 37.304216949331], [-121.796223067338, 37.3042699493267], [-121.796240067954, 37.3042889490869], [-121.796325067445, 37.3043819492353], [-121.796434068123, 37.304531949094], [-121.796496068048, 37.3046159492843], [-121.796547068101, 37.3046869497293], [-121.796700068262, 37.3049029495839], [-121.796752068141, 37.3049749493976], [-121.796794067973, 37.305035949543], [-121.796923067845, 37.3052199493189], [-121.796966068401, 37.3052819496158], [-121.797017068454, 37.3053559497648], [-121.79717306809, 37.3055809493846], [-121.797225067969, 37.3056559495845], [-121.797266067977, 37.3057159495478], [-121.797345068518, 37.3058289497891], [-121.797398068221, 37.3058919492113], [-121.797446067902, 37.3059489493916], [-121.797487067909, 37.3060239492246], [-121.797503067803, 37.3060519494574], [-121.797632068573, 37.3062409491487], [-121.797681068078, 37.3063129491103], [-121.797723067911, 37.3063739495994], [-121.797851067957, 37.3065579496739], [-121.797894068514, 37.3066199495821], [-121.79798506875, 37.3067489494692], [-121.798042068652, 37.3068299497671], [-121.798257068737, 37.3071409494297], [-121.798348068075, 37.3072719497848], [-121.798449068357, 37.3074159498082], [-121.798753068131, 37.3078509491716], [-121.798855068238, 37.3079969494286], [-121.798917068162, 37.3080859494561], [-121.799105068483, 37.3083549495247], [-121.799168069131, 37.3084449494364], [-121.799224068309, 37.3085259493363], [-121.799395068912, 37.3087719494234], [-121.799452068813, 37.3088539492737], [-121.799523068958, 37.3089569496471], [-121.799714068754, 37.3092309495167], [-121.799739068868, 37.3092669495036], [-121.799811068838, 37.309370949607], [-121.79986806874, 37.3094529495184], [-121.800039069342, 37.3096999497219], [-121.800097069069, 37.3097829495648], [-121.800180068909, 37.3099019497133], [-121.800431068979, 37.3102589497433], [-121.800515069543, 37.3103789494208], [-121.800603069407, 37.3105059494424], [-121.800870069371, 37.3108889494856], [-121.800959069059, 37.311016949634], [-121.801047068922, 37.3111459498366], [-121.801151069578, 37.3112969493329], [-121.801255069335, 37.311470949687], [-121.801301069366, 37.311541949375], [-121.801386069755, 37.3116749497372], [-121.801490069512, 37.3118259495999], [-121.801610069162, 37.3119979496371], [-121.801813069552, 37.3122729493982], [-121.801923069157, 37.3124209494379], [-121.802041069157, 37.3124019495891], [-121.802397069708, 37.3123489496095], [-121.802516069534, 37.3123319495407], [-121.802917069392, 37.3122699493413], [-121.802987069712, 37.312259949627], [-121.803194069401, 37.3122329498202], [-121.803393069593, 37.3122189497843], [-121.803549070127, 37.3122179495264], [-121.803784069405, 37.3121959495665], [-121.803892070258, 37.3121779492047], [-121.804243069888, 37.3121149493336], [-121.804404069546, 37.3120759492168], [-121.80452706957, 37.3120479497984], [-121.804729070134, 37.3119959491155], [-121.804869069876, 37.3119689492139], [-121.805035069558, 37.3119409497556], [-121.805185070244, 37.3119169491909], [-121.805255069666, 37.3119059491677], [-121.806135070098, 37.3117699491373], [-121.80645207029, 37.31172194932], [-121.806778069805, 37.3116689495755], [-121.807499070229, 37.3115539490037], [-121.807757069972, 37.3115019494081], [-121.80808207056, 37.3114379494168], [-121.808208070058, 37.311420949142], [-121.808005070567, 37.3130869492258], [-121.808020070636, 37.3138189494662], [-121.808034070879, 37.3144719496258], [-121.808058071169, 37.315536949689], [-121.808127070766, 37.3176439495775], [-121.808130071139, 37.3177259497527], [-121.808207071132, 37.3200839500068], [-121.808207071132, 37.3214179503288], [-121.808293071345, 37.3224279502995], [-121.8084580721, 37.3234519503586], [-121.808572071903, 37.3238319498529], [-121.808804071707, 37.3245969499716], [-121.809078072241, 37.3252479506204], [-121.809709072253, 37.3266009505475], [-121.810214072766, 37.3274469505626], [-121.810673072351, 37.3281229505369], [-121.811076072757, 37.3286549503652], [-121.811713072616, 37.3295269501161], [-121.812836073621, 37.3311329506812], [-121.812872073606, 37.3311839502617], [-121.813665073101, 37.3322919502623], [-121.814117073911, 37.3328609506683], [-121.814262073676, 37.3330669504796], [-121.814123073759, 37.3330959506191], [-121.814265074049, 37.333300950523], [-121.814486073982, 37.3336189504759], [-121.814856073878, 37.3341379503983], [-121.814913073779, 37.3342259509365], [-121.815069074313, 37.3344459507597], [-121.815339073752, 37.3348269503222], [-121.815762074249, 37.3354249507664], [-121.816829074279, 37.3369299510518], [-121.817031074844, 37.33722295109], [-121.817396074717, 37.3377499504541], [-121.817452074793, 37.3378239507803], [-121.817306074305, 37.3378589507258], [-121.817229074312, 37.3378779505669], [-121.817026074821, 37.3379539505976], [-121.816878074683, 37.3380009508883], [-121.816736074393, 37.3380469505212], [-121.816324074664, 37.3381789512057], [-121.815796074585, 37.338350950927], [-121.815248074413, 37.3385239508764], [-121.815091074055, 37.338577950874], [-121.81483507486, 37.3386669511159], [-121.814682074699, 37.3387159507708], [-121.814007074306, 37.3389319514044], [-121.812539074418, 37.3394049515546], [-121.812317073762, 37.339462951214], [-121.811980074377, 37.3395699513547], [-121.811441074426, 37.3397429513531], [-121.811309074182, 37.339793951516], [-121.811048074066, 37.3398819511416], [-121.81089407408, 37.3399349517022], [-121.81046407391, 37.3400679518125], [-121.810377073871, 37.3400929511303], [-121.810259073871, 37.3401309518201], [-121.810112073557, 37.340179951234], [-121.80999907358, 37.3402199516501], [-121.809939074203, 37.3402399514931], [-121.809762073753, 37.3403019514724], [-121.809703074202, 37.3403229511772], [-121.80953907417, 37.3403749515436], [-121.809048073901, 37.3405329514745], [-121.808885073694, 37.3405869514559], [-121.808720073838, 37.3406389516395], [-121.808259073705, 37.3407869515254], [-121.808227073918, 37.3407969517291], [-121.808127073461, 37.3408319517176], [-121.808063073887, 37.3408519513976], [-121.807859073672, 37.3409159520518], [-121.807247073927, 37.3411109518788], [-121.807044073537, 37.3411769520572], [-121.806928073186, 37.3412129517405], [-121.806866073262, 37.3412319521615], [-121.80633107351, 37.3413959516491], [-121.806245073296, 37.3414229516916], [-121.806154073059, 37.341451952176], [-121.806108073029, 37.3414659517656], [-121.80597107366, 37.341508951815], [-121.805926073454, 37.3415239519759], [-121.806033073584, 37.3416489517719], [-121.806057073873, 37.3416769515892], [-121.806365073845, 37.3420169515977], [-121.8064770731, 37.3421399515682], [-121.806073073767, 37.3423469522134], [-121.804861073074, 37.3429679521538], [-121.804457073741, 37.343174951945], [-121.804265073222, 37.3429359519937], [-121.803691073112, 37.3422199524338], [-121.803500073316, 37.3419819521615], [-121.803448073437, 37.3419179524157], [-121.803408073255, 37.3418989521683], [-121.803367073247, 37.3418949520027], [-121.803345072607, 37.341899952031], [-121.803324072691, 37.3419059519217], [-121.802835072969, 37.342156952036], [-121.802666072915, 37.3422449524636], [-121.802516073127, 37.3423199525031], [-121.802069073238, 37.3425489523033], [-121.8019210731, 37.3426259524596], [-121.801758072893, 37.3427089523636], [-121.801273072472, 37.3429609524994], [-121.80124007286, 37.3429929526488], [-121.801234073012, 37.3430089523613], [-121.801233073187, 37.3430599524488], [-121.801250072905, 37.3431119523484], [-121.801258073301, 37.3431229520891], [-121.801127072882, 37.3431859523906], [-121.801106072965, 37.3431989525256], [-121.80092807269, 37.3433229525465], [-121.800735073245, 37.3433889522092], [-121.800653073229, 37.3434249522604], [-121.800499072345, 37.3434959524696], [-121.80046307236, 37.3434519522875], [-121.800439072969, 37.3434309527434], [-121.800405072633, 37.3434229525754], [-121.800373072846, 37.3434269526595], [-121.800030072715, 37.343605952812], [-121.799962072943, 37.3436429525988], [-121.799315073037, 37.3439759527164], [-121.798971072182, 37.3441449525178], [-121.798678072279, 37.3443029523727], [-121.798581072195, 37.3443479526006], [-121.798533072514, 37.3443709529764], [-121.798357072787, 37.3444309527437], [-121.79822007252, 37.3444909524631], [-121.798083072253, 37.3445609525512], [-121.798050072641, 37.3445769526438], [-121.798025072526, 37.3445909530791], [-121.797951072906, 37.3446249529011], [-121.797918072396, 37.34464095298], [-121.797840072578, 37.3445899525379], [-121.797768072608, 37.3445439526276], [-121.797610072425, 37.3444359526031], [-121.797534072257, 37.3443849527359], [-121.797278072164, 37.344611953013], [-121.797184072452, 37.3446769531452], [-121.797057072231, 37.3447419525071], [-121.796652072175, 37.3449529531242], [-121.796552072616, 37.3450259529593], [-121.796480072646, 37.3450879525581], [-121.795993072574, 37.3455459531459], [-121.795924072079, 37.3456159529646], [-121.795854072657, 37.34570695306], [-121.795727072435, 37.3459089526813], [-121.795411072068, 37.346416953407], [-121.79536607276, 37.3464839530086], [-121.795267072128, 37.3465979531739], [-121.795254072607, 37.3466149533466], [-121.794902072255, 37.3469459528335], [-121.79480307252, 37.3470519532302], [-121.794773072383, 37.3470879529536], [-121.794746072619, 37.3471229528665], [-121.794656072207, 37.3472589531894], [-121.794644072512, 37.3472799530913], [-121.794606071979, 37.3473539533108], [-121.794590072085, 37.34738795331], [-121.794562072496, 37.3474679528693], [-121.794543072229, 37.3475419529035], [-121.794533072184, 37.34759395327], [-121.79451907194, 37.3476769533958], [-121.794508072069, 37.3477609532145], [-121.794497072199, 37.3478789534303], [-121.794475072457, 37.3481279533013], [-121.794458072739, 37.3482059532286], [-121.794438072647, 37.3482659535022], [-121.794401072837, 37.3483439532862], [-121.794329071969, 37.3484529531782], [-121.794314072799, 37.3484769535001], [-121.794202072646, 37.3486119530252], [-121.794302072205, 37.3486789535246], [-121.794461072214, 37.3487859533881], [-121.794603072504, 37.3488839530292], [-121.794703072961, 37.3489539533066], [-121.794664072603, 37.3490139536965], [-121.794520072663, 37.3491129535209], [-121.794341072563, 37.3491679535256], [-121.794079072622, 37.3493209532748], [-121.793907072195, 37.3494589534253], [-121.793728072095, 37.3496679534082], [-121.793657072848, 37.3497299534586], [-121.793494072641, 37.3498759537668], [-121.793384072138, 37.3499529535509], [-121.793212072609, 37.3500959534504], [-121.793047072752, 37.3501729537229], [-121.792895072416, 37.3502659535109], [-121.792751072476, 37.350370953755], [-121.792709072644, 37.3504359539005], [-121.792565072704, 37.3507769539837], [-121.792461072048, 37.3509579539514], [-121.792303072763, 37.3511229533602], [-121.792138072008, 37.351303953922], [-121.791911072227, 37.3514139535373], [-121.791897071984, 37.3515849539176], [-121.791752072219, 37.3517989537778], [-121.79162807237, 37.3518649538453], [-121.791312072003, 37.3519579536795], [-121.791181072481, 37.352061953972], [-121.79109107207, 37.3522269538107], [-121.790914072518, 37.3523729535474], [-121.790899072449, 37.352385954234], [-121.790720072349, 37.3525619538608], [-121.790610072744, 37.3527319540498], [-121.790541072249, 37.352896953844], [-121.790437072492, 37.3529959542606], [-121.790258072392, 37.3531389540764], [-121.789995072626, 37.353286954318], [-121.789961072291, 37.3537709543443], [-121.790106072056, 37.3537529539448], [-121.790230072802, 37.3537499541158], [-121.79027507211, 37.3537529539448], [-121.790389072811, 37.3537589543164], [-121.790521072157, 37.3537729537537], [-121.790608072196, 37.3537869539024], [-121.790680072166, 37.3537999543441], [-121.790756072334, 37.3538189537224], [-121.790926072213, 37.3538939543405], [-121.791081072922, 37.3539879542192], [-121.791475072209, 37.3542769538914], [-121.791656072857, 37.3544099543056], [-121.791748072919, 37.3544729537055], [-121.791762072264, 37.3544789540196], [-121.79180707247, 37.354496954245], [-121.791823072364, 37.3545009537391], [-121.791858072524, 37.3545089541549], [-121.791933072867, 37.3545149537521], [-121.792428072436, 37.3544619541994], [-121.792674072484, 37.3544369539529], [-121.793242072746, 37.3543799541308], [-121.793977073413, 37.3543139541323], [-121.794139072897, 37.3542999540819], [-121.794390072967, 37.3542789540014], [-121.794711073357, 37.3542569535027], [-121.794779073129, 37.3542509538849], [-121.794829073358, 37.3542469536634], [-121.794901073328, 37.3542449535526], [-121.794987073542, 37.3542509538849], [-121.795056073139, 37.3542559538045]]]}}, {"type": "Feature", "properties": {"DISTRICT": 7}, "geometry": {"type": "MultiPolygon", "coordinates": [[[[-122.194344139256, 37.4088719297088], [-122.194376139941, 37.4087459301771], [-122.194452139211, 37.4081929300036], [-122.194501139615, 37.4080489298279], [-122.194520139881, 37.4079939301734], [-122.194543139448, 37.4079769296363], [-122.194549139295, 37.4079649297165], [-122.194552139668, 37.4079479298864], [-122.194553139493, 37.4079389297649], [-122.194521139706, 37.4078299299518], [-122.194458139957, 37.4076149296658], [-122.194252139194, 37.4071529294928], [-122.19419013927, 37.4069609298617], [-122.193948139421, 37.4064889299259], [-122.193818139724, 37.406301930039], [-122.19379713891, 37.406218929829], [-122.193659139716, 37.4060269299451], [-122.193638138901, 37.4059499299092], [-122.193643138924, 37.4059349297818], [-122.193621139183, 37.4059189299281], [-122.193479138892, 37.4056569298739], [-122.193308139188, 37.4053399294415], [-122.193177138769, 37.4051809299261], [-122.192973139452, 37.4048439298737], [-122.192729139055, 37.4044389293914], [-122.192619138552, 37.4041919296365], [-122.192440138452, 37.4024829296311], [-122.192330138847, 37.4019059292641], [-122.192219138519, 37.4016699294453], [-122.192185138184, 37.4015269293598], [-122.192144138176, 37.4014339295969], [-122.19213013883, 37.401152929328], [-122.192135138853, 37.4011409297426], [-122.192268138923, 37.400856929716], [-122.192281138443, 37.4007189291839], [-122.192047138091, 37.4001749293373], [-122.191889137908, 37.3999939296344], [-122.191869138714, 37.3999559292824], [-122.19181113809, 37.3998439291471], [-122.191792138721, 37.3998069292377], [-122.191503138118, 37.3987629293746], [-122.191510137791, 37.3985879294707], [-122.191551137799, 37.3984889292665], [-122.191675138546, 37.3983399291597], [-122.191779138303, 37.3981419293927], [-122.191875137664, 37.3976479289478], [-122.191871138364, 37.3975089290937], [-122.191861138318, 37.3971919291604], [-122.191703138135, 37.3967629288558], [-122.191599137479, 37.3965869294296], [-122.191365138026, 37.3963129292164], [-122.19128313801, 37.3961479292663], [-122.191296137531, 37.3956969289293], [-122.191234137606, 37.3955879291496], [-122.191124138001, 37.3954889292647], [-122.190367137593, 37.3951859289125], [-122.190133137241, 37.3950159292784], [-122.190029137484, 37.3948619293359], [-122.190029137484, 37.3948019292077], [-122.190112137325, 37.3946479288254], [-122.190126137569, 37.3945439290371], [-122.190050137401, 37.3943619287035], [-122.190050137401, 37.3942029287326], [-122.190098137081, 37.3941699291274], [-122.190126137569, 37.3941209292757], [-122.190167137576, 37.3938509288632], [-122.19014613766, 37.3937519288251], [-122.190064137644, 37.3936199288087], [-122.190029137484, 37.393521929068], [-122.190022136913, 37.3932799291885], [-122.190064137644, 37.39318092911], [-122.190174137249, 37.3930109292107], [-122.190188137493, 37.3928729292189], [-122.190022136913, 37.3924719285974], [-122.189891137392, 37.3922469287242], [-122.189843136813, 37.3921259286083], [-122.189761136797, 37.3919229285767], [-122.189706137444, 37.3915379286558], [-122.18960913736, 37.391405929023], [-122.189588137443, 37.391284928977], [-122.189623136705, 37.39121892861], [-122.189712137292, 37.3911859291185], [-122.189947137468, 37.3911969289506], [-122.190077137165, 37.3911529288987], [-122.190153137333, 37.3910769284887], [-122.190167136678, 37.390971928819], [-122.190146136762, 37.3909119284319], [-122.190146136762, 37.3907629289641], [-122.19022213693, 37.3907189286574], [-122.190367136695, 37.3906589287816], [-122.19058013713, 37.3905329286005], [-122.190635137382, 37.390378928726], [-122.190649136727, 37.3900049287335], [-122.190621137138, 37.3898899289046], [-122.190318137189, 37.3895049285349], [-122.190291136527, 37.3894169285601], [-122.190332136535, 37.3891259287276], [-122.190367136695, 37.389043928713], [-122.190435136467, 37.3889889286704], [-122.190635136483, 37.3889119282574], [-122.190986137011, 37.3888179285915], [-122.191035136516, 37.3887689288101], [-122.191055136608, 37.388652928559], [-122.191028136844, 37.3885879286844], [-122.191035136516, 37.3884939286123], [-122.191138136449, 37.3881529286219], [-122.191124137103, 37.3879779282131], [-122.190973136592, 37.3876859285383], [-122.190842137071, 37.387493928279], [-122.190807136911, 37.3873949284105], [-122.190787136819, 37.3869009285115], [-122.190855136591, 37.3866969286266], [-122.190986137011, 37.3864169280487], [-122.191076136524, 37.3861809279935], [-122.191089136943, 37.3860439282649], [-122.1910141366, 37.3859229281297], [-122.190594136475, 37.3855929285205], [-122.190511136635, 37.3854339285083], [-122.190518136307, 37.3852579281778], [-122.190635136483, 37.3851149281851], [-122.190786136096, 37.3848729282899], [-122.190828136827, 37.3846859279981], [-122.190917136516, 37.3845159281068], [-122.191021136273, 37.3844059284757], [-122.191289136061, 37.3842189284468], [-122.19151613674, 37.3841039283082], [-122.191998136789, 37.3837519281283], [-122.192226136395, 37.3835659279176], [-122.193112136675, 37.3827419277513], [-122.193584136678, 37.3824059274824], [-122.193733136641, 37.3822579275662], [-122.193739136488, 37.3822439277326], [-122.193830136725, 37.3820359278579], [-122.193907136718, 37.3818859278373], [-122.194072136574, 37.3815819274178], [-122.194242136454, 37.3813759279499], [-122.194558136821, 37.3811269277441], [-122.194767137059, 37.380876927368], [-122.194859136222, 37.3806699273309], [-122.194905136253, 37.3804699278765], [-122.195002136337, 37.380082927539], [-122.195141136254, 37.3798639273153], [-122.195522136919, 37.3794659272958], [-122.195780136662, 37.3790959274421], [-122.195979136853, 37.3787379275091], [-122.196133136839, 37.3781449270229], [-122.196247136642, 37.3778849271548], [-122.19636213627, 37.3777959270066], [-122.19646713675, 37.3777439268631], [-122.19661113669, 37.3776439268703], [-122.196689136508, 37.3775399270504], [-122.196713136797, 37.3773739270801], [-122.196714136622, 37.3771129272871], [-122.196721136295, 37.3769339270845], [-122.196733136889, 37.3768749269959], [-122.196762136303, 37.3768509271886], [-122.196914136639, 37.3765489272909], [-122.197065136252, 37.3763399272076], [-122.197389136117, 37.376081927036], [-122.197905136501, 37.3755979266994], [-122.198594136239, 37.3753289268141], [-122.19874513675, 37.3752029265705], [-122.198992136622, 37.374944926771], [-122.199090136531, 37.3748289265499], [-122.199170136897, 37.3747219266915], [-122.199198136486, 37.3746739264052], [-122.199342136426, 37.3744249267917], [-122.199359136145, 37.3742469267448], [-122.199377136586, 37.3740519266097], [-122.199374136213, 37.3739369265853], [-122.199373136388, 37.3739209263258], [-122.199370136914, 37.3737549269126], [-122.199301136418, 37.3735679267379], [-122.199301136418, 37.3732929264741], [-122.199232136821, 37.373171926467], [-122.199211136007, 37.3730129265326], [-122.199221136053, 37.3729769263928], [-122.199273136829, 37.3727989264794], [-122.199341136601, 37.3726759267696], [-122.199370136015, 37.3726229264785], [-122.199523136176, 37.3725529268582], [-122.199576136778, 37.3725299265506], [-122.199845136392, 37.3724689262283], [-122.199997136728, 37.3724559261648], [-122.200044136583, 37.3724529263696], [-122.200141136668, 37.3724249266086], [-122.200485136624, 37.3722379266879], [-122.200657136153, 37.3720789262015], [-122.200719136078, 37.3719689261752], [-122.20082013636, 37.3715939262685], [-122.200843136824, 37.3715129265394], [-122.200953136429, 37.3712989264904], [-122.201020136376, 37.3712199261013], [-122.201070136605, 37.3711609265154], [-122.201125136857, 37.3710619265011], [-122.201214136545, 37.3708099264593], [-122.201283136142, 37.3704089263501], [-122.201249136705, 37.369973926491], [-122.201249136705, 37.3694629260655], [-122.201221136218, 37.3693979259769], [-122.201379136402, 37.3685129258138], [-122.201489136007, 37.3682379262952], [-122.201579136418, 37.3681559262852], [-122.201613135855, 37.3680129258095], [-122.20159913651, 37.367787926077], [-122.201558136502, 37.3675899262968], [-122.20150313625, 37.3674909258538], [-122.201482136334, 37.3673979259893], [-122.201331135823, 37.3670179255831], [-122.201345136067, 37.3667659262365], [-122.201434135755, 37.3665069257285], [-122.201455135671, 37.3660459258873], [-122.201489136007, 37.3659249256146], [-122.20150313625, 37.3657879260084], [-122.20164713619, 37.3653919260791], [-122.20190213556, 37.3650069255918], [-122.202115135995, 37.364792925548], [-122.2022251356, 37.3646499258024], [-122.202308136339, 37.3644359254543], [-122.202307135616, 37.3644249259804], [-122.202301135768, 37.3642549258579], [-122.202253136088, 37.3640949253068], [-122.202246135517, 37.363951925659], [-122.202280135852, 37.3638259255836], [-122.20261113539, 37.3632219253671], [-122.202666135641, 37.363050925794], [-122.202604135717, 37.3627249252736], [-122.202562135884, 37.3625069253662], [-122.202535135222, 37.3618589251386], [-122.202438136036, 37.3615569255758], [-122.202445135708, 37.3609519253372], [-122.20250013596, 37.3607769250019], [-122.202484135168, 37.3603829249934], [-122.202480135868, 37.3602769255695], [-122.202390135457, 37.3599739250163], [-122.202273135281, 37.3597439251866], [-122.202252135364, 37.3596939253476], [-122.202025135584, 37.359265925049], [-122.201846135484, 37.3588259252338], [-122.201502134629, 37.3580509252175], [-122.201350135191, 37.3578429253749], [-122.201089135075, 37.3576119250732], [-122.20102013458, 37.3574859250634], [-122.200462134363, 37.3567379250248], [-122.200028134893, 37.3559029250352], [-122.199856134466, 37.3556229251739], [-122.199725134944, 37.3554639251804], [-122.199636134358, 37.355397925421], [-122.199299134074, 37.355265925014], [-122.19906513462, 37.3550239252121], [-122.198789134436, 37.3547989250918], [-122.198626134229, 37.3546189247956], [-122.198431134235, 37.3544029250129], [-122.1982181338, 37.3542769253286], [-122.198094133952, 37.3541279251967], [-122.198032134027, 37.353963924954], [-122.198011134111, 37.3538039253124], [-122.197943134339, 37.3537159248643], [-122.197722134406, 37.3532599249798], [-122.19747413381, 37.3529139247412], [-122.197382133749, 37.3526749250836], [-122.197254133702, 37.352342924709], [-122.197144134098, 37.3522109246424], [-122.196986133914, 37.3521119253328], [-122.196709133904, 37.3518849248794], [-122.196531133629, 37.3517399246394], [-122.196194133345, 37.3514639253295], [-122.196077133169, 37.3513149253268], [-122.195884133724, 37.3508539249936], [-122.195816133053, 37.3505849249412], [-122.195822132901, 37.3502109250321], [-122.195843133716, 37.3501069250318], [-122.195939133077, 37.3498979248427], [-122.195994133329, 37.3496009245127], [-122.195884132826, 37.3493479247596], [-122.195912133313, 37.3483039250617], [-122.195877133153, 37.3481669247099], [-122.195866133282, 37.3481409247296], [-122.195788133464, 37.3479579248332], [-122.195657133045, 37.3477769247741], [-122.195485132617, 37.3475959249927], [-122.195285132601, 37.3472599244153], [-122.195223132677, 37.3470299249045], [-122.194962132561, 37.3467329246553], [-122.194886132393, 37.346600924723], [-122.194817132796, 37.3465199244386], [-122.194742132453, 37.3464309249334], [-122.19455613268, 37.3462389247671], [-122.194494132756, 37.346128924711], [-122.194370132907, 37.3459909248672], [-122.194287133066, 37.3458699243969], [-122.194177132563, 37.3456729244477], [-122.193868132767, 37.345391924463], [-122.193647132834, 37.3451179243092], [-122.193554132049, 37.3450349249254], [-122.193517132239, 37.3450019243963], [-122.193036132015, 37.3446379249347], [-122.192457131882, 37.3441999247385], [-122.192030132085, 37.3439199247908], [-122.191899131665, 37.3437879249124], [-122.191472131868, 37.3434969244584], [-122.191417131616, 37.3434799250081], [-122.191211131752, 37.3432169247461], [-122.190979131948, 37.3428729243437], [-122.19092913172, 37.3427989247072], [-122.190853131552, 37.3426509245013], [-122.190433131427, 37.3421729247876], [-122.190303131731, 37.3419749245619], [-122.190117131958, 37.3418269248746], [-122.189780131674, 37.3415019248852], [-122.189642131582, 37.3414029243101], [-122.189346131306, 37.3411559247375], [-122.188348130873, 37.34039292444], [-122.187846130732, 37.3400459242948], [-122.187722130884, 37.3399859245949], [-122.187295131087, 37.339650924854], [-122.187082130651, 37.3394359247553], [-122.186766131182, 37.3392109243417], [-122.186538130678, 37.3391179244311], [-122.185967130941, 37.3387059245781], [-122.185871130681, 37.3384579247974], [-122.185788130841, 37.3376229243307], [-122.185623130086, 37.3372169243987], [-122.185570130383, 37.3371159247502], [-122.185513130481, 37.3370079247566], [-122.185479130146, 37.3369029243958], [-122.185245129794, 37.3365079248526], [-122.185245129794, 37.3364639241475], [-122.184729130308, 37.3356559243422], [-122.184385130352, 37.3352989242329], [-122.184240129689, 37.3349639242999], [-122.184091129726, 37.3348469244595], [-122.183896129732, 37.3346949244619], [-122.183827130135, 37.3345519245169], [-122.183813129891, 37.3345359244313], [-122.183642130187, 37.3343319242899], [-122.183600129456, 37.3342329242632], [-122.183456129516, 37.3339799241577], [-122.183428129927, 37.3338699247157], [-122.183380129348, 37.3338039245446], [-122.183311129751, 37.3336399241929], [-122.183170129286, 37.3334419243279], [-122.183077129399, 37.3333099246041], [-122.183057129308, 37.3332379240726], [-122.18294212968, 37.3330869243707], [-122.182857129291, 37.332974924372], [-122.182736129816, 37.3328619242233], [-122.182506129662, 37.332644924719], [-122.182286129554, 37.3324969245033], [-122.182176129051, 37.3324439244083], [-122.181887129346, 37.3323039244356], [-122.181619129557, 37.3321229245025], [-122.18135112887, 37.3317659240311], [-122.181096128602, 37.3313759246323], [-122.180773128562, 37.3309529243637], [-122.180656129284, 37.3308369240006], [-122.180463128941, 37.3307159241145], [-122.180023128725, 37.3303949246825], [-122.179741128692, 37.3301889246872], [-122.179218128635, 37.3297879246957], [-122.178391127907, 37.3289789244775], [-122.175913127891, 37.3265539245514], [-122.17508812771, 37.3257459245918], [-122.17530612727, 37.3257059243257], [-122.175667127843, 37.3256399241257], [-122.175962127396, 37.3255909245134], [-122.176182127504, 37.3255559245667], [-122.176859127547, 37.3254429239742], [-122.178559128136, 37.3251629241067], [-122.178629127558, 37.3252609238576], [-122.178755127955, 37.3254389243611], [-122.179152128513, 37.3260009240021], [-122.179180128102, 37.3260399240373], [-122.179264127768, 37.3261599242385], [-122.17929312808, 37.3261999242629], [-122.179315127822, 37.3262019244065], [-122.179381127944, 37.326208924194], [-122.179404128408, 37.3262119236946], [-122.179559128219, 37.326418923948], [-122.179644128608, 37.3265329238544], [-122.180242128109, 37.3263139237872], [-122.180486128507, 37.3262249239102], [-122.180577128743, 37.3261979241193], [-122.180852128205, 37.3261169239741], [-122.180944128266, 37.3260909242177], [-122.181128128389, 37.3260359237415], [-122.181160128176, 37.3260269237897], [-122.181250128588, 37.3259739241307], [-122.18149512881, 37.3261339237826], [-122.181621128309, 37.3262049239073], [-122.181788128713, 37.326300923587], [-122.18188312825, 37.3263549237994], [-122.18191612876, 37.3263619235728], [-122.182338128534, 37.3264539242071], [-122.182479128999, 37.3264849241781], [-122.18231312842, 37.3265379241909], [-122.182289129029, 37.3265459240145], [-122.181797128934, 37.3264769236337], [-122.181625128507, 37.3264539242071], [-122.182221128358, 37.3268149237444], [-122.183051128562, 37.3273189241035], [-122.183695128992, 37.3263999240658], [-122.18409612885, 37.3258289238618], [-122.184200128607, 37.3256789236339], [-122.184516128975, 37.325228923297], [-122.18462212928, 37.3250799233868], [-122.184793128984, 37.3248129233408], [-122.185034129009, 37.3244389236639], [-122.18530512917, 37.3240119232257], [-122.185446128737, 37.3237909234614], [-122.185471128852, 37.3237419233578], [-122.185789128869, 37.3231459230091], [-122.186132129001, 37.3224939233169], [-122.186529128661, 37.3220359228921], [-122.187353129016, 37.3215399231739], [-122.188749128934, 37.3209269229528], [-122.188773129224, 37.3209209228152], [-122.189732129298, 37.3204419225494], [-122.189873128865, 37.3203549231608], [-122.19054212941, 37.3199379225008], [-122.191366128868, 37.3194879227908], [-122.192175129155, 37.3190989226958], [-122.192526129682, 37.3187999223912], [-122.192800129319, 37.31865592274], [-122.19300112916, 37.3183809227537], [-122.193075129678, 37.3182819224266], [-122.19267812912, 37.3180149225179], [-122.191656129296, 37.3179159224232], [-122.191334129081, 37.317900922549], [-122.190685128627, 37.3178719222598], [-122.190574129197, 37.3178659225928], [-122.19049612938, 37.317862922759], [-122.190250129332, 37.3177939222641], [-122.190144129027, 37.3177649226481], [-122.190110128692, 37.3177409225139], [-122.19000912841, 37.3176699222509], [-122.189976128798, 37.3176469222721], [-122.189894128782, 37.3175899223873], [-122.189873128865, 37.3175749224481], [-122.189668128826, 37.3173989222704], [-122.189593128483, 37.3173349222985], [-122.189515128665, 37.3172599223179], [-122.189416128931, 37.3171669223808], [-122.189281128313, 37.3170379225081], [-122.189203128496, 37.3169649226205], [-122.188585128903, 37.3165489226419], [-122.187658128615, 37.3159249222865], [-122.187307128087, 37.3157799226323], [-122.186926128321, 37.3156879225046], [-122.186610127953, 37.3155529223853], [-122.186392128393, 37.3152769229745], [-122.186346128363, 37.3149709223498], [-122.186309127654, 37.3148979225982], [-122.186231127837, 37.3147419227836], [-122.186178128133, 37.3146359225141], [-122.186071128003, 37.3143459222399], [-122.186104127615, 37.3142599224559], [-122.186168128087, 37.3140989222967], [-122.186204128072, 37.314045922799], [-122.186275128218, 37.3139449227227], [-122.1863191277, 37.3138909221664], [-122.186361127533, 37.3138419227526], [-122.186407127564, 37.313681922651], [-122.186353128035, 37.3135629227699], [-122.186300127434, 37.3134449222275], [-122.186026127797, 37.3132009222017], [-122.185903127773, 37.3130029227757], [-122.185901128124, 37.31297892255], [-122.18588912753, 37.3128419227822], [-122.185888127705, 37.31282692261], [-122.18588912753, 37.3125459226402], [-122.185812127537, 37.3122089221989], [-122.185750127613, 37.312064922067], [-122.185583127208, 37.3116749225871], [-122.185156127411, 37.3110969221979], [-122.184576127453, 37.3105319224387], [-122.183859127227, 37.3100439226916], [-122.183203127101, 37.3097999223448], [-122.182333126715, 37.309532922317], [-122.181768126825, 37.3095709227454], [-122.181173126798, 37.3097999223448], [-122.180746127001, 37.3101429224367], [-122.180349126443, 37.3106619223231], [-122.179724126279, 37.3113179228504], [-122.178976126091, 37.3117599229209], [-122.178396126133, 37.3120119225642], [-122.177633126775, 37.3123859233526], [-122.177043125873, 37.3125059232074], [-122.176696126442, 37.3125769233469], [-122.175830126253, 37.3127539229197], [-122.175715125727, 37.3127689231065], [-122.175418126525, 37.3128069233283], [-122.174481126191, 37.3127749231804], [-122.17436512584, 37.3127569229573], [-122.174288125847, 37.3127469233078], [-122.173786125707, 37.3126449233774], [-122.173023125451, 37.312439923561], [-122.172092125863, 37.3122519232764], [-122.171482125768, 37.3121839236049], [-122.171191125515, 37.3121229235425], [-122.170825124918, 37.3119869231902], [-122.170611125557, 37.3117419231693], [-122.170610124833, 37.3114979233318], [-122.170488125533, 37.3112389236423], [-122.170107124868, 37.3109039236087], [-122.169572125116, 37.3105299233071], [-122.169205124695, 37.3102949235164], [-122.168899124373, 37.3099899236201], [-122.168791124418, 37.3095859235673], [-122.168780124547, 37.3095529231841], [-122.168837124449, 37.3090579235578], [-122.168624124912, 37.3085239230002], [-122.168301124871, 37.3079219229832], [-122.168243124247, 37.307811923264], [-122.167877124549, 37.3074389236223], [-122.167556124159, 37.3071099236169], [-122.167298124416, 37.3067279232315], [-122.167040123775, 37.3062089233413], [-122.166597124084, 37.3056219235513], [-122.166185123457, 37.3054299234033], [-122.165605123499, 37.305512922958], [-122.164980123335, 37.3055349234445], [-122.164705123873, 37.3054889231996], [-122.164324123209, 37.3052219235829], [-122.16427012368, 37.3051759231465], [-122.163896123586, 37.3048559235877], [-122.16351512382, 37.3046779236411], [-122.162885123633, 37.3045449230488], [-122.162681123418, 37.3044459230784], [-122.162613123646, 37.3044399230543], [-122.162410123257, 37.3044229233409], [-122.16234312331, 37.3044179236766], [-122.16228212321, 37.3044129232974], [-122.162200123195, 37.3043409236602], [-122.162083123019, 37.3042379233944], [-122.162190123149, 37.3040549237257], [-122.162250123423, 37.3039289231796], [-122.162325122868, 37.3037769235214], [-122.162388123516, 37.3036469231657], [-122.16252212341, 37.3034429234847], [-122.162618122771, 37.3032989229985], [-122.16267912287, 37.3030479231143], [-122.16267912287, 37.3027419234489], [-122.162816123138, 37.3023689229529], [-122.162837123054, 37.3023439232309], [-122.163088123124, 37.3020469228108], [-122.163182122836, 37.3019719232987], [-122.163372122806, 37.3018129233426], [-122.163548123432, 37.3016669232263], [-122.163640123493, 37.3014839230178], [-122.163640123493, 37.3012619230692], [-122.163365123134, 37.3010869229794], [-122.163247123133, 37.3010559232517], [-122.162892123306, 37.3009649233781], [-122.162822122985, 37.3009459227781], [-122.162685122718, 37.3009089234012], [-122.162736122772, 37.3008579232838], [-122.16278812265, 37.300807922827], [-122.16274012297, 37.3007359233112], [-122.162968122575, 37.3005149229973], [-122.16328112257, 37.3002129232709], [-122.163365123134, 37.3001329226953], [-122.163792122931, 37.2994919231756], [-122.163915122955, 37.2992249229902], [-122.164052123222, 37.2988439230034], [-122.16431112279, 37.2985999227578], [-122.164801123234, 37.298297922488], [-122.164845122717, 37.2982719223986], [-122.165151123039, 37.2979969228819], [-122.165288123306, 37.2976469228225], [-122.165309123223, 37.2973789227785], [-122.165318122545, 37.2972719225849], [-122.165277122537, 37.2965749226344], [-122.165273122339, 37.2964939227247], [-122.165357122903, 37.2963379225999], [-122.16537612317, 37.2962999226304], [-122.165409122782, 37.2962239226339], [-122.165440122744, 37.296165922472], [-122.165669123073, 37.295946922542], [-122.165761123134, 37.2958609224375], [-122.165835122754, 37.2957859224738], [-122.16685112273, 37.2952419221669], [-122.166335122346, 37.2950529219894], [-122.165750122365, 37.2948769226864], [-122.165730122274, 37.2948749224239], [-122.165673122372, 37.294869922125], [-122.165654123004, 37.294868922351], [-122.164676122663, 37.2944839226226], [-122.164372121991, 37.2943989227697], [-122.164235122622, 37.2942459226495], [-122.16414512221, 37.2941669226572], [-122.164053122149, 37.2940859222985], [-122.163717122588, 37.2940179226357], [-122.163552121833, 37.2939599222023], [-122.163021122279, 37.293736922411], [-122.163038121997, 37.2939289223958], [-122.162990122317, 37.2939279226094], [-122.162867122293, 37.2939179225998], [-122.162174122357, 37.2938759222592], [-122.162055121633, 37.2938689223193], [-122.161898122172, 37.2936219222859], [-122.161768121578, 37.2935179225559], [-122.161731121768, 37.2934779222916], [-122.161695121783, 37.2934489225869], [-122.161502121439, 37.2932989227778], [-122.161473122025, 37.2932819226901], [-122.161430121469, 37.2932429228106], [-122.161299121948, 37.2931049223049], [-122.161206122061, 37.2930059222833], [-122.16062112208, 37.2931239227417], [-122.160523121273, 37.2932979222683], [-122.160321121606, 37.2933839224443], [-122.160283121972, 37.2933979224138], [-122.160140121856, 37.2933509228122], [-122.158586121755, 37.2928259225601], [-122.15827712106, 37.2926979228919], [-122.158138121143, 37.2926439227991], [-122.156247120757, 37.2918169227684], [-122.156227120666, 37.2916499228221], [-122.15609712097, 37.2915659224437], [-122.155903120801, 37.2914099228194], [-122.154394120007, 37.2904279231173], [-122.154133120789, 37.290234922938], [-122.153823120269, 37.2900349226816], [-122.153753119949, 37.2899839230529], [-122.153563119978, 37.2898449224459], [-122.153554120656, 37.2898379228456], [-122.153403120145, 37.2897149230238], [-122.15329312054, 37.2896049231174], [-122.153113119717, 37.2893849228222], [-122.152953119883, 37.2891449227411], [-122.152803120095, 37.2888549227831], [-122.152713119684, 37.2886449224361], [-122.152583119987, 37.2882249228426], [-122.152569119743, 37.2881059226984], [-122.152523119713, 37.2876949224943], [-122.152439120047, 37.2870739224607], [-122.152417119408, 37.2869099223468], [-122.152363119879, 37.2865049227829], [-122.152291119909, 37.2860599225488], [-122.152273119467, 37.2859449228393], [-122.152263119422, 37.2859049228371], [-122.152223119239, 37.2856049228569], [-122.152173119908, 37.2855819223612], [-122.152110119261, 37.2855569227777], [-122.151584119729, 37.2853509228345], [-122.15159711925, 37.2852609224464], [-122.151588119029, 37.2850939222432], [-122.151564119638, 37.284821922163], [-122.151552119044, 37.2846769225699], [-122.151546119196, 37.2845989224464], [-122.151479119249, 37.2843739222422], [-122.151342118982, 37.2839759227557], [-122.151218119133, 37.2836949221917], [-122.151132118919, 37.283527922087], [-122.151040118858, 37.2833839227862], [-122.150916119009, 37.283216922706], [-122.150469119121, 37.2826799225559], [-122.150393118953, 37.2826049223178], [-122.149853119178, 37.2823349224143], [-122.149653119161, 37.2822149223051], [-122.149493118429, 37.2821049221561], [-122.149234118861, 37.2818839221439], [-122.14903311902, 37.281674922305], [-122.148923118517, 37.2815049221517], [-122.148883118334, 37.2814549224119], [-122.148763118683, 37.2812149220549], [-122.148703118409, 37.2810049225444], [-122.148673118271, 37.2808249227017], [-122.148673118271, 37.280614922103], [-122.14867511882, 37.2805489223452], [-122.148683118317, 37.28036492226], [-122.148773118729, 37.2801049226002], [-122.148791118272, 37.2800659223236], [-122.148863118242, 37.2799049225806], [-122.148973118745, 37.2797349220032], [-122.149273118321, 37.2793749222459], [-122.149413118063, 37.2791749224309], [-122.149463118292, 37.2790549222868], [-122.149503118475, 37.2788449224678], [-122.149343118641, 37.2782249223068], [-122.14932311855, 37.2781649218588], [-122.149293118413, 37.2779749223881], [-122.149304118283, 37.277783921722], [-122.149313118504, 37.2776349221383], [-122.149343118641, 37.2775349217725], [-122.149393117972, 37.2774749222041], [-122.149937117945, 37.2770739219424], [-122.150193118038, 37.2768849218753], [-122.150383118009, 37.2766949220328], [-122.150533118695, 37.2764649216948], [-122.150583118025, 37.2762049221447], [-122.150583118025, 37.2761049220237], [-122.150573117979, 37.275964921488], [-122.150552118063, 37.2758879216543], [-122.149814117921, 37.2758929217852], [-122.149186118282, 37.2758509221054], [-122.148651117632, 37.2756439220137], [-122.148375117447, 37.2754559219621], [-122.148132117773, 37.2752159217768], [-122.14773211774, 37.2747039220645], [-122.147678117313, 37.274634921999], [-122.147653118097, 37.2746049221372], [-122.147573117731, 37.2745249222092], [-122.147443118035, 37.2743549216331], [-122.147353117623, 37.274201922216], [-122.147173117698, 37.2738949216815], [-122.146813117848, 37.2733149217766], [-122.146553117557, 37.2728849217481], [-122.146504117153, 37.2728099217576], [-122.146444116879, 37.272718922031], [-122.146343117495, 37.2725649220781], [-122.146132117608, 37.2723009216301], [-122.146103117295, 37.2722649218222], [-122.145373116651, 37.2714349220342], [-122.145095116817, 37.2711299218328], [-122.144963116572, 37.2709849215967], [-122.144870116686, 37.2708919216236], [-122.144734117142, 37.2707559217791], [-122.14470311718, 37.2707249217066], [-122.144603116722, 37.2706249214547], [-122.144579116433, 37.2706019221001], [-122.144163116506, 37.2702149216788], [-122.143973116535, 37.2700949215486], [-122.143843116839, 37.2700349217693], [-122.143818116725, 37.2700259215481], [-122.14367311696, 37.2699749219421], [-122.143223116698, 37.2698349221595], [-122.142813116619, 37.2697349221554], [-122.14233311622, 37.269604921594], [-122.141984116241, 37.2694969218258], [-122.141753116262, 37.269424921656], [-122.141039116409, 37.2692619218016], [-122.140833115647, 37.2692149221376], [-122.140543116117, 37.2691049222923], [-122.140133116038, 37.2689449221005], [-122.139990115923, 37.2688639217576], [-122.139852115831, 37.2687849222836], [-122.139763116142, 37.2687349219583], [-122.139683115776, 37.2686849223147], [-122.139632115723, 37.2686459218405], [-122.139574115996, 37.268601922161], [-122.139444115402, 37.2685029220734], [-122.139373116155, 37.2684489217758], [-122.139303115835, 37.2683949221543], [-122.139203115377, 37.2683049222226], [-122.139173116138, 37.2682749219832], [-122.139110115491, 37.2682139220551], [-122.139083115727, 37.2681879222935], [-122.139003115361, 37.2681099222397], [-122.138977115421, 37.2680849218571], [-122.138882115885, 37.2679919218765], [-122.138870115291, 37.2679799217323], [-122.138803115344, 37.2679149217519], [-122.138587115434, 37.2676349221296], [-122.138496115197, 37.2675179218743], [-122.138463115585, 37.2674749216737], [-122.138389115067, 37.2673679218494], [-122.138263115569, 37.2671849218575], [-122.13809311569, 37.2669949218407], [-122.138035115065, 37.2669499217665], [-122.1378901153, 37.2668389220405], [-122.137694115481, 37.2666889220928], [-122.13749311564, 37.2665349219595], [-122.137233115349, 37.2663749220259], [-122.137071114967, 37.2663009221383], [-122.137013115241, 37.2662749217161], [-122.136844115187, 37.2662079220991], [-122.136662114713, 37.2661359216439], [-122.136533114842, 37.2660849222628], [-122.136233115266, 37.2659749221345], [-122.136125115311, 37.2659069220918], [-122.135960114556, 37.2658029219498], [-122.135863114472, 37.2657449219319], [-122.13572311473, 37.2656149223459], [-122.13568611492, 37.2655689219986], [-122.135563114896, 37.2654149217197], [-122.135313114651, 37.2649249220513], [-122.135174114734, 37.2646149217672], [-122.135026114596, 37.2642849216076], [-122.135034114992, 37.2641969221311], [-122.135027114421, 37.2641859222787], [-122.134876114808, 37.2639259217893], [-122.134826114579, 37.2638399222658], [-122.134616114517, 37.2633719215911], [-122.134473114402, 37.2631049219243], [-122.134323114614, 37.2629149216224], [-122.134243114248, 37.2628349221421], [-122.134133114643, 37.2627449219997], [-122.133993114003, 37.2626649216238], [-122.133803114032, 37.2625749219931], [-122.133471113771, 37.2624259216214], [-122.133313114486, 37.262354922046], [-122.133043114149, 37.2622149216799], [-122.133015113662, 37.2621959220188], [-122.132900114034, 37.2621199218962], [-122.132783113858, 37.2620049220729], [-122.132663114207, 37.2618749217503], [-122.132621114375, 37.2618189219932], [-122.132573113796, 37.2617549219133], [-122.132544114382, 37.2617069216391], [-122.132463114191, 37.2615749217995], [-122.132313113505, 37.2613949219703], [-122.132043114066, 37.2611849222217], [-122.131814113738, 37.2610299220487], [-122.13167311417, 37.2609349222001], [-122.131293113331, 37.2607149217521], [-122.130893113298, 37.2604749217654], [-122.130323113385, 37.2602049218494], [-122.130093113231, 37.260114922139], [-122.129873113123, 37.2599949216427], [-122.129673113107, 37.2599049216814], [-122.129463113044, 37.2597849222805], [-122.129213112799, 37.2596349218669], [-122.129156112898, 37.2596049217484], [-122.128963113452, 37.2595049217435], [-122.128733113299, 37.2593649217996], [-122.128543113328, 37.2592749218004], [-122.128403112687, 37.2592249223105], [-122.128273112991, 37.2591949220286], [-122.128246113227, 37.2591919219998], [-122.127916112616, 37.2592319218979], [-122.127163113303, 37.2593249219721], [-122.127043112755, 37.2593549222022], [-122.126930112777, 37.2593709218434], [-122.126833112692, 37.2593849224203], [-122.126663112813, 37.2593949220138], [-122.126600113064, 37.2593889219719], [-122.126443112705, 37.2593749221106], [-122.126233112643, 37.2593449218885], [-122.125983112397, 37.2593249219721], [-122.12583311261, 37.2593249219721], [-122.125673112776, 37.2593349222885], [-122.125538113057, 37.2593679225365], [-122.125313112926, 37.259424922216], [-122.12451311286, 37.2596849225147], [-122.124283112706, 37.2597149226013], [-122.124103112781, 37.259724922151], [-122.123943112049, 37.259724922151], [-122.12389111217, 37.2597119225932], [-122.123633112428, 37.2596449221421], [-122.123263112532, 37.2594349225191], [-122.123023112332, 37.2592649221911], [-122.122733111904, 37.259044922585], [-122.122611112604, 37.2589479225903], [-122.122592112337, 37.2589329223957], [-122.122568112048, 37.2588959223796], [-122.122540112458, 37.2588799226375], [-122.122440112001, 37.2588209220399], [-122.122217112418, 37.2586759224107], [-122.122051111839, 37.2586219222161], [-122.121846111799, 37.2585939222059], [-122.121782112225, 37.2585669224416], [-122.121651111806, 37.258564922644], [-122.121624112041, 37.2584869226328], [-122.121542112026, 37.2582529221145], [-122.121516112086, 37.2581749224952], [-122.121250111948, 37.2579439225164], [-122.121064112175, 37.2577729221315], [-122.120948111824, 37.2576599226425], [-122.120867111633, 37.2575819224091], [-122.12084911209, 37.257565922388], [-122.120533111722, 37.2572809222455], [-122.1201091114, 37.2569779224695], [-122.119924111452, 37.2567469223949], [-122.119405111593, 37.2560979220715], [-122.119011111407, 37.2556039220944], [-122.118449110993, 37.254899922342], [-122.118197111098, 37.2546639222201], [-122.117812111133, 37.2541609221625], [-122.117538110598, 37.2538019219951], [-122.116780110365, 37.2528119223459], [-122.116683110281, 37.252684922176], [-122.116523110447, 37.2524949220457], [-122.116443110081, 37.2524249220274], [-122.116053110094, 37.2521949219181], [-122.115841110382, 37.2520319219534], [-122.115493110227, 37.251764922131], [-122.115083110148, 37.2514149222885], [-122.113782109767, 37.2503269220015], [-122.113253109862, 37.2498849221122], [-122.113103110074, 37.249734922007], [-122.112963109434, 37.2495849223182], [-122.112703110041, 37.2492249221329], [-122.112543109309, 37.2489949222661], [-122.112403109567, 37.2487649224123], [-122.112363109384, 37.248664922319], [-122.110831109024, 37.2462309217718], [-122.110393108458, 37.2455349222536], [-122.110253108716, 37.2453649220232], [-122.110153109157, 37.2452949218169], [-122.110023108562, 37.2452149222166], [-122.109913108957, 37.2451149224181], [-122.109773108317, 37.2449349218742], [-122.108894108608, 37.2441389221649], [-122.108503108796, 37.2437849222759], [-122.108383108247, 37.2436449217236], [-122.106406107648, 37.2415979220742], [-122.105583108015, 37.2407449219806], [-122.105579107817, 37.2407309222306], [-122.105566107398, 37.2406889222497], [-122.105563107924, 37.2406749217741], [-122.105173107038, 37.2391849221868], [-122.105010106831, 37.2385549221125], [-122.104831106731, 37.2378859218271], [-122.104686106966, 37.2373449216415], [-122.104373106972, 37.2359649217961], [-122.104243106377, 37.234274921748], [-122.104156106339, 37.2342449215446], [-122.103953106847, 37.2341749217387], [-122.103896106946, 37.234150921402], [-122.103812106382, 37.2341159218212], [-122.103593106099, 37.2340249218337], [-122.103243106295, 37.2339449217146], [-122.102843106261, 37.2338649215106], [-122.102798106056, 37.2338619219036], [-122.10258310597, 37.2338479215904], [-122.101373105825, 37.2337349219815], [-122.100923106462, 37.2336649217022], [-122.100533106475, 37.233594922073], [-122.100413105926, 37.2335549214383], [-122.100253106092, 37.233484921707], [-122.099793105785, 37.2333049219973], [-122.099728105487, 37.2332809220989], [-122.099523105448, 37.2332049221318], [-122.099273106101, 37.2330849216891], [-122.098993105718, 37.2328949214914], [-122.098823105839, 37.2327649217202], [-122.09879910555, 37.2327349216311], [-122.098711105686, 37.2326769219019], [-122.098683106097, 37.2326549215737], [-122.096939105126, 37.2315979219727], [-122.096755105003, 37.2314869216535], [-122.093413104449, 37.2292649218634], [-122.093382104486, 37.2292449218306], [-122.093128104043, 37.2278659217269], [-122.092690104375, 37.2254849215655], [-122.092680104329, 37.2254449216354], [-122.09159310331, 37.2245949218607], [-122.089823103298, 37.2232749217088], [-122.089682102833, 37.2232389213615], [-122.089473103494, 37.2231849215236], [-122.089396103501, 37.2231729213955], [-122.089337103051, 37.2231629220025], [-122.089273103477, 37.2231529218929], [-122.08917310302, 37.2231369217148], [-122.08771310263, 37.2229049216121], [-122.087605102675, 37.2228899221112], [-122.087047102458, 37.2228149217008], [-122.08675310273, 37.2227749217852], [-122.086715103095, 37.2227689216887], [-122.086511102881, 37.222735921865], [-122.085873102298, 37.222634921556], [-122.084901102702, 37.2225319217885], [-122.084363102577, 37.2224749220998], [-122.084266102493, 37.2224899216833], [-122.084053102057, 37.2225249216534], [-122.083977101889, 37.2225349218462], [-122.083881102528, 37.222549922133], [-122.083703102253, 37.2225749218891], [-122.083037102081, 37.2227059220777], [-122.082843101912, 37.2227449220134], [-122.082293102091, 37.2229349220356], [-122.081823101738, 37.2230749224233], [-122.081563102346, 37.2231649220243], [-122.081333102192, 37.2231949223443], [-122.080593101502, 37.2233749225833], [-122.080559102065, 37.2233749225833], [-122.080393101485, 37.2233749225833], [-122.079703101922, 37.2233349222494], [-122.079289101645, 37.2231859222496], [-122.078999101217, 37.2230979226971], [-122.078787101505, 37.222978922635], [-122.0785021011, 37.2227919220559], [-122.078394101145, 37.2226679221392], [-122.07814210125, 37.2224139222849], [-122.077781101575, 37.2217969226499], [-122.077674101444, 37.221544922073], [-122.077537101177, 37.2212909220134], [-122.077456100986, 37.2211429223053], [-122.07732810094, 37.2209119225479], [-122.077175100779, 37.2207269226531], [-122.077132101121, 37.2206739224913], [-122.077060101151, 37.2206049222924], [-122.076996100679, 37.2205419223045], [-122.076629101156, 37.2201989223216], [-122.076239101169, 37.2199769222979], [-122.075923100801, 37.2198319223228], [-122.075655101012, 37.2197329225299], [-122.075501101027, 37.2196769222138], [-122.075421100661, 37.219647922698], [-122.0750281003, 37.2196289223185], [-122.074715100306, 37.2196149222241], [-122.074432100449, 37.2194679221487], [-122.074080100096, 37.2194389225526], [-122.073867100559, 37.2193359227129], [-122.073391100358, 37.2190389224223], [-122.073163099854, 37.2189069222357], [-122.072870099951, 37.2185659221152], [-122.072703100445, 37.2182439226172], [-122.072489100185, 37.2179699227261], [-122.072193099909, 37.2176519224506], [-122.072136100007, 37.2176049220668], [-122.071916099899, 37.2174229221914], [-122.071727099753, 37.2172669227662], [-122.07156510027, 37.2171889222173], [-122.071394099667, 37.2171209224984], [-122.070265099713, 37.2167839225555], [-122.070124099248, 37.2167259227192], [-122.070023099864, 37.21667692228], [-122.069690099778, 37.2162549224215], [-122.069135099036, 37.2156029221795], [-122.068854098829, 37.2153649225416], [-122.068650099512, 37.2151049224277], [-122.068453098971, 37.2147949224966], [-122.068250099479, 37.21452092224], [-122.067961098876, 37.2140639221804], [-122.067912098472, 37.2136779226488], [-122.067919099043, 37.2132449223346], [-122.067751098814, 37.2128059222236], [-122.067491098523, 37.2122719220364], [-122.06717409833, 37.2118859226373], [-122.06683809877, 37.2115659221424], [-122.066753098381, 37.2114529220548], [-122.066657098121, 37.2113239219758], [-122.066513098181, 37.2112399221386], [-122.066362098569, 37.2110879220592], [-122.066163098377, 37.2108449223316], [-122.066041098178, 37.2105909220154], [-122.065946098642, 37.210417922578], [-122.065815098222, 37.2103689223345], [-122.065480098487, 37.2102879219789], [-122.065157098446, 37.2102629224433], [-122.064925097745, 37.2102189222963], [-122.064417097756, 37.2101489223673], [-122.063993098332, 37.2101159220307], [-122.063533098025, 37.2101229226019], [-122.063230098076, 37.2102559226005], [-122.063068097694, 37.2103179224122], [-122.062950097693, 37.2103179224122], [-122.06278809821, 37.210369922515], [-122.062306098161, 37.2107109224798], [-122.061913097801, 37.2110279225083], [-122.061491098026, 37.2114239229547], [-122.060964097772, 37.2119749225516], [-122.060519097533, 37.2123779226824], [-122.060122097873, 37.2126739225772], [-122.05982909797, 37.212828922767], [-122.059605097664, 37.2129339231993], [-122.059403097997, 37.2129899227978], [-122.059179097692, 37.2130169231514], [-122.058793097902, 37.2130509230796], [-122.05841709726, 37.2130759231223], [-122.057961097151, 37.2130579233786], [-122.057688097339, 37.2130339227597], [-122.057223097009, 37.212924923311], [-122.05715809761, 37.2128919227578], [-122.056966097091, 37.2127949227388], [-122.056902097517, 37.2127629229928], [-122.056879097052, 37.2127509233528], [-122.05681309693, 37.2127179234388], [-122.056791097189, 37.2127069232258], [-122.056460096752, 37.2125989227402], [-122.0562830972, 37.2125859229231], [-122.05510009682, 37.21250192306], [-122.055047097116, 37.2121209234778], [-122.054979096446, 37.2116209233078], [-122.05489309713, 37.2112729234145], [-122.054907096476, 37.2107769233335], [-122.054802096894, 37.2102669231709], [-122.054621096246, 37.2100139232405], [-122.054520096862, 37.2099199229428], [-122.05421609619, 37.2096399231583], [-122.05411609663, 37.2095469233015], [-122.053959096272, 37.2094149229619], [-122.053675096589, 37.2092429231701], [-122.053289095902, 37.2090099230639], [-122.052663095913, 37.2085599232513], [-122.052346095721, 37.2083449233394], [-122.05190309603, 37.2080449227881], [-122.051567095571, 37.207813922989], [-122.05055909599, 37.2071239228813], [-122.050223095531, 37.2068949228624], [-122.049933095103, 37.206684922931], [-122.049863095681, 37.2066349228953], [-122.049074095486, 37.2060409227411], [-122.04878909508, 37.2058269230479], [-122.048694095544, 37.2057559230959], [-122.048553095079, 37.2056549229483], [-122.048403095291, 37.2055649232058], [-122.048293094788, 37.2055149231435], [-122.048146095373, 37.2053999228031], [-122.047707094982, 37.2050549228765], [-122.047561094494, 37.2049409228029], [-122.047403095208, 37.2047649232425], [-122.046930094482, 37.2042399228839], [-122.046773095022, 37.2040649233838], [-122.046673094564, 37.2040179231218], [-122.046623094335, 37.2039949227546], [-122.046493094639, 37.2039149229782], [-122.046415094821, 37.2038229227728], [-122.046383094136, 37.2037849233396], [-122.046353094897, 37.2037349228135], [-122.046116094172, 37.2032819229202], [-122.045423094236, 37.2019549227181], [-122.04540409397, 37.2019259228301], [-122.045353093916, 37.2018449227137], [-122.045233094265, 37.2016749227169], [-122.045133093808, 37.2014949229343], [-122.045073094432, 37.2014309231466], [-122.044892093784, 37.2012389227425], [-122.044833094232, 37.2011749227378], [-122.044723093729, 37.2011749227378], [-122.044651093759, 37.2011939227561], [-122.044543093804, 37.2012249228132], [-122.04438309397, 37.2012449231203], [-122.044293093559, 37.2012349229674], [-122.044173093908, 37.2012149226577], [-122.044112093809, 37.201183923312], [-122.044093093542, 37.2011749227378], [-122.043983093937, 37.201054922851], [-122.044013094075, 37.2009439226607], [-122.044103093588, 37.2006099229471], [-122.04413409355, 37.2004999231292], [-122.04402509377, 37.2002739232735], [-122.043701093905, 37.1995999230864], [-122.04359309395, 37.199374923009], [-122.042949093519, 37.1984079226453], [-122.041017093126, 37.1955099227832], [-122.04079509247, 37.1951759226404], [-122.040163092633, 37.1947549224271], [-122.039580092302, 37.194482922462], [-122.03783409258, 37.1936669231271], [-122.037253091899, 37.1933949228203], [-122.037093092065, 37.1931049227555], [-122.036973092414, 37.193004922549], [-122.03684309182, 37.1928849225556], [-122.036763092352, 37.1928449225154], [-122.036435092289, 37.1926619226161], [-122.035191091809, 37.1920669229943], [-122.034863091746, 37.19195492276], [-122.034708091935, 37.1919019231408], [-122.033014091193, 37.1913199231594], [-122.032786090689, 37.1912239230414], [-122.032714090719, 37.191192923171], [-122.032064091339, 37.1909189230939], [-122.031017090502, 37.1901749232651], [-122.030763090958, 37.1899949232555], [-122.030790090722, 37.1898339228318], [-122.030883090608, 37.1892749232205], [-122.031123090808, 37.1890149226737], [-122.031413090338, 37.1887649230378], [-122.032003090341, 37.1884049230241], [-122.031738090926, 37.18760992252], [-122.031508090772, 37.1869149227666], [-122.032643090574, 37.1861449226971], [-122.03248509039, 37.1857669225485], [-122.03216409, 37.1849939221063], [-122.032062089893, 37.1844449226831], [-122.031873089747, 37.1834149226922], [-122.031915090478, 37.1827909224136], [-122.031936090394, 37.1824819219912], [-122.03194809009, 37.1823019222534], [-122.031835090112, 37.1822019220547], [-122.031752090271, 37.1821279225524], [-122.031307090032, 37.1819119219464], [-122.030964089901, 37.1817209225626], [-122.030925089543, 37.1816829220243], [-122.030951089482, 37.1809829221365], [-122.030671089998, 37.1806529223014], [-122.029825089003, 37.179934922403], [-122.029623089336, 37.1797009221419], [-122.029411089624, 37.1794569224128], [-122.029612089466, 37.1792629222007], [-122.029045089028, 37.1785319220173], [-122.029096089081, 37.1782689220344], [-122.029276089007, 37.1780219222944], [-122.029267088786, 37.1779929218025], [-122.028946089294, 37.1769409217547], [-122.028708088744, 37.1768189221838], [-122.028464089245, 37.1766949218782], [-122.026983088938, 37.1763049219686], [-122.026760088457, 37.1762089220895], [-122.026543088722, 37.1761149219257], [-122.026543088722, 37.1759549218956], [-122.026633088235, 37.1757149219309], [-122.026983088938, 37.1755049218733], [-122.026937088907, 37.1757479222755], [-122.027572088219, 37.1751449216435], [-122.027727088928, 37.1744679220766], [-122.027650088037, 37.1740879215785], [-122.026984088763, 37.1740339216427], [-122.027065088056, 37.1736899214903], [-122.025796088359, 37.1738629220685], [-122.025620087734, 37.1738019216119], [-122.025543087741, 37.1735439221049], [-122.025536088068, 37.1731779220918], [-122.025582088099, 37.1728969220658], [-122.025681087833, 37.1726099219208], [-122.025949087622, 37.1723239220861], [-122.026189087821, 37.1721319221103], [-122.026629088038, 37.1717839219845], [-122.026782088198, 37.1716629219375], [-122.026930088336, 37.1715299219463], [-122.027543087906, 37.170979921316], [-122.027578088067, 37.1709479217391], [-122.02768808857, 37.1708509215074], [-122.027325088347, 37.1705589215046], [-122.026941088207, 37.1698459216004], [-122.026844088123, 37.1697549214026], [-122.026500088166, 37.1694709215123], [-122.025598087993, 37.1690759214782], [-122.025659087194, 37.1688229216583], [-122.025697087727, 37.1686959217802], [-122.025773087895, 37.1686449216225], [-122.025878087477, 37.1685529213915], [-122.025961087317, 37.1684869215613], [-122.026023087242, 37.1684909216394], [-122.026106087981, 37.1684909216394], [-122.026177087228, 37.1684389213233], [-122.026282087708, 37.1683549217281], [-122.026308087647, 37.1682449214523], [-122.026300087251, 37.1681569215459], [-122.026137087943, 37.1679329215821], [-122.026058087402, 37.1678369210875], [-122.025971087363, 37.16779092121], [-122.025939087576, 37.1676049213575], [-122.025938087751, 37.1675469216716], [-122.025933087728, 37.1674899212581], [-122.025932087903, 37.1674729214154], [-122.025951087272, 37.1674519214358], [-122.025985087607, 37.1674029212223], [-122.026108087631, 37.1672299216023], [-122.02614708709, 37.1670699213695], [-122.026187087273, 37.1668589215825], [-122.026120087326, 37.1668149211931], [-122.025589087772, 37.1667979211985], [-122.025454087154, 37.1667999212823], [-122.025397087253, 37.1668209214429], [-122.025297087694, 37.1668289210595], [-122.02517608732, 37.1668149211931], [-122.025040086878, 37.1667699214516], [-122.024782087135, 37.1666489212503], [-122.024525087217, 37.1665349211734], [-122.024423087109, 37.1664859210812], [-122.024165087367, 37.1663779217592], [-122.024083087351, 37.1663449216174], [-122.024035086772, 37.1663559214276], [-122.023968086825, 37.1663639210934], [-122.023931087015, 37.1663749216167], [-122.023726086975, 37.1664149213587], [-122.023672087447, 37.1664189215465], [-122.02361808702, 37.1664149213587], [-122.023551087073, 37.166393921801], [-122.023520087111, 37.1663759216642], [-122.023459087012, 37.1663169217027], [-122.023383086844, 37.1662619211754], [-122.023320087095, 37.1662199212534], [-122.023246086576, 37.1661669214719], [-122.023154086515, 37.1661589217853], [-122.022981087161, 37.1661589217853], [-122.022907086643, 37.1661549215838], [-122.022828087, 37.1661549215838], [-122.022783086794, 37.1661609211702], [-122.022691086733, 37.1662089214234], [-122.022626086435, 37.1662489212532], [-122.022501086762, 37.166369921379], [-122.022248087042, 37.1666659212785], [-122.022202087011, 37.1667179213829], [-122.022174086524, 37.1667449218223], [-122.021987086926, 37.1668079216169], [-122.021589086543, 37.1667979219143], [-122.021448086976, 37.1667909216206], [-122.021383086678, 37.1667279218119], [-122.021357086739, 37.1667029214529], [-122.02134408632, 37.1666409216148], [-122.021308086335, 37.1665069213291], [-122.021292086442, 37.1664809215667], [-122.021263087028, 37.1664549217953], [-122.021173086616, 37.1663979212741], [-122.02112608676, 37.1663919217065], [-122.021072086334, 37.1663869214699], [-122.020846086378, 37.1664079217454], [-122.020666086453, 37.1664189215465], [-122.020542086604, 37.1664409218597], [-122.020440086497, 37.1663959218955], [-122.020429086626, 37.1663619217139], [-122.020279086839, 37.1662259215505], [-122.020195086275, 37.1661419216431], [-122.020115086807, 37.1660769219064], [-122.020071086426, 37.1660409214775], [-122.020039086639, 37.1660099220092], [-122.019963086471, 37.1659589214705], [-122.019932086509, 37.1659419219992], [-122.019890086676, 37.1659179214337], [-122.019800086264, 37.1658939215764], [-122.019747086561, 37.165883921753], [-122.019499085966, 37.1658649214404], [-122.019462086156, 37.1658669215489], [-122.019338086307, 37.1658569217218], [-122.019171085903, 37.1658809215909], [-122.018930085878, 37.1658739219281], [-122.018818086623, 37.1658379214025], [-122.018709085945, 37.1658409215663], [-122.018240086315, 37.165916922096], [-122.018019086382, 37.1658339218999], [-122.017871086244, 37.1657329220385], [-122.01782208584, 37.1657029217843], [-122.017731085604, 37.1656559219826], [-122.01763208587, 37.1656279218127], [-122.017548086204, 37.1655999216324], [-122.0174990858, 37.1655859215383], [-122.017237085859, 37.1655129215684], [-122.017165085889, 37.1652799218008], [-122.017158086217, 37.1652359219238], [-122.017150085821, 37.1652019219363], [-122.017136085577, 37.1651399215827], [-122.017116085486, 37.1651059215519], [-122.01710408579, 37.1650939214953], [-122.017058085759, 37.165083921566], [-122.017008085531, 37.1650739216353], [-122.016945085781, 37.1650739216353], [-122.016884085682, 37.1650759217647], [-122.016813085537, 37.165080922088], [-122.016787085598, 37.1650909220178], [-122.016731085521, 37.1651249220553], [-122.016617085718, 37.1652109217871], [-122.016414086227, 37.1653799222069], [-122.016265085366, 37.1654869221799], [-122.016105085532, 37.1655839221383], [-122.015959085942, 37.1656629216655], [-122.015947085348, 37.1656519217544], [-122.015922086132, 37.1656389217273], [-122.015645086123, 37.1653409219784], [-122.015358086068, 37.1650419217052], [-122.015091085206, 37.164773921669], [-122.015011085738, 37.1646539219217], [-122.014897085935, 37.1645489216286], [-122.014665085233, 37.1642859216519], [-122.014487084958, 37.1641369217625], [-122.014309085581, 37.1638979215668], [-122.014250085132, 37.1637489216284], [-122.014210084949, 37.1635999221122], [-122.014161085443, 37.1635309219966], [-122.014032085572, 37.1634409221556], [-122.013784084976, 37.1633109215598], [-122.013741085319, 37.1632709216069], [-122.013719085577, 37.1632419218962], [-122.013708084808, 37.163211922085], [-122.013686085067, 37.1631219218643], [-122.013695085288, 37.1630229221419], [-122.013721085227, 37.1629779215745], [-122.013757085212, 37.1629019216689], [-122.013787085349, 37.1628229221193], [-122.013782085327, 37.1627769220536], [-122.013803085243, 37.1627649216271], [-122.013583085135, 37.1626049219643], [-122.013551085348, 37.1625979219982], [-122.013453085439, 37.1625749219003], [-122.01333308489, 37.1625149217367], [-122.013249085224, 37.1624089219516], [-122.013213085239, 37.162364921835], [-122.013113084782, 37.1623049215046], [-122.012975084689, 37.1622429216382], [-122.012823085252, 37.1621749218186], [-122.012772085198, 37.1621589215995], [-122.012664085243, 37.1621249216596], [-122.012428085242, 37.1620599220477], [-122.011600084688, 37.1620399221008], [-122.011585084619, 37.1619749216999], [-122.01152408452, 37.1617689218333], [-122.011507084802, 37.1617279216713], [-122.011474084291, 37.1616549215547], [-122.011359084664, 37.1614309216492], [-122.011147084951, 37.1611229220376], [-122.011114084441, 37.1610679220261], [-122.011067084586, 37.161000921984], [-122.011008084136, 37.160953922122], [-122.010902084729, 37.1609559216446], [-122.010799084797, 37.1609619216436], [-122.010549084552, 37.1609519218835], [-122.010520084239, 37.1609399218833], [-122.0104940843, 37.1609319216434], [-122.010294084284, 37.160870922203], [-122.010251084626, 37.1608579220694], [-122.010227084336, 37.1608509219415], [-122.009944084479, 37.1605759219258], [-122.009923084563, 37.1604109220089], [-122.009904084296, 37.160353921941], [-122.009790084493, 37.1603009216256], [-122.009570084385, 37.1602439221906], [-122.009210084535, 37.1599289218248], [-122.009054084001, 37.159796922079], [-122.008948083696, 37.1597399222639], [-122.008716083892, 37.1597279220713], [-122.008599083717, 37.1597509216035], [-122.008249083912, 37.1598169219034], [-122.00814608398, 37.1598259216795], [-122.008106083797, 37.1598149216348], [-122.008007084063, 37.1597169220123], [-122.007935084093, 37.1595879223083], [-122.007832084161, 37.1594969219296], [-122.007561083999, 37.1593869216481], [-122.007230083563, 37.1593119218525], [-122.007052084186, 37.1593119218525], [-122.006846083423, 37.1593189221229], [-122.006767083781, 37.1592999223079], [-122.006716083727, 37.159267922081], [-122.006613083795, 37.1590899217352], [-122.006558083543, 37.1589049220939], [-122.006511083688, 37.1588099217346], [-122.006404083558, 37.1587509223105], [-122.006242083176, 37.158730922204], [-122.006128083373, 37.1587269223253], [-122.006072083297, 37.1586989217363], [-122.006025083441, 37.1586049219843], [-122.005938083402, 37.1584429218024], [-122.005914083113, 37.1583639218882], [-122.005879083851, 37.1583079218629], [-122.005851083364, 37.1582849218916], [-122.005815083379, 37.1582849218916], [-122.005768083523, 37.1582849218916], [-122.005717083469, 37.1582959221589], [-122.00544008346, 37.1583479222943], [-122.005081083435, 37.1584389219084], [-122.00476808344, 37.1586209222398], [-122.004649083615, 37.1586579220569], [-122.004586082967, 37.1586579220569], [-122.004569083249, 37.1586509224411], [-122.004474083712, 37.1586139219047], [-122.004351083689, 37.1585619219522], [-122.00424208301, 37.1585089218123], [-122.004172083589, 37.1584759218146], [-122.004123083185, 37.158451922458], [-122.004091083398, 37.1584409222134], [-122.004033082773, 37.1584279223778], [-122.003988083466, 37.1584159219769], [-122.003961082803, 37.1584079221859], [-122.003865083442, 37.1583889221418], [-122.003830083282, 37.1583889221418], [-122.003724082977, 37.1583799221947], [-122.003589083257, 37.1583789220414], [-122.003521083485, 37.1583799221947], [-122.003453082815, 37.1583819225012], [-122.003381082845, 37.158384922245], [-122.003357083454, 37.1583859223982], [-122.003328083141, 37.1583919218854], [-122.003315082723, 37.1583939221916], [-122.003265083392, 37.1584019219841], [-122.003217082813, 37.1584169221297], [-122.003151082691, 37.1584379224718], [-122.003130082775, 37.1584459222597], [-122.00309008349, 37.1584539220466], [-122.003029083391, 37.1584619225487], [-122.002984083185, 37.158462921985], [-122.002947083375, 37.158462921985], [-122.002910082667, 37.1584569225035], [-122.002807082735, 37.1584349220142], [-122.002784083168, 37.1584299219672], [-122.002688082909, 37.158399922394], [-122.002585082977, 37.158348922448], [-122.002485082519, 37.1582959221589], [-122.002440083212, 37.1582639222229], [-122.002399083204, 37.1582339225839], [-122.002300082571, 37.158094922359], [-122.002277083005, 37.158060922023], [-122.002240083195, 37.1579769223486], [-122.002181082746, 37.157881922255], [-122.002148083134, 37.1578239222672], [-122.00210108238, 37.1577689220032], [-122.002005083019, 37.1577109219287], [-122.001789083108, 37.1576049225665], [-122.001440083129, 37.1574359219453], [-122.001330082626, 37.1573339221501], [-122.001297083014, 37.1572119224249], [-122.001274082549, 37.1570629221942], [-122.001231082892, 37.1568479224152], [-122.001147082328, 37.156575921972], [-122.001091082251, 37.1564129222745], [-122.001099082647, 37.1563279220205], [-122.000988082319, 37.1561129222992], [-122.000677081974, 37.1555769223964], [-122.0004340823, 37.1551399224261], [-122.000396082665, 37.1550809222857], [-122.000175081834, 37.154697921784], [-122.000060082206, 37.1544999223397], [-121.999914081718, 37.1544079220743], [-121.999357082225, 37.1541819224725], [-121.999344081806, 37.1541129223518], [-121.999272081836, 37.1539939223588], [-121.999107081979, 37.15362192231], [-121.999067081796, 37.1535719222216], [-121.998958082016, 37.1534869223535], [-121.998929081704, 37.1534639223475], [-121.998846081863, 37.1534499221537], [-121.998743081931, 37.1534259219176], [-121.998711082144, 37.1534199220364], [-121.998566081481, 37.1534349224545], [-121.99839808215, 37.1534179223145], [-121.998355081594, 37.1534139221547], [-121.998314081586, 37.1534019223899], [-121.99819708141, 37.1533439218292], [-121.998176081494, 37.1533249219444], [-121.998157082125, 37.1533059220549], [-121.998143081882, 37.1532879223813], [-121.998072081737, 37.1531799221015], [-121.99804008195, 37.1530599218484], [-121.998042081599, 37.1529589221024], [-121.998036081752, 37.1528139222736], [-121.998031081729, 37.1527529220107], [-121.997998081218, 37.1526879222163], [-121.997947082063, 37.1526059220435], [-121.997863081499, 37.1525149218525], [-121.9977410813, 37.152416922075], [-121.997671081879, 37.152370922121], [-121.997542081109, 37.1523029220133], [-121.997282081716, 37.1520869220657], [-121.996583081034, 37.1515549218042], [-121.995573080906, 37.1510149222385], [-121.995153080781, 37.1506249222622], [-121.994443081127, 37.1500649222484], [-121.994233081064, 37.1499249217761], [-121.99417308079, 37.1498549218007], [-121.994073080332, 37.1497249221859], [-121.993913080499, 37.1493949218848], [-121.993653080208, 37.1489249221159], [-121.993363080678, 37.1484549222901], [-121.993363080678, 37.1479049220147], [-121.993078080273, 37.1474429218141], [-121.992963080645, 37.1471809220581], [-121.991866079579, 37.1455989220043], [-121.991775080241, 37.1454369218817], [-121.991693080225, 37.1453019216339], [-121.991543079539, 37.1450549215538], [-121.991360080139, 37.1447439215379], [-121.991213079826, 37.144494921826], [-121.991103079323, 37.144274921847], [-121.990897079459, 37.144274921847], [-121.990693079244, 37.1442649220281], [-121.990533079411, 37.1442149221974], [-121.990393079669, 37.1441449219493], [-121.990311079653, 37.1441169216887], [-121.990118079309, 37.1440509220052], [-121.98974307939, 37.1439349222484], [-121.989499078993, 37.1438749216129], [-121.989173079478, 37.1437949218851], [-121.988615079261, 37.1437839216563], [-121.988400079176, 37.143830922167], [-121.988020079234, 37.1440299219636], [-121.987953079287, 37.1440969220077], [-121.987695079544, 37.1443409220511], [-121.987567079498, 37.1445369223611], [-121.98749107933, 37.1446629223945], [-121.987387079573, 37.1447539220096], [-121.987351079588, 37.1447879218849], [-121.987329078948, 37.1448089224321], [-121.987291079313, 37.1448019222503], [-121.987220079168, 37.1448189221791], [-121.987165078917, 37.1448239224102], [-121.98713107948, 37.1448109223816], [-121.986984079167, 37.1447619225292], [-121.986886079257, 37.1447309222116], [-121.98671207918, 37.1446499223383], [-121.986690079439, 37.1446369222798], [-121.986359079003, 37.1445729222898], [-121.986125078651, 37.144599922046], [-121.985926079358, 37.1446139224462], [-121.98590007852, 37.1446129221109], [-121.985777078496, 37.1443419223901], [-121.985747079257, 37.1441569224669], [-121.985618078488, 37.143686922369], [-121.985618078488, 37.143343921935], [-121.985043078552, 37.1432429221016], [-121.985045078202, 37.1432329221462], [-121.984941078445, 37.1432109222397], [-121.984074078432, 37.1437389225266], [-121.983951078408, 37.1436009224981], [-121.983898078705, 37.1435559225434], [-121.98326407832, 37.1431939219495], [-121.982009077969, 37.1427219223077], [-121.981923077755, 37.1426859222141], [-121.981820077823, 37.1426469224514], [-121.981308077637, 37.1424549222802], [-121.981090078077, 37.1423579227206], [-121.980849078053, 37.142286922536], [-121.980707077763, 37.1422679227376], [-121.980380077525, 37.1422619226872], [-121.98027907814, 37.142271922771], [-121.979970077446, 37.1423009226483], [-121.979846077597, 37.1423529223266], [-121.979797078092, 37.1423219224538], [-121.979720078099, 37.1422789224708], [-121.979649077954, 37.1422519226021], [-121.979484078097, 37.1421999221383], [-121.979293077403, 37.1421079226624], [-121.978550077238, 37.1419179225812], [-121.978359077443, 37.1418859228748], [-121.977542077658, 37.1417379228931], [-121.976933077388, 37.1420099230042], [-121.976715076929, 37.1419339227873], [-121.976468077057, 37.1418449226718], [-121.976116076705, 37.1417499223605], [-121.975412076898, 37.1417279227387], [-121.975036077154, 37.1417249230502], [-121.975026077109, 37.142314922758], [-121.973651077107, 37.1419359228128], [-121.973630077191, 37.1416699225335], [-121.973451077091, 37.1416749229727], [-121.973147076419, 37.1416579230534], [-121.973153076267, 37.1418549228107], [-121.972926076486, 37.1417139232365], [-121.972753076233, 37.141734923205], [-121.972284076603, 37.1415339230631], [-121.971876076174, 37.1412139230497], [-121.971443076529, 37.1408739225816], [-121.970947076237, 37.1403219229648], [-121.970713075885, 37.1397549226364], [-121.970553076051, 37.1396649231369], [-121.970283075715, 37.1392749226362], [-121.97003307547, 37.1389449225702], [-121.969982076314, 37.1388509226091], [-121.969883075682, 37.1386649231647], [-121.969435075968, 37.1381569230913], [-121.969332076036, 37.1380649229951], [-121.9690010756, 37.1378059228241], [-121.96883307537, 37.1376749228396], [-121.968653075445, 37.1375649230382], [-121.96847307552, 37.1374649230799], [-121.967935075395, 37.1371389225847], [-121.967665075058, 37.1369719229291], [-121.967584074867, 37.1369119232159], [-121.967270075048, 37.1366609226225], [-121.967163074918, 37.1365749226414], [-121.966369074699, 37.1358629227732], [-121.96629307543, 37.1357949228617], [-121.96623207533, 37.1357409227832], [-121.966068075299, 37.1355979230786], [-121.965665074893, 37.1352439231682], [-121.964983074827, 37.1346449228329], [-121.964474074116, 37.1341649226386], [-121.964463074245, 37.1341549229155], [-121.964061074562, 37.1338249227177], [-121.963966074128, 37.1337489228719], [-121.963684074095, 37.1335219226423], [-121.963663074179, 37.1335049230394], [-121.963587074011, 37.1334509227588], [-121.9632530741, 37.1332149229901], [-121.963210074443, 37.1331909227782], [-121.963071074525, 37.133112922753], [-121.962773073701, 37.1329449230318], [-121.962433073943, 37.1327949231956], [-121.961963073589, 37.132627922546], [-121.961533074317, 37.1324749227423], [-121.961297073417, 37.1323899227972], [-121.961143073432, 37.1323349226555], [-121.960587073763, 37.1321459228796], [-121.960351073761, 37.1320659229232], [-121.960145073897, 37.1319959228919], [-121.959583073482, 37.1318049226921], [-121.959528073231, 37.1317859231258], [-121.959323073191, 37.1317149230458], [-121.959296073427, 37.1316989228269], [-121.958970073014, 37.1315119231959], [-121.95884507334, 37.1314239227884], [-121.958542073392, 37.1312279228801], [-121.958363073292, 37.131114922907], [-121.958202073633, 37.1310139232191], [-121.957990073023, 37.1308559232951], [-121.957908073007, 37.1308049226781], [-121.957456073095, 37.1305759233178], [-121.957207072675, 37.1304759227166], [-121.957170072865, 37.1304619232808], [-121.956834073304, 37.1303379228447], [-121.956627072717, 37.1303299229482], [-121.956193073247, 37.1303149229609], [-121.955741072437, 37.1299889231717], [-121.955583073152, 37.1298749229667], [-121.955153072981, 37.1296049232662], [-121.954553072932, 37.1293149233108], [-121.954274072374, 37.1291969227984], [-121.954173072092, 37.1291549230573], [-121.953838072356, 37.1290399232033], [-121.953749072667, 37.1290149232741], [-121.95363607269, 37.1289949231817], [-121.953455072041, 37.1289479234807], [-121.953304072429, 37.1289169231286], [-121.9531930721, 37.1288949233562], [-121.952904072395, 37.1288409233669], [-121.952543071822, 37.128774923248], [-121.952093072459, 37.1286949233089], [-121.952040071857, 37.1286839230331], [-121.951753071802, 37.1286249230243], [-121.951308071563, 37.1285459234744], [-121.951243072164, 37.128534923177], [-121.949976072117, 37.128300923503], [-121.949723071499, 37.1282549232065], [-121.949533071528, 37.1282149233308], [-121.949034071761, 37.1281229233215], [-121.948553071537, 37.1280349232704], [-121.947693071196, 37.1278749231755], [-121.94754107086, 37.1278459234981], [-121.947043070918, 37.1277549235987], [-121.946803070719, 37.1277149234586], [-121.946506071516, 37.1276499236337], [-121.946483071051, 37.1276449237], [-121.945713071122, 37.1274849234969], [-121.944910070683, 37.1272709232784], [-121.944623070628, 37.1271949232962], [-121.944383070429, 37.1271249237728], [-121.943819070364, 37.1269629234815], [-121.943303070878, 37.1268149236728], [-121.94297607064, 37.1267119235479], [-121.942136070391, 37.1264459234603], [-121.941973070184, 37.1263949234525], [-121.941581070547, 37.1262589237411], [-121.940703069765, 37.1259549235869], [-121.940081069974, 37.1257119235609], [-121.939393070061, 37.1254449236674], [-121.938413069171, 37.1250449241487], [-121.93817306987, 37.1249549236255], [-121.937553069729, 37.1246849242787], [-121.93683306913, 37.1243749242123], [-121.936613069022, 37.1242949239198], [-121.935645068727, 37.1239069242023], [-121.934163068595, 37.1233149243971], [-121.934119069113, 37.1232979239338], [-121.933694068965, 37.1231299239113], [-121.9335530685, 37.1230749242024], [-121.933353068483, 37.1229749237176], [-121.933093068192, 37.1228249241753], [-121.932773068525, 37.1226249238457], [-121.9324140685, 37.1223409238448], [-121.932393068584, 37.1223249237929], [-121.932343068355, 37.1222849243646], [-121.932039068581, 37.122005924111], [-121.931589068319, 37.1222929243952], [-121.930166067739, 37.1232029239711], [-121.930023068522, 37.1232949242309], [-121.92997006792, 37.1233189239999], [-121.929847067897, 37.1233759240477], [-121.929766067706, 37.1233889241783], [-121.929543068123, 37.1234249241424], [-121.929243067649, 37.1234449242743], [-121.929043067633, 37.1234249241424], [-121.928843067616, 37.1232849245039], [-121.928521068299, 37.1229499246502], [-121.928323067933, 37.1227449243934], [-121.928103067825, 37.1225349247426], [-121.927983068174, 37.1224549246541], [-121.927883067716, 37.122404924735], [-121.927673067654, 37.1223549240666], [-121.927203067301, 37.1222649246425], [-121.926453067463, 37.1221049245267], [-121.925993067156, 37.1219649245955], [-121.925873067505, 37.1219349241673], [-121.925163066953, 37.1216649247922], [-121.924694067322, 37.1214799245716], [-121.924603067086, 37.1214449243241], [-121.924273067373, 37.1212849246239], [-121.923713066608, 37.1209449248545], [-121.923143066696, 37.1205849248245], [-121.922553066692, 37.1202249245152], [-121.92246306628, 37.1201749245557], [-121.922213066933, 37.1200349246368], [-121.92143306606, 37.1195649243965], [-121.921393066775, 37.1195449246721], [-121.92107306621, 37.1193649247657], [-121.920813065919, 37.1192249247813], [-121.920153066493, 37.1188349249436], [-121.919998065784, 37.1187429249939], [-121.919733066369, 37.1185849245235], [-121.919543066398, 37.1184649245444], [-121.918083066008, 37.1175849246161], [-121.917353065363, 37.1171549249359], [-121.916373065372, 37.1165449247983], [-121.915523065077, 37.1160249245465], [-121.913203064346, 37.1147749251037], [-121.910698063668, 37.1132999251512], [-121.910413064161, 37.1132649247038], [-121.910253064327, 37.1132349251261], [-121.910103063641, 37.1132349251261], [-121.910088063572, 37.1132349251261], [-121.909923063716, 37.1132449247479], [-121.909723063699, 37.1132749250379], [-121.909423064124, 37.1133549247982], [-121.909333063712, 37.1133649251205], [-121.909033064136, 37.113344925191], [-121.908913063587, 37.1133549247982], [-121.908785063541, 37.1133779248211], [-121.908743063708, 37.1133849250447], [-121.908623064057, 37.1134249248773], [-121.908433064087, 37.1134349251903], [-121.908263063309, 37.1134249248773], [-121.906813063863, 37.1132249247866], [-121.905873063156, 37.1131949251931], [-121.905733063414, 37.1131749252187], [-121.905043062953, 37.1121749247777], [-121.905051063349, 37.1118429253477], [-121.905054062824, 37.1117529248889], [-121.904887063317, 37.1115209250278], [-121.904631063224, 37.1113319248565], [-121.904350063017, 37.1112189252678], [-121.90404306287, 37.1110949248278], [-121.903943062413, 37.1110349253739], [-121.903906062603, 37.1110219252711], [-121.903853062899, 37.1110049249128], [-121.903753062442, 37.1109949249952], [-121.903663062929, 37.1109949249952], [-121.903463062912, 37.1110549251972], [-121.903363062455, 37.1110949248278], [-121.903318063147, 37.1111289255002], [-121.903279062789, 37.1111579251345], [-121.903233062758, 37.1111949252447], [-121.903203062621, 37.1112549252882], [-121.903205063169, 37.1112749250533], [-121.903211063017, 37.1113239251003], [-121.903233062758, 37.1115049255547], [-121.903233062758, 37.1115449249476], [-121.903213062667, 37.1115849250358], [-121.903173062484, 37.1116149252672], [-121.903149063093, 37.1116159253224], [-121.90310906291, 37.1116229249925], [-121.903077063123, 37.1116169253777], [-121.902973062467, 37.1115849250358], [-121.902923063137, 37.1115549255089], [-121.902863062862, 37.1114749252797], [-121.902793062542, 37.1114049255471], [-121.902733062268, 37.1112749250533], [-121.902673062892, 37.1112149250257], [-121.902503063012, 37.1111149253516], [-121.902413062601, 37.1110949255442], [-121.902323062189, 37.1110849249222], [-121.90222306263, 37.1111049254486], [-121.902191062843, 37.1111189248826], [-121.902133062218, 37.1111449250528], [-121.90187406265, 37.1113289253958], [-121.901823062597, 37.1113649253638], [-121.90176506287, 37.1113869252165], [-121.901593062443, 37.1114549255674], [-121.901411062868, 37.1115059256114], [-121.901383062381, 37.1115149254049], [-121.901289062669, 37.1115279254231], [-121.901261062182, 37.1115309255923], [-121.901233062593, 37.1115349251013], [-121.901180062889, 37.1115279254231], [-121.901153062227, 37.1115249252538], [-121.901113062044, 37.1114649254242], [-121.901108062021, 37.1114549255674], [-121.901063062714, 37.1113649253638], [-121.901033062576, 37.1112649251714], [-121.901024062355, 37.1112209253888], [-121.901013062485, 37.1111649255634], [-121.900999062241, 37.1111439249913], [-121.900973062302, 37.1111049254486], [-121.900913062027, 37.1110449252862], [-121.900898061959, 37.111033925311], [-121.900843062606, 37.1109949249952], [-121.900753062194, 37.1109549253118], [-121.90059306236, 37.1109049256778], [-121.900503061949, 37.1108949250306], [-121.900481062207, 37.1108999253544], [-121.900383062298, 37.1109249255354], [-121.900338062092, 37.1109389250027], [-121.900310062503, 37.1109469255159], [-121.900228062487, 37.1109729250287], [-121.900201061825, 37.1109829256655], [-121.900004062181, 37.1110459253491], [-121.899853062569, 37.1110949255442], [-121.899773062203, 37.1111049254486], [-121.899713061928, 37.1110949255442], [-121.899623062415, 37.1110649251068], [-121.899463062581, 37.1109749251561], [-121.899427061698, 37.1109579255037], [-121.89924206175, 37.110868925491], [-121.899043062457, 37.1107729256257], [-121.898963062091, 37.1107349252424], [-121.89884306244, 37.1106949254216], [-121.898723061891, 37.1106749255033], [-121.898593062195, 37.1106649255422], [-121.8985200624, 37.1106649255422], [-121.898443062407, 37.1106649255422], [-121.898402062399, 37.1106729253679], [-121.898253061538, 37.1107049253788], [-121.898189061964, 37.1106869255982], [-121.898168062047, 37.1107189256032], [-121.898164061849, 37.1107279254902], [-121.898057061719, 37.1106889257332], [-121.897739061702, 37.1105729256945], [-121.897633061397, 37.1105349252108], [-121.897613062204, 37.1105249252312], [-121.897563061975, 37.1104849252995], [-121.89746806154, 37.1103249253614], [-121.897363061958, 37.1101449257433], [-121.89731306173, 37.1100849255368], [-121.897253061455, 37.1100549254157], [-121.897183062033, 37.1100449253727], [-121.897093061622, 37.1100549254157], [-121.89695306188, 37.1101249256798], [-121.896883061559, 37.1101749258288], [-121.896833061331, 37.110204925186], [-121.896773061954, 37.1102149252079], [-121.896653061406, 37.1101949258792], [-121.896566061367, 37.1101759259031], [-121.896513061663, 37.1101649258016], [-121.896393062013, 37.1101049256109], [-121.896373061921, 37.1100849255368], [-121.896363061876, 37.1100349253283], [-121.896371061373, 37.1099699253662], [-121.89640306116, 37.1097449256176], [-121.896393061115, 37.1097049252739], [-121.896373061921, 37.1096749257187], [-121.896333061738, 37.109654925531], [-121.896263061418, 37.1096449254351], [-121.896251061723, 37.1096449254351], [-121.896203061144, 37.1096449254351], [-121.896108061608, 37.1096599252202], [-121.896073061447, 37.1096649256255], [-121.896058061379, 37.1096699253141], [-121.895913061614, 37.1097249254484], [-121.895865061035, 37.1097409252977], [-121.895763061826, 37.1097749258615], [-121.895663061369, 37.1097749258615], [-121.895603061094, 37.1097649257815], [-121.895563061809, 37.1097449256176], [-121.895523061627, 37.1097049252739], [-121.895493061489, 37.1096449254351], [-121.895453061306, 37.1095849255488], [-121.895423061169, 37.1095749254438], [-121.895363061793, 37.1095949256526], [-121.895233061198, 37.109654925531], [-121.895184061693, 37.1096809254874], [-121.894973060907, 37.1097949253011], [-121.894903061485, 37.1098149254519], [-121.894863061302, 37.1098149254519], [-121.894823061119, 37.1097949253011], [-121.894803061028, 37.1097749258615], [-121.894793060982, 37.1097249254484], [-121.894803061028, 37.1096649256255], [-121.894843061211, 37.1095949256526], [-121.894943061668, 37.1095049253877], [-121.894973060907, 37.1094549255127], [-121.894973060907, 37.1093949254759], [-121.894953061714, 37.1093249252535], [-121.894923061577, 37.1092849254044], [-121.894883061394, 37.1092549256827], [-121.894803061028, 37.1092349253841], [-121.894523061544, 37.1092149257966], [-121.894443061178, 37.1091949254874], [-121.894383060903, 37.1091549255696], [-121.894363060812, 37.1091149256307], [-121.894363060812, 37.1090849258418], [-121.894393060949, 37.1090549253245], [-121.89453306159, 37.1090149253328], [-121.894793060982, 37.1088649253547], [-121.894833061165, 37.1088149257736], [-121.894863061302, 37.1087249252981], [-121.894863061302, 37.1086149256862], [-121.89485606163, 37.1086049254531], [-121.894843061211, 37.1085849256992], [-121.894813061074, 37.1085649252237], [-121.894773060891, 37.1085449254592], [-121.894573060874, 37.108474925884], [-121.894393060949, 37.1083849257209], [-121.894273061299, 37.1083149252813], [-121.894202061153, 37.1082899256715], [-121.894183060887, 37.1082849258918], [-121.894133060658, 37.1082849258918], [-121.89404406097, 37.1083069259229], [-121.894013061008, 37.1083149252813], [-121.893933060642, 37.1083449253753], [-121.893873061265, 37.1083549256427], [-121.893833061083, 37.1083549256427], [-121.893803060945, 37.1083349258229], [-121.893763060762, 37.1082949254508], [-121.893703061386, 37.1081749256409], [-121.89362306102, 37.1080449253336], [-121.89357506134, 37.1080069257307], [-121.893523060563, 37.1079849256125], [-121.893413060958, 37.1079849256125], [-121.893343060638, 37.1080049255248], [-121.893013060925, 37.1081449254796], [-121.892743060588, 37.1082749256151], [-121.892483061195, 37.108424925329], [-121.892423060921, 37.1084549253794], [-121.892323060464, 37.1084549253794], [-121.892293061225, 37.1084149257871], [-121.892293060326, 37.1083149259977], [-121.892313060418, 37.1080349257416], [-121.892363060647, 37.1077849254826], [-121.892387060936, 37.1075879258663], [-121.892393060784, 37.1075449254892], [-121.892383060738, 37.1074549256537], [-121.892353060601, 37.1074049258582], [-121.892303060372, 37.1073549253132], [-121.892223060904, 37.1073049254516], [-121.892153060584, 37.1072749256621], [-121.89209306031, 37.107214925331], [-121.892013060842, 37.10706492537], [-121.891961060964, 37.1070329252538], [-121.891921060781, 37.1070079259373], [-121.89185306011, 37.1069649259473], [-121.891800060407, 37.1069379256579], [-121.891773060643, 37.1069249255681], [-121.891758060574, 37.1069209258156], [-121.891703060322, 37.1069049253706], [-121.891633060901, 37.1069049253706], [-121.891583060672, 37.1069149258283], [-121.891483060214, 37.1069249255681], [-121.891393060701, 37.1069149258283], [-121.891323060381, 37.1068949256281], [-121.891254060784, 37.1068549259284], [-121.891213060776, 37.1068149254911], [-121.891143060456, 37.1067979256213], [-121.891033060851, 37.106794925981], [-121.890883060165, 37.1068149254911], [-121.890779060408, 37.1068519255739], [-121.89063305992, 37.1069049253706], [-121.890553060452, 37.1068949256281], [-121.890473060086, 37.1068649256762], [-121.890283060115, 37.106754925512], [-121.890163060465, 37.1066649254543], [-121.890133060327, 37.1066349254113], [-121.890143060373, 37.1066049253564], [-121.890163060465, 37.1065849257908], [-121.890213060693, 37.1065549257161], [-121.890333060344, 37.1064949255311], [-121.890393060618, 37.1064749259364], [-121.890423059857, 37.1064349260149], [-121.890419060558, 37.1064189254673], [-121.890403060664, 37.1063549253921], [-121.890373060527, 37.1063149254072], [-121.890363060481, 37.106294925765], [-121.890353060435, 37.1062549257484], [-121.890363060481, 37.1062149257108], [-121.890423059857, 37.1061349255719], [-121.890459059842, 37.1060989259834], [-121.890513060269, 37.1060449254939], [-121.890573060543, 37.1059149258292], [-121.890683060148, 37.105784925225], [-121.890743060423, 37.1057049253484], [-121.89077306056, 37.1056549258304], [-121.890782059882, 37.1056269256561], [-121.890800060324, 37.105622925835], [-121.89081006037, 37.1056169257448], [-121.890819060591, 37.1055979253367], [-121.890838059959, 37.1054689257576], [-121.890880059792, 37.1052609257516], [-121.890744060248, 37.1052309258688], [-121.890437060101, 37.1052569259112], [-121.890386060047, 37.1052609257516], [-121.889026060115, 37.1053809258799], [-121.888917060335, 37.1053909258223], [-121.888808059656, 37.1054009257634], [-121.888723060166, 37.1053919259597], [-121.888500059685, 37.1053129258066], [-121.887968059407, 37.105123925904], [-121.887926059574, 37.105108925937], [-121.887313060004, 37.1049149255231], [-121.887263059776, 37.1049389261035], [-121.887127059333, 37.1050949261084], [-121.886719059802, 37.1055629256281], [-121.886584059185, 37.1057199259138], [-121.886496059321, 37.1058279258849], [-121.886235059205, 37.106152925718], [-121.886148059167, 37.106261925914], [-121.885882059926, 37.106574926006], [-121.88508605916, 37.1075159259041], [-121.884821059744, 37.1078299259339], [-121.884515059423, 37.1077169261348], [-121.883597059356, 37.107377926442], [-121.883292058859, 37.1072659260811], [-121.882872059632, 37.1071079260196], [-121.882672059616, 37.1070329259703], [-121.880812059193, 37.1063339263519], [-121.880193058876, 37.1061009262396], [-121.87978805882, 37.1059469264176], [-121.879339058384, 37.1057759261833], [-121.876779058352, 37.1048009262447], [-121.875926057684, 37.1044769264915], [-121.8757680575, 37.1044169268096], [-121.875296057497, 37.1042369267625], [-121.875139058036, 37.1041769268906], [-121.874974057281, 37.1041139265082], [-121.874481057362, 37.1039269267932], [-121.87431705733, 37.1038649263605], [-121.873469057584, 37.1035419263478], [-121.87092605727, 37.1025739268177], [-121.87007905645, 37.1022519264942], [-121.869326056239, 37.1023759270834], [-121.867070055981, 37.1027469267445], [-121.866318056494, 37.1028719266942], [-121.86592205576, 37.1029369270164], [-121.864734056255, 37.1031319269319], [-121.864339056245, 37.1031979271974], [-121.863558055547, 37.1033659270276], [-121.861214055425, 37.103872927621], [-121.86043405545, 37.1040419275423], [-121.86039705564, 37.1040489279125], [-121.860285055487, 37.1040699275861], [-121.860249055502, 37.104077927392], [-121.860022055721, 37.1041759274535], [-121.860124055829, 37.103907927394], [-121.860229055411, 37.103637927498], [-121.860700055589, 37.102413927362], [-121.860893055034, 37.101916927435], [-121.860887055187, 37.1018019270421], [-121.860871055293, 37.1014579271547], [-121.86086605527, 37.1013439269724], [-121.861072055135, 37.1009449271328], [-121.861690055626, 37.0997489273969], [-121.861787054812, 37.0995639273661], [-121.861897055315, 37.0993509272552], [-121.86186305498, 37.0993449273847], [-121.861773055467, 37.0993449273847], [-121.861672055184, 37.0993529269731], [-121.861293055068, 37.0993849267513], [-121.861163055371, 37.099374927449], [-121.860998054616, 37.0993699270809], [-121.860773055384, 37.0993649274289], [-121.860753055292, 37.0993649274289], [-121.860659054683, 37.0993649274289], [-121.860433054727, 37.0993649274289], [-121.860321054574, 37.0993429269501], [-121.860210055144, 37.099321927399], [-121.860073054877, 37.0992949272511], [-121.859813054586, 37.0992649271551], [-121.859263054765, 37.099154927418], [-121.859194055168, 37.0991459268722], [-121.858963054291, 37.0991449273688], [-121.858473054744, 37.0991749275123], [-121.858253054636, 37.0991749275123], [-121.858013054437, 37.0991449273688], [-121.857853054603, 37.0991149272134], [-121.857763054192, 37.0991149272134], [-121.857703054816, 37.0991249272665], [-121.857643054541, 37.099154927418], [-121.857553054129, 37.0992149276852], [-121.857463054616, 37.0992649271551], [-121.857443054525, 37.0992719272502], [-121.857403054342, 37.0992849272204], [-121.857173054188, 37.0993149273085], [-121.85695305408, 37.0993249273352], [-121.856863054566, 37.0993349273606], [-121.8567830542, 37.0993549274075], [-121.856703054733, 37.0993649274289], [-121.856613054321, 37.0993549274075], [-121.856543054001, 37.0993349273606], [-121.856393054213, 37.0992749271884], [-121.856323053893, 37.0992649271551], [-121.85617005463, 37.0992649271551], [-121.856143053968, 37.0992649271551], [-121.855933053906, 37.099244927801], [-121.855783054118, 37.0992149276852], [-121.855693054604, 37.0991849275575], [-121.855613054238, 37.0991449273688], [-121.855523053827, 37.0990649276445], [-121.855453054405, 37.0989649276912], [-121.855333053856, 37.0988149271556], [-121.855319054511, 37.0987999273723], [-121.855307053917, 37.0987869273188], [-121.85527305448, 37.0987479271452], [-121.855262053711, 37.0987349277993], [-121.855253054388, 37.0987249276947], [-121.855153053931, 37.0986649277559], [-121.855043054326, 37.0986049277696], [-121.854873054447, 37.0985249274751], [-121.854717053913, 37.0984799272276], [-121.854663054384, 37.0984649273779], [-121.85429305359, 37.0984249275256], [-121.853853054273, 37.0984049272332], [-121.853693053541, 37.09841492738], [-121.853583053936, 37.0984449278126], [-121.853113053582, 37.0985949276478], [-121.85294005333, 37.0986449275269], [-121.852873053383, 37.0986649277559], [-121.852493053441, 37.0987649273887], [-121.852355053349, 37.0987979276398], [-121.852283053379, 37.0988149278721], [-121.852003053895, 37.098864927606], [-121.85182305397, 37.0988849277769], [-121.851703053421, 37.0988849277769], [-121.851613053908, 37.0988749276921], [-121.851403053845, 37.0988349280562], [-121.851193053783, 37.0987549280045], [-121.850873053218, 37.0986249280092], [-121.850573053642, 37.0985149280593], [-121.85040005339, 37.0984169278392], [-121.850277053366, 37.0991559276378], [-121.850169053411, 37.0991459275887], [-121.849570053186, 37.0991319280911], [-121.849099053008, 37.0990019280261], [-121.848725052914, 37.0987449279026], [-121.84824205304, 37.0984129276374], [-121.847825053289, 37.0979789277771], [-121.847460052518, 37.0973639281569], [-121.847390053096, 37.097240928207], [-121.847293053011, 37.0972049279743], [-121.846903053024, 37.0970449279268], [-121.846753052338, 37.0970049280412], [-121.84667305287, 37.0969949277082], [-121.846303052974, 37.0970249279866], [-121.846161052684, 37.0968459278216], [-121.846153052288, 37.0968349279338], [-121.846083052866, 37.0967549279199], [-121.845983052409, 37.0966649281615], [-121.84593305218, 37.0966249280753], [-121.845598052444, 37.0964809280202], [-121.845443052634, 37.0964149276348], [-121.845385052009, 37.0964049279405], [-121.845337052329, 37.0964059281966], [-121.845293051948, 37.0964149276348], [-121.845223052526, 37.0964549278319], [-121.845210052107, 37.0964639279808], [-121.845174052122, 37.0964939277528], [-121.845083051885, 37.0965649279065], [-121.84499705257, 37.0966429283316], [-121.844953052189, 37.0966849281967], [-121.84490305196, 37.0967049282265], [-121.844803052401, 37.0967049282265], [-121.844729051883, 37.096694927854], [-121.844653052613, 37.0966849281967], [-121.84461305243, 37.0966549277836], [-121.844503051927, 37.0965049276902], [-121.844486052209, 37.0964139280954], [-121.84447305179, 37.096344928314], [-121.844433052505, 37.0962649277827], [-121.844383052277, 37.096214927766], [-121.844369052033, 37.096207928105], [-121.84432905185, 37.0961889282028], [-121.844316052329, 37.0961829280819], [-121.844269052474, 37.0961609281122], [-121.844213052397, 37.0961349278139], [-121.844127052184, 37.0960999280323], [-121.84411305194, 37.0960949281645], [-121.844083051803, 37.0960749279736], [-121.844061052061, 37.0960179281529], [-121.844033052472, 37.0959149276894], [-121.844033052472, 37.0958849276881], [-121.844051052016, 37.0958419278327], [-121.844077051955, 37.0957869276487], [-121.844121052336, 37.095686927668], [-121.844213052397, 37.0954849282072], [-121.844247051834, 37.0953869276505], [-121.844283051819, 37.0952849280331], [-121.844285052367, 37.0952729276476], [-121.84429205204, 37.0952379281843], [-121.844295052413, 37.095226928063], [-121.844313051956, 37.0951449279554], [-121.844323052002, 37.0950649275902], [-121.844293051865, 37.0949349277122], [-121.844247051834, 37.0948589282314], [-121.844203052352, 37.0947849277962], [-121.844153052123, 37.094734928236], [-121.844093051848, 37.0947049277675], [-121.843933052015, 37.0946449282278], [-121.843643051587, 37.0945749279883], [-121.843493051799, 37.0945549281127], [-121.843383052194, 37.0945349282319], [-121.843180051804, 37.0945349282319], [-121.843133051949, 37.0945349282319], [-121.843033051491, 37.094544928173], [-121.842923051886, 37.0945649280512], [-121.84279705149, 37.0945649280512], [-121.842741051413, 37.0945649280512], [-121.842713051824, 37.0945649280512], [-121.842577051382, 37.0945339279511], [-121.842522052028, 37.0945499281431], [-121.842564051861, 37.0945659283316], [-121.842693051733, 37.0945749279883], [-121.84273605139, 37.0945819278002], [-121.842796051665, 37.0945859282043], [-121.842489052416, 37.0994859285151], [-121.834989051347, 37.0995669287257], [-121.832269050583, 37.0996129292579], [-121.82795404971, 37.0996479295662], [-121.81948304887, 37.0997689302004], [-121.815117047943, 37.0997899303441], [-121.803129046646, 37.099910931468], [-121.803104046531, 37.0989169313352], [-121.795973045533, 37.0990149316251], [-121.79600304567, 37.1012749316809], [-121.795990045251, 37.1026729318642], [-121.798273046172, 37.1026649319099], [-121.799483046317, 37.1026609319324], [-121.799524047224, 37.1097639321493], [-121.80315204711, 37.1097639321493], [-121.803149047636, 37.1109079323191], [-121.803154047658, 37.1113399324919], [-121.803152048009, 37.111978932333], [-121.803176048298, 37.1157289327266], [-121.802890048068, 37.1161419327046], [-121.803033048183, 37.1165019323723], [-121.803180048496, 37.1165179329386], [-121.803180048496, 37.1169769329261], [-121.803189048717, 37.1193789327008], [-121.803250048816, 37.1246549335234], [-121.803311049814, 37.1314849338082], [-121.803351049997, 37.1317909342449], [-121.803379050484, 37.1364189345004], [-121.803371050088, 37.1368659345991], [-121.808466051835, 37.1395539344199], [-121.816829053618, 37.1439959339207], [-121.817340053081, 37.1442649342011], [-121.822895054236, 37.147056933986], [-121.826276055149, 37.1487929339466], [-121.832624056698, 37.1518859336823], [-121.840401057777, 37.1556499333941], [-121.84047605812, 37.156788933631], [-121.840576058578, 37.1582999335153], [-121.841379059017, 37.1602749340466], [-121.841390058888, 37.1598839337337], [-121.841438058568, 37.159663933421], [-121.841472058903, 37.1596199338544], [-121.841548059071, 37.1593949335062], [-121.841561058592, 37.1592079336108], [-121.841609058272, 37.1590709333173], [-121.841754058936, 37.1588289338436], [-121.841898058876, 37.1586589336613], [-121.842158058268, 37.1584659338964], [-121.842229058414, 37.1584259335274], [-121.842598058485, 37.1582239332019], [-121.842964059081, 37.1579709335675], [-121.842998058518, 37.1578969332428], [-121.843005059089, 37.1578859336334], [-121.843218058626, 37.1579339334142], [-121.843188058488, 37.1579879333997], [-121.843037058876, 37.1581689332289], [-121.842762058516, 37.1584219336325], [-121.842721058508, 37.1584609338514], [-121.842522058317, 37.15869093343], [-121.842440058301, 37.1588179336538], [-121.842406058864, 37.1589829334681], [-121.842454058544, 37.1593179334368], [-121.842509058796, 37.1595099337519], [-121.842509058796, 37.1598009333558], [-121.842482059032, 37.1599109337507], [-121.842461059116, 37.1601969340285], [-121.842458058742, 37.1602979334125], [-121.842448058697, 37.1606969339973], [-121.84242705878, 37.1607679340798], [-121.842413058537, 37.1609659335745], [-121.842393059343, 37.1610979334267], [-121.842324058848, 37.1612079340821], [-121.841863058716, 37.1614639339591], [-121.841624059239, 37.161597933879], [-121.841588059254, 37.1616269335046], [-121.84139705856, 37.1617849335893], [-121.841199059092, 37.1620269336226], [-121.841075059243, 37.1621369336419], [-121.840883058724, 37.1622789338987], [-121.840704058624, 37.1623509340278], [-121.840265059131, 37.1624169342052], [-121.839764058816, 37.1625209337821], [-121.839235058912, 37.1625329342473], [-121.838844058201, 37.162576934266], [-121.838568058915, 37.1626789341459], [-121.838549058648, 37.1626869342008], [-121.838357058129, 37.1627689341782], [-121.838267058616, 37.1627639344179], [-121.838164058684, 37.1627419344661], [-121.837910058241, 37.1625879339088], [-121.837547058017, 37.1624499339144], [-121.837126058068, 37.1624759343476], [-121.837200058586, 37.1626029339396], [-121.837166058251, 37.1626009344607], [-121.837149058532, 37.1626009344607], [-121.837101057954, 37.1626029339396], [-121.837064058144, 37.1626049341344], [-121.837031058532, 37.1626069343292], [-121.837129058441, 37.1623869340666], [-121.837121058045, 37.1623679343068], [-121.837090058083, 37.1623689344073], [-121.83700005857, 37.1623759343946], [-121.836970058432, 37.1623789339799], [-121.836353057766, 37.1623869340666], [-121.835851058524, 37.162392934668], [-121.835736057998, 37.1623949341525], [-121.833556057907, 37.1624229348042], [-121.8324940579, 37.1624359346687], [-121.831376057817, 37.1624499346303], [-121.831272057162, 37.1625149346227], [-121.831168057404, 37.1625799345592], [-121.830701057424, 37.1628719346088], [-121.829093056896, 37.1638759348309], [-121.82896105755, 37.1641519350876], [-121.828917057169, 37.1645249349382], [-121.828079057468, 37.1645529348008], [-121.827974056988, 37.1645569350872], [-121.827620056985, 37.1645779351553], [-121.822663056229, 37.1646669357198], [-121.822663056229, 37.1644919354191], [-121.821726055896, 37.164526935798], [-121.819980056174, 37.1645529355167], [-121.819980056174, 37.164700935948], [-121.817831056045, 37.1647409358601], [-121.817728055215, 37.1647659361523], [-121.817623055633, 37.1647759361237], [-121.817502055259, 37.164771935849], [-121.817208055531, 37.1647629359459], [-121.816915055628, 37.1647629359459], [-121.816763055292, 37.164771935849], [-121.816685055474, 37.1647919357888], [-121.816619055352, 37.1648229357568], [-121.816183055334, 37.1647989362676], [-121.815168055183, 37.1648289361648], [-121.812734054649, 37.1647929358573], [-121.812464055211, 37.1648459358864], [-121.803021052979, 37.1650099367947], [-121.80259605373, 37.165017936603], [-121.802653053631, 37.1662529371986], [-121.802660053304, 37.1664369367059], [-121.802686053243, 37.1671079371325], [-121.802673053723, 37.1673539374415], [-121.802792053548, 37.1699009374149], [-121.802836053929, 37.1710499375225], [-121.802832053731, 37.1711779377232], [-121.802865054242, 37.1718199375726], [-121.802468053683, 37.1718329372523], [-121.802054054305, 37.1718329372523], [-121.80145705373, 37.1719309376291], [-121.798960053447, 37.1720749380397], [-121.798696053856, 37.1720819378439], [-121.796656053508, 37.1721389376569], [-121.796601053256, 37.1722809377324], [-121.796498053324, 37.1723469378279], [-121.796264052973, 37.1723629380375], [-121.795983052765, 37.1722529378697], [-121.795578052709, 37.1721709381609], [-121.795399052609, 37.1720939382225], [-121.795328053362, 37.1720439381832], [-121.795228052905, 37.1719729379561], [-121.795070052721, 37.1719289376811], [-121.794836053268, 37.171873938375], [-121.794699053, 37.1718849380962], [-121.7945200529, 37.1719179379662], [-121.793799052477, 37.1721759380147], [-121.79334605274, 37.1721869384079], [-121.793051052289, 37.1722469380511], [-121.792852052996, 37.1722469380511], [-121.792762052584, 37.1722689380993], [-121.792399052361, 37.172383938084], [-121.7919450528, 37.1724559386077], [-121.791870052456, 37.1724829384285], [-121.791609052341, 37.1725379380071], [-121.791362052468, 37.1726089384191], [-121.791128052117, 37.1726089384191], [-121.7906270527, 37.1724879382617], [-121.790126052384, 37.1723339382366], [-121.790044052368, 37.1723229385807], [-121.790030052125, 37.1722789385094], [-121.7899680522, 37.1722459380813], [-121.789783052252, 37.1722079385032], [-121.789590051909, 37.1721909382901], [-121.789336052364, 37.1720809385877], [-121.789247051777, 37.1720919382788], [-121.789137052172, 37.1721179382582], [-121.788986051661, 37.1721089385141], [-121.7886500521, 37.1720539386232], [-121.78827905238, 37.1720259386764], [-121.788094051533, 37.1719549384323], [-121.788005051845, 37.1719109388626], [-121.787915052331, 37.1719159387337], [-121.78786005208, 37.1719879382718], [-121.787792052308, 37.1721629383941], [-121.786406051537, 37.1722339384427], [-121.784668051313, 37.1723239385495], [-121.78472205174, 37.1741219390416], [-121.784790051512, 37.1748169391234], [-121.784667051488, 37.1748989388236], [-121.784529051396, 37.1750089387182], [-121.784282051524, 37.1751079392022], [-121.784035051651, 37.1752229391604], [-121.783918051475, 37.1752939391967], [-121.783705051938, 37.1753819393808], [-121.783671051603, 37.1754209394378], [-121.783684052022, 37.1754809393761], [-121.783808051871, 37.1755639389973], [-121.783952051811, 37.1755469388236], [-121.784076051659, 37.1754649391109], [-121.78437105211, 37.1753489388764], [-121.784708051496, 37.1751849389322], [-121.784799051732, 37.1761829392646], [-121.784960052289, 37.1790029394344], [-121.785084052138, 37.1812799397935], [-121.785250052717, 37.1843289398162], [-121.785260052763, 37.1845139394861], [-121.785250052717, 37.1851179395631], [-121.785238053022, 37.1859059398666], [-121.785255053639, 37.1880909403289], [-121.785001053195, 37.1880989398405], [-121.785001053195, 37.1892539400353], [-121.784981053104, 37.1893509402544], [-121.784945053119, 37.1894379400645], [-121.78488405302, 37.1895439405779], [-121.78485805308, 37.189627940231], [-121.784852053233, 37.189710940052], [-121.784862053278, 37.1898069399467], [-121.784890053766, 37.1898939399471], [-121.784935053073, 37.1899759404563], [-121.784994053523, 37.190048940407], [-121.785066053493, 37.1901139402743], [-121.785155053181, 37.1901709400788], [-121.785247053243, 37.1902139400159], [-121.785359053396, 37.1902469404669], [-121.785468053176, 37.1902629404635], [-121.785553053564, 37.1902659403731], [-121.78627005379, 37.1902649399262], [-121.786406053334, 37.1902479401984], [-121.786534053381, 37.1902179403749], [-121.786710054006, 37.1901619403385], [-121.786837053329, 37.1901359401286], [-121.786964053551, 37.1901229400202], [-121.787046053567, 37.1901229400202], [-121.787116053887, 37.1901229400202], [-121.787246053583, 37.1901379403102], [-121.78737205398, 37.1901659399847], [-121.787488053433, 37.190203939833], [-121.787676053754, 37.1902899403607], [-121.787829053914, 37.1903709399942], [-121.787973053854, 37.1904559398874], [-121.788121053992, 37.1905549401643], [-121.788219053902, 37.1906259401022], [-121.788382054108, 37.1907559402187], [-121.788478054368, 37.1908389402311], [-121.788607054239, 37.1909669398213], [-121.788699054301, 37.1910679403008], [-121.788898054492, 37.1913289399365], [-121.789007054272, 37.1914829398824], [-121.789065053999, 37.1915989403871], [-121.789084054265, 37.1916559405019], [-121.789195054593, 37.1915629399534], [-121.793734055773, 37.1976129401615], [-121.794435056105, 37.1985299402948], [-121.796353056254, 37.2010369402746], [-121.795233056521, 37.201464940459], [-121.792647055651, 37.202373940878], [-121.789856055641, 37.2015609411502], [-121.787698055291, 37.2020609414342], [-121.785970055113, 37.2019519411609], [-121.779348053927, 37.2023579420168], [-121.778970053635, 37.202831941899], [-121.778587054219, 37.2028199421108], [-121.778478053541, 37.202815941704], [-121.778151054201, 37.202804942194], [-121.778043053348, 37.2028019420671], [-121.777423054105, 37.2036159422923], [-121.775565053331, 37.2060609425208], [-121.774946053913, 37.2068769423928], [-121.775604053689, 37.2071399421961], [-121.777579054639, 37.2079289425457], [-121.77823805424, 37.2081929424692], [-121.778785054586, 37.2084169425257], [-121.779437054514, 37.2086829425787], [-121.779276054855, 37.2083499422623], [-121.779705054303, 37.2077389419315], [-121.781966054584, 37.2083919423703], [-121.786960056048, 37.209890941855], [-121.786815056283, 37.2111249419693], [-121.788157056672, 37.211317941716], [-121.788822056121, 37.2113909417769], [-121.790285056884, 37.2114269420553], [-121.790856056622, 37.2147139419157], [-121.792088057406, 37.2152859420879], [-121.793616057569, 37.2154779418088], [-121.795568058053, 37.2157429418991], [-121.797438057624, 37.214237941288], [-121.797579058089, 37.2142319412278], [-121.797717058182, 37.2142419418047], [-121.797860058297, 37.2142679415815], [-121.797989058168, 37.2143079417159], [-121.798100058496, 37.2143569415476], [-121.798974058182, 37.2148359417885], [-121.799053058723, 37.2148719411386], [-121.799145057887, 37.2148969412932], [-121.79926605826, 37.2149119416682], [-121.799309057918, 37.2149129417884], [-121.799371058741, 37.2149139411933], [-121.799483057995, 37.214900941775], [-121.799588058476, 37.214874941501], [-121.799605058194, 37.2148669412498], [-121.799690058583, 37.2148339415459], [-121.79972205837, 37.2148169416278], [-121.799859058637, 37.2147289416117], [-121.800122058403, 37.2145359412901], [-121.800288058084, 37.2144319410677], [-121.800374058298, 37.214383941412], [-121.800459058687, 37.2143479411137], [-121.800613058673, 37.2142969410193], [-121.800805058293, 37.2142449414768], [-121.801142058577, 37.2141699410553], [-121.801163058494, 37.2141639409897], [-121.80135205864, 37.2143039412026], [-121.801850058582, 37.2146729411578], [-121.801843058909, 37.2147619413615], [-121.801827059016, 37.2149979412326], [-121.801876058521, 37.2152049412878], [-121.801883059092, 37.2152279410999], [-121.801953058514, 37.2154469411679], [-121.802020058461, 37.2158309414478], [-121.802112058523, 37.2158259416225], [-121.802350059072, 37.2158149411473], [-121.802594058572, 37.2163419413024], [-121.806491059869, 37.216950941175], [-121.808496060057, 37.2171829409915], [-121.81146006032, 37.2175259410967], [-121.81155406093, 37.2175499410019], [-121.812555060837, 37.2189199409936], [-121.812535060746, 37.2192419411827], [-121.813344061033, 37.2192029408665], [-121.814787061705, 37.2200509405005], [-121.815842061141, 37.2201729410418], [-121.817146061895, 37.2203239406528], [-121.817537061707, 37.2195579403608], [-121.819025061687, 37.2203319403253], [-121.821152062074, 37.2203769403451], [-121.82444206275, 37.2204469400841], [-121.827481063356, 37.2205109401974], [-121.82760406338, 37.2205139396202], [-121.830793063774, 37.2205819398572], [-121.833781064326, 37.2193509393736], [-121.833715064204, 37.2195409393612], [-121.833629063991, 37.2197459397146], [-121.833596064379, 37.2198159393238], [-121.833189063774, 37.2207059396266], [-121.833121064002, 37.2208769397127], [-121.833120064177, 37.2209349399341], [-121.833139064444, 37.2209839397534], [-121.833173063881, 37.2210259392666], [-121.833263064293, 37.2210869394887], [-121.833323064567, 37.2211189392806], [-121.833422064301, 37.2211719398451], [-121.833637064386, 37.2212719399312], [-121.833780064502, 37.221325939708], [-121.833714064379, 37.2214869394886], [-121.833518064561, 37.2219719396832], [-121.833454064088, 37.2221339395401], [-121.833603064051, 37.2221979396527], [-121.833654064105, 37.2222199394552], [-121.833858064319, 37.2223029399208], [-121.83403706442, 37.2223669398899], [-121.834060064884, 37.2223719392816], [-121.834088064473, 37.222378939431], [-121.834159064618, 37.2223799394523], [-121.834221064543, 37.2223679399114], [-121.834247064482, 37.2224149394735], [-121.83428606484, 37.222451939519], [-121.834339064543, 37.2224789393475], [-121.834857064577, 37.2226569398294], [-121.834966064357, 37.2226959397905], [-121.835297064793, 37.2228149395838], [-121.836344064732, 37.2232119396879], [-121.836680065191, 37.2233329393997], [-121.83692406469, 37.2234089393026], [-121.837098064767, 37.2234769397909], [-121.837143064973, 37.2235099392904], [-121.83717506476, 37.2235529395487], [-121.837190064829, 37.2236039398233], [-121.837186064631, 37.2236539393437], [-121.837182065331, 37.2236649393911], [-121.83717106546, 37.223707939561], [-121.837117065034, 37.2238339392024], [-121.837022065497, 37.2240369393344], [-121.836830064978, 37.2244169395434], [-121.836925065413, 37.2244199395261], [-121.837831064886, 37.2247379398808], [-121.840222065762, 37.2255779396861], [-121.840756065689, 37.2253779393549], [-121.840791065849, 37.2251259392982], [-121.841590066091, 37.2246859389517], [-121.84183206594, 37.2245529393562], [-121.841848065834, 37.2244829391361], [-121.841855065506, 37.2244579392971], [-121.841897066237, 37.2243609391284], [-121.841957065614, 37.224266939539], [-121.842034065606, 37.2241809390968], [-121.842121065645, 37.2241079392517], [-121.842256066263, 37.2240199393444], [-121.842326065684, 37.2239739393519], [-121.842496065564, 37.223881939283], [-121.842602065869, 37.2238279391902], [-121.842707066349, 37.2237689390447], [-121.842804065535, 37.2237029388272], [-121.842942065628, 37.2236119391479], [-121.843172065781, 37.2234539389173], [-121.843223065835, 37.2234179393708], [-121.843336065813, 37.2233399387445], [-121.843375066171, 37.2233059391616], [-121.843423065852, 37.2232649387816], [-121.843431066248, 37.2232579387144], [-121.84347106643, 37.2232209390642], [-121.843535066005, 37.2231619391592], [-121.843873066113, 37.2228539387478], [-121.843956065954, 37.2227789390169], [-121.843990066289, 37.222756938662], [-121.844126065833, 37.2226679393069], [-121.844288066215, 37.2225789391314], [-121.844462066292, 37.2224979390091], [-121.844980066326, 37.222286938847], [-121.845255065787, 37.2221879386998], [-121.845290065948, 37.2221759391283], [-121.84538906658, 37.2221529385733], [-121.845484066116, 37.2221429390451], [-121.845552065888, 37.2221479384517], [-121.845597066094, 37.2221589387187], [-121.846685066041, 37.2215409383961], [-121.846823066133, 37.2215749387747], [-121.847273066395, 37.2211139383752], [-121.847531066137, 37.2208509386369], [-121.847433066228, 37.2208469384706], [-121.847185066531, 37.2208589382535], [-121.846886065882, 37.2208749389149], [-121.846443066191, 37.2208509386369], [-121.846357065977, 37.2208469384706], [-121.846196066319, 37.2208469384706], [-121.846240065802, 37.2207679387196], [-121.846376066244, 37.2205309382545], [-121.84642106645, 37.2204529389346], [-121.846479066176, 37.2204409383718], [-121.846653066253, 37.2204069389127], [-121.846712065805, 37.2203959383901], [-121.846806066414, 37.220410938387], [-121.846892066628, 37.2204259383809], [-121.847091065921, 37.2204579384532], [-121.847186066356, 37.2204739384843], [-121.847253066303, 37.2204819388562], [-121.847370066479, 37.2205049384901], [-121.847454066145, 37.2205219385572], [-121.847521066092, 37.2205359384833], [-121.847656066709, 37.2205639383276], [-121.84771506626, 37.2205789382911], [-121.847780066558, 37.2205969383864], [-121.848054066194, 37.2206749382727], [-121.848287066721, 37.2207539388365], [-121.848321066158, 37.2207659386342], [-121.848473066494, 37.2208259383094], [-121.848611066586, 37.2208829385289], [-121.848671066861, 37.220908938163], [-121.849263066514, 37.2211689383024], [-121.849291067002, 37.2211819387866], [-121.849463066531, 37.2212499384214], [-121.849569066836, 37.2212839382158], [-121.849747067111, 37.2213259382773], [-121.850608067277, 37.221531938104], [-121.850895067332, 37.2216009381702], [-121.851110067417, 37.221651938334], [-121.85151006745, 37.2217489384103], [-121.851756067497, 37.2218109380765], [-121.851972067408, 37.2218659382109], [-121.852580066955, 37.2220519381989], [-121.852736067489, 37.2220999379829], [-121.852876067231, 37.2221379382075], [-121.853768067358, 37.2223869381702], [-121.854066067284, 37.222469938452], [-121.854442067926, 37.2225719382854], [-121.854839067586, 37.2226809381021], [-121.855574067355, 37.2228689382558], [-121.855952067647, 37.2229659381975], [-121.856395068236, 37.2230749381602], [-121.857115067936, 37.2232519379411], [-121.857724068207, 37.2234059378491], [-121.85777506826, 37.2234189379476], [-121.858069067988, 37.2234799383804], [-121.858151068004, 37.2234889377247], [-121.858173068644, 37.2234899377313], [-121.858253068111, 37.2234929377509], [-121.858499068158, 37.2234889377247], [-121.858577067976, 37.2234879377182], [-121.859478068325, 37.2234699375975], [-121.859640068706, 37.223458938237], [-121.859803068913, 37.2234349380659], [-121.859879068183, 37.2234179379401], [-121.859987068138, 37.2233829376691], [-121.860031068519, 37.2233689375562], [-121.860228068162, 37.2232869375576], [-121.86041106846, 37.2231919380498], [-121.860503068522, 37.223132938122], [-121.860666068728, 37.2230319376293], [-121.860778068881, 37.2229469379386], [-121.860996068441, 37.2227639380603], [-121.861132068884, 37.2226509375776], [-121.861287068694, 37.2225139378921], [-121.861954068691, 37.2219219376171], [-121.862093068608, 37.2217999377587], [-121.862165068578, 37.2217419374871], [-121.862281068929, 37.2216509375878], [-121.861913068683, 37.2214049374439], [-121.861816068599, 37.2213319377732], [-121.861216068549, 37.2208809377314], [-121.860730068303, 37.220518937704], [-121.860475068034, 37.2203039375334], [-121.860467068537, 37.2202969379069], [-121.860115068184, 37.2200059374248], [-121.860042068389, 37.2199439377055], [-121.85994606813, 37.2198799378265], [-121.8596600679, 37.2196899372621], [-121.859637068333, 37.2196749378372], [-121.859566068188, 37.2196259378829], [-121.859461067708, 37.2195529379211], [-121.859148067714, 37.2193359377352], [-121.859044067956, 37.2192639375554], [-121.858960068291, 37.2192059374798], [-121.858859068009, 37.2191319377626], [-121.858309068188, 37.2187309373654], [-121.85812606789, 37.2185979372838], [-121.857973067729, 37.2184859377863], [-121.857654067886, 37.218260937501], [-121.85738406755, 37.218073937386], [-121.855354067247, 37.2166709374367], [-121.85514506701, 37.2165229379638], [-121.854909067008, 37.216355937712], [-121.854455066548, 37.2160279374479], [-121.854407066868, 37.2159949375364], [-121.854317066456, 37.215932937382], [-121.854049066668, 37.2157489375468], [-121.853960066979, 37.2156879373002], [-121.854169066318, 37.215492937776], [-121.854286066494, 37.2153849377016], [-121.854384066403, 37.2152919377719], [-121.854518067196, 37.2151799376583], [-121.854657067113, 37.2150819376013], [-121.854820066421, 37.214986937775], [-121.854847067084, 37.2149729375345], [-121.854986067001, 37.2149069374896], [-121.85511006685, 37.2148619377836], [-121.855187066842, 37.2148339372536], [-121.855276066531, 37.2148069375501], [-121.855353066524, 37.2147849377316], [-121.85554006702, 37.2147459372572], [-121.855731066816, 37.2147219371754], [-121.855795067288, 37.2147189375223], [-121.855971067015, 37.2147109372546], [-121.856127066651, 37.2147109372546], [-121.856595067354, 37.2147109372546], [-121.856752066815, 37.2147119373775], [-121.85679906667, 37.2147119373775], [-121.856940067136, 37.2147119373775], [-121.856987066991, 37.2147119373775], [-121.857192067031, 37.2147119373775], [-121.857809066799, 37.2147119373775], [-121.858015067561, 37.2147119373775], [-121.858017067211, 37.2145259371751], [-121.858009066815, 37.2143759375318], [-121.858004066792, 37.2142529375015], [-121.857951067089, 37.2133719374485], [-121.857932066822, 37.2130379369332], [-121.857918067477, 37.2128019373697], [-121.857879067119, 37.2120949372695], [-121.8578660667, 37.2118599370635], [-121.857848067157, 37.2115459367327], [-121.857803066951, 37.2107409370536], [-121.857809066799, 37.2106279371613], [-121.857810066624, 37.2106059368397], [-121.857819066845, 37.2104939369241], [-121.857811066449, 37.2102929371953], [-121.857799066753, 37.2101129372187], [-121.857773066814, 37.2097059371114], [-121.857769066616, 37.2095759367165], [-121.857766066243, 37.2094449366203], [-121.857772066989, 37.2093969366537], [-121.857799066753, 37.2093129368176], [-121.857846066609, 37.2092269364968], [-121.857909066358, 37.2091509366142], [-121.857981066328, 37.2090889365591], [-121.858070066915, 37.2090329369272], [-121.858167066999, 37.2089909364605], [-121.858339066528, 37.2089289369894], [-121.858455066879, 37.2088699366376], [-121.858569066682, 37.2087929369096], [-121.858667066591, 37.2087099366036], [-121.858755066455, 37.2086149366241], [-121.8588260666, 37.2085149369307], [-121.858884066326, 37.2084059366775], [-121.858919066486, 37.208301936591], [-121.858938066753, 37.2081889366235], [-121.858937066928, 37.2080599366881], [-121.858915066288, 37.2079439364359], [-121.858848066341, 37.2077609366499], [-121.858763066851, 37.2075969369728], [-121.858664066218, 37.2074459369289], [-121.858609066865, 37.2073749363537], [-121.858563066834, 37.2072919366344], [-121.858492066689, 37.2071289368771], [-121.858453066331, 37.2070069367055], [-121.85843306624, 37.2068809368607], [-121.858429066042, 37.2068189363715], [-121.858436066613, 37.2065069362755], [-121.858492066689, 37.2053399366166], [-121.858596066446, 37.2049299364814], [-121.858803066135, 37.2044529361196], [-121.858995066654, 37.2041489362165], [-121.859207066366, 37.2040249364222], [-121.85940206636, 37.2042029360863], [-121.859434066147, 37.2042329360768], [-121.859531066232, 37.2043229359766], [-121.859564066742, 37.2043529366349], [-121.85968806659, 37.2041899362537], [-121.859807066416, 37.2040359364699], [-121.85982306631, 37.2040209360792], [-121.860121066235, 37.20375493605], [-121.860274066396, 37.2036189359473], [-121.860370066656, 37.2034479360963], [-121.860370066656, 37.2032019359826], [-121.860424066184, 37.2030029359905], [-121.860390066747, 37.2028989363288], [-121.860273066571, 37.2027889362692], [-121.860225065993, 37.2026399357571], [-121.860245066084, 37.2023819360142], [-121.860184065985, 37.2023159364042], [-121.859929065716, 37.2021459360371], [-121.859911066173, 37.2021109359141], [-121.859771066431, 37.2018329363634], [-121.85976406586, 37.2017779359346], [-121.859721066202, 37.2017159362618], [-121.85962006592, 37.2015689363725], [-121.859566066392, 37.2015099359908], [-121.859434066147, 37.2013659358842], [-121.859379065896, 37.2012779359224], [-121.859208066191, 37.2011079360797], [-121.859166066359, 37.2010249359079], [-121.859071065924, 37.2009189357713], [-121.858926066159, 37.2007559358447], [-121.858909065542, 37.2007209357925], [-121.858864066235, 37.20062393587], [-121.858706066051, 37.2003929362532], [-121.858698065655, 37.2003809360773], [-121.85891106609, 37.2003839363003], [-121.862559066069, 37.2004149359746], [-121.86257706651, 37.2006499360459], [-121.862580066883, 37.2029329358074], [-121.862582066533, 37.20375493605], [-121.862536066503, 37.2039619361833], [-121.863242066857, 37.2039579358369], [-121.863745066823, 37.203907936141], [-121.863981066824, 37.2039189362057], [-121.864529066995, 37.2039479360435], [-121.867627067153, 37.203940935615], [-121.872631068662, 37.2038929350095], [-121.876184069105, 37.2038639351505], [-121.876252068877, 37.2067119355575], [-121.876259069448, 37.2071949351401], [-121.876282069014, 37.2086459357796], [-121.87629006941, 37.2091299353434], [-121.87629206906, 37.2092669357264], [-121.87630106928, 37.2096789355729], [-121.876304069653, 37.2098169358624], [-121.876243069554, 37.2107759353208], [-121.876243069554, 37.2111009357276], [-121.88080706995, 37.2110069353531], [-121.880864070749, 37.2136419356063], [-121.884621071406, 37.2136439351651], [-121.890382072426, 37.2136539351045], [-121.892902072275, 37.2136579349369], [-121.893124072033, 37.2136579349369], [-121.894728072363, 37.2136729348427], [-121.894844072714, 37.2155339345114], [-121.89486507263, 37.2166539350711], [-121.894852074008, 37.2216789355876], [-121.894819073498, 37.2218919353601], [-121.895155073957, 37.2220279354341], [-121.896301073629, 37.2225139350308], [-121.896736073823, 37.222690935413], [-121.89712207451, 37.2228249354463], [-121.897393073774, 37.222911935303], [-121.897574074422, 37.2229689353767], [-121.897757073822, 37.2230279354328], [-121.898118074395, 37.2231499354508], [-121.898299074145, 37.223211935396], [-121.898504074184, 37.2232759353091], [-121.899122074676, 37.2234679354379], [-121.89932807454, 37.2235329351397], [-121.899510074115, 37.2235909354647], [-121.89992607494, 37.2237239353261], [-121.900057074461, 37.2237709347585], [-121.900238075109, 37.2238359349146], [-121.900407074266, 37.223911935026], [-121.900553074754, 37.2239789350607], [-121.90078807493, 37.2240949349799], [-121.900908074581, 37.2241599348567], [-121.901072074612, 37.2242489353125], [-121.901144074583, 37.2242059347357], [-121.901210074705, 37.224145934888], [-121.901570074555, 37.2237209353157], [-121.901632074479, 37.2236189348903], [-121.90167607486, 37.2235149350299], [-121.901696074952, 37.2234599346674], [-121.901729074563, 37.2234209351014], [-121.901781074442, 37.2233899348633], [-121.901839075067, 37.2233759347517], [-121.901897074793, 37.2233769347598], [-121.902113074703, 37.2233829348079], [-121.902826074731, 37.2233879348476], [-121.904512075077, 37.2234089350108], [-121.904632075626, 37.223410935026], [-121.904832075642, 37.223422934401], [-121.905023075438, 37.2234489345901], [-121.905206075736, 37.2234869348503], [-121.905463075654, 37.2235589345756], [-121.905542075297, 37.2233819347999], [-121.905547075319, 37.2233729347274], [-121.905760075755, 37.2228439343053], [-121.905766075603, 37.2228299348076], [-121.905825075154, 37.22266193491], [-121.905832075725, 37.222639934521], [-121.905855075291, 37.2225729347275], [-121.905863075687, 37.2225519343315], [-121.905923075063, 37.2223769343811], [-121.905971075642, 37.2221779348843], [-121.905989075185, 37.222104934531], [-121.906024075345, 37.2219129345091], [-121.90605107511, 37.2217739348552], [-121.906096075315, 37.2214629343981], [-121.906105075536, 37.2214059346168], [-121.906995075116, 37.2219299342588], [-121.906879075663, 37.2219919344917], [-121.906683075845, 37.2221929345267], [-121.90662507522, 37.2222739342614], [-121.90658607576, 37.2223309348173], [-121.906517075265, 37.2225369347605], [-121.906487075128, 37.2226339344138], [-121.906443075645, 37.2227409348233], [-121.906361075629, 37.2229509344169], [-121.906311075401, 37.2230669344867], [-121.906248075651, 37.22314493468], [-121.906186075727, 37.2232339349029], [-121.905985075886, 37.2235189343393], [-121.905883075778, 37.2236639343797], [-121.905781075671, 37.2238089348565], [-121.905758075207, 37.2238899350016], [-121.905555075715, 37.2243829347236], [-121.90622607591, 37.2254919350165], [-121.906808075518, 37.2264579345562], [-121.908456076229, 37.2260799345617], [-121.908769076224, 37.2258499348792], [-121.909056076279, 37.225507934695], [-121.909053075906, 37.2254949349565], [-121.909258075945, 37.2253919348031], [-121.909535075955, 37.2253009343006], [-121.909845076474, 37.2252419345921], [-121.910186076058, 37.2252159343058], [-121.910435076478, 37.2251149344568], [-121.91052907619, 37.225035934169], [-121.910649076739, 37.2250569345886], [-121.910783076633, 37.2250729343593], [-121.911145076133, 37.2251139344718], [-121.912868077187, 37.2253259345753], [-121.912864076989, 37.2254139343894], [-121.912884077081, 37.226694934279], [-121.912693077285, 37.226694934279], [-121.9124170771, 37.2266989341351], [-121.91149607666, 37.226713934309], [-121.911303076316, 37.226713934309], [-121.91130607669, 37.2273979343477], [-121.911303076316, 37.2275379343186], [-121.910980076276, 37.2275419348453], [-121.910663076982, 37.2275459346565], [-121.909745076915, 37.2275599347094], [-121.909734076146, 37.2281919350004], [-121.909736076694, 37.2290539349118], [-121.909592076754, 37.2290609351561], [-121.909765077007, 37.2292249346672], [-121.909769077205, 37.2305909346607], [-121.910160077017, 37.2305879349234], [-121.910478077034, 37.2305859350986], [-121.910522077415, 37.2305849351861], [-121.910607076906, 37.2305849351861], [-121.911050077495, 37.2305619350499], [-121.91120807678, 37.230553935032], [-121.911221077199, 37.2334579351168], [-121.911234077618, 37.2363149354667], [-121.911371077885, 37.2363129350784], [-121.911480077665, 37.236311935242], [-121.911781077964, 37.2363079351806], [-121.912443077938, 37.2362999350571], [-121.912687078335, 37.2362899352593], [-121.912822078055, 37.2362859351967], [-121.912988077736, 37.2362649350436], [-121.913227078111, 37.2362549352411], [-121.913854077924, 37.236248935502], [-121.913911077826, 37.236251935014], [-121.914036078398, 37.2362509351766], [-121.914893078365, 37.2362249351104], [-121.914936078023, 37.2362319354042], [-121.915017078214, 37.2362419352097], [-121.915753078706, 37.2362369353071], [-121.916699078362, 37.236231934689], [-121.916982078219, 37.2362299350138], [-121.917010078706, 37.2362299350138], [-121.917210078723, 37.2362279346234], [-121.917309078457, 37.2362249351104], [-121.917713078688, 37.2362149345874], [-121.918603079166, 37.2361949349677], [-121.918839079168, 37.2362009347111], [-121.919170078705, 37.2362029351023], [-121.919309078623, 37.2362129349117], [-121.919531079279, 37.2362139347496], [-121.920526079339, 37.2362039349403], [-121.920723078982, 37.2361849344408], [-121.921823079522, 37.2361999348732], [-121.922624079413, 37.2361919347383], [-121.923660079481, 37.236185934279], [-121.9243930796, 37.236164934098], [-121.924562079654, 37.2361619345825], [-121.925124080069, 37.2361519340512], [-121.925105079803, 37.2391709343048], [-121.925113080199, 37.2392999346752], [-121.925122080419, 37.2400999345764], [-121.924332080399, 37.240104934938], [-121.92431907998, 37.2398519349645], [-121.923418079632, 37.2398399346281], [-121.923339079989, 37.2398389348383], [-121.923347080385, 37.2402219348647], [-121.92327807989, 37.2402229346493], [-121.923248079752, 37.2402239351491], [-121.92321508014, 37.2402249349338], [-121.923212079767, 37.2403169350872], [-121.923214080315, 37.24051493485], [-121.923237079882, 37.2426249347771], [-121.92281808048, 37.2426319351917], [-121.922679080563, 37.2426349351648], [-121.92267807984, 37.2426529350012], [-121.922680080388, 37.2428059348675], [-121.922684080586, 37.2430789348811], [-121.922680080388, 37.2433209354259], [-121.922680080388, 37.243358934968], [-121.922667079969, 37.2434929354588], [-121.922852079917, 37.2434919350024], [-121.923410080134, 37.243487935322], [-121.923596080805, 37.243487935322], [-121.923872080091, 37.2434849353828], [-121.924702080295, 37.2434779350475], [-121.92491708038, 37.243476935306], [-121.924979080304, 37.243476935306], [-121.92512008077, 37.2434779350475], [-121.925174080298, 37.2434789347889], [-121.925150080907, 37.2426999347922], [-121.925137080488, 37.2411599351514], [-121.925506080559, 37.241158934664], [-121.925618080712, 37.2411499345679], [-121.925639080628, 37.2411239347611], [-121.925643080826, 37.2411069350476], [-121.925668080042, 37.2410969344571], [-121.925858080911, 37.2410969344571], [-121.926078080121, 37.2410869345804], [-121.926331080739, 37.2410879350688], [-121.926467080284, 37.2410949349109], [-121.926544080276, 37.2410859348073], [-121.92654708065, 37.2411099343663], [-121.926564080368, 37.2411239347611], [-121.92658208081, 37.2411559346321], [-121.927556080953, 37.2411449349908], [-121.927562080801, 37.2417719348644], [-121.927568080649, 37.2424299348174], [-121.92755308058, 37.242654934506], [-121.927627081098, 37.2426559349736], [-121.927637081144, 37.2434559350109], [-121.927723081358, 37.243454934554], [-121.927870080772, 37.2434349347099], [-121.928286080699, 37.2434299345693], [-121.928493081287, 37.2434149348605], [-121.928675080861, 37.2434259348856], [-121.929041081458, 37.2434299345693], [-121.929343081581, 37.2434279343699], [-121.929418081026, 37.2434269346278], [-121.929545081248, 37.2434299345693], [-121.929694081211, 37.2434459347321], [-121.929903081448, 37.2434449349902], [-121.929963081723, 37.2434459347321], [-121.930090081046, 37.2434419343341], [-121.93047508101, 37.2434299345693], [-121.930563081772, 37.2434279343699], [-121.930559081574, 37.2430889344935], [-121.930554081551, 37.2425189344472], [-121.930552081003, 37.2424149341945], [-121.931120081266, 37.2424119342126], [-121.931201081457, 37.2424069347192], [-121.931211081502, 37.2428969342668], [-121.931221081548, 37.2431649345077], [-121.931228081221, 37.2432719343884], [-121.93125408116, 37.2434239346861], [-121.931495081185, 37.2434349347099], [-121.931519081474, 37.2434349347099], [-121.932095081234, 37.2434299345693], [-121.932221081631, 37.2434289348271], [-121.932464081305, 37.2434279343699], [-121.932525081404, 37.2434269346278], [-121.932708081703, 37.2434269346278], [-121.932770081627, 37.2434269346278], [-121.933327082019, 37.2434239346861], [-121.933820081938, 37.2434219344866], [-121.933820081938, 37.2417289342686], [-121.93381808139, 37.2402249342186], [-121.933819081215, 37.2401689341013], [-121.933945081612, 37.2401699338867], [-121.934038081498, 37.2401699338867], [-121.934318081881, 37.2401729339578], [-121.934412081592, 37.2401739337431], [-121.934531081418, 37.2401719341725], [-121.934581081646, 37.2401719341725], [-121.934653081616, 37.2401709343872], [-121.934641081921, 37.2391879337398], [-121.934643081571, 37.2380099339089], [-121.93461008106, 37.2368789341084], [-121.934652080893, 37.2368669340139], [-121.934715081541, 37.2368419339896], [-121.934729081784, 37.2368379339563], [-121.934792081534, 37.2367969337818], [-121.934775080917, 37.2367419338094], [-121.934769081069, 37.2361639335443], [-121.938155082005, 37.2361349332163], [-121.938378081588, 37.2361339333774], [-121.938526081726, 37.2361329335385], [-121.938713082222, 37.2361319336996], [-121.939720081977, 37.2361269330745], [-121.940056082436, 37.2361259332356], [-121.940269081973, 37.2361249333965], [-121.940276082544, 37.2368409334449], [-121.94028808224, 37.237881933292], [-121.940307082506, 37.2397079336618], [-121.940324082225, 37.2408799340464], [-121.940338082468, 37.2422779339452], [-121.940339083192, 37.2426999340771], [-121.940345083039, 37.2433999337185], [-121.940558082576, 37.2433929340904], [-121.940662083232, 37.2433889336897], [-121.940803082799, 37.2433839342611], [-121.940976083051, 37.2433589335377], [-121.941080082808, 37.2433449335581], [-121.941153082603, 37.2433449335581], [-121.941262083281, 37.2433449335581], [-121.941810083452, 37.2433449335581], [-121.941993082852, 37.2433449335581], [-121.942306082847, 37.2433409338699], [-121.942993082935, 37.2433349339797], [-121.943245083728, 37.2433449335581], [-121.943558083723, 37.2433589335377], [-121.943728083602, 37.2433489339612], [-121.943789083701, 37.2433459340164], [-121.94423808324, 37.2433399334115], [-121.944409083843, 37.2433389336682], [-121.944507083752, 37.2433379339249], [-121.944616083532, 37.2433359337231], [-121.944714083441, 37.2433349339797], [-121.944916084006, 37.2433439338149], [-121.945145083436, 37.2433559335934], [-121.945236083673, 37.2433619334819], [-121.945443083362, 37.2433769339164], [-121.945594083873, 37.243393933833], [-121.945641083729, 37.2433999337185], [-121.945820083829, 37.243443933818], [-121.945923083761, 37.2434769338757], [-121.946034084089, 37.2435169335363], [-121.946178084029, 37.2435689336354], [-121.946225083885, 37.2435859335087], [-121.946243083428, 37.243592933834], [-121.946278083588, 37.2437399333643], [-121.946471083932, 37.2444349332839], [-121.946479084328, 37.2445339335422], [-121.946534083681, 37.2446759333244], [-121.9465470841, 37.2447089335579], [-121.94664508401, 37.2450739338969], [-121.946692083865, 37.2452459335046], [-121.946729083675, 37.2453819336482], [-121.946756084338, 37.2454829335225], [-121.946884084384, 37.2459569334675], [-121.946899084453, 37.2459549340503], [-121.947090084248, 37.2466489338661], [-121.947106084142, 37.2467079339853], [-121.947820083994, 37.2467149340206], [-121.948155084629, 37.247882933975], [-121.948197084461, 37.2478739339668], [-121.94821008488, 37.2478719338854], [-121.948374084912, 37.2478399340056], [-121.948412084546, 37.2478329340748], [-121.948527085072, 37.2478109338794], [-121.948566084532, 37.2478049336299], [-121.94889308477, 37.2477249338339], [-121.948997084527, 37.2477079334641], [-121.949097084985, 37.2476919334911], [-121.949263084666, 37.2476649333949], [-121.949522085132, 37.2476339338286], [-121.950254084528, 37.2475049334206], [-121.95032008465, 37.2474939332758], [-121.950375084902, 37.2476959336634], [-121.950463084765, 37.2480149334949], [-121.950544084956, 37.2483019337225], [-121.950601084858, 37.2485049337641], [-121.950639085391, 37.2486459335416], [-121.950689084721, 37.2488279338583], [-121.950755084844, 37.2490689334362], [-121.950794085202, 37.2492099335885], [-121.950826084989, 37.2493299333885], [-121.950924084898, 37.2496929334794], [-121.950946085538, 37.2497719336733], [-121.950957085408, 37.2498139335978], [-121.950980084974, 37.2498949336926], [-121.951053085668, 37.2501419334969], [-121.951072085036, 37.250219933568], [-121.95112308509, 37.2504369335426], [-121.951218085524, 37.2507709336036], [-121.951225085197, 37.2507949336538], [-121.951413085518, 37.2514849339708], [-121.951572085526, 37.2520379340219], [-121.951675085459, 37.252418933586], [-121.951780085939, 37.2528009337014], [-121.951820086122, 37.2529709336016], [-121.951908085985, 37.2529789341006], [-121.951936085575, 37.2529839336076], [-121.95205308575, 37.2530649338696], [-121.95214908601, 37.253117934144], [-121.952253085767, 37.2531749342626], [-121.952047085903, 37.2534479338938], [-121.951938086123, 37.2536129342992], [-121.951960085864, 37.2537309343112], [-121.95198108578, 37.2538469342155], [-121.951901085414, 37.2539329337088], [-121.951882086046, 37.2539559338642], [-121.951743086129, 37.2541249337031], [-121.951630086151, 37.2542669340024], [-121.951604086212, 37.2542989340127], [-121.951524085846, 37.2544009344018], [-121.951513085975, 37.2544149337574], [-121.951547085412, 37.2544179339765], [-121.952025086161, 37.2546719339796], [-121.952347086377, 37.2548309341594], [-121.952476086248, 37.2548949344024], [-121.953098086039, 37.2552009341645], [-121.953213086565, 37.2552579341371], [-121.953901086478, 37.255596934325], [-121.95400608606, 37.2556479343732], [-121.95411108654, 37.255699933966], [-121.954196086031, 37.255741934161], [-121.954579086346, 37.2559309336763], [-121.954609086483, 37.2558939343306], [-121.954846086309, 37.2560119343447], [-121.95502308676, 37.2560989338006], [-121.955116086646, 37.2561449342119], [-121.955161086852, 37.2561669341189], [-121.955227086974, 37.2562009338975], [-121.955243086868, 37.2562099343411], [-121.95535708667, 37.2562689341238], [-121.955201087035, 37.2564919341091], [-121.955119087019, 37.2566039343529], [-121.954953086439, 37.2568289339052], [-121.954795086256, 37.2570439343113], [-121.954730086857, 37.2571309340052], [-121.953857086996, 37.2582139341122], [-121.953834086531, 37.2582689341445], [-121.954025086327, 37.2583879342719], [-121.954218086671, 37.2585079344684], [-121.954375087029, 37.2585809346076], [-121.954431087106, 37.2586399339633], [-121.954479086786, 37.2586979344481], [-121.954517086421, 37.2587409339405], [-121.954588086566, 37.258824934491], [-121.954664086734, 37.2589129345245], [-121.955512087379, 37.2599309343123], [-121.955545086991, 37.259970934533], [-121.956219087559, 37.260779934382], [-121.956240087476, 37.2608039341033], [-121.95627808711, 37.2608149344497], [-121.956429087621, 37.2608599346151], [-121.956782086901, 37.2609139346352], [-121.95705708726, 37.2609539343337], [-121.957953087586, 37.2610349338906], [-121.958719087317, 37.2611219339797], [-121.959183087822, 37.2611749343052], [-121.959625087688, 37.2612389341629], [-121.96029308751, 37.2613349338475], [-121.961010087735, 37.2614409341615], [-121.961773087992, 37.2615549339144], [-121.96181208835, 37.2615609337837], [-121.961932088, 37.2615789341038], [-121.961973088008, 37.2615849339712], [-121.961933087825, 37.2616249340284], [-121.961746088227, 37.2618649339253], [-121.961323088628, 37.2624149343793], [-121.961089088276, 37.2627259339112], [-121.960873088366, 37.2630149342584], [-121.961023088154, 37.2630349339099], [-121.961143087805, 37.2630549342711], [-121.961266087828, 37.263077934501], [-121.962441088712, 37.2632999341529], [-121.962833088349, 37.2633749343222], [-121.962795088714, 37.2635229340558], [-121.962681088911, 37.2639669343713], [-121.962643088378, 37.2641149343714], [-121.962803088212, 37.2641149343714], [-121.962875088182, 37.2641129340062], [-121.963571088491, 37.2640989343081], [-121.963803089193, 37.2640949342917], [-121.964365088709, 37.2640909342752], [-121.965553089113, 37.2640849338925], [-121.966051089055, 37.2640799336923], [-121.96661308947, 37.2640749342068], [-121.966703088983, 37.2640729338406], [-121.96697308932, 37.2640659339881], [-121.967063088833, 37.2640649338049], [-121.96771708931, 37.2640549341166], [-121.96967908984, 37.26402393343], [-121.970333089418, 37.2640149339201], [-121.970563089572, 37.2640049335102], [-121.970670089702, 37.2640029338571], [-121.971673090158, 37.2639849334014], [-121.971863090129, 37.2639549335857], [-121.971893090266, 37.2639449331678], [-121.971943089596, 37.2639149333361], [-121.972003089871, 37.2638849334924], [-121.972153089659, 37.2640349333061], [-121.972184089621, 37.2640639336216], [-121.972741090013, 37.2645889336315], [-121.972927089785, 37.2647639335364], [-121.973025090593, 37.2648559337563], [-121.973243090153, 37.2650349337223], [-121.97334708991, 37.2650989331595], [-121.973373090748, 37.2651149337253], [-121.973474090132, 37.2651449337938], [-121.973573090764, 37.2651749331355], [-121.973785090476, 37.2651909336851], [-121.97381209024, 37.2651929333068], [-121.974059090113, 37.2651679333855], [-121.974076090729, 37.2651659337632], [-121.974607090284, 37.2651969332648], [-121.974806090475, 37.2652089331376], [-121.974875090971, 37.2652089331376], [-121.975493090564, 37.2651749331355], [-121.976283090584, 37.265134933534], [-121.976673090571, 37.2651049334615], [-121.977280091192, 37.2650699332425], [-121.977373091078, 37.2650649331078], [-121.978223091373, 37.2650149331721], [-121.97871309092, 37.2649549329194], [-121.979097091059, 37.2649019331092], [-121.979241090999, 37.2649019331092], [-121.979673090819, 37.2649019331092], [-121.979818091483, 37.2649029332813], [-121.979927091263, 37.2649229331463], [-121.980093090944, 37.264953932748], [-121.980366091654, 37.2650059330657], [-121.980921091498, 37.2651099328786], [-121.981197091682, 37.2651619330886], [-121.981321091531, 37.2651589325826], [-121.981496091433, 37.2651559327913], [-121.981680091556, 37.2650839327601], [-121.981796091907, 37.2650399331441], [-121.981893091991, 37.2649799329113], [-121.982116091574, 37.2648449325703], [-121.982184091346, 37.2648029331615], [-121.98228109143, 37.2647439329142], [-121.982409091477, 37.2647479328961], [-121.982633091783, 37.2647549326851], [-121.982794091441, 37.2647489330702], [-121.982923091313, 37.2647449330884], [-121.983029091618, 37.2647449330884], [-121.983043091862, 37.2647449330884], [-121.983233091833, 37.2647149328604], [-121.983262092145, 37.2647109328768], [-121.983345091986, 37.2646979327498], [-121.983451091392, 37.2646829329855], [-121.983503092169, 37.2646749330146], [-121.983610091401, 37.2646519325574], [-121.984086091602, 37.2645539324578], [-121.984133091458, 37.2645449330113], [-121.984243091961, 37.2645149327037], [-121.984299092038, 37.2645019325429], [-121.984468092092, 37.2644659325807], [-121.984525091993, 37.2644539325895], [-121.984724092185, 37.2644099326054], [-121.98532309241, 37.2642799328596], [-121.98544309206, 37.2642549326353], [-121.985523092426, 37.2642349325928], [-121.985603091894, 37.2642249322122], [-121.986060091828, 37.2641239324394], [-121.986653092205, 37.2639949323841], [-121.987436092553, 37.263830932028], [-121.987895092137, 37.2637359321379], [-121.988008092115, 37.2637119326358], [-121.988283092475, 37.263654932626], [-121.988349092597, 37.263639931939], [-121.9884630924, 37.2636149322172], [-121.98882309225, 37.2635349320506], [-121.989209092938, 37.2634629318995], [-121.98949509227, 37.2634099324691], [-121.990197092426, 37.2632789322333], [-121.990354092785, 37.2632499323304], [-121.990508092771, 37.2632169323533], [-121.990641092841, 37.26319793223], [-121.990763093039, 37.2631749320366], [-121.990915092477, 37.2631379319596], [-121.990984092972, 37.2631209322079], [-121.99119309321, 37.2630709316964], [-121.991263092631, 37.2630549321262], [-121.991341092449, 37.2630349317651], [-121.991575092801, 37.2629789321555], [-121.991654092444, 37.2629609321701], [-121.991713092893, 37.2629459320597], [-121.991891093168, 37.2629039323068], [-121.991951092545, 37.2628899316691], [-121.991951092545, 37.2628229319002], [-121.991909092712, 37.2626799317993], [-121.991792092536, 37.2623999320154], [-121.991737093183, 37.2621359316742], [-121.991727093137, 37.2620469316214], [-121.991704092672, 37.2618289319877], [-121.991682092931, 37.2616309317473], [-121.991696092276, 37.2613039320413], [-121.991702093023, 37.2611909321299], [-121.99177109262, 37.2610699316951], [-121.991805092955, 37.2609659320228], [-121.991825093046, 37.2606749319361], [-121.991860092308, 37.2606199315157], [-121.991825093046, 37.2604709315661], [-121.991794092186, 37.2599779319061], [-121.991826092871, 37.2597309314606], [-121.991873092727, 37.2596529319419], [-121.991907092164, 37.2596379318877], [-121.991953092194, 37.2596169318068], [-121.991984092157, 37.2596079317703], [-121.991981092682, 37.2595979314902], [-121.991890092445, 37.2592769315888], [-121.991927092255, 37.2592409319889], [-121.992140092691, 37.2591139319325], [-121.992154092934, 37.2590899316726], [-121.992233092577, 37.258953931247], [-121.992264092539, 37.2588999312518], [-121.99231209222, 37.2587679314976], [-121.992477092076, 37.2584659315257], [-121.992586092754, 37.2583119317368], [-121.992607092671, 37.2582839316114], [-121.99263509226, 37.2581409314724], [-121.992683092839, 37.2580259312936], [-121.992783092398, 37.257844931297], [-121.992841092124, 37.2577459313677], [-121.993337092417, 37.2569199313852], [-121.993503092098, 37.2566449316171], [-121.993289092736, 37.2561549313754], [-121.993123092156, 37.2557749309781], [-121.993023092597, 37.2555149314835], [-121.993003092506, 37.2554539312301], [-121.992976091843, 37.255394931524], [-121.992919091942, 37.2552689310034], [-121.992907092246, 37.2552179314137], [-121.992902092224, 37.2551379309083], [-121.99289909185, 37.2549699315009], [-121.99292509179, 37.2548589312782], [-121.993006091981, 37.254731930984], [-121.993057092034, 37.254629931043], [-121.993173092385, 37.2544049313579], [-121.993153092294, 37.254124930843], [-121.993153092294, 37.2540649312102], [-121.99313909205, 37.2538809307511], [-121.993123092156, 37.2536649310067], [-121.993087092171, 37.2535089307664], [-121.993134092027, 37.2533449311738], [-121.993194092302, 37.2532219310664], [-121.993354092135, 37.2530649310095], [-121.993398091618, 37.2529589310639], [-121.993443091824, 37.2528449311719], [-121.993513092144, 37.2527749307638], [-121.993575092068, 37.2527199310104], [-121.993646092213, 37.2526949312392], [-121.994224092521, 37.2524809309137], [-121.994260092507, 37.2524699307803], [-121.994308092187, 37.2524319308272], [-121.994541091816, 37.2522889310198], [-121.994837092092, 37.2520249309925], [-121.994967091788, 37.2518819311278], [-121.995104092055, 37.251683930482], [-121.99531009192, 37.2514309307665], [-121.99531909214, 37.2514079305553], [-121.995365092171, 37.2513049307666], [-121.995434091768, 37.2509809309228], [-121.99545409186, 37.2509259305749], [-121.995464091905, 37.2508499305221], [-121.995404091631, 37.2508349308601], [-121.995354092301, 37.2508099304635], [-121.995298092224, 37.2507929307896], [-121.995193091744, 37.2508149308295], [-121.995198091767, 37.2508029308086], [-121.995243091972, 37.2507149305967], [-121.995353092476, 37.2505849308107], [-121.995425092446, 37.2504889302968], [-121.995504092088, 37.2503859306819], [-121.995438091966, 37.2502929302977], [-121.995344092255, 37.2501619308459], [-121.995296091676, 37.2499489308471], [-121.995258092041, 37.2496579303891], [-121.99525109147, 37.2494879308793], [-121.99534509208, 37.2493669302374], [-121.995357091775, 37.2489909307435], [-121.995477091426, 37.2488409302888], [-121.995451091487, 37.2486059301677], [-121.99552409218, 37.2484849302547], [-121.995652092226, 37.2481089306501], [-121.995770092227, 37.2478889306428], [-121.995807092037, 37.2477589302716], [-121.995796092166, 37.247603930361], [-121.995735092067, 37.2474419301644], [-121.99563509161, 37.2472459301054], [-121.995516091784, 37.2470379303462], [-121.995223091881, 37.2467299302122], [-121.995258091143, 37.2466479305912], [-121.995316091767, 37.2466239306504], [-121.995435091593, 37.2466079304472], [-121.995498091342, 37.2465989302867], [-121.995736091892, 37.2465669305815], [-121.995817092083, 37.2465049305329], [-121.99602809197, 37.2464049303008], [-121.996113091461, 37.2462969301585], [-121.996123091506, 37.2462229305677], [-121.996007092054, 37.2460139304223], [-121.99600609133, 37.2459389301296], [-121.996060091757, 37.2458769302793], [-121.996110091986, 37.2458099303954], [-121.996177091933, 37.2457239302116], [-121.996202092047, 37.2456659304646], [-121.996224091789, 37.2456149300954], [-121.996291091736, 37.2454629299259], [-121.996300091957, 37.2454429298996], [-121.996304091256, 37.2454099299877], [-121.996312091652, 37.2453389301064], [-121.996680091898, 37.2451349303976], [-121.996815091617, 37.2449289299771], [-121.996837091359, 37.2448189304175], [-121.996870091869, 37.2446599298472], [-121.996847091404, 37.2445489301678], [-121.99689409126, 37.2444089303196], [-121.997037091375, 37.2442469296906], [-121.997041091573, 37.24421392997], [-121.996976091276, 37.2440829299615], [-121.997055091817, 37.2439919298489], [-121.997112091718, 37.2439139297671], [-121.997179091665, 37.2438219297135], [-121.997302091689, 37.2436679300254], [-121.997334091476, 37.2436339295968], [-121.997503091531, 37.2434739296454], [-121.997837091441, 37.2433089299207], [-121.997871091777, 37.2431789295149], [-121.997895091168, 37.2430869299943], [-121.998209091885, 37.2428859298738], [-121.998330091361, 37.2427229297951], [-121.998473091476, 37.2426749295512], [-121.998867091661, 37.2426379294168], [-121.998878091532, 37.2426299299652], [-121.999246091778, 37.2423529300149], [-121.999362092129, 37.2423239299225], [-121.999455092015, 37.2422789294118], [-121.999526092161, 37.2422839296287], [-121.999930091493, 37.242463929353], [-121.999962092179, 37.2425059297751], [-122.000149091776, 37.2425769294648], [-122.000247091686, 37.2426139296291], [-122.000302091937, 37.2426009299794], [-122.000314091633, 37.2425559296341], [-122.00034409177, 37.2424379292843], [-122.000450092075, 37.2423739299022], [-122.000609092084, 37.2423999292778], [-122.000740091605, 37.2421919297308], [-122.000854092306, 37.2421979297121], [-122.000963092086, 37.2421489293747], [-122.000922092078, 37.2419989296034], [-122.000967092284, 37.241964929852], [-122.001083091737, 37.2420149293548], [-122.001210091958, 37.2419809296107], [-122.001297091997, 37.2418009294481], [-122.001424092219, 37.241777929158], [-122.001569091984, 37.2418879295804], [-122.001749091909, 37.2418699295612], [-122.002019092245, 37.2417409292984], [-122.002217091714, 37.2416379291683], [-122.002263091745, 37.2416139290623], [-122.002438092545, 37.2415219290616], [-122.002466092134, 37.2415109294737], [-122.002396091814, 37.2414969291508], [-122.00265509228, 37.2414239296214], [-122.003143092177, 37.2412859292305], [-122.003669092606, 37.2411379294321], [-122.00375909212, 37.2410609290307], [-122.0036890918, 37.2409489292816], [-122.003882092143, 37.2407419290838], [-122.003979092228, 37.2406479291759], [-122.004089091833, 37.2405779288792], [-122.004222091902, 37.2404949292197], [-122.004264092633, 37.2403839291272], [-122.004439092535, 37.2404069291276], [-122.004446092208, 37.2404209289378], [-122.004733092263, 37.240312928802], [-122.004790092165, 37.2403339292577], [-122.005014092471, 37.2404119294688], [-122.005065092524, 37.240429929121], [-122.005188092548, 37.2404569289487], [-122.005236092229, 37.2404679294056], [-122.005367092648, 37.2404569289487], [-122.005465092557, 37.240423928999], [-122.005700092734, 37.2403449290173], [-122.005711092605, 37.240341928953], [-122.00593909221, 37.2402589290336], [-122.005955092104, 37.2402449291933], [-122.005970092172, 37.2402319291349], [-122.005952092629, 37.2401829289497], [-122.006006092157, 37.2400269286879], [-122.006047092165, 37.2399699293507], [-122.006157092669, 37.2399159293366], [-122.006205092349, 37.2398259289886], [-122.006330092921, 37.2398239286936], [-122.006388092647, 37.2397429292162], [-122.006453092046, 37.2394899287428], [-122.006405092366, 37.2392719289145], [-122.006566092024, 37.2391319285611], [-122.006712092512, 37.2391169287121], [-122.006822092117, 37.2390689290323], [-122.006927092597, 37.2391019288601], [-122.00706509269, 37.239060929202], [-122.007129092264, 37.2389639285089], [-122.007199092584, 37.2389319291376], [-122.007187092888, 37.2388589285543], [-122.007299092143, 37.2387859286155], [-122.007264092881, 37.2386659284743], [-122.007194092561, 37.2384299289981], [-122.007370092288, 37.2383519288814], [-122.007385092357, 37.2382209286965], [-122.007519092251, 37.2381179287625], [-122.007565092282, 37.2379839287279], [-122.007672092412, 37.2379479289663], [-122.007677092435, 37.2378239289404], [-122.007886092672, 37.2376899283832], [-122.007977092909, 37.2376139285697], [-122.008021092391, 37.2375939286061], [-122.008042092308, 37.2375849287995], [-122.008183092773, 37.237521928693], [-122.008350092279, 37.2374989285276], [-122.008467092455, 37.2374829285327], [-122.008535092227, 37.2374939287083], [-122.008593092852, 37.2374749285339], [-122.008888092405, 37.2373039288946], [-122.009044092939, 37.2373099285498], [-122.009081092749, 37.237364928823], [-122.009401092416, 37.2377239286325], [-122.009565092447, 37.2378329287184], [-122.009884093188, 37.2378629282092], [-122.011131093143, 37.2377649283028], [-122.011717092949, 37.2377199286461], [-122.012439093197, 37.2382999287589], [-122.012662093678, 37.2384729286152], [-122.011719093497, 37.2387999287268], [-122.01159109345, 37.2387959287974], [-122.011783093071, 37.2389479288249], [-122.012090093218, 37.2391899283303], [-122.012336093265, 37.2393849288057], [-122.012142093096, 37.2396019285144], [-122.012098093614, 37.2396529286617], [-122.012011093575, 37.2397279287737], [-122.011887093726, 37.2398549286119], [-122.011811093558, 37.2399179289139], [-122.011765093528, 37.2399479282901], [-122.011829093102, 37.2399979284157], [-122.012125093378, 37.2402269287817], [-122.012353093882, 37.2404479287689], [-122.011552093092, 37.2409409289356], [-122.010932092951, 37.2404189286586], [-122.010865093004, 37.2403629286855], [-122.011063093371, 37.2403349283257], [-122.011403093129, 37.2402049285114], [-122.011531093176, 37.2401609286664], [-122.011648093352, 37.2400469287212], [-122.011618093214, 37.2399919282593], [-122.011349093601, 37.2397679282784], [-122.011299093372, 37.2397579289406], [-122.011024093013, 37.2397089284472], [-122.011061092823, 37.2398469288649], [-122.010988093028, 37.2400449284321], [-122.010762093072, 37.2401569288093], [-122.010697092774, 37.2400949284933], [-122.010220092749, 37.2401589283803], [-122.010111092969, 37.2403139285854], [-122.010133093608, 37.2405649288783], [-122.010058093265, 37.2406119285411], [-122.010116092991, 37.2406499287339], [-122.010082093555, 37.240663928499], [-122.010037093349, 37.2406849288569], [-122.00998509347, 37.2407179286924], [-122.010060092915, 37.2407779289414], [-122.010473093367, 37.2411089288722], [-122.010543093687, 37.2413689287341], [-122.010821093521, 37.2412559289566], [-122.010965093461, 37.2411999288902], [-122.011502093762, 37.2415489284982], [-122.011633093283, 37.2416339286744], [-122.011631093633, 37.2416779290897], [-122.011629093085, 37.2417319285566], [-122.011841093696, 37.2419799284191], [-122.012110093309, 37.242105928994], [-122.012236093706, 37.2421649290943], [-122.01247909338, 37.2422299284119], [-122.012563093944, 37.2422349286322], [-122.012579093837, 37.2424109287359], [-122.012731094173, 37.2424759285566], [-122.012905093352, 37.2422529285642], [-122.013351093416, 37.2424969284096], [-122.013595093814, 37.2424969284096], [-122.013589093966, 37.2431129284089], [-122.013584093943, 37.2435459288789], [-122.013582094293, 37.243803928726], [-122.013727094058, 37.243680928776], [-122.013845094059, 37.2436219284323], [-122.013988094174, 37.2435999284377], [-122.014183094168, 37.2435649289532], [-122.014536094345, 37.2435569288849], [-122.014653094521, 37.2435549286889], [-122.016191094729, 37.2435619283019], [-122.0167430942, 37.2435649282381], [-122.016756094619, 37.2434599282569], [-122.016843094657, 37.2434249287073], [-122.01695709446, 37.2433159288415], [-122.017079094659, 37.2432539282636], [-122.017649094571, 37.2431889283989], [-122.01780809458, 37.2431609283738], [-122.018049094604, 37.2430469286753], [-122.018355094926, 37.2429929287203], [-122.018539095049, 37.242981928632], [-122.018531094653, 37.242753928521], [-122.018508094189, 37.2420859280768], [-122.019066094405, 37.242067928105], [-122.019075094626, 37.2422949283886], [-122.019127094505, 37.2422949283886], [-122.020183094664, 37.2422939279163], [-122.020173094618, 37.2427649279275], [-122.020177094816, 37.2428039282155], [-122.020203094755, 37.2430249285129], [-122.020543095412, 37.2430349281324], [-122.02066009469, 37.2430319281752], [-122.0212340948, 37.2430219278401], [-122.021226095303, 37.2423609280656], [-122.022282095462, 37.2423589278379], [-122.022380095371, 37.2423589278379], [-122.022414094808, 37.2422169279808], [-122.022435095623, 37.2421289277538], [-122.022424094854, 37.2420219276806], [-122.022518095463, 37.2417659276979], [-122.023003094987, 37.2417149282651], [-122.02354709496, 37.2416589278245], [-122.023656095638, 37.2413329277285], [-122.023832095366, 37.2410719279691], [-122.023846095609, 37.2410439278727], [-122.024033095207, 37.2411689280948], [-122.024061095694, 37.2411539279361], [-122.024134095489, 37.2412059275201], [-122.024310095216, 37.2412729279214], [-122.024476095796, 37.2412679276373], [-122.024590095599, 37.2412209276685], [-122.024704095402, 37.2411329277088], [-122.024678095462, 37.2410919277251], [-122.024886095875, 37.2409779277576], [-122.025057095579, 37.2407859278744], [-122.025306095101, 37.240474927875], [-122.025398095163, 37.2402609278868], [-122.025254095223, 37.2401839273046], [-122.025238095329, 37.2400239278958], [-122.025544095651, 37.2399919275442], [-122.02606309551, 37.2398009278002], [-122.026094095472, 37.2399459272832], [-122.027203095334, 37.2399459272832], [-122.027245096065, 37.2428909279051], [-122.029028096496, 37.2428599278053], [-122.034108097275, 37.2430519274111], [-122.035792097073, 37.2431149271864], [-122.035948097607, 37.2431199273479], [-122.041551098443, 37.2433309264246], [-122.044549099042, 37.2433309264246], [-122.04722609925, 37.2433729263636], [-122.047219098679, 37.2433309264246], [-122.047604099541, 37.2434089263947], [-122.047510098932, 37.2434689266468], [-122.047947098775, 37.2435459260184], [-122.04829109963, 37.2436069266163], [-122.047913099338, 37.2439889263541], [-122.047796099162, 37.2441059266878], [-122.048060099651, 37.2441789264799], [-122.048103099309, 37.2442349264783], [-122.048060099651, 37.2443839263607], [-122.047952099696, 37.2444729265434], [-122.047854098888, 37.2444999263531], [-122.047670099664, 37.2444839264141], [-122.047493099213, 37.2444109262022], [-122.046884098943, 37.2440399263936], [-122.046607098933, 37.2437559263101], [-122.046502099351, 37.2438099264335], [-122.046483099085, 37.2438479264442], [-122.046165099068, 37.2442629268194], [-122.046455099496, 37.244423926255], [-122.046397098871, 37.2447849262175], [-122.046433098856, 37.2449219269154], [-122.046461099344, 37.2450299268829], [-122.046487099283, 37.245390926803], [-122.045969099249, 37.2460329270139], [-122.045778099453, 37.2462689269977], [-122.045254099572, 37.2473019271096], [-122.045326099542, 37.2479459268514], [-122.04523609913, 37.2480849268841], [-122.045174099206, 37.2484159269019], [-122.045060099403, 37.2486989269135], [-122.045301099427, 37.2489259272461], [-122.045301099427, 37.2490679273333], [-122.045627099841, 37.2490959273089], [-122.045953099355, 37.2490399266323], [-122.046339099145, 37.2489829269607], [-122.046676099429, 37.2487559267998], [-122.046874099795, 37.2488549271022], [-122.047738099436, 37.2478349270065], [-122.048631099388, 37.2476079269625], [-122.0502181, 37.2462339266074], [-122.050275099902, 37.2479939265984], [-122.050356100092, 37.2503709266372], [-122.050320100107, 37.2518809272075], [-122.050315100085, 37.2520429271561], [-122.050965100363, 37.252074926681], [-122.051144100463, 37.2518649266905], [-122.051651100626, 37.2512729266244], [-122.052212100318, 37.2513239267395], [-122.052560100472, 37.2513569269218], [-122.052627100419, 37.2511839266072], [-122.052612100351, 37.2510829265085], [-122.052631100617, 37.2510359269404], [-122.052622100397, 37.2509749266355], [-122.052592101158, 37.2508269265581], [-122.05251610099, 37.2505119264982], [-122.052514100442, 37.2504209262834], [-122.052538100731, 37.2503489264678], [-122.05260110048, 37.2502539267348], [-122.052664100229, 37.2502249268225], [-122.052929100543, 37.2501299262182], [-122.05316210107, 37.2501119267375], [-122.053312100858, 37.2501449267356], [-122.053331101124, 37.2501489267777], [-122.054509100584, 37.2508359262137], [-122.055482100903, 37.2509879262709], [-122.056524101716, 37.2514909260617], [-122.058499101768, 37.2520519266663], [-122.05868510154, 37.2520139265023], [-122.058898101976, 37.2519809266078], [-122.059076102251, 37.2519419260638], [-122.059186101856, 37.2519309265667], [-122.059291101438, 37.2519419260638], [-122.059289101788, 37.251971926374], [-122.059284101765, 37.2520639264883], [-122.05928310194, 37.2520949263771], [-122.059296102359, 37.2553519265466], [-122.059319102823, 37.2610239271418], [-122.061605103219, 37.2613479266906], [-122.067564104606, 37.262191926191], [-122.067821104524, 37.2644749270322], [-122.067926105004, 37.2654059266655], [-122.067926105004, 37.2654529265622], [-122.067923104631, 37.2658669271685], [-122.068319105364, 37.2688299269802], [-122.068680105039, 37.2719629273628], [-122.068581105305, 37.2719649275195], [-122.06787510495, 37.2719769270286], [-122.066385105321, 37.2719569276074], [-122.064376104935, 37.2719299276297], [-122.064130104888, 37.2724009275192], [-122.064061105291, 37.2726799279353], [-122.064049104697, 37.2728719280362], [-122.064024104583, 37.2732809275791], [-122.064173104545, 37.2734609275915], [-122.064154105177, 37.2737459279817], [-122.064105104773, 37.2740129278049], [-122.063900104734, 37.27431592767], [-122.064142105482, 37.2751219277086], [-122.064038104826, 37.2752839277089], [-122.063888105038, 37.275518928237], [-122.063853104878, 37.275994927956], [-122.06394310529, 37.2760249279786], [-122.063993105519, 37.2760249279786], [-122.064063104941, 37.2760049282031], [-122.064133105261, 37.27594492813], [-122.064433105735, 37.2784559279811], [-122.064495105659, 37.2789759285028], [-122.064799105433, 37.2790579279575], [-122.065055105526, 37.2790129279452], [-122.065233105801, 37.2790579279575], [-122.065442106038, 37.2790299283978], [-122.06557110591, 37.2792399284154], [-122.065920105889, 37.2794119279253], [-122.067001106163, 37.2793879277014], [-122.067854105932, 37.2794669282009], [-122.068024105812, 37.2794829278577], [-122.068335106156, 37.2793379279848], [-122.06856510631, 37.2791679282711], [-122.068553106615, 37.2815099283422], [-122.068541106919, 37.2837259283591], [-122.068531106873, 37.2857619286944], [-122.068531106873, 37.2862779285013], [-122.068531106873, 37.2864029287116], [-122.068549107315, 37.2873639285684], [-122.068574107429, 37.288690928695], [-122.068582107825, 37.2891629286163], [-122.068599107544, 37.29007692874], [-122.068579107452, 37.2907509292343], [-122.068535107969, 37.2921469287402], [-122.068484107916, 37.2937389291355], [-122.067850107531, 37.2937239294403], [-122.066879107761, 37.2937019290719], [-122.066880107586, 37.2944469293572], [-122.066875107563, 37.2949799293408], [-122.067199107428, 37.2949849296324], [-122.067672108154, 37.2949809291133], [-122.067940107943, 37.2955189291427], [-122.068177107769, 37.2959959293298], [-122.068463107999, 37.2965729295633], [-122.06846110835, 37.2967689291656], [-122.06846110835, 37.2968859296911], [-122.068456108327, 37.2972839294932], [-122.068452108129, 37.297769929685], [-122.06842610819, 37.3003259296376], [-122.068684108831, 37.3003279297551], [-122.069148108438, 37.3003279297551], [-122.070468109086, 37.3003319292753], [-122.072113109424, 37.3003369292112], [-122.073103109461, 37.3003389293284], [-122.075594109896, 37.300408929109], [-122.077551110404, 37.3004629293444], [-122.077051109913, 37.3006759293787], [-122.077343109992, 37.3006679289454], [-122.07862811048, 37.3006689293569], [-122.079575109961, 37.3006739292704], [-122.079576110684, 37.3004679292715], [-122.086306110926, 37.3005829282201], [-122.086649111058, 37.3005849283307], [-122.08761211133, 37.3006019281972], [-122.088479111344, 37.3006209281695], [-122.089481111975, 37.3006379280279], [-122.090923111923, 37.3006639280139], [-122.090983112198, 37.3006649284255], [-122.09182811247, 37.3006799281658], [-122.091827111746, 37.3008729279877], [-122.091797112507, 37.301480928247], [-122.091736112408, 37.3031049283086], [-122.091689112552, 37.3043049284603], [-122.092189113043, 37.3043069284719], [-122.092173112251, 37.3045949281666], [-122.092138112989, 37.3056539281728], [-122.092023113362, 37.3080789286888], [-122.092000112897, 37.3081069288709], [-122.091133112884, 37.3081049289603], [-122.091105113295, 37.3081049289603], [-122.09068511317, 37.3081049289603], [-122.087348112638, 37.3080959290048], [-122.086288112281, 37.3080929287812], [-122.08413411213, 37.3080879293609], [-122.077778111083, 37.3080719300707], [-122.07759611061, 37.3080709297576], [-122.07759611061, 37.3081939295744], [-122.077598111158, 37.3086509297278], [-122.077652110686, 37.3086499301369], [-122.077785110756, 37.3086469299355], [-122.082736111664, 37.3086299297441], [-122.086284112083, 37.3086359294338], [-122.086448112114, 37.3086399292267], [-122.087376112227, 37.3086629291034], [-122.087458112243, 37.3111139289763], [-122.087499113149, 37.3123549297118], [-122.087542112807, 37.3135789294652], [-122.087548112655, 37.313732929789], [-122.087606113279, 37.3153639296698], [-122.086607113021, 37.3153609297362], [-122.086082113315, 37.3153599295202], [-122.084050112464, 37.3153559300848], [-122.077985111671, 37.3153419306305], [-122.077596111508, 37.315338930696], [-122.077596111508, 37.3156759306802], [-122.077596111508, 37.316460930691], [-122.077596111508, 37.3171859303128], [-122.078344111696, 37.3178379303317], [-122.079438112388, 37.3187879303488], [-122.079798112238, 37.3191009301724], [-122.080162112286, 37.3194169306076], [-122.081146112475, 37.3202309302303], [-122.081445113125, 37.3204799303225], [-122.081510112524, 37.3205309307044], [-122.081195112879, 37.3207789303731], [-122.080735112572, 37.3211399307415], [-122.08046411241, 37.3213519306463], [-122.079736112314, 37.3219229305796], [-122.079321113111, 37.322247930985], [-122.079147113033, 37.322383930632], [-122.078283112495, 37.3230629307768], [-122.078141112204, 37.3231729310402], [-122.079795112764, 37.3234439309179], [-122.080907112999, 37.3236269305409], [-122.081401112744, 37.3237239307614], [-122.081846112983, 37.3237489305181], [-122.082124113715, 37.3237409303969], [-122.08248311374, 37.3237169307424], [-122.082577113452, 37.3237119309324], [-122.082659113467, 37.3237569306386], [-122.083384113191, 37.3241549303747], [-122.084442113898, 37.3247349305487], [-122.08486611422, 37.3249679307389], [-122.087187113878, 37.3256449302365], [-122.088645114618, 37.3260699305346], [-122.088820114521, 37.3262099306947], [-122.089005114468, 37.3263589305072], [-122.089434114814, 37.3267149301765], [-122.088778114688, 37.3271539302513], [-122.087892114408, 37.327746930802], [-122.086121114571, 37.3289309306497], [-122.085624114454, 37.3292649310262], [-122.085403114521, 37.3294119311512], [-122.085156114649, 37.3295769307594], [-122.085041114123, 37.3296579307463], [-122.08483111406, 37.3297939312684], [-122.084328114095, 37.3301309314383], [-122.083050114178, 37.3309889310903], [-122.082948114071, 37.3310539315846], [-122.082842113766, 37.331124931346], [-122.082904114588, 37.331203931082], [-122.083129114719, 37.3314969313126], [-122.083175113852, 37.3315559313647], [-122.083198114316, 37.3315859313733], [-122.083231113928, 37.3315779313722], [-122.083743114114, 37.3314609312581], [-122.083990113986, 37.3314039311365], [-122.084019114299, 37.331525931344], [-122.084300114506, 37.3327459310935], [-122.08438411507, 37.3331159316452], [-122.084454114492, 37.3334189313189], [-122.084657114881, 37.3340719311775], [-122.084979115097, 37.3340279311882], [-122.085861115179, 37.3339109313185], [-122.086170114975, 37.3338649312954], [-122.086574115206, 37.3338079315693], [-122.086831115124, 37.3337729311647], [-122.087013114699, 37.3337479311718], [-122.087170115058, 37.3337269310571], [-122.087410115257, 37.3336929313011], [-122.08703311479, 37.3333339311943], [-122.086925114835, 37.3332309313683], [-122.087128115225, 37.3330949313538], [-122.087322115394, 37.3329639310021], [-122.087484114877, 37.3331239314826], [-122.087536114756, 37.3330889314735], [-122.08797811552, 37.3335149310667], [-122.088022115003, 37.3337739311357], [-122.088139115178, 37.3338959310656], [-122.08833611572, 37.3341009309292], [-122.088521115668, 37.3342919314518], [-122.088671115456, 37.3344469314367], [-122.088920115876, 37.3345679310276], [-122.089048115923, 37.3346299314035], [-122.089072115314, 37.3347839314477], [-122.08908011571, 37.3348319315361], [-122.08922411565, 37.3349539311763], [-122.089337115628, 37.3350489311511], [-122.089452115256, 37.335105931364], [-122.089550116063, 37.3351549311992], [-122.089641115401, 37.3352579312442], [-122.089813115829, 37.3354499309164], [-122.089965116165, 37.3356329312967], [-122.090113115404, 37.3358349308747], [-122.090235115603, 37.3360029311991], [-122.090365116198, 37.336163931574], [-122.090471115605, 37.3362839313185], [-122.090601116199, 37.3363729314218], [-122.090967115897, 37.3366269312569], [-122.090943115608, 37.3366949309545], [-122.090897116475, 37.336934931412], [-122.09086311614, 37.3371149312518], [-122.090753116535, 37.3376249313124], [-122.090683116215, 37.3380249316956], [-122.090635116535, 37.3383749316227], [-122.090633115986, 37.3383949312427], [-122.090563116565, 37.3387149315817], [-122.090537116625, 37.3388539311301], [-122.090513116336, 37.338984931209], [-122.090513116336, 37.3391449317204], [-122.090514116161, 37.3391599316393], [-122.090533116427, 37.3393249312634], [-122.090546115948, 37.3393729313068], [-122.09053811645, 37.3394469314623], [-122.090519116184, 37.3396169313504], [-122.090478116176, 37.3396569313522], [-122.090376116069, 37.3397589317602], [-122.090264115916, 37.3398029312493], [-122.090122116524, 37.3398579316457], [-122.090113116303, 37.3399129312875], [-122.090129116196, 37.3400379316225], [-122.09001211602, 37.3399919317805], [-122.089984116431, 37.3399829313579], [-122.08996611599, 37.3399769313136], [-122.089939116226, 37.3400359318473], [-122.089923116332, 37.3400749317389], [-122.089813116727, 37.340374931546], [-122.089795116286, 37.340406931369], [-122.089733116361, 37.3405249317143], [-122.089719116118, 37.3405459313569], [-122.089681116483, 37.3406099315577], [-122.089669115889, 37.3406319317704], [-122.089395116252, 37.3405049319473], [-122.089093116129, 37.3403649320002], [-122.088589116338, 37.340096931394], [-122.088324116025, 37.3399559315119], [-122.087663115876, 37.3396049319171], [-122.0871231161, 37.3392939315911], [-122.085493115831, 37.3383549319973], [-122.084713114958, 37.337914931749], [-122.083723114921, 37.3372749314616], [-122.083595114874, 37.3371839318617], [-122.083179114948, 37.3368909316712], [-122.082873114626, 37.336674931596], [-122.082473114593, 37.3363979319695], [-122.081638114367, 37.3358199317203], [-122.081573114968, 37.3357749320963], [-122.08080311414, 37.3352349316486], [-122.080073114394, 37.3347549319598], [-122.079423114116, 37.334384931624], [-122.079058114243, 37.334207931566], [-122.078743113701, 37.3340549317367], [-122.078123113559, 37.3338149320768], [-122.077991114213, 37.3337789317046], [-122.07759511348, 37.3336709319129], [-122.077463113235, 37.3336349321859], [-122.07730511395, 37.3335999317007], [-122.077236113455, 37.3335839321265], [-122.077013113872, 37.3335349319808], [-122.076653113123, 37.3334649316151], [-122.076553113564, 37.3334499319875], [-122.076324113235, 37.333415932106], [-122.076183113669, 37.3333949318985], [-122.076082113386, 37.3333839321616], [-122.07596311356, 37.3333719317325], [-122.075837113164, 37.3333589320392], [-122.07457311349, 37.3325939318445], [-122.07456411327, 37.3325839319771], [-122.074781113005, 37.3323079322547], [-122.074643112912, 37.3322389321656], [-122.074104112962, 37.3319689318601], [-122.074063112954, 37.3319749318299], [-122.073963113395, 37.3320049323855], [-122.073753113333, 37.3321049317702], [-122.07354311327, 37.3322249322848], [-122.073489112844, 37.3322499320702], [-122.073014112468, 37.3316649320532], [-122.072838112741, 37.3315599320808], [-122.072710112694, 37.3314839320092], [-122.072591112868, 37.3314129318729], [-122.072073112835, 37.3311019319135], [-122.071822112764, 37.3309699323638], [-122.071723112132, 37.3309109318516], [-122.070653112627, 37.3302789320294], [-122.069722112142, 37.329727931802], [-122.069439112284, 37.3299319323028], [-122.069284112474, 37.3300149319489], [-122.06928311175, 37.3300649322681], [-122.069259112359, 37.3303349322735], [-122.069213112328, 37.3308649321343], [-122.069177112343, 37.3311449321821], [-122.069143112008, 37.3314149325919], [-122.069092111955, 37.3317549326271], [-122.069060112168, 37.3319679325794], [-122.068977112327, 37.3324709326688], [-122.068911112205, 37.3327629322592], [-122.068833112387, 37.3331039326018], [-122.068824112166, 37.3331309327681], [-122.068799112052, 37.3332139324513], [-122.068791112554, 37.3332419325561], [-122.068737112127, 37.3335039327759], [-122.068723112782, 37.3335749323645], [-122.068683112599, 37.3335749323645], [-122.068593112187, 37.3335749323645], [-122.068547112157, 37.3335799322324], [-122.068508112697, 37.3336839322664], [-122.068375112627, 37.334085932857], [-122.068364112757, 37.3341179325024], [-122.068343111942, 37.3341949327317], [-122.06827311252, 37.3344449329412], [-122.068259112277, 37.3344979323388], [-122.068245112033, 37.3345509324132], [-122.06824011201, 37.3345709323372], [-122.068227112489, 37.334629932832], [-122.068104112466, 37.3351799328666], [-122.068042112542, 37.3354569326994], [-122.068039112169, 37.3354719326406], [-122.068016112602, 37.3355859330955], [-122.068003112183, 37.3356349326175], [-122.067994112861, 37.3357389326634], [-122.06798711229, 37.335796933011], [-122.067894112404, 37.3358009327871], [-122.06787811251, 37.3358009327871], [-122.067810112738, 37.3358059325068], [-122.067364112674, 37.335797932955], [-122.066793112038, 37.3353859327468], [-122.066653112296, 37.3353779331503], [-122.066513112554, 37.3352649330451], [-122.066315112188, 37.3351159330385], [-122.066078112361, 37.3349269330937], [-122.065848112207, 37.3347759325014], [-122.0657461121, 37.3347009327849], [-122.065395111573, 37.3345469325706], [-122.06502811205, 37.3344439329792], [-122.064762111911, 37.3343699328943], [-122.06414411142, 37.3341999332726], [-122.063818111905, 37.3341159332839], [-122.063833111973, 37.334155932644], [-122.064194111648, 37.3343449331001], [-122.064346111984, 37.3344599330844], [-122.064561112069, 37.3346199332356], [-122.0646071121, 37.3346549332456], [-122.064623111994, 37.3346669327555], [-122.064639111887, 37.3346799329366], [-122.064654111956, 37.3346939330743], [-122.064662111454, 37.3347019327436], [-122.064673112223, 37.3347129330017], [-122.064687111568, 37.3347279330914], [-122.064694112139, 37.3347359327572], [-122.064707111659, 37.3347519328002], [-122.064713111507, 37.3347599331776], [-122.064722111728, 37.3347709327131], [-122.064730112124, 37.3347839328762], [-122.064738111622, 37.3347959330797], [-122.064746112017, 37.3348079332814], [-122.06475311169, 37.3348189328098], [-122.064763111736, 37.3348389326624], [-122.06478811185, 37.3348989329027], [-122.064793111873, 37.3349149329111], [-122.064768111759, 37.3350159326621], [-122.064730112124, 37.3351719332482], [-122.064707111659, 37.3352659329963], [-122.064659111979, 37.3353179332926], [-122.064631111491, 37.3353489331775], [-122.064732111774, 37.3354109329088], [-122.064840111729, 37.3354939329298], [-122.064868112216, 37.3355149332648], [-122.064916111897, 37.3355519327523], [-122.064850111774, 37.3361889329056], [-122.064822112185, 37.3364629327832], [-122.064910112049, 37.336461932848], [-122.06495611208, 37.336461932848], [-122.065199111754, 37.3364609329128], [-122.066193111989, 37.3364549333014], [-122.066423112143, 37.3366249328194], [-122.06734111221, 37.3373179331963], [-122.067572112188, 37.3374779329736], [-122.067499112393, 37.3375289332461], [-122.067233112255, 37.3375339328508], [-122.067173112878, 37.3375349327717], [-122.066993112953, 37.3375259327689], [-122.066713112571, 37.3375249328479], [-122.066367112066, 37.3375219330847], [-122.06542311206, 37.3375149329227], [-122.065329112349, 37.3375149329227], [-122.064983111844, 37.3375149329227], [-122.064723112451, 37.3375189333215], [-122.064453112114, 37.3375249328479], [-122.063943112477, 37.3375179334004], [-122.063683112186, 37.3375149329227], [-122.063600112345, 37.3375149329227], [-122.063353111574, 37.3375149329227], [-122.063271111559, 37.3375149329227], [-122.063165112152, 37.3375149329227], [-122.063043111953, 37.3375149336369], [-122.062850111609, 37.3375249335621], [-122.062745112027, 37.337530933088], [-122.06267811208, 37.3375339335651], [-122.062483112086, 37.3375449334085], [-122.062413111766, 37.3375449334085], [-122.062395112223, 37.3376009332358], [-122.06236611191, 37.3376439333554], [-122.06233111175, 37.3376949335152], [-122.062287112268, 37.3377589332887], [-122.062249111735, 37.3378169335049], [-122.062200112229, 37.3378879333023], [-122.062144112153, 37.3379699335281], [-122.062070111634, 37.3380799333941], [-122.062107111444, 37.3381629333227], [-122.062153111475, 37.3382659335283], [-122.062209111552, 37.338391933657], [-122.062395112223, 37.3385179335743], [-122.062490111759, 37.3385849330815], [-122.062615112331, 37.3386729334094], [-122.062734112156, 37.3388489337559], [-122.062821112195, 37.3389769334242], [-122.062806112126, 37.3391369332385], [-122.0627481124, 37.3392079332165], [-122.062469111843, 37.3395449332933], [-122.062589112391, 37.3396979333674], [-122.062904112036, 37.3397889334923], [-122.063085111786, 37.3398419334044], [-122.063331111833, 37.3399049336017], [-122.063461112428, 37.3399969333639], [-122.063487112367, 37.3400319337252], [-122.063709112125, 37.340366933195], [-122.06388911205, 37.3412179332451], [-122.064224112684, 37.3413519338101], [-122.064333112464, 37.3413949332106], [-122.064615112496, 37.341507933378], [-122.06480811284, 37.3415819335724], [-122.064832113129, 37.3420549334593], [-122.064852112323, 37.3423919336162], [-122.064977112894, 37.3426619335938], [-122.0652051125, 37.3431549336009], [-122.065052113237, 37.3437019338265], [-122.064998112811, 37.3438879336064], [-122.064961113001, 37.3441059340291], [-122.064936112887, 37.3442489336383], [-122.064920112993, 37.3443459336577], [-122.064910112947, 37.3443959337218], [-122.0649041131, 37.3444359340348], [-122.06473811252, 37.3445019334335], [-122.064714113129, 37.3445169337107], [-122.064428112898, 37.3446369336783], [-122.064227113057, 37.3447569341682], [-122.064145113041, 37.3448239338227], [-122.064135112995, 37.3449919340366], [-122.064174113354, 37.345097933621], [-122.064240112577, 37.3452759335433], [-122.064174113354, 37.3455979341842], [-122.064328113339, 37.346209933987], [-122.064147112691, 37.3464109338807], [-122.0638831131, 37.3465289340757], [-122.063697113328, 37.3466119339506], [-122.063658112969, 37.3466789340923], [-122.063650113472, 37.346791934164], [-122.063624112634, 37.3468799341588], [-122.063651113297, 37.3469729337411], [-122.063890112773, 37.3471619340806], [-122.064144113216, 37.3472729338429], [-122.064275113636, 37.3473309338529], [-122.064478113127, 37.3474219340121], [-122.064589113455, 37.3475009337471], [-122.06476711373, 37.3476289336654], [-122.064980113267, 37.347782934193], [-122.06491511297, 37.3478659341098], [-122.064760113159, 37.3480389342783], [-122.064808113738, 37.3483989338587], [-122.064803113715, 37.348454934162], [-122.064778113601, 37.3485679344172], [-122.064757113685, 37.3486849343064], [-122.064725112999, 37.3488649338348], [-122.064718113327, 37.3489069341626], [-122.064709113106, 37.3489559342772], [-122.064561113866, 37.3490259344875], [-122.064455113561, 37.3490759342918], [-122.064192113795, 37.3492029339018], [-122.064202113841, 37.3492799343761], [-122.064237113103, 37.3495419343505], [-122.064270113613, 37.3497919341768], [-122.064294113902, 37.349979934092], [-122.064078113094, 37.3501649342782], [-122.063743113358, 37.3504699346514], [-122.063661113343, 37.3506939344337], [-122.06359511322, 37.3508719346575], [-122.06348811309, 37.3511449340686], [-122.063214113454, 37.3515029342818], [-122.063199113385, 37.3515239344249], [-122.062900113634, 37.3519399342788], [-122.062985113125, 37.3519929341839], [-122.063092113255, 37.3520589347949], [-122.06325911366, 37.3521649343997], [-122.063327113432, 37.352167934292], [-122.063352113546, 37.3522169344205], [-122.063416114018, 37.3523509346378], [-122.063492113288, 37.35251093452], [-122.063491113463, 37.3525899346128], [-122.063495113661, 37.3528759348049], [-122.06347311392, 37.3529249344712], [-122.06325711401, 37.353163934761], [-122.063060113468, 37.3533129346642], [-122.062797113702, 37.3534959343609], [-122.062686113374, 37.3535319345649], [-122.062493113929, 37.3535499350174], [-122.062429113456, 37.3535469344662], [-122.062379113228, 37.3536409347794], [-122.061980113918, 37.3542169348576], [-122.061798113444, 37.3544089346155], [-122.061759113985, 37.3544489345925], [-122.061617113695, 37.3541669349069], [-122.061570113839, 37.3540729345383], [-122.06152211326, 37.3541119349942], [-122.061428113549, 37.3541899351311], [-122.061403113434, 37.3542109345225], [-122.061375113845, 37.3542269347009], [-122.061323113967, 37.3542599347456], [-122.060997113553, 37.3544579347093], [-122.060866113134, 37.3545629348027], [-122.060783113293, 37.3546499345649], [-122.060735113613, 37.3547709351662], [-122.060745113658, 37.3548119346412], [-122.060965113766, 37.3549969350588], [-122.061231113905, 37.3551009347112], [-122.06126911354, 37.3551229349626], [-122.061417113678, 37.3552109351893], [-122.061548114098, 37.3553059352452], [-122.061596113778, 37.3553419345811], [-122.061652113855, 37.3554099351837], [-122.061683113817, 37.3557249345985], [-122.061660113352, 37.3558369349446], [-122.061561113618, 37.3559559349953], [-122.061422113701, 37.3560849351672], [-122.061148114064, 37.3562049352111], [-122.061024113318, 37.3563589352839], [-122.060969113964, 37.3564689353465], [-122.060928113956, 37.3568919354288], [-122.060928113956, 37.3570899348761], [-122.060935113629, 37.3573039354657], [-122.060969113964, 37.3574089351482], [-122.061052113805, 37.3575349352872], [-122.061127114148, 37.3576119350697], [-122.061630114113, 37.3579249352271], [-122.061829114305, 37.3580679349354], [-122.062015114078, 37.3582109350851], [-122.062215114094, 37.3584139349797], [-122.062365113882, 37.3585599348211], [-122.062435114202, 37.3586279353643], [-122.062552114378, 37.3587879354335], [-122.062587114538, 37.3589199353587], [-122.062552114378, 37.359029935238], [-122.062518114043, 37.359166935044], [-122.062470114362, 37.359309935242], [-122.062387114522, 37.3594249348389], [-122.062304114681, 37.35951293502], [-122.062174114086, 37.359638935197], [-122.062036113994, 37.3597979349143], [-122.061946114481, 37.3599029353918], [-122.061909114671, 37.3599749353487], [-122.061871114138, 37.3600509351489], [-122.061829114305, 37.3601559352723], [-122.061767114381, 37.3604199350765], [-122.061726114373, 37.3605729354549], [-122.061724114723, 37.3606059355655], [-122.06172111435, 37.3606699350898], [-122.061640114159, 37.3607799352602], [-122.061498114767, 37.3611409354655], [-122.061847114747, 37.3619139357965], [-122.061615114943, 37.3625239355021], [-122.062121114383, 37.3628739354705], [-122.062170114787, 37.3636119357372], [-122.06199611471, 37.3642819355292], [-122.062006114755, 37.3646209357065], [-122.062329114795, 37.3650419357133], [-122.062632114744, 37.3658039358561], [-122.063004115188, 37.3663479359422], [-122.063272114977, 37.366727935458], [-122.062324115671, 37.3682529361083], [-122.062113114885, 37.3686169360079], [-122.061393115185, 37.369787936372], [-122.060361115315, 37.371461936501], [-122.059802115274, 37.372368936336], [-122.059387115172, 37.3730669367042], [-122.058476115676, 37.3746039365515], [-122.058763115731, 37.3747149364228], [-122.058932115786, 37.3747889367217], [-122.059083115398, 37.3748549365601], [-122.05915111517, 37.3748869366771], [-122.059293115461, 37.3749549367021], [-122.059357115933, 37.3749789364022], [-122.05942811518, 37.3750069366376], [-122.05957011547, 37.375060936807], [-122.059998115991, 37.3752249366338], [-122.060141116106, 37.3752799367783], [-122.060152115976, 37.3752849367246], [-122.060342115947, 37.3753589364611], [-122.060289115345, 37.3755209368063], [-122.060137115908, 37.3759909366388], [-122.059538115683, 37.3777869368272], [-122.059096115817, 37.3791179370768], [-122.058878116257, 37.3797709370792], [-122.058341115957, 37.3814189372587], [-122.058204116588, 37.3818109373509], [-122.057998115825, 37.3823999372533], [-122.057838115992, 37.3828559377995], [-122.057305115889, 37.384390937598], [-122.057099116025, 37.3849989379836], [-122.056979116374, 37.3853549380105], [-122.056944116214, 37.3854569377067], [-122.05592411604, 37.3852399381866], [-122.055714115978, 37.3851949382075], [-122.053845116232, 37.3847969379304], [-122.052741115494, 37.3845619377809], [-122.05272311595, 37.3846149382009], [-122.052413115431, 37.3855649379475], [-122.052324115742, 37.3857489382111], [-122.052315115521, 37.3857939378577], [-122.052290115407, 37.385928938063], [-122.052283115734, 37.3859749383048], [-122.052225116008, 37.386088938441], [-122.052193115323, 37.3861549383279], [-122.051843115518, 37.3860549381305], [-122.051373115165, 37.3859349380031], [-122.051243115469, 37.3859149382011], [-122.050603115236, 37.3858549380493], [-122.050183115111, 37.3858549380493], [-122.049693115565, 37.3858749385811], [-122.049173114983, 37.3859549385134], [-122.048653115299, 37.3860749386089], [-122.047993114975, 37.3862749388171], [-122.04781311505, 37.3863349386327], [-122.047703115445, 37.3863759387051], [-122.047653115217, 37.3863949384003], [-122.0474531152, 37.3864849383186], [-122.047398114948, 37.3865389387888], [-122.047363114788, 37.3865749388427], [-122.047333114651, 37.3866349384182], [-122.047364115512, 37.3869149388957], [-122.047458115223, 37.387755939016], [-122.047473115292, 37.3878849387601], [-122.047443115154, 37.3880349389138], [-122.047409114819, 37.3880699390016], [-122.047308115435, 37.3881769383735], [-122.047275114925, 37.3882129390684], [-122.047308115435, 37.3883439386556], [-122.047393114926, 37.3886749389574], [-122.047406115344, 37.3887409387091], [-122.047433115109, 37.3888749386535], [-122.047474115116, 37.3890999386553], [-122.047319115306, 37.3890889385155], [-122.046775115333, 37.3890539389034], [-122.046364115429, 37.3902709389883], [-122.046276115565, 37.3905349391637], [-122.045891115601, 37.3916649391943], [-122.045602114998, 37.3924799392385], [-122.045530115028, 37.3927319392671], [-122.045364115346, 37.3933199391317], [-122.045267115262, 37.3936609391711], [-122.045181115946, 37.3939109390306], [-122.045113115276, 37.3941059396268], [-122.045014115542, 37.3943929391753], [-122.04499411545, 37.3944579397261], [-122.045250115543, 37.394533939563], [-122.045526115728, 37.3946179390301], [-122.045574115408, 37.3946339391559], [-122.046058116005, 37.3947909391825], [-122.046272115367, 37.394858939001], [-122.046328115444, 37.3948759396597], [-122.046462116236, 37.3949119392786], [-122.046509116092, 37.3949249390178], [-122.046554116298, 37.3949379394684], [-122.046660115705, 37.3949669392577], [-122.046613115849, 37.3950969393074], [-122.046538115506, 37.3953049393462], [-122.046112115534, 37.3965039391548], [-122.045656116323, 37.3977879397944], [-122.0449921158, 37.3998269396063], [-122.046128116326, 37.4000299396404], [-122.046426116251, 37.4000939397832], [-122.046021116196, 37.4012159401436], [-122.046489116899, 37.4013179396678], [-122.046997116887, 37.401429939741], [-122.047416116288, 37.4015569399399], [-122.046971116948, 37.4027749401721], [-122.046885116734, 37.4030109400788], [-122.046663116976, 37.4029549398174], [-122.046639116687, 37.402950940052], [-122.04657011709, 37.4029389400409], [-122.046547116625, 37.4029349402747], [-122.046193116623, 37.402874940187], [-122.045443116786, 37.4027149399564], [-122.044708116118, 37.4025489400606], [-122.043263115797, 37.4022249402021], [-122.041853115635, 37.4018949402806], [-122.040033115395, 37.4014949406114], [-122.039212115412, 37.401294940333], [-122.038963114992, 37.4012349403594], [-122.03743311518, 37.4009249404444], [-122.03737411473, 37.4009109405284], [-122.037360115385, 37.4009899403257], [-122.037336115095, 37.401140940447], [-122.037321115027, 37.4012299407162], [-122.037308115506, 37.4013099406756], [-122.037303115483, 37.4013349402886], [-122.037290115065, 37.4014109402883], [-122.037286114867, 37.4014369403644], [-122.037284115217, 37.401492940333], [-122.037283115392, 37.4015249405001], [-122.037279115194, 37.4016329404281], [-122.037268115323, 37.4018949402806], [-122.037250114882, 37.4023469409124], [-122.037146115125, 37.4050779409209], [-122.037114115338, 37.4059239406756], [-122.03707311533, 37.4059749408186], [-122.037092115596, 37.406309940629], [-122.037149115498, 37.4073149410632], [-122.037169115589, 37.4076499413042], [-122.037155116244, 37.4085009411445], [-122.037117116609, 37.411053941175], [-122.037105116015, 37.4119059412349], [-122.037103116365, 37.412844941645], [-122.037123116457, 37.4133649412978], [-122.037121116807, 37.4136179413562], [-122.037113116411, 37.4150249416368], [-122.037118116434, 37.415939942052], [-122.037123116457, 37.4167149418007], [-122.037123116457, 37.4168549419911], [-122.037123117355, 37.4171739420741], [-122.037123117355, 37.4178149418521], [-122.037123117355, 37.4181849418054], [-122.037109117111, 37.41855194198], [-122.037103117264, 37.4187449421336], [-122.037043116989, 37.419004942264], [-122.036937117582, 37.4201069419934], [-122.036753117459, 37.4206049422948], [-122.036733117368, 37.4206749419972], [-122.036413117701, 37.421614942567], [-122.035893117119, 37.4230849427004], [-122.035513117177, 37.4242249425033], [-122.035233117693, 37.4250249423893], [-122.035093117951, 37.425494942884], [-122.034933117219, 37.4263049429752], [-122.035053117768, 37.426354942632], [-122.035323118105, 37.4264549425588], [-122.035793117559, 37.4265349426895], [-122.036118118148, 37.426562942929], [-122.037131117751, 37.4266539425652], [-122.038753118523, 37.4267849427251], [-122.039642118278, 37.4268799427195], [-122.040431118473, 37.4269519425749], [-122.041060118835, 37.4270089421735], [-122.041077118553, 37.4270099423288], [-122.041102118668, 37.4270119426393], [-122.041130118257, 37.4270149423916], [-122.041148118699, 37.427016942702], [-122.042771119295, 37.427167942439], [-122.043585118707, 37.4272439426261], [-122.046722119222, 37.426627941967], [-122.047584119213, 37.4264579416201], [-122.049185120068, 37.4261439419701], [-122.049839119646, 37.4261759415948], [-122.050952119707, 37.4262309414529], [-122.053291120704, 37.4263469413195], [-122.056253120419, 37.4264929415972], [-122.057285121188, 37.4265439412899], [-122.057381121447, 37.4265539414774], [-122.058018121307, 37.4266189412366], [-122.059785121843, 37.4268439413391], [-122.05978412112, 37.4268589408463], [-122.059777121448, 37.4274539414653], [-122.059740121638, 37.4301669414722], [-122.059710122399, 37.4322469416391], [-122.059702122003, 37.4328789415198], [-122.059698121805, 37.4331519413168], [-122.059692121957, 37.4335979419654], [-122.059686122109, 37.4340439413831], [-122.059687121934, 37.4340629418318], [-122.059700122353, 37.4344359415556], [-122.059752122231, 37.4359599415568], [-122.059780122719, 37.436751942092], [-122.05986112291, 37.4390679422861], [-122.059873122605, 37.4394209422441], [-122.059946123299, 37.4415239425538], [-122.059952123146, 37.4417099422638], [-122.060019123093, 37.4436269422449], [-122.060005123748, 37.4440269422844], [-122.059991123504, 37.4444279422476], [-122.059963123915, 37.4452289429468], [-122.059949123672, 37.4456289429801], [-122.059896123968, 37.4493209430708], [-122.059738125581, 37.4603989440417], [-122.059686125702, 37.4640919441983], [-122.060215125607, 37.4644249442107], [-122.061803126044, 37.4654269442568], [-122.062333125773, 37.4657609443776], [-122.063521126177, 37.4665109438526], [-122.067088126863, 37.4687609441899], [-122.068277127091, 37.4695109442259], [-122.06839712764, 37.469586944186], [-122.068760127863, 37.469814944316], [-122.068881127339, 37.4698919442622], [-122.068978127423, 37.4699529444133], [-122.069272128049, 37.4701379444385], [-122.069370127959, 37.4701999439668], [-122.071793128622, 37.471727943736], [-122.079062129712, 37.476313944253], [-122.0814861302, 37.4778429439767], [-122.08454313035, 37.4746559434014], [-122.093717131172, 37.4650959415826], [-122.096775131146, 37.4619099412219], [-122.096787130842, 37.4621429410901], [-122.09644213106, 37.4660709418311], [-122.096439131585, 37.466106941452], [-122.096587131723, 37.4661429417687], [-122.108928133198, 37.4662689409579], [-122.111250133578, 37.4662929406436], [-122.111561133923, 37.4662969405904], [-122.11188113359, 37.4663809408511], [-122.111987133895, 37.4664429406435], [-122.112819133749, 37.467146940843], [-122.112910133985, 37.4672239406855], [-122.11318613417, 37.4674569403923], [-122.113278134231, 37.4675349409551], [-122.11329513395, 37.4675339406284], [-122.115344134519, 37.4661719403673], [-122.115670134034, 37.4659119400892], [-122.11596813396, 37.465713940017], [-122.116640133979, 37.4655699399591], [-122.117187134325, 37.4654359403197], [-122.117706134184, 37.4652429400603], [-122.11959513492, 37.463939940158], [-122.123452135135, 37.4615389395141], [-122.12376713478, 37.4613259395431], [-122.123848134971, 37.4612199395356], [-122.123932134636, 37.4611499392465], [-122.123929135161, 37.4610159395288], [-122.123683135114, 37.4603539392946], [-122.123392134861, 37.4595759393805], [-122.123003134699, 37.4581829391666], [-122.122794134461, 37.4576259393234], [-122.122805134332, 37.4573559389281], [-122.122875134652, 37.456942939179], [-122.122891134546, 37.4565109388396], [-122.122834134644, 37.4561459388908], [-122.12257113398, 37.455714938711], [-122.122239133719, 37.455279939077], [-122.121965134083, 37.4549579387248], [-122.121883134067, 37.454811939065], [-122.12177913431, 37.4545079392985], [-122.121785134158, 37.4542459388134], [-122.121897133412, 37.4539149387009], [-122.122116133695, 37.4535949392033], [-122.122388133682, 37.453380938909], [-122.122617134011, 37.453306939198], [-122.122820133502, 37.4532849385181], [-122.123050133656, 37.4532159384507], [-122.123178133702, 37.4531889387171], [-122.123514134161, 37.4530509390547], [-122.1241381345, 37.4528049389939], [-122.124504134198, 37.4528049389939], [-122.124819133843, 37.452884938772], [-122.125096133852, 37.4530289382995], [-122.125286134721, 37.4531919388464], [-122.125518134525, 37.4533489387924], [-122.125774134618, 37.453469938426], [-122.125989134703, 37.4535589385502], [-122.126268134362, 37.4536249389024], [-122.126625134738, 37.4536539387902], [-122.126919134465, 37.4536219387904], [-122.126937134907, 37.4535319382272], [-122.127082134672, 37.4535249381947], [-122.127100134215, 37.4535249381947], [-122.127419134956, 37.4532519385558], [-122.127531134211, 37.4531579383241], [-122.127559134698, 37.453132938182], [-122.127644134189, 37.4530599387458], [-122.127673134501, 37.4530359383784], [-122.127728134753, 37.4529889381416], [-122.12773213495, 37.4529799384418], [-122.127804134921, 37.4528569383958], [-122.127855134974, 37.4527659385274], [-122.12786913432, 37.4527419380656], [-122.127896134982, 37.4526949383572], [-122.127959134731, 37.4525849382717], [-122.127966134404, 37.4525299385249], [-122.128021134655, 37.4520899383814], [-122.128307134886, 37.4518669382263], [-122.128410134818, 37.4518569385683], [-122.128486134986, 37.4518519380257], [-122.128651134842, 37.4518899384329], [-122.128844134288, 37.4519779384761], [-122.129016134715, 37.4521489384423], [-122.129229135151, 37.4523899380144], [-122.129263134588, 37.4524599379458], [-122.129285135227, 37.452466938078], [-122.129298134748, 37.4525059379874], [-122.129897134972, 37.4530939385995], [-122.130049135308, 37.4531709386515], [-122.130338135013, 37.4532319381826], [-122.130924134819, 37.4532759381409], [-122.13153113544, 37.4533639379796], [-122.131627135699, 37.4534569381506], [-122.131744134977, 37.453610938141], [-122.131840135236, 37.4537869383531], [-122.132116135421, 37.4539849379183], [-122.132385135034, 37.454056938084], [-122.133012135746, 37.4541389382478], [-122.133418135627, 37.454342938474], [-122.133577135636, 37.4543709382938], [-122.13391413592, 37.4543819381182], [-122.134300135709, 37.4543209380988], [-122.135121135692, 37.4541079382487], [-122.13555513606, 37.4540689377484], [-122.136065135698, 37.4540639380667], [-122.136609135671, 37.4543119378462], [-122.136721135824, 37.4543419379708], [-122.136919136191, 37.4543939377304], [-122.138022136206, 37.4546199375547], [-122.138366136162, 37.4546689377642], [-122.138787136112, 37.4548069380068], [-122.139097136632, 37.4549719378078], [-122.13949613684, 37.4552689379584], [-122.139719136422, 37.4555079379122], [-122.139792137116, 37.4555859381048], [-122.139855136865, 37.455652937867], [-122.139996136432, 37.4558339378292], [-122.140062136554, 37.4559189374909], [-122.140100137087, 37.4559679375624], [-122.140151137141, 37.4560329381607], [-122.140210136692, 37.4561219380874], [-122.140245136852, 37.4561749378012], [-122.140270136967, 37.4562129381514], [-122.140301136929, 37.4562599377884], [-122.14034513731, 37.4563279381365], [-122.140371137249, 37.4563669381719], [-122.140396137363, 37.456403937949], [-122.14041913693, 37.4564389381839], [-122.140485137052, 37.4565049381339], [-122.140518136664, 37.4565379380871], [-122.140555137372, 37.4565749377796], [-122.140640136862, 37.4566589375532], [-122.140665136977, 37.4566899379212], [-122.140700137137, 37.4567309379971], [-122.140721137053, 37.4567559376497], [-122.140784136802, 37.4568329374971], [-122.140806137442, 37.4568589375851], [-122.140829137008, 37.4568869378892], [-122.140898137504, 37.4569709380254], [-122.140922136895, 37.456999938042], [-122.141013137131, 37.4570799376116], [-122.141064137185, 37.457125937664], [-122.141078137429, 37.4571379375491], [-122.140924137443, 37.4571949376897], [-122.140867136643, 37.4572149377162], [-122.140809136917, 37.4572379377045], [-122.140763136886, 37.4572559382174], [-122.140738136772, 37.4572649381157], [-122.14071613703, 37.457272937549], [-122.140935137314, 37.457397937675], [-122.141342137019, 37.4575279377555], [-122.141631137623, 37.4576809381752], [-122.141920137328, 37.4578359377684], [-122.142002137343, 37.4578769379292], [-122.142099137428, 37.4578899381494], [-122.142337137079, 37.4579539380485], [-122.142484137392, 37.4579959378857], [-122.142806137608, 37.4580989375394], [-122.143047137632, 37.4581179375847], [-122.14317313713, 37.458075937816], [-122.143503137742, 37.4580109375672], [-122.14365113788, 37.4580069378901], [-122.143800137842, 37.4580429378284], [-122.144008137357, 37.4581449376782], [-122.14422713764, 37.4582529379548], [-122.144420137984, 37.4582749378863], [-122.144557137353, 37.4582669378471], [-122.144887137964, 37.458205937431], [-122.144946137515, 37.4582049376927], [-122.145153138103, 37.4581559376607], [-122.14551013758, 37.4580219375694], [-122.145753138152, 37.4579309375674], [-122.145911138336, 37.4578209373388], [-122.145967137514, 37.4577329377525], [-122.145974138085, 37.4574799377412], [-122.145919137834, 37.4573209376962], [-122.145926137506, 37.4571389373017], [-122.146022137766, 37.4569419372844], [-122.14621513811, 37.4567989372038], [-122.146363138248, 37.456730937284], [-122.146470137479, 37.4566839372299], [-122.146774138151, 37.4565899377461], [-122.146931137612, 37.4565629370912], [-122.147125137781, 37.456529937149], [-122.147173138359, 37.4565259373927], [-122.147490137654, 37.4565029371855], [-122.147628137746, 37.456529937149], [-122.147828137762, 37.4566239374213], [-122.147872138143, 37.4566589375532], [-122.148064137764, 37.4568119376114], [-122.148131137711, 37.4568649375493], [-122.148298138116, 37.4569319375919], [-122.148366137888, 37.4569589374005], [-122.148503138155, 37.4570359370388], [-122.148751137852, 37.45709593723], [-122.149064138745, 37.4570999369558], [-122.149330137985, 37.4571039373944], [-122.149971138043, 37.457112937311], [-122.150171138059, 37.4571339371122], [-122.15087413894, 37.4572119370351], [-122.151122138637, 37.4572019373787], [-122.151812139098, 37.4570699372244], [-122.15188013887, 37.4570919367909], [-122.151970138383, 37.4571739371926], [-122.152025138635, 37.4572619367236], [-122.152073139214, 37.4574439368188], [-122.152156139055, 37.457575937026], [-122.152225138652, 37.4576359367839], [-122.152355139246, 37.4576749368503], [-122.152556139088, 37.4576859369019], [-122.152714139271, 37.4575869370922], [-122.152994138756, 37.4572279373384], [-122.153088138467, 37.4571069366537], [-122.153135139221, 37.4570479369383], [-122.153417139253, 37.4567889367791], [-122.153459139086, 37.4567519371924], [-122.153526139033, 37.4566819369993], [-122.153546139125, 37.4566599365991], [-122.153606138501, 37.4565969367786], [-122.153627139315, 37.4565759368267], [-122.153659139103, 37.4565429368903], [-122.153935139287, 37.4562769366333], [-122.154059139136, 37.4561589365595], [-122.154438139252, 37.4558889365727], [-122.154838139285, 37.4557909370072], [-122.155077138762, 37.4557799366769], [-122.155506139107, 37.4557629370059], [-122.155561139359, 37.4557459366179], [-122.155626138758, 37.4557269366832], [-122.15572513939, 37.4556939363721], [-122.155775138721, 37.4556659363345], [-122.155851138889, 37.4556209365831], [-122.155893138721, 37.4555739365446], [-122.155927139057, 37.4555379368439], [-122.1559411393, 37.4554229363572], [-122.155907138965, 37.4553069366296], [-122.155825138949, 37.4551579368876], [-122.155817139452, 37.4551429366339], [-122.155790138789, 37.455010936411], [-122.155777139269, 37.4549909365082], [-122.155740139459, 37.4549309367676], [-122.155728138865, 37.4549119366257], [-122.155667138766, 37.4547469366924], [-122.155638139352, 37.4546649364821], [-122.155604139016, 37.4543949368066], [-122.155624139108, 37.4543289364208], [-122.155677138811, 37.4542469364653], [-122.155721139192, 37.454180936662], [-122.155804139033, 37.4541319368459], [-122.15605213873, 37.4541149368004], [-122.156155138662, 37.4541429367055], [-122.156279139409, 37.4541539365636], [-122.156713138879, 37.4542309362374], [-122.156865139215, 37.4542199363907], [-122.157072138904, 37.4541149368004], [-122.157148139072, 37.4540279362131], [-122.15718913908, 37.4539339362436], [-122.157196138753, 37.4536479364291], [-122.157258139575, 37.4535939365508], [-122.157699139616, 37.4534999360358], [-122.158512139203, 37.4536159364267], [-122.158692139128, 37.4536979363608], [-122.158816138977, 37.4537969363268], [-122.158933139152, 37.4540559361509], [-122.158995139077, 37.4544179362359], [-122.159084139663, 37.4545389362794], [-122.159201139839, 37.4546439359877], [-122.15928413968, 37.4546769360489], [-122.159532139377, 37.454725936221], [-122.160449139619, 37.4546819364027], [-122.160545139879, 37.4546549364851], [-122.160683139971, 37.4545779365347], [-122.160745139895, 37.4544789361762], [-122.160751139743, 37.4543969363852], [-122.160753139393, 37.454288936245], [-122.160720139781, 37.4540679365284], [-122.160763139439, 37.4539369363431], [-122.160803139621, 37.4538899359593], [-122.160939140064, 37.453804936131], [-122.161153139426, 37.4537259364221], [-122.161516139649, 37.4537139359896], [-122.162391140058, 37.4538889361633], [-122.162470139701, 37.4538639362654], [-122.162708140251, 37.4538489357522], [-122.162729140167, 37.4538479359555], [-122.162782139871, 37.4538439360558], [-122.162802139962, 37.4538019360262], [-122.16291314029, 37.4535469359515], [-122.163103140261, 37.4532159355982], [-122.163476139631, 37.453107935892], [-122.163599139655, 37.4530729362377], [-122.163612140074, 37.453063935835], [-122.163723140402, 37.4529959360848], [-122.163861140494, 37.4527989358515], [-122.163874140015, 37.4527379359673], [-122.163882140411, 37.4527049357637], [-122.163939140312, 37.4526109355577], [-122.163985140343, 37.4525349361697], [-122.164123140435, 37.4524689355688], [-122.164240139713, 37.4524519358584], [-122.164316139881, 37.4524739360701], [-122.164536139989, 37.4526829356199], [-122.164674140081, 37.4527709354432], [-122.164750140249, 37.4528539361137], [-122.164881140668, 37.4529359354569], [-122.165081140685, 37.4529859358647], [-122.165177140046, 37.4529859358647], [-122.16523913997, 37.4529469354925], [-122.165315140138, 37.4528479358277], [-122.165431140489, 37.4522559354364], [-122.165501139911, 37.4520519359363], [-122.165515140155, 37.4519359359724], [-122.165626140483, 37.4516339355792], [-122.165681139836, 37.4512989352821], [-122.165757140004, 37.4511559358224], [-122.165833140172, 37.450930935351], [-122.165964139694, 37.4507719356463], [-122.166081139869, 37.4506889355181], [-122.166115140205, 37.4506769353115], [-122.166150140365, 37.4506669354945], [-122.166384139818, 37.4506669354945], [-122.166508140565, 37.4507059356292], [-122.166667140574, 37.4508099351759], [-122.166770140506, 37.4508539351326], [-122.166853140346, 37.450914935127], [-122.167060140036, 37.4509459357363], [-122.167259140227, 37.4509749352366], [-122.167473140488, 37.4509259354597], [-122.167638140344, 37.4507879351878], [-122.167776140436, 37.4504749354675], [-122.167893140612, 37.4499529349752], [-122.167900140285, 37.4496789352837], [-122.167887139866, 37.4495849355539], [-122.167825139942, 37.4494529355064], [-122.16772214001, 37.4493609352059], [-122.167652140588, 37.4492989355132], [-122.167590139765, 37.4491949352921], [-122.167590139765, 37.4491069355407], [-122.167646139842, 37.4489089351866], [-122.167811140596, 37.4485739355229], [-122.167967140232, 37.4483619348669], [-122.16847314057, 37.4478859353497], [-122.168760140625, 37.4474399349836], [-122.168881140101, 37.4475309349128], [-122.168916140261, 37.4474189353133], [-122.168996140627, 37.44754993479], [-122.169155140636, 37.4478119351947], [-122.16925414037, 37.4478519352683], [-122.169303139875, 37.4478409351967], [-122.169454140386, 37.4478089348496], [-122.170155140718, 37.4472939349128], [-122.170316140377, 37.4471899347571], [-122.170566140622, 37.4470279345693], [-122.170800140075, 37.4469509346125], [-122.170957140434, 37.446929934805], [-122.171369140163, 37.446912934549], [-122.171482140141, 37.4468799346283], [-122.171554140111, 37.4468589348009], [-122.1715781404, 37.4468489344735], [-122.171705140622, 37.4467939347883], [-122.171719140866, 37.4467849350564], [-122.171829140471, 37.4467069349573], [-122.171940140799, 37.4466019348053], [-122.172209140412, 37.4462619345923], [-122.172505140688, 37.446041934596], [-122.173070140578, 37.4455309342511], [-122.173229140586, 37.4453549345832], [-122.173504140946, 37.4451459345289], [-122.174159140349, 37.4447839345038], [-122.174538140466, 37.4444759342343], [-122.174683141129, 37.4442509343544], [-122.174800140406, 37.4438659344645], [-122.174786141061, 37.4436689344364], [-122.174766140969, 37.4436519341526], [-122.174766140969, 37.4435479346399], [-122.174866140529, 37.4433529343615], [-122.174906140712, 37.4432739343125], [-122.174924140255, 37.4432399342748], [-122.17502814091, 37.4431249341376], [-122.175078140241, 37.4430729343897], [-122.175149140386, 37.4430189340097], [-122.175178140698, 37.4429919341617], [-122.175268140211, 37.4429129344449], [-122.175298140349, 37.4428869345017], [-122.175325141011, 37.442861934493], [-122.175406140304, 37.4427909341946], [-122.175434140791, 37.4427679340433], [-122.175476140624, 37.4426909339814], [-122.175481140647, 37.4426579343382], [-122.175496140715, 37.4425809341631], [-122.175600140472, 37.4423169340821], [-122.175616140366, 37.4421989340959], [-122.175623140937, 37.4421449337984], [-122.17564114048, 37.4420149340846], [-122.175657140374, 37.4419869339192], [-122.175685140861, 37.4419409338284], [-122.175717140648, 37.4418889339708], [-122.175746140961, 37.4418739339092], [-122.175869140984, 37.4418119337177], [-122.176006140353, 37.4417719339809], [-122.176096140765, 37.4417459343546], [-122.176127140727, 37.4417429337662], [-122.176223140987, 37.441735934057], [-122.176255140774, 37.44173393414], [-122.17644414092, 37.441735934057], [-122.176642140388, 37.4417389339325], [-122.176907140702, 37.4414799342567], [-122.177043141144, 37.4413489341371], [-122.177192141107, 37.441283933617], [-122.177382141078, 37.4412269341897], [-122.177853141256, 37.4410869339232], [-122.178150140459, 37.4410319335685], [-122.178442140537, 37.4410269337288], [-122.178804140935, 37.4410209339207], [-122.179225140885, 37.4410649339289], [-122.179381141419, 37.4410619340264], [-122.179666140926, 37.4410589334105], [-122.179803141193, 37.4410259337608], [-122.179845141026, 37.4409989339069], [-122.179852140698, 37.4409109337871], [-122.179817141437, 37.4408449336294], [-122.179562141168, 37.4405589336995], [-122.179425140901, 37.4403729339815], [-122.17943814132, 37.440031934011], [-122.179501141069, 37.4399019334793], [-122.179556141321, 37.4397899338715], [-122.179707140933, 37.4396089336034], [-122.179873140615, 37.4394659339095], [-122.180148140974, 37.4393179332753], [-122.180589141015, 37.4392349332782], [-122.180989141048, 37.4392789336232], [-122.18111814092, 37.439332933136], [-122.181292140997, 37.4394059331286], [-122.181499141585, 37.4395759333142], [-122.18165714087, 37.4396309333126], [-122.181795140962, 37.4396419331648], [-122.182022141641, 37.4395759333142], [-122.182188141323, 37.4394829337179], [-122.182312141171, 37.4393669335225], [-122.182505141515, 37.4391089334762], [-122.182719140877, 37.4385159334898], [-122.18279414122, 37.4379719335313], [-122.182843141624, 37.4378069333235], [-122.183146141573, 37.4373449332314], [-122.183358141285, 37.4370969328392], [-122.183504140875, 37.4369279327511], [-122.183518141118, 37.4367629330947], [-122.183497141202, 37.4367189334102], [-122.183360140935, 37.4365979330745], [-122.18329814101, 37.4364389328664], [-122.183291141338, 37.4362629332112], [-122.183311141429, 37.4360759327674], [-122.18335914111, 37.4359359328502], [-122.183404141316, 37.4358009328604], [-122.183435141278, 37.4357129330477], [-122.183599141309, 37.4354239326349], [-122.183670141454, 37.4353009329697], [-122.183705140716, 37.4352509328682], [-122.183811141021, 37.4351019331239], [-122.183847141006, 37.4350529329373], [-122.18443514136, 37.4342299325789], [-122.184572140729, 37.4340979325469], [-122.184841141241, 37.4339279327571], [-122.18514414119, 37.4337739329079], [-122.185445141489, 37.4337279327618], [-122.185937141583, 37.4336529328042], [-122.186495140902, 37.4335209324679], [-122.186798141749, 37.433482932717], [-122.187370141311, 37.4333669324946], [-122.187666141587, 37.4333179325988], [-122.187769141519, 37.4332299327199], [-122.187838141116, 37.4331199325475], [-122.187956141117, 37.4326589321351], [-122.188135141217, 37.4323619321002], [-122.188424141821, 37.4320649323135], [-122.188569141586, 37.4319769323882], [-122.188789141694, 37.4318889323594], [-122.189182141156, 37.431784932192], [-122.189461141713, 37.4317639324082], [-122.189844142028, 37.4317359319739], [-122.190085142052, 37.4316639324395], [-122.190319141506, 37.4315429324915], [-122.190415141765, 37.4314769319186], [-122.190539141614, 37.4312909324552], [-122.190519141522, 37.4309609321779], [-122.190501141979, 37.4308939324152], [-122.190429141111, 37.430608932371], [-122.190312141833, 37.4303289317966], [-122.190133141733, 37.4295979320304], [-122.190105141245, 37.4295709323337], [-122.190112141816, 37.429526931988], [-122.189947141062, 37.4291369320412], [-122.189892141708, 37.4288509323107], [-122.189892141708, 37.4288349316451], [-122.18989214081, 37.4287409321235], [-122.189887141686, 37.428704931638], [-122.189881140939, 37.428662931763], [-122.189833141259, 37.4283199316646], [-122.18981614154, 37.4281919317555], [-122.189747141045, 37.4280429322267], [-122.189561141272, 37.4278569320779], [-122.189492140777, 37.4277409316974], [-122.18945814134, 37.4274659318423], [-122.189477140708, 37.4274179318004], [-122.189506141021, 37.4273459316798], [-122.189623141197, 37.4271419320321], [-122.189823141213, 37.4269169321117], [-122.190436140783, 37.4263399316097], [-122.191097140932, 37.4258129316732], [-122.191242140697, 37.4256149317456], [-122.191300141322, 37.4255019312711], [-122.191325141436, 37.4254549315729], [-122.191338140957, 37.4253069317685], [-122.191318140865, 37.425191931897], [-122.191153141009, 37.4247689317987], [-122.191081141039, 37.4246759316388], [-122.191034141183, 37.4246149316553], [-122.190894140543, 37.4244329315962], [-122.190870141152, 37.4244009312265], [-122.190853140535, 37.4243699317471], [-122.190753140976, 37.4241919318642], [-122.190720140465, 37.424153931658], [-122.190594140967, 37.4240049312269], [-122.190216140675, 37.423724931635], [-122.190153140926, 37.4237079318146], [-122.190129140637, 37.4236879313914], [-122.189932140993, 37.423528931583], [-122.189609140953, 37.4232689314649], [-122.189354140685, 37.423113931596], [-122.188900140225, 37.4228399313651], [-122.188617140368, 37.4226749313308], [-122.188493140519, 37.4225869317821], [-122.18839714026, 37.4224719312999], [-122.188307139848, 37.4223069318815], [-122.188161140258, 37.4215319315], [-122.188149140563, 37.4214669316052], [-122.188149140563, 37.421372931394], [-122.188080140067, 37.4210379311694], [-122.188066139824, 37.4208289316948], [-122.18801314012, 37.4205869315369], [-122.187928139731, 37.420191931589], [-122.187928139731, 37.4200209313627], [-122.187993140029, 37.4198699314808], [-122.188011139572, 37.4198289311815], [-122.188115140227, 37.4196559310462], [-122.188135140319, 37.4196209314404], [-122.188197140243, 37.4195169313532], [-122.18821814016, 37.4194829312248], [-122.18857614036, 37.4191749309947], [-122.18879613957, 37.4190429315275], [-122.188989139913, 37.418966930864], [-122.189175139686, 37.4189279313103], [-122.189671139979, 37.4189119313777], [-122.189904140506, 37.4189239309707], [-122.190018140308, 37.4189049309603], [-122.190131140286, 37.4188579314018], [-122.190179139967, 37.4188169312619], [-122.190262139808, 37.4186409308415], [-122.190280140249, 37.4184819310181], [-122.190176140492, 37.4182009311914], [-122.190107139997, 37.4180729311061], [-122.190045140073, 37.4179879312575], [-122.189724139682, 37.4176389312287], [-122.189603140207, 37.4174759310015], [-122.189315140327, 37.4172629311461], [-122.189073139579, 37.4171709312254], [-122.188814140011, 37.4171379310325], [-122.18798013961, 37.4171699309388], [-122.187800139685, 37.4171059311126], [-122.187569139706, 37.4169699311221], [-122.187424139941, 37.4168209313789], [-122.187358139819, 37.4167259314645], [-122.187207139308, 37.4165519310008], [-122.187172139148, 37.4163399309557], [-122.187227139399, 37.4161099313184], [-122.187477139645, 37.4156379312345], [-122.187566139333, 37.415297930909], [-122.187570139531, 37.4148459306383], [-122.187660139044, 37.4147519306783], [-122.188142139093, 37.4146259310477], [-122.188843139425, 37.4144709311265], [-122.18886613989, 37.4145419311763], [-122.189148139922, 37.414521931159], [-122.189568140047, 37.4144499307672], [-122.190608139414, 37.4141919304599], [-122.191400139983, 37.4141969306652], [-122.191621139916, 37.4141589303814], [-122.192144139972, 37.4140049305362], [-122.192219140315, 37.4139729307047], [-122.192351139661, 37.4139169307883], [-122.192378140324, 37.4138729305189], [-122.192368140278, 37.413634930624], [-122.192197139676, 37.413371930817], [-122.192121139508, 37.4131039305223], [-122.192139139949, 37.4129429303873], [-122.192221139965, 37.4127669304332], [-122.192408139563, 37.4126049306533], [-122.192903140031, 37.4122759304227], [-122.193520139799, 37.4117749300286], [-122.193566139829, 37.4116959301861], [-122.193621140081, 37.4116749304759], [-122.193840139466, 37.4112799299031], [-122.193891139519, 37.4111559301608], [-122.19393713955, 37.4104789297895], [-122.193926139679, 37.4104149299543], [-122.193936139725, 37.4101809298685], [-122.194106139605, 37.4093749303207], [-122.194208139712, 37.4090929301822], [-122.194344139256, 37.4088719297088]]], [[[-122.063925105747, 37.2791399280376], [-122.063761105715, 37.2791669282885], [-122.062373105295, 37.279396928233], [-122.062456105136, 37.2797069284136], [-122.062068105696, 37.2797719282204], [-122.061985104957, 37.2794629282862], [-122.060793105254, 37.2793099285293], [-122.061500105434, 37.279707928389], [-122.06297210552, 37.280536928491], [-122.063695105593, 37.280949928396], [-122.06401310561, 37.2811229282434], [-122.063925105747, 37.2791399280376]]]]}}]}