{"type": "FeatureCollection", "features": [{"type": "Feature", "properties": {"TRUSTEE_AREA": 1}, "geometry": {"type": "MultiPolygon", "coordinates": [[[[-122.02931289638327, 37.375760238074136], [-122.02936414615957, 37.375772480155575], [-122.02940571569195, 37.37578129996408], [-122.02946063867894, 37.375792955245245], [-122.03038741512395, 37.37598962490005], [-122.03144252935986, 37.376213551413315], [-122.03253199786076, 37.376446052848365], [-122.03347567610534, 37.37664499085749], [-122.03425365024312, 37.376810066600754], [-122.03429905468283, 37.37681970079683], [-122.03429031946497, 37.376832198261035], [-122.03427164635904, 37.37686169029308], [-122.03425770433007, 37.3768928038311], [-122.034093602764, 37.37733513114268], [-122.03376443034917, 37.37823160844256], [-122.03371906982599, 37.37838413149352], [-122.03367835377998, 37.37853748690977], [-122.03364230614986, 37.378691584634964], [-122.03351029957584, 37.37923894683979], [-122.03350966626338, 37.37924161014833], [-122.03347919360024, 37.379390666752016], [-122.03347179147927, 37.37942687581524], [-122.03345893029565, 37.37947786328572], [-122.03345845059509, 37.379479766356646], [-122.03344651916757, 37.379531493318815], [-122.03357012642904, 37.379572709835074], [-122.03734392487227, 37.38081244123517], [-122.0373674328898, 37.380738285569265], [-122.03740287951909, 37.380631713171695], [-122.03744094833193, 37.38051187070599], [-122.03758651855632, 37.380053613861676], [-122.0378297069211, 37.37932949529819], [-122.03808105917769, 37.37857155092924], [-122.03837397289699, 37.37768720952282], [-122.04225841057634, 37.37850592515152], [-122.04311056667945, 37.378681773612115], [-122.0431797656905, 37.378694962480225], [-122.04329318470171, 37.378713729647956], [-122.04340800530062, 37.37872591515564], [-122.04352362855269, 37.37873145544042], [-122.04363945133603, 37.37873032160267], [-122.0437548694877, 37.37872251955682], [-122.04386928095579, 37.378708090000416], [-122.04423474161585, 37.37865115718954], [-122.04448134350143, 37.37861272701796], [-122.04462135851273, 37.378594240564816], [-122.04476247858831, 37.378582244944106], [-122.0449042316498, 37.37857678028384], [-122.04500562448075, 37.37857521555682], [-122.0451214237505, 37.37857572971492], [-122.04523704753032, 37.378580841335605], [-122.0453521937781, 37.3785905386865], [-122.04546659289521, 37.378604795607416], [-122.04557996155765, 37.378623576789316], [-122.0456920189927, 37.37864683571817], [-122.04616268401605, 37.37875453241037], [-122.04673852128776, 37.37702668376247], [-122.0470017618506, 37.376236767283174], [-122.04719751377034, 37.37564931314165], [-122.04742491154767, 37.374957313470475], [-122.04789386006276, 37.37353013625588], [-122.04810602061423, 37.37287850838894], [-122.04839285812889, 37.37200240324277], [-122.04842325532721, 37.37190955962029], [-122.05050539887502, 37.37235024381624], [-122.05074551326085, 37.37239951757873], [-122.0509842163316, 37.37245298138646], [-122.05122139331908, 37.37251060953474], [-122.05145693018802, 37.37257237431668], [-122.05212039519321, 37.37275911213763], [-122.0521266501612, 37.37276087260066], [-122.0521895681524, 37.372778581457595], [-122.0526876865815, 37.372918780829934], [-122.05279556075263, 37.37294930687459], [-122.05575740362114, 37.373774088630945], [-122.05602176630555, 37.373852798821595], [-122.05628745445726, 37.37392861377571], [-122.05661411741235, 37.37404537961667], [-122.05693885867753, 37.37416551191431], [-122.05789433447451, 37.374547108050905], [-122.05830636915654, 37.37471423863547], [-122.05833881540721, 37.37466202220272], [-122.05838148549739, 37.374593353068], [-122.05840397123762, 37.37455716666197], [-122.05843550377895, 37.374506421372644], [-122.05861756085145, 37.37421281303584], [-122.05877020438561, 37.3739666574759], [-122.05889340383871, 37.37376793374342], [-122.05934560768141, 37.373038629480945], [-122.05973611343163, 37.37240879193245], [-122.0597837600758, 37.37233194298852], [-122.05986647335617, 37.37219855958596], [-122.0598875325622, 37.37216456155114], [-122.05997146575494, 37.37202916964757], [-122.06005545464325, 37.371893708251456], [-122.06012870507024, 37.371775557340975], [-122.06020351048112, 37.37165493756254], [-122.06025542142801, 37.371571153684535], [-122.06035694722777, 37.37140750999377], [-122.06043374150869, 37.37128358708533], [-122.06045784420675, 37.371244692651864], [-122.06047547633952, 37.37121624054131], [-122.06051903744572, 37.371145981900625], [-122.06054581263189, 37.37110282035758], [-122.06060696454837, 37.37100415011265], [-122.06063351785053, 37.37096135757998], [-122.06065582481644, 37.37092537431053], [-122.0607123980197, 37.37083411352846], [-122.06074796861108, 37.3707767342328], [-122.06076428201709, 37.37075042154232], [-122.06084366434443, 37.37062243823161], [-122.06085789725218, 37.37059949516363], [-122.06091396919568, 37.37050897288743], [-122.06093416871366, 37.370476405487736], [-122.06097972677465, 37.370402938528024], [-122.06101046802296, 37.37035331489597], [-122.06105513764997, 37.37028127993453], [-122.06108679517985, 37.37023024694769], [-122.06115357773676, 37.3701225059277], [-122.06116309448912, 37.370107157380055], [-122.06121458861763, 37.370024042858006], [-122.0612393937984, 37.36998406618229], [-122.06131572005697, 37.36986097549683], [-122.06135866851196, 37.36979166296172], [-122.061392018468, 37.369737908168574], [-122.06146828813276, 37.36961481707905], [-122.06147358819304, 37.36960634565748], [-122.06155074719001, 37.36948189289681], [-122.06155446441866, 37.369475869509934], [-122.06163312000908, 37.36934896990689], [-122.06163836167897, 37.369340476323586], [-122.06171624202294, 37.369214915820265], [-122.06171929449849, 37.36921002184548], [-122.06180016892769, 37.36907954572251], [-122.06188035075562, 37.36895017596462], [-122.0619359097609, 37.368860612649584], [-122.06196280801625, 37.36881725203264], [-122.06197745594574, 37.3687935937671], [-122.06205203138786, 37.368673273329364], [-122.06206046567033, 37.3686596557727], [-122.0620996043697, 37.36859995524402], [-122.06209087454351, 37.36859657619558], [-122.0620838227699, 37.36859384682676], [-122.06212244942996, 37.36853107775645], [-122.06212282941725, 37.36853046662879], [-122.06212930267749, 37.368520045330136], [-122.06214168146249, 37.368500137982856], [-122.06221651022946, 37.368379800654175], [-122.0622466999121, 37.36833130655874], [-122.06229916961091, 37.36824696566764], [-122.06235074907947, 37.36816398687488], [-122.0623817706021, 37.368114106886196], [-122.06245479914514, 37.36799666824576], [-122.0624689772556, 37.3679738857252], [-122.06255884831269, 37.36782937137575], [-122.06262942984482, 37.36771586825204], [-122.06266289568345, 37.36766205200042], [-122.06276694395235, 37.367494732251984], [-122.06287873300467, 37.36731501803259], [-122.0629604725113, 37.36718354408577], [-122.06301280117485, 37.3670994110912], [-122.0631892626411, 37.36681564341672], [-122.0632495261235, 37.36671874598624], [-122.06315182179058, 37.36657785394461], [-122.06306245651551, 37.366449004617124], [-122.06300775170408, 37.366370125553026], [-122.06297858607408, 37.366328071474946], [-122.0629523015367, 37.36629017179443], [-122.06281878677432, 37.36609761129346], [-122.06276400136149, 37.366018642505956], [-122.0626852450625, 37.36590512098039], [-122.062600817825, 37.365783347273556], [-122.06256705016803, 37.365699125599434], [-122.06244565548617, 37.365396277631866], [-122.06238883167893, 37.36525454277264], [-122.0623832926693, 37.36524067613444], [-122.06231836067184, 37.36507872214866], [-122.06229905768134, 37.36503058861173], [-122.0620610751692, 37.36471491931109], [-122.06198025466557, 37.36460770155511], [-122.06197555470534, 37.36438710114612], [-122.06197324694585, 37.364278127263674], [-122.06198730034582, 37.36422121634183], [-122.06200735329264, 37.3641400101572], [-122.0620429409615, 37.36399587539512], [-122.06206179301192, 37.36391960472131], [-122.06207971710221, 37.36384698811357], [-122.0621018992082, 37.36375712097485], [-122.0621425093595, 37.36359268485187], [-122.06213872835733, 37.36353665372484], [-122.06212042431808, 37.3632661498166], [-122.06210261345308, 37.36300280336568], [-122.0620929691577, 37.362859775239876], [-122.06178673803873, 37.36264813596049], [-122.06159256633607, 37.36251392922525], [-122.06163632417802, 37.36239992468978], [-122.06174108482283, 37.36212704908458], [-122.06182789622727, 37.36190094789403], [-122.06170807538851, 37.36164278385372], [-122.06163450249733, 37.36148428572248], [-122.06158311978149, 37.3613735404649], [-122.06156095835212, 37.36132581153272], [-122.06149714475433, 37.36118831159678], [-122.06147408231502, 37.36113864830814], [-122.0615020504667, 37.36106765908409], [-122.06156239480407, 37.36091442840357], [-122.06159841545504, 37.36082299836144], [-122.06161887368998, 37.36077106857237], [-122.06189422798613, 37.360396575413226], [-122.06200835272264, 37.359636421200385], [-122.06201294760793, 37.359605844049995], [-122.06201942895659, 37.359562717279765], [-122.0620232054763, 37.359537588070474], [-122.06209537251908, 37.359563535551516], [-122.06209709728412, 37.359564155320676], [-122.06211971057049, 37.35957228586263], [-122.06212301098117, 37.35956463514357], [-122.06213580748387, 37.35953496833967], [-122.06214818267652, 37.3595062797317], [-122.06231541842529, 37.35940939857485], [-122.06234314941571, 37.35939333381551], [-122.06237036207825, 37.35937756894185], [-122.06266007861387, 37.359209733059046], [-122.06266101647041, 37.35907059984724], [-122.06265792088415, 37.35900106955998], [-122.0626462760584, 37.358700742932676], [-122.06210763824339, 37.35840812516897], [-122.06179855410234, 37.35795633451047], [-122.06156647080145, 37.357856595181275], [-122.0615440237038, 37.35784694855495], [-122.06103172717556, 37.35762678593352], [-122.06101850307891, 37.357621102189874], [-122.06091487169708, 37.35717117545739], [-122.06091699531606, 37.35715338366247], [-122.0609199741319, 37.357128318624554], [-122.06095616189322, 37.356823811624444], [-122.06096266929443, 37.35676888007333], [-122.06083854909038, 37.356768860071384], [-122.06080136962292, 37.356768853642315], [-122.06080139747692, 37.356713892774636], [-122.06081635712748, 37.35663801813622], [-122.06087387624679, 37.35663610092303], [-122.06096272949674, 37.35663313977469], [-122.06112460145243, 37.35611786209365], [-122.0611407738258, 37.356066381758204], [-122.06115330353005, 37.356026569018134], [-122.06120638766832, 37.356015827518256], [-122.06165740386673, 37.35592456148278], [-122.0616912452319, 37.35559425999431], [-122.06152386400585, 37.35524557926111], [-122.0610344269001, 37.3550542328623], [-122.06076092230164, 37.35483167209197], [-122.06067442264478, 37.35476753763294], [-122.06066099103779, 37.35475757856393], [-122.06066320628314, 37.354756278251244], [-122.06068739521675, 37.35474207906288], [-122.06102723235121, 37.35454259321431], [-122.0610876997445, 37.354507098350865], [-122.06117869907497, 37.35445368107731], [-122.06119328232316, 37.354453097684384], [-122.06126187317967, 37.354422432738716], [-122.0612751853126, 37.35441648097857], [-122.06151473183525, 37.35434050477792], [-122.06150376969798, 37.35431827079934], [-122.0614745502077, 37.35425900443533], [-122.06127174842241, 37.35384765896176], [-122.06114259764004, 37.35360563810814], [-122.06101874017166, 37.353361860560966], [-122.06090021344347, 37.35311640008526], [-122.0607687165367, 37.352827993079686], [-122.0606445820303, 37.35253751429113], [-122.06052786101351, 37.352245083471544], [-122.06050902874024, 37.35219590127445], [-122.06050729589083, 37.35219118614022], [-122.06042624091465, 37.35219446880462], [-122.0604256165856, 37.35219449379781], [-122.06004383893558, 37.352195157873986], [-122.05924146294645, 37.352196585996296], [-122.05626293467827, 37.352211368152744], [-122.05504366320471, 37.35221741926031], [-122.0544985961153, 37.35221850677968], [-122.05143697190029, 37.35222461702495], [-122.05093867558888, 37.352225611716015], [-122.05050552778896, 37.352211633384194], [-122.05001727194438, 37.352228208793434], [-122.04908998523429, 37.35222583223807], [-122.04849410135559, 37.35222430547246], [-122.04794619469227, 37.35222101205327], [-122.04744714020256, 37.35222567859188], [-122.04716613464879, 37.35221721018537], [-122.04711517319383, 37.35221630732232], [-122.04706432679681, 37.352213429788634], [-122.04703496446811, 37.352210861206345], [-122.04686483384565, 37.35219676364168], [-122.04669413753584, 37.35218805361125], [-122.04652314312703, 37.35218474476917], [-122.04651647762871, 37.35218472120391], [-122.04594268960764, 37.35218269600427], [-122.04524322999221, 37.35218022163332], [-122.04416240145758, 37.352203643698694], [-122.04293826830215, 37.35221207201053], [-122.04245052449913, 37.35221224478554], [-122.04181014078262, 37.35221247182052], [-122.04168487343101, 37.35220452899342], [-122.04149477647107, 37.35220222175647], [-122.04143860171828, 37.352204893795694], [-122.04138234873686, 37.35220365492619], [-122.04128836556777, 37.352202080469844], [-122.04119450295424, 37.352206192787214], [-122.04112459966252, 37.352206357022894], [-122.04032179877049, 37.352207957954484], [-122.03939586402383, 37.35221417046746], [-122.03883249645784, 37.352217950817085], [-122.03871836192425, 37.35222425621863], [-122.03801828965774, 37.35222344353502], [-122.03801714339977, 37.352296014977995], [-122.03801709129246, 37.35234005353023], [-122.03801680829633, 37.35258052309275], [-122.03801662412155, 37.352760660355365], [-122.0380164938517, 37.352888356370784], [-122.03801622702622, 37.35311913981261], [-122.03801599523715, 37.35333209199799], [-122.03801576434772, 37.35353256794196], [-122.03801553345833, 37.35373306762884], [-122.03801533221326, 37.3539335439299], [-122.03801510132404, 37.35413404326005], [-122.03801489918077, 37.354334542768534], [-122.03801469793574, 37.35453504174171], [-122.03801443919855, 37.35473554089312], [-122.03801423615695, 37.35493604022321], [-122.03801400616585, 37.3551365168818], [-122.03801377617485, 37.355337016569116], [-122.03801354528538, 37.35553751572054], [-122.0380133413449, 37.355743508283105], [-122.0379932711878, 37.35574358896981], [-122.0378384393854, 37.35574420090498], [-122.03764058367723, 37.35574496350238], [-122.0373912024088, 37.35574592460396], [-122.03710840291852, 37.355747023515754], [-122.03687644177732, 37.35574793606262], [-122.03687414572543, 37.35537576921647], [-122.03687371094915, 37.35530163267502], [-122.03655295854232, 37.35530177617808], [-122.0363693833501, 37.35530185828198], [-122.03608037201072, 37.3553019832219], [-122.03579824356191, 37.35530210816238], [-122.03568609789878, 37.35530215813858], [-122.03564131688864, 37.3553021781291], [-122.03559332709679, 37.35530219954744], [-122.03557397110023, 37.35530220811476], [-122.03557139832573, 37.35530220954272], [-122.03551608636707, 37.35530223381676], [-122.03523401451218, 37.35530238089312], [-122.03495185731727, 37.35530250440548], [-122.03466975671633, 37.35530260506775], [-122.0343876282675, 37.355302750001975], [-122.03436884000624, 37.35530275785539], [-122.0341054998187, 37.355302871372146], [-122.03382337137003, 37.35530299274224], [-122.03352059694406, 37.35530310839851], [-122.03224298888529, 37.35530559180861], [-122.03223899408398, 37.35525103331341], [-122.03221696412513, 37.35489392295705], [-122.03220202759707, 37.35453657871492], [-122.03209195165215, 37.35453646874079], [-122.03195872253244, 37.35453673007984], [-122.03118074208795, 37.35453825670063], [-122.0308324176941, 37.35453893718208], [-122.03083231258641, 37.35458277376553], [-122.03083194425388, 37.354791492392], [-122.03083120309986, 37.35518489474864], [-122.03071885352188, 37.355161022241795], [-122.03067365567888, 37.35529153899296], [-122.0304779046601, 37.35585680619976], [-122.0304297181384, 37.35584637885264], [-122.03035236778928, 37.35606965421247], [-122.03034692579416, 37.356085381223714], [-122.03032997278468, 37.35614075313032], [-122.03146782453847, 37.35638471015681], [-122.03150535767386, 37.35639144489698], [-122.03154345997775, 37.356395678680464], [-122.03154385972802, 37.356395710098916], [-122.03152066701979, 37.356465025013065], [-122.03151622574816, 37.356477810060184], [-122.03128802577962, 37.35713231729588], [-122.0317522022844, 37.357135394852925], [-122.03212752643799, 37.357137884032525], [-122.03213638292705, 37.35713794258445], [-122.03214106584387, 37.357137973288914], [-122.0321510173791, 37.357138049692026], [-122.03225521115647, 37.357138534534336], [-122.03225512042619, 37.3571424810479], [-122.03225193588156, 37.35729838566346], [-122.03217103342875, 37.35900213842613], [-122.03228376659013, 37.35900247331183], [-122.03238889910685, 37.359002747505045], [-122.03356404264439, 37.35900516599084], [-122.03685368888648, 37.35901338250908], [-122.03769434837123, 37.35901970954252], [-122.03784880688067, 37.35902428374707], [-122.0380027116119, 37.35903567382506], [-122.0381555909094, 37.35905384487056], [-122.03830697625939, 37.35907874119668], [-122.03845640372515, 37.35911028650623], [-122.0386034153686, 37.35914838412542], [-122.03874756065325, 37.359192917300085], [-122.03888839782466, 37.359243749553436], [-122.03900805462976, 37.35928691528584], [-122.0391305395156, 37.35932469038015], [-122.03925547168353, 37.35935695739453], [-122.03938246272484, 37.35938361601148], [-122.03951111782833, 37.35940458334981], [-122.03964103700817, 37.35941979422235], [-122.03977181634762, 37.35942920133864], [-122.03990304925517, 37.359432775452106], [-122.04150223796628, 37.359440714763025], [-122.04151686592505, 37.36127639609621], [-122.04152784671317, 37.36321053180427], [-122.04158326574638, 37.363209572833895], [-122.04163859043803, 37.36321232528184], [-122.04169343134691, 37.36321876977304], [-122.04163859043803, 37.36321232528184], [-122.04158326574638, 37.363209572833895], [-122.04152784671317, 37.36321053180427], [-122.04154494587164, 37.36562860183727], [-122.04154243705489, 37.36572905409365], [-122.04153348604292, 37.365829271975244], [-122.04152852504622, 37.36588864224628], [-122.04152808086738, 37.365948143358416], [-122.04155134175494, 37.366706949960786], [-122.04155904468901, 37.36776513730065], [-122.04155588451567, 37.36788740795392], [-122.04154459990082, 37.36800937251458], [-122.0415252226004, 37.36813068733404], [-122.04149780717306, 37.36825101059271], [-122.04146243082697, 37.368370003263216], [-122.04114026346623, 37.36933228969476], [-122.0410987747671, 37.36945621083161], [-122.04109648945274, 37.36946303738628], [-122.04109553454337, 37.369465888804086], [-122.04092323314883, 37.369980535112106], [-122.0409171057392, 37.36999883646035], [-122.04089262484527, 37.370082867684815], [-122.04086566190712, 37.37016331565674], [-122.03781004301744, 37.36938041880558], [-122.03716970154001, 37.36921635263557], [-122.0370559847268, 37.36918991730671], [-122.03700601617868, 37.36917365079706], [-122.03695391995944, 37.36916241393269], [-122.0369103282201, 37.36915072680098], [-122.03686506761015, 37.36914423588345], [-122.03682612616498, 37.36913097441661], [-122.03678544544948, 37.369121612196786], [-122.03674163102734, 37.36911336060601], [-122.0350782496482, 37.36880009505444], [-122.034664695905, 37.36872525567015], [-122.0344432679499, 37.36867872613789], [-122.03422354718438, 37.36862729944001], [-122.0340057036075, 37.368571015366435], [-122.03380629405987, 37.368509831285095], [-122.03360926187531, 37.368443923578475], [-122.03358026875505, 37.36843375499817], [-122.03338687703078, 37.36836275948838], [-122.03319621890496, 37.368287201031826], [-122.03300846334056, 37.368207146592425], [-122.03288262127259, 37.36814829642253], [-122.03275917986875, 37.36808629199935], [-122.03263826319738, 37.368021195645234], [-122.03239608324039, 37.367878938173114], [-122.03215729451924, 37.3677330749374], [-122.03213295826535, 37.36771788867698], [-122.03204623941882, 37.36766099532621], [-122.03199758756094, 37.36773032410794], [-122.03187892985345, 37.36791295672952], [-122.03176828000171, 37.36809876431282], [-122.0317541828117, 37.3681250199519], [-122.031743508057, 37.368152284681514], [-122.03174008367849, 37.36816464008878], [-122.03173164220833, 37.36818883900398], [-122.03172215420136, 37.36821026997661], [-122.03171195562673, 37.36823459809934], [-122.03170685409292, 37.36825197461133], [-122.03157006489845, 37.36871785839585], [-122.03153349341318, 37.36887864061039], [-122.031502227814, 37.36904013427922], [-122.03147628972594, 37.36920222788229], [-122.03144838124983, 37.36930621341312], [-122.03141710061585, 37.36940958579822], [-122.03090558632275, 37.37095552280763], [-122.03089658969387, 37.370979698691194], [-122.03050598416863, 37.37216321732572], [-122.0304264473184, 37.37240420947828], [-122.02988955741158, 37.37401684491156], [-122.02932356118438, 37.375726335882874], [-122.02931289638327, 37.375760238074136]]], [[[-122.04143567166628, 37.33753714667274], [-122.04043940872644, 37.33753058283635], [-122.04029053724524, 37.337529603617654], [-122.04028930204859, 37.33764833269299], [-122.04028917987466, 37.337675803326505], [-122.04028756735933, 37.33803147219803], [-122.04028662590204, 37.338237474940144], [-122.04028568354654, 37.338443454261856], [-122.040284619017, 37.338676904000216], [-122.04028434232923, 37.338736726896705], [-122.04028374673189, 37.33886548666326], [-122.04028367576308, 37.338882884259625], [-122.04028273430625, 37.33908474293727], [-122.04028243875293, 37.33915385314453], [-122.0402811020278, 37.3394422435162], [-122.0402808486967, 37.33949672565152], [-122.0402797940487, 37.33973063349456], [-122.04027896308727, 37.339908685393866], [-122.03989401258872, 37.33990614207695], [-122.0398490034065, 37.33990584496383], [-122.03975196560734, 37.339907489060586], [-122.03975290766242, 37.34000934228583], [-122.03975765820775, 37.3401111276396], [-122.03984688066485, 37.340111856848736], [-122.04027799378237, 37.3401146879864], [-122.04027762726038, 37.340198304868736], [-122.04027714844632, 37.34030739084601], [-122.04027707927456, 37.34032066787358], [-122.04027598330279, 37.34056510617711], [-122.04027584046713, 37.34059575821894], [-122.04027513257815, 37.340746362135555], [-122.04027470586766, 37.34084250819899], [-122.04027450464051, 37.34088414805305], [-122.0402736664918, 37.34106881566767], [-122.04027361527515, 37.341182713336806], [-122.04037231405844, 37.341184492402], [-122.0404736278389, 37.341172718913555], [-122.0404845845888, 37.34117273105564], [-122.04085585734126, 37.341173143172426], [-122.04126179517708, 37.34117355029216], [-122.04126867627116, 37.34117355172107], [-122.0414383464445, 37.34116074336783], [-122.04156451301031, 37.34116231246243], [-122.04303095769208, 37.34116945379825], [-122.04311409496232, 37.34117013943079], [-122.04311414077706, 37.341164145196046], [-122.04313221694035, 37.338781278556134], [-122.04313233372287, 37.33876591217035], [-122.0431381881289, 37.33799424915951], [-122.0431470653317, 37.33752325503749], [-122.04197898165174, 37.33753274634603], [-122.04143567166628, 37.33753714667274]]]]}}, {"type": "Feature", "properties": {"TRUSTEE_AREA": 2}, "geometry": {"type": "Polygon", "coordinates": [[[-122.0224712739517, 37.387027374724994], [-122.02505374844907, 37.38786964697159], [-122.0258102348777, 37.38812954514425], [-122.02613271113945, 37.38823627606907], [-122.02692023255977, 37.3884969538092], [-122.02763529139125, 37.38873362036198], [-122.02782663969768, 37.388794007203735], [-122.028343411639, 37.38894926795719], [-122.02846017823107, 37.388986064817615], [-122.02856043468945, 37.3890193907448], [-122.02992658243473, 37.38947350534508], [-122.03040495409685, 37.389642855212756], [-122.03052807716767, 37.38967340942431], [-122.030611491116, 37.38970086387945], [-122.03123648487431, 37.389906340878504], [-122.03205896153258, 37.39017676519688], [-122.03275940028584, 37.390407063578685], [-122.03311490759401, 37.39052597811709], [-122.03402146475032, 37.390825111109], [-122.03491203279651, 37.391114970265605], [-122.03673523698548, 37.39170828432025], [-122.03773888942922, 37.39203999563295], [-122.03778536735504, 37.39205538537395], [-122.03924443052777, 37.39253834385562], [-122.04137100471449, 37.39322866699365], [-122.04191768425959, 37.39340850901466], [-122.0448274140542, 37.394368244872496], [-122.04492548581028, 37.394400664877885], [-122.04493430546812, 37.394403580293925], [-122.04493723577193, 37.39440454876855], [-122.0449653620287, 37.394320386356064], [-122.04496552642033, 37.394319884632914], [-122.04497025245796, 37.39430546669098], [-122.0449709872801, 37.394303224280534], [-122.04531797599786, 37.393244681968945], [-122.0453249469256, 37.39322342372765], [-122.04533473586928, 37.39319355897894], [-122.0453367067734, 37.393187546060396], [-122.04534584353975, 37.39315967180607], [-122.04584307911092, 37.3916427324847], [-122.04586456052833, 37.39157719493141], [-122.04629440447385, 37.390265723104015], [-122.04698871037853, 37.390951960319036], [-122.04706181615514, 37.39102739344205], [-122.04707298311193, 37.39101687177994], [-122.04742662555756, 37.390782867558826], [-122.04766453266313, 37.39063448952762], [-122.04789048588842, 37.390490731858804], [-122.04796529398646, 37.39044036996725], [-122.04801950461466, 37.39040387716671], [-122.04802629497958, 37.39039932359463], [-122.04807367841222, 37.3903669953674], [-122.048136621563, 37.390324079704094], [-122.04817056530172, 37.39030093639737], [-122.0482556249718, 37.39025243078408], [-122.0484903143114, 37.39011508024099], [-122.04879110527854, 37.38992672699311], [-122.04906972402966, 37.38975102631717], [-122.04929756281761, 37.3896154813146], [-122.0493298743174, 37.38959651313133], [-122.04957946311508, 37.389430808970594], [-122.04989208758853, 37.38923371286535], [-122.05029167975403, 37.38898494651757], [-122.0505191223856, 37.38884292649971], [-122.05072465061826, 37.38871076370531], [-122.05105770367783, 37.38850307089112], [-122.05130221609632, 37.388340519783114], [-122.05133436320507, 37.38831505262082], [-122.05136651570383, 37.38828853267379], [-122.05139519801126, 37.388260683721526], [-122.05142386684412, 37.388232149562015], [-122.05145079294553, 37.38820260829447], [-122.05147597631601, 37.388172059917785], [-122.05149939629369, 37.388140848456906], [-122.05152113911716, 37.388108971769995], [-122.05154443153498, 37.38807020811279], [-122.05156770868153, 37.38803075780912], [-122.05158928711421, 37.38799098629779], [-122.05160738098239, 37.3879505745317], [-122.05162543173168, 37.38790947683032], [-122.05164179095335, 37.3878684012326], [-122.05165641463022, 37.38782666182423], [-122.05166931084734, 37.38778460049068], [-122.05178154458375, 37.38744219337889], [-122.05179895753044, 37.387389068632025], [-122.0518263157277, 37.38730560281961], [-122.05194149863226, 37.3869675917019], [-122.05203672366191, 37.38669361490268], [-122.05204543911827, 37.38666850405989], [-122.05206334793465, 37.38661918954104], [-122.05215222996151, 37.3863395520274], [-122.0522121008901, 37.38615746828086], [-122.05227850347009, 37.38595563483692], [-122.0523430034183, 37.38575742323413], [-122.05236205219755, 37.38569888405553], [-122.05236429978292, 37.38569197760868], [-122.05240628525068, 37.385562953414485], [-122.05264607259076, 37.38487164907345], [-122.05268467410555, 37.38474148641582], [-122.05273656979163, 37.384563525873624], [-122.05273740881822, 37.38456088916399], [-122.05273789301035, 37.38455937380547], [-122.05287116434761, 37.38458788439207], [-122.05374214644017, 37.38477423899162], [-122.05379608936524, 37.38478578009797], [-122.054630019552, 37.384964201276425], [-122.05482133731776, 37.38500513215564], [-122.05538128588255, 37.38512493036686], [-122.05582122942774, 37.38521905102551], [-122.0558512205766, 37.38522546715456], [-122.05618183018757, 37.385296194431305], [-122.05649446630969, 37.385363076539406], [-122.05692824741321, 37.38545587570448], [-122.05713922667691, 37.384834624968384], [-122.05729517693564, 37.38435031146197], [-122.05749871185797, 37.38376342338181], [-122.05754122014457, 37.38364080713507], [-122.0576932609308, 37.38320245144965], [-122.05773482149459, 37.38308262522706], [-122.05776583673344, 37.38299320298497], [-122.05785736789002, 37.382729301927874], [-122.05801673713376, 37.3822697659367], [-122.05815042623387, 37.38188420970771], [-122.05817188339637, 37.38182239469707], [-122.05826953118297, 37.38154081771705], [-122.05827680394472, 37.381519845964085], [-122.05827699528595, 37.381519294188664], [-122.05828327630755, 37.38150118195573], [-122.05828349369979, 37.381500560940275], [-122.05830658227869, 37.38143517154962], [-122.05833154549096, 37.38136196159695], [-122.05834039299971, 37.381336459227], [-122.05841998644418, 37.38109280897479], [-122.05847555533983, 37.380922727443945], [-122.05848504604268, 37.380893668690696], [-122.05853112513402, 37.38075264624116], [-122.05861556948194, 37.38049409880376], [-122.05869014673276, 37.38026587509061], [-122.05877197428772, 37.380015350081436], [-122.05880149832353, 37.379924976220764], [-122.05884524628595, 37.379793278100806], [-122.0588884525642, 37.3796631665899], [-122.05893166063919, 37.37953303272472], [-122.05897483996793, 37.37940296787514], [-122.0590180758906, 37.379272856400995], [-122.05907002637136, 37.3791164192401], [-122.05913382563295, 37.378924294992345], [-122.05917430462574, 37.3788023960907], [-122.0593087824487, 37.37839753121546], [-122.05940488333744, 37.37810815477575], [-122.05953932971937, 37.37770328972212], [-122.059635399167, 37.377413913459144], [-122.05973905039706, 37.37710188553783], [-122.05977038633495, 37.377007553417826], [-122.05996937847857, 37.37640829094341], [-122.0602001844843, 37.37571326720452], [-122.06022328015449, 37.37564371878438], [-122.06024160578977, 37.375588534024494], [-122.06024970140855, 37.375564140469], [-122.06027141548928, 37.375501928335304], [-122.06021839149429, 37.37548081433283], [-122.0601194175017, 37.37544140289704], [-122.05900812034204, 37.37499887883175], [-122.0583221857905, 37.37472065423453], [-122.05830636915654, 37.37471423863547], [-122.05789433447451, 37.374547108050905], [-122.05693885867753, 37.37416551191431], [-122.05661411741235, 37.37404537961667], [-122.05628745445726, 37.37392861377571], [-122.05602176630555, 37.373852798821595], [-122.05575740362114, 37.373774088630945], [-122.05279556075263, 37.37294930687459], [-122.0526876865815, 37.372918780829934], [-122.0521895681524, 37.372778581457595], [-122.0521266501612, 37.37276087260066], [-122.05212039519321, 37.37275911213763], [-122.05145693018802, 37.37257237431668], [-122.05122139331908, 37.37251060953474], [-122.0509842163316, 37.37245298138646], [-122.05074551326085, 37.37239951757873], [-122.05050539887502, 37.37235024381624], [-122.04842325532721, 37.37190955962029], [-122.04839285812889, 37.37200240324277], [-122.04810602061423, 37.37287850838894], [-122.04789386006276, 37.37353013625588], [-122.04742491154767, 37.374957313470475], [-122.04719751377034, 37.37564931314165], [-122.0470017618506, 37.376236767283174], [-122.04673852128776, 37.37702668376247], [-122.04616268401605, 37.37875453241037], [-122.0456920189927, 37.37864683571817], [-122.04557996155765, 37.378623576789316], [-122.04546659289521, 37.378604795607416], [-122.0453521937781, 37.3785905386865], [-122.04523704753032, 37.378580841335605], [-122.0451214237505, 37.37857572971492], [-122.04500562448075, 37.37857521555682], [-122.0449042316498, 37.37857678028384], [-122.04476247858831, 37.378582244944106], [-122.04462135851273, 37.378594240564816], [-122.04448134350143, 37.37861272701796], [-122.04423474161585, 37.37865115718954], [-122.04386928095579, 37.378708090000416], [-122.0437548694877, 37.37872251955682], [-122.04363945133603, 37.37873032160268], [-122.04352362855269, 37.37873145544042], [-122.04340800530062, 37.37872591515564], [-122.04329318470171, 37.378713729647956], [-122.0431797656905, 37.378694962480225], [-122.04311056667945, 37.378681773612115], [-122.04225841057634, 37.37850592515152], [-122.03837397289699, 37.37768720952282], [-122.03808105917769, 37.37857155092924], [-122.0378297069211, 37.37932949529819], [-122.03758651855632, 37.380053613861676], [-122.03744094833193, 37.38051187070599], [-122.03740287951909, 37.380631713171695], [-122.0373674328898, 37.380738285569265], [-122.03734392487227, 37.38081244123517], [-122.03357012642904, 37.379572709835074], [-122.03344651916757, 37.379531493318815], [-122.03343778035811, 37.37952862372332], [-122.03337587297183, 37.37950829384965], [-122.0332568776602, 37.37946921593336], [-122.02839237374985, 37.37787170950924], [-122.0283670360058, 37.37791846641184], [-122.02834425369166, 37.3779660533904], [-122.02833838499748, 37.37797924594828], [-122.02833658926491, 37.37798329415925], [-122.02829966940143, 37.378066526927554], [-122.02828489211353, 37.37809984199557], [-122.02821208274813, 37.378316623003315], [-122.02818251001426, 37.37841101051542], [-122.02815692922397, 37.37850613789011], [-122.02813536929743, 37.378601897638696], [-122.02810937923171, 37.37870830945263], [-122.0280923301023, 37.37876385740158], [-122.02796959595685, 37.379136919746365], [-122.02759088861924, 37.38028844965016], [-122.02735135549828, 37.38101680258749], [-122.02733461147946, 37.38106136343865], [-122.0273140322907, 37.38110488949737], [-122.02728377433446, 37.38116820910507], [-122.02726637568198, 37.38121100772137], [-122.02725116997654, 37.38125433499272], [-122.02682368051407, 37.382575748518434], [-122.02679509351351, 37.38265076212797], [-122.02675857420891, 37.38272355077187], [-122.02674995167177, 37.38274081779993], [-122.0267433145255, 37.382758634705894], [-122.02666048534732, 37.38302594974806], [-122.02665518438769, 37.38304307157748], [-122.02660769314379, 37.38319375806936], [-122.02660115161062, 37.3832147650439], [-122.02652710885619, 37.3834530321191], [-122.02596110723907, 37.38516379908936], [-122.02573492667975, 37.38584520932118], [-122.02305092457382, 37.385275154270545], [-122.02289915148333, 37.385732572644805], [-122.02276094156277, 37.38615500897954], [-122.02262640404476, 37.38657819964209], [-122.02260218133317, 37.386651407027], [-122.02257553423846, 37.386724076131244], [-122.02248257745813, 37.38696553897214], [-122.0224712739517, 37.387027374724994]]]}}, {"type": "Feature", "properties": {"TRUSTEE_AREA": 3}, "geometry": {"type": "MultiPolygon", "coordinates": [[[[-122.01980059246299, 37.36682631959759], [-122.01977159304239, 37.36692497963283], [-122.01970694936409, 37.367120864992394], [-122.01957596149637, 37.367517900941664], [-122.01951369386245, 37.36770656751308], [-122.01938022574522, 37.368114278737465], [-122.01931626029503, 37.36830974333925], [-122.01925882739475, 37.36848518585052], [-122.01920142144391, 37.3686606051058], [-122.01914398764524, 37.36883604751055], [-122.01908658259275, 37.36901146665942], [-122.01904470492278, 37.369139389181385], [-122.0190291487941, 37.36918690895762], [-122.0189976089385, 37.36928329131676], [-122.01898781819834, 37.369313211280755], [-122.0189771165663, 37.36934591483217], [-122.01897557685362, 37.3693506274606], [-122.01897544210635, 37.3693510408239], [-122.0188054610614, 37.36985055706489], [-122.01880519156684, 37.36985138378617], [-122.01879481153173, 37.369881197149176], [-122.01879346405883, 37.36988506731698], [-122.01878730700483, 37.369902752574625], [-122.01872379251012, 37.37008532341607], [-122.01863250210214, 37.37034766122395], [-122.0186188468092, 37.37038693449887], [-122.01852819061179, 37.37064745077109], [-122.01851018567557, 37.37069919167735], [-122.01816556851188, 37.37174051096747], [-122.01804991039761, 37.372089987428204], [-122.0179259868802, 37.37248702777829], [-122.01788934279547, 37.37260443226398], [-122.01787300424031, 37.37259789226602], [-122.01773426604207, 37.37253865845141], [-122.01759918072898, 37.37247427113546], [-122.01751937350312, 37.37256135362982], [-122.01751896476954, 37.37256256368328], [-122.01750626528906, 37.372556414182945], [-122.01749442280112, 37.37255048598997], [-122.01743056158065, 37.37251851700185], [-122.01718265715809, 37.37237972399146], [-122.01706410561809, 37.37230451982771], [-122.01701994983081, 37.37234423897609], [-122.01692873040982, 37.37242629435674], [-122.01691849231116, 37.37243550362909], [-122.01691788505002, 37.37243604047967], [-122.01688360983506, 37.37244007827912], [-122.01675807748393, 37.37240155423361], [-122.0166708582764, 37.37234115633987], [-122.01667055823906, 37.372340961445666], [-122.01667040283051, 37.37234087078053], [-122.01667024203215, 37.37234078439886], [-122.01667007853887, 37.37234070372845], [-122.01666991145207, 37.37234062662737], [-122.01666974077236, 37.372340555237685], [-122.01666956649923, 37.37234048813107], [-122.01666938953119, 37.37234042530809], [-122.01666921076642, 37.37234036819629], [-122.01666902840843, 37.3723403160817], [-122.01666884515218, 37.3723402703923], [-122.01666865920092, 37.372340228272314], [-122.01666847145309, 37.37234019186337], [-122.0166682828069, 37.37234016116573], [-122.0166680923641, 37.37234013546544], [-122.0166679001246, 37.37234011619016], [-122.01666770788526, 37.37234010191217], [-122.0166675156457, 37.37234009263151], [-122.01666732250804, 37.37234008906204], [-122.01666712937025, 37.37234009048992], [-122.01666693623254, 37.37234009834262], [-122.0166667448914, 37.37234011047892], [-122.01666655265197, 37.37234012904022], [-122.01666636131087, 37.37234015259893], [-122.01666617266467, 37.372340181868715], [-122.01666598491678, 37.372340216135825], [-122.01666579806705, 37.37234025611398], [-122.01666561301433, 37.372340301089686], [-122.0166654306563, 37.37234035106244], [-122.01666525009496, 37.372340406746524], [-122.01666507312687, 37.37234046742782], [-122.0166648979554, 37.37234053310649], [-122.0166647263772, 37.37234060378226], [-122.01666455749391, 37.372340678741594], [-122.01666439310222, 37.372340758698215], [-122.01666423140554, 37.37234084365197], [-122.0166640742003, 37.372340932175256], [-122.01666392148682, 37.37234102569592], [-122.01666377146815, 37.37234112350003], [-122.01666362683922, 37.37234122487355], [-122.01666348670204, 37.37234133124428], [-122.01666335105662, 37.372341441184524], [-122.01664655615488, 37.37235600327315], [-122.01663690735103, 37.37236436872708], [-122.01662350269115, 37.3723759902671], [-122.01661914496471, 37.37237296905176], [-122.0163960528943, 37.37232626512053], [-122.0164068479511, 37.37229376632946], [-122.01632438980987, 37.37226846076109], [-122.01620583467215, 37.37223207975293], [-122.01620563883955, 37.37223203549112], [-122.01615215944523, 37.37221980496812], [-122.01596744699053, 37.372179944385415], [-122.01565963302423, 37.37211351883866], [-122.01557334536068, 37.37213114645313], [-122.01398471009371, 37.37178753120878], [-122.01370439445154, 37.37172848422661], [-122.01371802188093, 37.37183008980663], [-122.01373872697363, 37.37196777615055], [-122.01375668533407, 37.37210570792098], [-122.01377979244074, 37.372327894892], [-122.01379577189827, 37.37255048083323], [-122.01380461318901, 37.372773320127486], [-122.01380631046499, 37.37299626699067], [-122.01380086255188, 37.37321917556691], [-122.01379656859531, 37.37331047271521], [-122.0137890712436, 37.373430823556234], [-122.01378817562131, 37.37344977798399], [-122.01378628196844, 37.373489847761604], [-122.01370336548703, 37.37524751276886], [-122.01379686841362, 37.375267227016174], [-122.01389040008631, 37.37528696410198], [-122.01482019037884, 37.37548321104618], [-122.01532286416774, 37.37558930179939], [-122.01578812402995, 37.375687495612894], [-122.01725069334617, 37.37599616223718], [-122.01845836394854, 37.37625099963389], [-122.0189849194451, 37.37636211059233], [-122.01904466403349, 37.37637802540724], [-122.01910139452862, 37.3763998627486], [-122.01915419342727, 37.37642726944193], [-122.01920220680925, 37.376459802239324], [-122.01924465814753, 37.376496934987905], [-122.01928086086701, 37.376538067138995], [-122.0193102294487, 37.37658253346038], [-122.01933228889988, 37.376629614795014], [-122.01934714433375, 37.3766619039769], [-122.0194133896659, 37.37684315916108], [-122.01943248590409, 37.3768823982334], [-122.01945882979355, 37.376918866876466], [-122.0194918098712, 37.376951718609504], [-122.01952571742291, 37.37697701363476], [-122.01956356020457, 37.37699846162595], [-122.01960465800964, 37.377015677063675], [-122.01966837100899, 37.37703817344412], [-122.01979132160184, 37.37708158500042], [-122.01993033856134, 37.377121969798345], [-122.02020901218697, 37.37625628803917], [-122.02033473502765, 37.37587758754292], [-122.02037260642523, 37.375762354160635], [-122.02041555419294, 37.375648260190815], [-122.02046352471213, 37.375535448013984], [-122.02049259150245, 37.37547262621372], [-122.0205759479805, 37.37530329934915], [-122.02058108274974, 37.37530497622961], [-122.0239695507216, 37.376411535009304], [-122.02406200890657, 37.37644171555146], [-122.02608690100749, 37.3771110832719], [-122.02617939063349, 37.37714123854766], [-122.02839237374985, 37.37787170950924], [-122.0332568776602, 37.37946921593336], [-122.03337587297183, 37.37950829384965], [-122.03343778035811, 37.37952862372332], [-122.03344651916757, 37.379531493318815], [-122.03345845059509, 37.379479766356646], [-122.03345893029565, 37.37947786328572], [-122.03347179147927, 37.37942687581524], [-122.03347919360024, 37.379390666752016], [-122.03350966626338, 37.37924161014833], [-122.03351030273323, 37.379238948132425], [-122.03364230614986, 37.378691584634964], [-122.03367835377998, 37.37853748690978], [-122.03371906982599, 37.37838413149352], [-122.03376443034917, 37.37823160844256], [-122.034093602764, 37.37733513114268], [-122.03425770433007, 37.3768928038311], [-122.03427164635904, 37.37686169029308], [-122.03429031946497, 37.376832198261035], [-122.03429905468283, 37.37681970079683], [-122.03425365024312, 37.376810066600754], [-122.03347567610534, 37.37664499085749], [-122.03253199786076, 37.376446052848365], [-122.03144252935986, 37.376213551413315], [-122.03038741512395, 37.37598962490005], [-122.02946063867894, 37.375792955245245], [-122.02940571569195, 37.37578129996408], [-122.02936414615957, 37.375772480155575], [-122.02931289638327, 37.375760238074136], [-122.02932356118438, 37.375726335882874], [-122.02988955741158, 37.37401684491156], [-122.0304264473184, 37.37240420947828], [-122.03050598416863, 37.37216321732572], [-122.03089658969387, 37.370979698691194], [-122.03090558632275, 37.37095552280763], [-122.03141710061585, 37.36940958579822], [-122.03144838124983, 37.36930621341312], [-122.03147628972594, 37.36920222788229], [-122.031502227814, 37.36904013427922], [-122.03153349341318, 37.36887864061039], [-122.03157006489845, 37.36871785839585], [-122.03170685409292, 37.36825197461133], [-122.03171195562673, 37.36823459809934], [-122.03172215420136, 37.36821026997661], [-122.03173164220833, 37.36818883900398], [-122.03174008367849, 37.36816464008878], [-122.031743508057, 37.368152284681514], [-122.0317541828117, 37.3681250199519], [-122.03176828000171, 37.36809876431282], [-122.03187892985345, 37.36791295672952], [-122.03199758756094, 37.36773032410794], [-122.03204623941882, 37.36766099532621], [-122.03213295826535, 37.36771788867698], [-122.03215729451924, 37.3677330749374], [-122.03239608324039, 37.367878938173114], [-122.03263826319738, 37.368021195645234], [-122.03275917986875, 37.36808629199935], [-122.03288262127259, 37.36814829642253], [-122.03300846334056, 37.368207146592425], [-122.03319621890496, 37.368287201031826], [-122.03338687703078, 37.368362759488356], [-122.03358026875505, 37.36843375499817], [-122.03360926187531, 37.368443923578475], [-122.03380629405987, 37.368509831285095], [-122.0340057036075, 37.368571015366435], [-122.03422354718438, 37.36862729944001], [-122.0344432679499, 37.36867872613789], [-122.034664695905, 37.36872525567015], [-122.0350782496482, 37.36880009505444], [-122.03674163102734, 37.36911336060601], [-122.03678544544948, 37.369121612196786], [-122.03682612616498, 37.36913097441661], [-122.03686506761015, 37.36914423588345], [-122.0369103282201, 37.36915072680098], [-122.03695391995944, 37.36916241393269], [-122.03700601617868, 37.36917365079706], [-122.0370559847268, 37.36918991730671], [-122.03716970154001, 37.36921635263557], [-122.03781004301744, 37.36938041880558], [-122.04086566190712, 37.37016331565674], [-122.04089262484527, 37.370082867684815], [-122.0409171057392, 37.36999883646035], [-122.04092323314883, 37.369980535112106], [-122.04109553454337, 37.369465888804086], [-122.04109648945274, 37.36946303738628], [-122.0410987747671, 37.36945621083161], [-122.04114026346623, 37.36933228969476], [-122.04146243082697, 37.368370003263216], [-122.04149780717306, 37.36825101059271], [-122.0415252226004, 37.36813068733404], [-122.04154459990085, 37.36800937251458], [-122.0415558845157, 37.36788740795392], [-122.04155904468901, 37.36776513730065], [-122.04155134175494, 37.366706949960786], [-122.04152808086738, 37.365948143358416], [-122.04152852504622, 37.36588864224628], [-122.04153348604292, 37.365829271975244], [-122.04154243705489, 37.36572905409365], [-122.04154494587164, 37.36562860183727], [-122.04152784671317, 37.36321053180427], [-122.04151686592505, 37.36127639609621], [-122.04150223796628, 37.359440714763025], [-122.03990304925517, 37.359432775452106], [-122.03977181634762, 37.35942920133864], [-122.03964103700817, 37.35941979422235], [-122.03951111782833, 37.35940458334981], [-122.03938246272484, 37.35938361601148], [-122.03925547168353, 37.35935695739453], [-122.0391305395156, 37.35932469038015], [-122.03900805462976, 37.35928691528584], [-122.03888839782466, 37.359243749553436], [-122.03874756065325, 37.359192917300085], [-122.0386034153686, 37.35914838412542], [-122.03845640372515, 37.35911028650623], [-122.03830697625939, 37.35907874119668], [-122.0381555909094, 37.35905384487056], [-122.0380027116119, 37.35903567382506], [-122.03784880688067, 37.35902428374707], [-122.03769434837123, 37.35901970954252], [-122.03685368888648, 37.35901338250908], [-122.03356404264439, 37.35900516599084], [-122.03238889910685, 37.359002747505045], [-122.03228376659013, 37.35900247331183], [-122.03217103342875, 37.35900213842613], [-122.03172137190015, 37.35900090884336], [-122.03065684509345, 37.358997998401875], [-122.02895960438515, 37.35899462379883], [-122.02806458515524, 37.35899285723724], [-122.02795389036999, 37.358994393485574], [-122.02784335988446, 37.35899944525441], [-122.02773316884743, 37.35900800453865], [-122.0275764614304, 37.35902632343487], [-122.0274213144419, 37.35905173323296], [-122.0272682310116, 37.359084151531235], [-122.02711770757894, 37.35912347319988], [-122.02697023228359, 37.35916957072189], [-122.02682628338287, 37.359222294606425], [-122.02668632770109, 37.35928147387353], [-122.02655081911587, 37.359346916608445], [-122.02642019708647, 37.35941841058384], [-122.02629488522895, 37.35949572394788], [-122.0261752899423, 37.359578605976004], [-122.02606179909077, 37.359666787883775], [-122.02595478074585, 37.35975998369841], [-122.02585458199272, 37.35985789118594], [-122.02576152780438, 37.35996019283134], [-122.02567591998769, 37.36006655686784], [-122.02559803620443, 37.36017663835288], [-122.0246871159819, 37.35942385767606], [-122.02386919652179, 37.358747925968814], [-122.02381608843903, 37.358701123547974], [-122.02376682543651, 37.35865171428622], [-122.02379415219261, 37.35856886554448], [-122.02410266874985, 37.35766403037343], [-122.02454693514369, 37.356361042478866], [-122.02499143150624, 37.3550573564619], [-122.02501442209324, 37.35499044164161], [-122.02461534380163, 37.3549038057176], [-122.02458134608057, 37.354895187050765], [-122.02454841932531, 37.35488423464661], [-122.024546397218, 37.35488348345095], [-122.02452868500235, 37.35487753154729], [-122.02451036579856, 37.35487289601923], [-122.02415330529854, 37.35479678170993], [-122.02393775458378, 37.35475086873388], [-122.02393692993036, 37.35475069307375], [-122.02383479868712, 37.354728938347854], [-122.02325210567683, 37.354648071765055], [-122.02325195115854, 37.35472036666271], [-122.02325053893799, 37.355338877785854], [-122.02324716919293, 37.35681449992594], [-122.0227199703206, 37.35833499060355], [-122.02270370811614, 37.358381883877065], [-122.02268083431015, 37.35844784458557], [-122.02263423150187, 37.35858224565094], [-122.02236037554904, 37.35937203528315], [-122.02233037630494, 37.359459514275855], [-122.02229234073089, 37.35957042586185], [-122.02226822545258, 37.35964301447659], [-122.02223678710735, 37.359732513824184], [-122.02209516588151, 37.36014473096433], [-122.02191550818326, 37.360667654454126], [-122.02183402468471, 37.360904870735666], [-122.0217343736545, 37.361194925440856], [-122.02169830449293, 37.36129988967331], [-122.02163328621779, 37.36148909524245], [-122.02153395947971, 37.361778252335405], [-122.02144751907646, 37.36202986212487], [-122.02139583719236, 37.362180258111756], [-122.02134578036122, 37.362325940013505], [-122.02129575137768, 37.36247162234638], [-122.02124569454638, 37.36261730439668], [-122.02119590361646, 37.36276219292199], [-122.02119108774735, 37.36277620781327], [-122.02116807020876, 37.36286151659814], [-122.02114610369938, 37.36294292834289], [-122.02104291420511, 37.363239712329495], [-122.02091518273309, 37.36360724713148], [-122.02084271383002, 37.36381566434675], [-122.02084267789759, 37.363815664346866], [-122.02079205063613, 37.36396128595552], [-122.02078178558561, 37.363990947439824], [-122.02045126748857, 37.364941768727704], [-122.02040707665722, 37.365068882123936], [-122.02036953066522, 37.365176881719506], [-122.02007527756226, 37.36602319528679], [-122.0199415758858, 37.36640785921712], [-122.01983729403985, 37.36670781515137], [-122.01980059246299, 37.36682631959759]]], [[[-122.0083643170873, 37.37035411001794], [-122.00835857327235, 37.37024474215165], [-122.0083508963034, 37.3699569277217], [-122.0083501255522, 37.36992873713018], [-122.0083424333118, 37.3696401454528], [-122.00834129874721, 37.369573765511845], [-122.00833899367044, 37.369573782645865], [-122.0083238732299, 37.369573892589095], [-122.00832383729757, 37.3695714838085], [-122.00831833336198, 37.36920210700651], [-122.00821928782857, 37.369203130772036], [-122.00797670231408, 37.3692054267467], [-122.00776336414428, 37.36920746071182], [-122.00755663847261, 37.36920602141862], [-122.00752901258703, 37.36920420304264], [-122.00735627197525, 37.36919284943473], [-122.00734857610931, 37.369192352540324], [-122.00729520271577, 37.3691838610769], [-122.0071592543986, 37.36916223832557], [-122.00715131239454, 37.36916098895055], [-122.00706238189203, 37.36914139375278], [-122.00696636547976, 37.369120240757304], [-122.00686375539917, 37.369411989979135], [-122.00684258120495, 37.36948317049492], [-122.00669011397903, 37.36944496834114], [-122.00654039137804, 37.36940038456642], [-122.00639383240312, 37.36934954394068], [-122.00625084719941, 37.36929258874373], [-122.00611183590813, 37.369229678366885], [-122.00597718754643, 37.36916098886686], [-122.00602745637012, 37.36910394455317], [-122.00617947197378, 37.36893060602067], [-122.00623895481712, 37.36886278045996], [-122.00622291270601, 37.36885522635337], [-122.0061040997553, 37.368788746473115], [-122.00605063922768, 37.36875885128308], [-122.00605117105168, 37.3685675515095], [-122.00605125998915, 37.368529300349095], [-122.00605194992194, 37.368290501806904], [-122.00605540036509, 37.36815860905463], [-122.00605160322021, 37.36786085784997], [-122.00604958023223, 37.367703256718286], [-122.0060480342453, 37.36758280958676], [-122.00604718354822, 37.367516381419264], [-122.00604796238734, 37.367516378563494], [-122.00605687187713, 37.36751634215309], [-122.00606805590071, 37.36751629503354], [-122.00606703452493, 37.36743991441938], [-122.00606589367112, 37.36738332714616], [-122.00606111376271, 37.36714630911104], [-122.0060548094219, 37.36683364160825], [-122.00605384554154, 37.366728765076445], [-122.00604689707383, 37.366728802915205], [-122.0044287593014, 37.366737602964385], [-122.0040967563954, 37.36673940852353], [-122.0039134309348, 37.36674041018435], [-122.00381414363017, 37.36674381643646], [-122.00371542610509, 37.366752952865525], [-122.0036237548399, 37.366760881286304], [-122.0035699574405, 37.36676250980472], [-122.00297647565573, 37.366768310614944], [-122.00295948582125, 37.3667684776781], [-122.00285418262456, 37.36676951218566], [-122.00282505565406, 37.366769797050196], [-122.00270092646666, 37.36677100933003], [-122.0021132091703, 37.366776750167816], [-122.0012953857534, 37.366784738506375], [-122.00129407599209, 37.366944507689624], [-122.00130277693478, 37.368177269620006], [-122.00130537392295, 37.36854251921662], [-122.0013055859219, 37.36857379809284], [-122.00130637732522, 37.368683638162324], [-122.00131012503672, 37.3692138863162], [-122.00131082571343, 37.36929580448369], [-122.001133124604, 37.369296569800774], [-122.00076831792374, 37.36929814969514], [-122.00064487325263, 37.369298684417736], [-122.00003893453207, 37.369301300916646], [-121.99987277407735, 37.36930201483172], [-121.99986212365295, 37.3693020612363], [-121.99985584802339, 37.36930208836502], [-121.99984869294323, 37.3693021183494], [-121.99983701664286, 37.369302167609504], [-121.99983615876103, 37.3692202301728], [-121.9998360868969, 37.369210170217], [-121.99983553893318, 37.36913296317044], [-121.99983247842191, 37.368701425690894], [-121.99983239937146, 37.36869027905994], [-121.9998318864418, 37.368616122116045], [-121.99982590006957, 37.368616148531174], [-121.9982558149714, 37.36862320993459], [-121.9982313610362, 37.36862331987866], [-121.99818300832517, 37.36862353762483], [-121.9981827505127, 37.36858783238059], [-121.99818088384337, 37.368323309478974], [-121.99817908005522, 37.368067640626435], [-121.99817893812367, 37.36804751255091], [-121.99816080565081, 37.367882000636726], [-121.9981607275014, 37.36784613297488], [-121.99816060264203, 37.367789054816605], [-121.99815848003227, 37.36681530322731], [-121.99690550467201, 37.36683016259005], [-121.99644212407348, 37.36683565926139], [-121.9962473343148, 37.36683796959094], [-121.99607566898379, 37.366848423239], [-121.99608592773453, 37.36692194080424], [-121.99609654401446, 37.36699802422955], [-121.99616434070269, 37.367483889834986], [-121.99622307249987, 37.36790476377194], [-121.99629678189383, 37.36843296415774], [-121.99631535244856, 37.368583789294874], [-121.9963290275506, 37.3687349474215], [-121.99633779801454, 37.3688863373352], [-121.99633810164418, 37.3688938336089], [-121.99634111687358, 37.368997832873895], [-121.99634181705237, 37.369101858477116], [-121.99633686541324, 37.37022896370711], [-121.9963366075901, 37.37028883499623], [-121.99633644948238, 37.370325641719134], [-121.99633643510904, 37.37032900783849], [-121.99633634347856, 37.37035035609978], [-121.99633558078995, 37.37052055870227], [-121.99633549993959, 37.370538595056885], [-121.9972033271662, 37.37057197492784], [-121.99800533983822, 37.37060204738324], [-121.99880711524425, 37.37063591608263], [-121.99912410042593, 37.370655842781154], [-121.99944052333593, 37.370680822161354], [-121.99975625756872, 37.3707108442444], [-122.00007117699339, 37.37074589703699], [-122.00038515580401, 37.37078596653614], [-122.00071282144324, 37.370831077840506], [-122.00103911395549, 37.37088213760426], [-122.00136386385243, 37.37093911930552], [-122.0017421763153, 37.37100930012912], [-122.00211874769973, 37.3710852126052], [-122.00526573064558, 37.37172354055537], [-122.01116980531394, 37.37291874003488], [-122.01122121588877, 37.372929565503625], [-122.01121909498079, 37.37280292445548], [-122.01120079188148, 37.37216200589016], [-122.01118313287152, 37.37154305301089], [-122.01116796847292, 37.37101175901944], [-122.01116549452266, 37.37092508450575], [-122.01115155092961, 37.37043580368325], [-122.01114932850918, 37.37033649931207], [-122.01066457519686, 37.37033953413913], [-122.0099662088305, 37.37034392967638], [-122.00878230761771, 37.370351453562904], [-122.00862573847368, 37.37035244875208], [-122.0083643170873, 37.37035411001794]]], [[[-122.01413913440443, 37.352640429615114], [-122.01413843102299, 37.352646310822365], [-122.01430463998675, 37.35264477983503], [-122.01439108485356, 37.35264446421543], [-122.01494745634088, 37.352642448391975], [-122.01494713025885, 37.35258588495042], [-122.01494585108283, 37.3523639402802], [-122.01494695512498, 37.35224928407014], [-122.0144594547655, 37.352248246463674], [-122.01418572915631, 37.35225076932135], [-122.01413913440443, 37.352640429615114]]], [[[-122.01934325016558, 37.35230563170917], [-122.01934354390771, 37.35236665127119], [-122.01934579145914, 37.35266467603871], [-122.01934738685827, 37.352741056695955], [-122.01976625594072, 37.35273992418772], [-122.01976555167012, 37.35266351496584], [-122.01976335981423, 37.35236690908707], [-122.01976334634767, 37.35229463620155], [-122.01934318459, 37.352292092587675], [-122.01934325016558, 37.35230563170917]]], [[[-122.0177257067176, 37.355538521097834], [-122.01770024666736, 37.35555839903653], [-122.01751442387464, 37.35570284418421], [-122.01751716553224, 37.35570511416942], [-122.01776604192446, 37.355911136279936], [-122.01817566550922, 37.35625089258471], [-122.01834513534119, 37.35639145556479], [-122.01853472746417, 37.35624753085765], [-122.01855991263001, 37.35622802512242], [-122.01858968818642, 37.356204978400875], [-122.01874510300883, 37.356084687052615], [-122.01872425042113, 37.3560674698111], [-122.01880123603603, 37.35600789636466], [-122.01870213571455, 37.3559260650788], [-122.01869907335862, 37.35592354161101], [-122.01870212224044, 37.35592119023067], [-122.01899975743103, 37.35569081172627], [-122.01894229041962, 37.355643356231504], [-122.01894029077033, 37.35564170461793], [-122.01906799077119, 37.35554280625448], [-122.01911983523784, 37.35550265406169], [-122.01911323172386, 37.35549719222991], [-122.01902977286443, 37.35542816917827], [-122.01884926813013, 37.35527886072517], [-122.01869936000702, 37.35515488331352], [-122.01869797930925, 37.35504042630545], [-122.01869520982923, 37.354811079041944], [-122.01869489901512, 37.35478606749025], [-122.01869481098103, 37.354778951831946], [-122.01869475977752, 37.354774827392], [-122.0177257067176, 37.355538521097834]]]]}}, {"type": "Feature", "properties": {"TRUSTEE_AREA": 4}, "geometry": {"type": "MultiPolygon", "coordinates": [[[[-122.0226227394676, 37.39771770325636], [-122.02264408702821, 37.397722394835185], [-122.02265093039281, 37.3977238985095], [-122.02282136862006, 37.39776135619382], [-122.02283659146818, 37.397764701814154], [-122.02432170489939, 37.39809109034153], [-122.02647111697696, 37.39855934450968], [-122.02690581436163, 37.39865404419719], [-122.02755483805852, 37.39878282111133], [-122.02764848561368, 37.39880533665487], [-122.02770073162101, 37.398819123585625], [-122.02773527992267, 37.39882638778953], [-122.02779035498439, 37.39884024374531], [-122.02784424195346, 37.39885680837358], [-122.02785654707391, 37.39886086045376], [-122.02793831081829, 37.398879673580964], [-122.02826063706448, 37.398957503726095], [-122.02848685014482, 37.39900573882174], [-122.02871169922511, 37.39905787583897], [-122.02893507858558, 37.399113890264594], [-122.02957242598154, 37.399249847765915], [-122.03192392482796, 37.39975146295746], [-122.03213626406583, 37.399799046135236], [-122.03294992646642, 37.39997501021824], [-122.03509867199459, 37.40043970087628], [-122.03557740658351, 37.400543232211284], [-122.03558360405943, 37.40054493778609], [-122.03563632976723, 37.400559445162514], [-122.03568692646807, 37.400572585222584], [-122.03579332471588, 37.40052696789445], [-122.03579559925004, 37.40052595454049], [-122.03597663348856, 37.400448760458886], [-122.03615885904865, 37.4003733718223], [-122.03629060881255, 37.400312248297546], [-122.03665331249803, 37.40013891261384], [-122.03701179996045, 37.39996008254942], [-122.03736594045174, 37.39977582334266], [-122.03967871402149, 37.39857416864181], [-122.03994595830227, 37.39843403584297], [-122.04052311953086, 37.398131393605325], [-122.04084919537249, 37.397960377320764], [-122.04173438349355, 37.39749666206354], [-122.04453237034286, 37.3960242389475], [-122.0446719629192, 37.39594828552061], [-122.0448085540084, 37.39586893460163], [-122.0449420137553, 37.39578626163386], [-122.04504903356607, 37.39571603746598], [-122.04515379156763, 37.39564367499497], [-122.04627935358849, 37.39484631256473], [-122.04624302482686, 37.39483462384842], [-122.04621505758237, 37.39482562500618], [-122.04606339953273, 37.39477682683859], [-122.04493723577193, 37.39440454876855], [-122.04493430546812, 37.394403580293925], [-122.04492548581028, 37.394400664877885], [-122.0448274140542, 37.39436824487247], [-122.04191768425959, 37.39340850901466], [-122.04137100471449, 37.39322866699365], [-122.03924443052777, 37.39253834385562], [-122.03778536735504, 37.39205538537402], [-122.03773888942922, 37.39203999563295], [-122.03673523698548, 37.39170828432025], [-122.03491203279651, 37.391114970265605], [-122.03402146475032, 37.39082511110904], [-122.03311490759401, 37.39052597811709], [-122.03275940028584, 37.3904070635788], [-122.03205896153258, 37.39017676519688], [-122.03123648487431, 37.389906340878504], [-122.030611491116, 37.38970086387945], [-122.03052807716767, 37.38967340942431], [-122.03040495409685, 37.389642855212756], [-122.02992658243473, 37.38947350534508], [-122.02856043468945, 37.3890193907448], [-122.02846017823107, 37.388986064817615], [-122.028343411639, 37.38894926795719], [-122.02782663969768, 37.388794007203735], [-122.02763529139125, 37.38873362036198], [-122.02692023255977, 37.3884969538092], [-122.02613271113945, 37.38823627606907], [-122.0258102348777, 37.38812954514425], [-122.02505374844907, 37.38786964697159], [-122.0224712739517, 37.387027374724994], [-122.02248257745813, 37.38696553897214], [-122.02257553423846, 37.386724076131244], [-122.02260218133317, 37.386651407027], [-122.02262640404476, 37.38657819964209], [-122.02276094156277, 37.38615500897954], [-122.02289915148333, 37.385732572644805], [-122.02305092457382, 37.385275154270545], [-122.02573492667975, 37.38584520932118], [-122.02596110723907, 37.38516379908936], [-122.02652710885619, 37.3834530321191], [-122.02660115161062, 37.3832147650439], [-122.02660769314379, 37.38319375806936], [-122.02665518438769, 37.38304307157748], [-122.02666048534732, 37.38302594974806], [-122.0267433145255, 37.382758634705894], [-122.02674995167177, 37.38274081779993], [-122.02675857420891, 37.38272355077187], [-122.02679509351351, 37.38265076212797], [-122.02682368051407, 37.382575748518434], [-122.02725116997654, 37.38125433499272], [-122.02726637568198, 37.38121100772137], [-122.02728377433446, 37.38116820910503], [-122.0273140322907, 37.38110488949737], [-122.02733461147946, 37.38106136343862], [-122.02735135549828, 37.38101680258744], [-122.02759088861924, 37.38028844965016], [-122.02796959595685, 37.37913691974632], [-122.0280923301023, 37.37876385740158], [-122.02810937923171, 37.37870830945263], [-122.02813536929743, 37.378601897638696], [-122.02815692922397, 37.378506137890135], [-122.02818251001426, 37.37841101051545], [-122.02821208274813, 37.37831662300335], [-122.02828489211353, 37.37809984199552], [-122.02829966940143, 37.378066526927554], [-122.02833658926491, 37.37798329415925], [-122.02833838499748, 37.37797924594828], [-122.02834425369166, 37.3779660533904], [-122.0283670360058, 37.37791846641184], [-122.02839237374985, 37.37787170950924], [-122.02617939063349, 37.37714123854766], [-122.02608690100749, 37.3771110832719], [-122.02406200890657, 37.37644171555146], [-122.0239695507216, 37.376411535009304], [-122.02058108274974, 37.37530497622961], [-122.0205759479805, 37.37530329934915], [-122.02049259150245, 37.37547262621372], [-122.02046352471213, 37.375535448013984], [-122.02041555419294, 37.375648260190815], [-122.02037260642523, 37.375762354160635], [-122.02033473502765, 37.37587758754292], [-122.02020901218697, 37.37625628803917], [-122.01993033856134, 37.377121969798345], [-122.01990781330453, 37.377162388828005], [-122.01993033856134, 37.37712196979832], [-122.01979132160184, 37.37708158500042], [-122.01966837100899, 37.37703817344412], [-122.01960465800964, 37.37701567706364], [-122.01956356020455, 37.376998461625924], [-122.01952571742291, 37.37697701363474], [-122.0194918098712, 37.376951718609504], [-122.01945882979355, 37.376918866876466], [-122.01943248590409, 37.3768823982334], [-122.0194133896659, 37.37684315916108], [-122.01934714433375, 37.3766619039769], [-122.01933228889988, 37.376629614795014], [-122.0193102294487, 37.37658253346038], [-122.01928086086701, 37.376538067138995], [-122.01924465814753, 37.376496934987905], [-122.01920220680925, 37.376459802239324], [-122.01915419342727, 37.37642726944193], [-122.01910139452862, 37.3763998627486], [-122.01904466403349, 37.37637802540724], [-122.0189849194451, 37.37636211059233], [-122.01845836394854, 37.37625099963389], [-122.01725069334617, 37.37599616223718], [-122.01578812402995, 37.375687495612894], [-122.01532286416774, 37.37558930179939], [-122.01482019037884, 37.37548321104618], [-122.01389040008631, 37.37528696410198], [-122.01379686841362, 37.37526722701614], [-122.01370336548703, 37.37524751276886], [-122.01378628196844, 37.373489847761604], [-122.01378817562131, 37.37344977798399], [-122.01122121588877, 37.372929565503625], [-122.01116980531394, 37.37291874003488], [-122.00526573064558, 37.37172354055537], [-122.00211874769973, 37.3710852126052], [-122.0017421763153, 37.37100930012912], [-122.00136386385243, 37.37093911930552], [-122.00103911395549, 37.37088213760426], [-122.00071282144324, 37.370831077840506], [-122.00038515580401, 37.37078596653614], [-122.00007117699339, 37.37074589703699], [-121.99975625756872, 37.3707108442444], [-121.99944052333593, 37.370680822161354], [-121.99912410042593, 37.370655842781154], [-121.99880711524425, 37.37063591608263], [-121.99800533983822, 37.37060204738324], [-121.9972033271662, 37.37057197492784], [-121.99633549993959, 37.370538595056885], [-121.99633558078995, 37.37052055870227], [-121.99633634347856, 37.37035035609978], [-121.99633643510907, 37.370329007838585], [-121.99633644948238, 37.370325641719134], [-121.9963366075901, 37.37028883499623], [-121.99577096459225, 37.37028859304573], [-121.99575055666871, 37.370288584369426], [-121.99520736615968, 37.37029219389765], [-121.98735248322664, 37.37034405442867], [-121.98720411839483, 37.370348202275736], [-121.9870798131374, 37.370352388675705], [-121.98688369387241, 37.37035368584901], [-121.9867081936351, 37.370354858088], [-121.9866329741144, 37.3703553542548], [-121.9865189276163, 37.370356113854264], [-121.98632966249589, 37.370357368906575], [-121.98614036862931, 37.370358623245025], [-121.98595116189956, 37.37035989971506], [-121.98576189588086, 37.37036115333934], [-121.98557263165874, 37.3703624298093], [-121.98538333689406, 37.37036366130237], [-121.98519409962141, 37.37036491421274], [-121.98512166308106, 37.37036539324593], [-121.98500483539928, 37.37036616640936], [-121.98494029954071, 37.370366593327155], [-121.98481559812652, 37.37036741860589], [-121.98462630426015, 37.37036867151635], [-121.98443706788589, 37.37036994513046], [-121.98424780276535, 37.3703711744815], [-121.9840585663911, 37.37037244809544], [-121.98386238963408, 37.370373763830045], [-121.98365396884145, 37.37037511954321], [-121.98348764399502, 37.37037621682116], [-121.98344545103191, 37.37036587787581], [-121.98323892119853, 37.37031520260254], [-121.98302977008161, 37.370263896904994], [-121.9828314849845, 37.37021526765292], [-121.9826479807591, 37.370216329236435], [-121.98246265168244, 37.37021739008596], [-121.9824626677038, 37.370222406696485], [-121.98246257914502, 37.37059577651365], [-121.98244947462854, 37.37059586217709], [-121.98245030645894, 37.37067825573018], [-121.98245628198646, 37.37125958921721], [-121.98246262314082, 37.37172573704061], [-121.9824624461713, 37.37173997727937], [-121.98246421128356, 37.372428512121466], [-121.98246845653614, 37.37408004648085], [-121.98492333444688, 37.37405219599392], [-121.98510158173191, 37.374050173579526], [-121.98510333254833, 37.37405015359082], [-121.98787389097895, 37.37401872156903], [-121.9901786927676, 37.37399246586166], [-121.99089583032766, 37.373984296243485], [-121.99192786148367, 37.37397253082097], [-121.99247187844317, 37.373966329362496], [-121.99259773329389, 37.37396488804262], [-121.9947691918768, 37.37394008719986], [-121.99554869855939, 37.373931177283986], [-121.99577066684294, 37.373928635876986], [-121.99600320021086, 37.373925973824136], [-121.99609111741619, 37.373924966541566], [-121.99617804288155, 37.37392449824046], [-121.99687888769942, 37.37392054337892], [-121.99749651529687, 37.37391705324902], [-121.9977021054984, 37.373915891776015], [-121.99917279651726, 37.37390758014063], [-122.0034004939829, 37.37388359610792], [-122.00340161328361, 37.373883581830334], [-122.00480737947335, 37.373875781327314], [-122.00482420761115, 37.37387568780959], [-122.0047992721666, 37.37398802013052], [-122.00465036917322, 37.374623622551], [-122.0045513370672, 37.37504644741247], [-122.00452991493573, 37.37513790866747], [-122.00418905447974, 37.376593206276894], [-122.00416934813083, 37.376677342904095], [-122.00416208524949, 37.37670838352911], [-122.00412208416145, 37.37682275037764], [-122.00403950831165, 37.377058844091074], [-122.00409200315576, 37.37704352694718], [-122.00440627692393, 37.37695182818196], [-122.00448693775779, 37.37692550042191], [-122.00456923844219, 37.37690263219332], [-122.00465294618651, 37.37688328817943], [-122.00487923168974, 37.37683299989832], [-122.00510767674291, 37.376789371309044], [-122.00533797372236, 37.376752461161225], [-122.00556981251216, 37.37672231915732], [-122.00580288092142, 37.376698985885994], [-122.00603686510456, 37.376682492767294], [-122.00627144998352, 37.376672862010516], [-122.00650631967187, 37.37667010658418], [-122.00674115789997, 37.37667423019871], [-122.00697564844042, 37.3766852273013], [-122.00720947553374, 37.37670308308354], [-122.00744232431336, 37.376727773501216], [-122.0076738812292, 37.37675926530677], [-122.00775978157044, 37.37677456465634], [-122.0078445747195, 37.37679339110091], [-122.00792803344302, 37.37681569418857], [-122.00808780536514, 37.376853464913616], [-122.00824618432027, 37.376894803625845], [-122.00824263956646, 37.3769154204589], [-122.00823615731991, 37.376953123386095], [-122.00818552375384, 37.37724763973191], [-122.00806676014932, 37.37772551167505], [-122.00734990880242, 37.38085608045045], [-122.00734027077327, 37.3809086908821], [-122.00732870855391, 37.38095404747857], [-122.00728697550876, 37.38111763108663], [-122.00725884043435, 37.38124347819222], [-122.00723841022429, 37.38137026847953], [-122.00722573329219, 37.381497701737196], [-122.00722083969404, 37.38162547622993], [-122.00721479753899, 37.38240482666266], [-122.00719860074429, 37.38394728312193], [-122.00718140320537, 37.38567758904612], [-122.00717651187547, 37.38573152101347], [-122.00716298906792, 37.38578450644838], [-122.00714105830181, 37.38583566948148], [-122.00711108208505, 37.385884164366665], [-122.00707355592274, 37.38592918946177], [-122.00702910012727, 37.38597000048052], [-122.00672786628496, 37.38621303744776], [-122.00621079873386, 37.38663020390168], [-122.00613778351526, 37.38668534002615], [-122.0060603514247, 37.38673649571379], [-122.00597884259959, 37.386783446246376], [-122.00589361508781, 37.3868259853777], [-122.0058050432748, 37.38686392623993], [-122.00571351623893, 37.386897102164355], [-122.00561943604204, 37.386925367413816], [-122.00551157855995, 37.38695103214852], [-122.00540163292013, 37.386970244339345], [-122.00529020452757, 37.386982898196024], [-122.00517790695304, 37.38698892404114], [-122.0050404539552, 37.38699221588581], [-122.00410290039885, 37.38701466566303], [-122.00406713527912, 37.38701790552083], [-122.00403253420366, 37.387025820584036], [-122.00400005016351, 37.387038192854256], [-122.00397057784299, 37.38705468157146], [-122.00394492897831, 37.38707483259934], [-122.003925639991, 37.387095722482826], [-122.0039104819388, 37.387118678705086], [-122.00389979556554, 37.38714318523009], [-122.0038938210964, 37.38716869117174], [-122.00389269283737, 37.38719462317739], [-122.00392182062014, 37.38796138942985], [-122.00390853538687, 37.388412702467555], [-122.00339958326012, 37.388425087333566], [-122.00293094572076, 37.388436473671675], [-122.00208076049927, 37.3884571272413], [-122.0015975828309, 37.38846885902575], [-122.00049029172838, 37.388495744269065], [-122.00047460355263, 37.38849612540746], [-122.00030911054567, 37.388500143775396], [-122.0001394304919, 37.3885028852547], [-121.99989232196047, 37.388506877207995], [-121.9998395082163, 37.3885077301285], [-121.99974305780782, 37.38850594290945], [-121.99964711102965, 37.38849788778969], [-121.99955230659181, 37.38848361839157], [-121.99945927559898, 37.38846322970526], [-121.99936863734882, 37.38843685745651], [-121.99928099520909, 37.38840467720296], [-121.99919693260054, 37.38836690316532], [-121.999117009113, 37.388323786801216], [-121.99904175677997, 37.388275615131086], [-121.99867612631598, 37.388533727456604], [-121.9986251738767, 37.38857075076544], [-121.99855790085152, 37.38857411035128], [-121.99848004747064, 37.38857665698242], [-121.99847761034158, 37.38857671122679], [-121.99812440629913, 37.38858500632765], [-121.99812188472855, 37.38858506556812], [-121.99771468475896, 37.3885946282723], [-121.99725722495495, 37.38860536507916], [-121.9965125594245, 37.38862283888445], [-121.99582620712324, 37.38864169592368], [-121.99584084692762, 37.38897807860031], [-121.99587187555132, 37.38969061862241], [-121.99589596112574, 37.39014794369394], [-121.99592702120432, 37.39073771093472], [-121.99592665598232, 37.39084641557696], [-121.9959212486068, 37.39095503495422], [-121.995911240466, 37.39105976984085], [-121.99609316634542, 37.391114811905766], [-121.99620861870258, 37.3911497341907], [-121.99621701435572, 37.39115227574453], [-121.99826923769974, 37.391775453419285], [-122.00068835270419, 37.39248092345656], [-122.00183073734695, 37.39280403908769], [-122.00198133718176, 37.392846635034935], [-122.0052271194911, 37.39376467269592], [-122.00546712054509, 37.39383217600806], [-122.00586373953708, 37.39394210242741], [-122.0062611385852, 37.39405022193336], [-122.00667463363614, 37.39416058374286], [-122.00708894135961, 37.3942689894805], [-122.00768836362161, 37.39442200764983], [-122.00828940468739, 37.39457093189698], [-122.00889202061055, 37.39471575133075], [-122.009310104555, 37.39480814567797], [-122.01035861347843, 37.395039858647124], [-122.01039642086715, 37.39504821372356], [-122.01075682759068, 37.395127861313945], [-122.01192957798766, 37.39538702995226], [-122.01216813638993, 37.395444928301565], [-122.01240849485833, 37.395497876507996], [-122.01265049204584, 37.39554583902792], [-122.01271620200033, 37.39556331055972], [-122.01271798066448, 37.39556379086453], [-122.01277632173992, 37.39558029250471], [-122.01282418980203, 37.395588802457354], [-122.01287144163388, 37.39559927773861], [-122.01290593154478, 37.39560615758306], [-122.01291403075395, 37.395607774061205], [-122.01296591114763, 37.39561872899844], [-122.01574416986573, 37.39621504842447], [-122.01586659494602, 37.39624132507126], [-122.01588243628805, 37.396244725186925], [-122.0160173358176, 37.396273679326136], [-122.0175123396992, 37.396594561269445], [-122.01766569556588, 37.39662826562963], [-122.02108295457774, 37.39737929721244], [-122.02218724168428, 37.3976219918468], [-122.0226227394676, 37.39771770325636]]], [[[-122.00097783208301, 37.386970924103146], [-122.00094529800623, 37.38706781235518], [-122.0010178673966, 37.38716134396095], [-122.00089316512134, 37.387223067946074], [-122.00076281310176, 37.387287588377774], [-122.00078161041435, 37.38731240077013], [-122.00078525927631, 37.38731710872709], [-122.00083852171674, 37.387385814746494], [-122.00085478095694, 37.38740678901919], [-122.00086208099427, 37.3874162067014], [-122.0008979785926, 37.38746455546496], [-122.00083033185533, 37.38749816575177], [-122.00079488589738, 37.3875157770275], [-122.00062898480762, 37.38759820637501], [-122.00072460193081, 37.38772510430555], [-122.00074503012546, 37.38775221638596], [-122.00077318865958, 37.3877895868568], [-122.00072916227106, 37.387812192336206], [-122.0006886156937, 37.38783227501157], [-122.00061706254309, 37.38786771589786], [-122.00060529264168, 37.38787354576811], [-122.00057222300308, 37.38789094542878], [-122.00063965754696, 37.38797808417721], [-122.00066025424063, 37.38800469936583], [-122.00068520844005, 37.388036944367244], [-122.00071308383166, 37.38807297931534], [-122.00062221021766, 37.388118007313], [-122.00058678304559, 37.38813555880225], [-122.00057836798103, 37.38816260109007], [-122.00056297341845, 37.38821208206661], [-122.0004746031976, 37.38849612531565], [-122.00049029224702, 37.38849574434704], [-122.00159758238867, 37.38846885893466], [-122.00208076034218, 37.38845712728811], [-122.00293094596263, 37.388436473373794], [-122.0033995836233, 37.3884250875427], [-122.00390853494739, 37.38841270254551], [-122.00392182079794, 37.38796138973639], [-122.0038926931541, 37.387194622834414], [-122.00389382135404, 37.38716869089897], [-122.00389979573923, 37.387143185017834], [-122.00391048200618, 37.38711867853935], [-122.0039256399334, 37.38709572234567], [-122.00394492878155, 37.38707483246957], [-122.00397057766497, 37.38705468146641], [-122.00400004999571, 37.38703819277237], [-122.00403253403867, 37.38702582052234], [-122.0040671351112, 37.38701790547512], [-122.0041029002241, 37.387014665628264], [-122.0050404541719, 37.38699221595839], [-122.00517790695548, 37.38698892436615], [-122.00529020454623, 37.38698289838314], [-122.00540163294191, 37.38697024438662], [-122.00551157857144, 37.38695103205484], [-122.00561943602972, 37.38692536717886], [-122.00571351618946, 37.386897101993185], [-122.00580504319524, 37.3868639261372], [-122.00589361498574, 37.386825985347656], [-122.00597884248317, 37.386783446292704], [-122.00606035130265, 37.38673649583968], [-122.00613778339671, 37.386685340234116], [-122.00621079862832, 37.38663020419365], [-122.00672786662452, 37.386213037614155], [-122.00702910029783, 37.38597000030683], [-122.00707355608768, 37.385929189298146], [-122.00711108224866, 37.38588416421497], [-122.00714105846886, 37.385835669342896], [-122.00716298924344, 37.385784506323226], [-122.00717651206465, 37.385731520901295], [-122.00718140341333, 37.38567758894559], [-122.00719860048761, 37.38394728344444], [-122.00721479773611, 37.38240482665816], [-122.00722083943268, 37.381625476120476], [-122.00722573316354, 37.38149770168906], [-122.007238410221, 37.38137026849757], [-122.00725884054869, 37.38124347828086], [-122.00728697573282, 37.38111763124984], [-122.00732870841587, 37.380954047686664], [-122.00734027060415, 37.38090869105223], [-122.00734990881828, 37.380856080265595], [-122.00806676005459, 37.37772551198747], [-122.00818552393704, 37.377247639782354], [-122.00823615695798, 37.37695312326959], [-122.00824263962846, 37.37691542074918], [-122.00824618463864, 37.376894803762745], [-122.0080878053403, 37.376853465096374], [-122.00792803307422, 37.37681569443163], [-122.00784457460111, 37.37679339124999], [-122.0077597816987, 37.376774564693484], [-122.00767388159869, 37.37675926521414], [-122.00744232467059, 37.376727773433146], [-122.0072094758798, 37.37670308304066], [-122.0069756487764, 37.37668522728426], [-122.00674115822706, 37.376674230208074], [-122.0065063199913, 37.376670106620594], [-122.0062714502965, 37.37667286207446], [-122.00603686541244, 37.376682492859274], [-122.00580288122548, 37.37669898600645], [-122.00556981281377, 37.37672231930668], [-122.00533797402294, 37.376752461339855], [-122.00510767704387, 37.376789371517305], [-122.00487923199253, 37.37683300013644], [-122.00465294649261, 37.376883288447694], [-122.00456923861877, 37.37690263236309], [-122.00448693780024, 37.37692550050286], [-122.00440627682849, 37.3769518281838], [-122.00409200316976, 37.37704352721948], [-122.00403950795153, 37.377058843942955], [-122.0040373863491, 37.3770836393528], [-122.00403339282676, 37.37713032064462], [-122.00400679873714, 37.37744379865879], [-122.00397300870111, 37.37784210927386], [-122.00383679535645, 37.3794474958704], [-122.00334879275867, 37.38043045389985], [-122.00320034098722, 37.38057942148712], [-122.00314587605173, 37.38063407544692], [-122.0031438966635, 37.38063975575983], [-122.00276384876472, 37.38172685065546], [-122.00269877969721, 37.38191300249664], [-122.00216562894792, 37.383437977511505], [-122.0020260433507, 37.38383718370892], [-122.00199885183227, 37.38391886936981], [-122.00197889549098, 37.383989523768065], [-122.00166388739372, 37.38492793927846], [-122.00161746511388, 37.385066224000134], [-122.00132169223798, 37.38594771748454], [-122.0013215089391, 37.38594826234467], [-122.00132111458473, 37.38594903880763], [-122.00132094423775, 37.385950059327584], [-122.00132051000486, 37.38595267201528], [-122.00130422038045, 37.38605077719603], [-122.00129387521251, 37.38611307158044], [-122.00129264011456, 37.38612050865131], [-122.00129582697437, 37.38620699965001], [-122.0013004643378, 37.38626267047298], [-122.00130301612597, 37.38629330874008], [-122.00128214005, 37.386293735498484], [-122.00120826869019, 37.38629523717651], [-122.00120653588469, 37.38630050155178], [-122.00120646237849, 37.38630072148071], [-122.00119657427582, 37.38633076019325], [-122.00118632744918, 37.38636188762239], [-122.00118229605184, 37.38636196986749], [-122.00112522871017, 37.38636312932056], [-122.0011227938891, 37.386363248802965], [-122.00112158202747, 37.38636335984066], [-122.00112037424134, 37.38636350507118], [-122.00111917504717, 37.38636368443681], [-122.0011179844268, 37.38636389703642], [-122.00111680352752, 37.38636414375674], [-122.00111563570042, 37.3863644227523], [-122.0011144787053, 37.386364734953126], [-122.00111333818779, 37.38636508028679], [-122.00111221298245, 37.38636545696595], [-122.00111110534746, 37.38636586496171], [-122.00111001641207, 37.386366304259546], [-122.00110894730524, 37.38636677484509], [-122.00110789910178, 37.38636727400092], [-122.00110687522526, 37.38636780348567], [-122.0011058744922, 37.386368360610916], [-122.00110489804972, 37.38636894626314], [-122.00110395037811, 37.386369558582665], [-122.00110303034828, 37.386370197583915], [-122.001102137942, 37.38637086236601], [-122.00110127652859, 37.38637155198442], [-122.00110044496074, 37.38637226555287], [-122.00109964658961, 37.386373001226026], [-122.00109888030406, 37.38637375991927], [-122.00109814943723, 37.386374538886464], [-122.00109745287811, 37.386375339042935], [-122.00109679170136, 37.38637615767134], [-122.00109616816525, 37.38637699474285], [-122.00109558223346, 37.386377848455616], [-122.00109503503523, 37.38637871879507], [-122.00109452427614, 37.38637960398814], [-122.00109405443624, 37.386380502175356], [-122.0010936266628, 37.38638141424305], [-122.00109323749611, 37.386382336630746], [-122.00109289034151, 37.38638327019617], [-122.00109258403364, 37.386384213151715], [-122.00109231966563, 37.38638516368113], [-122.0010920983663, 37.38638612176992], [-122.00109191895228, 37.38638708472976], [-122.00109178255279, 37.38638805254602], [-122.0010916891315, 37.386389023416974], [-122.00109163979953, 37.38638999642715], [-122.00109163226222, 37.38639096980354], [-122.00109166764884, 37.38639194353161], [-122.00109174816323, 37.386392914879764], [-122.00109187041808, 37.386393883891245], [-122.00109203550635, 37.38639484874973], [-122.00109224340977, 37.38639580855425], [-122.00109249296307, 37.38639676151738], [-122.00109278527734, 37.3863977067236], [-122.00109311920522, 37.386398643286554], [-122.00109349471064, 37.386399569404325], [-122.00109391066437, 37.38640048509133], [-122.0010978247533, 37.386409623474215], [-122.0010994789546, 37.386414268636756], [-122.00110092849303, 37.38641895787358], [-122.00111018010288, 37.38645135511152], [-122.00112615380395, 37.38650728816813], [-122.00113187119508, 37.38652730780678], [-122.00112656203879, 37.386543436685805], [-122.0010936914884, 37.38664328788385], [-122.00107597779967, 37.386697094574245], [-122.0010861932409, 37.38673288415427], [-122.00108962917972, 37.38674492236289], [-122.00110157109788, 37.38678676022557], [-122.00111656515551, 37.3868392966395], [-122.0010464571276, 37.38685195807614], [-122.00104776556344, 37.38685653827378], [-122.00102619448955, 37.38686043533191], [-122.00102481059889, 37.38685558484313], [-122.00102374044066, 37.38685577877736], [-122.00101765923222, 37.38685687585261], [-122.0009876643835, 37.38694164041853], [-122.00097783208301, 37.386970924103146]]]]}}, {"type": "Feature", "properties": {"TRUSTEE_AREA": 5}, "geometry": {"type": "Polygon", "coordinates": [[[-121.98702586200626, 37.40351036802032], [-121.98716736820181, 37.40350841419012], [-121.98702586178571, 37.40351036818327], [-121.98725394431207, 37.40368797625109], [-121.98725403872817, 37.40373926762942], [-121.98725535692742, 37.4044530816599], [-121.98725691568758, 37.405234139702586], [-121.98725909238516, 37.406344349245124], [-121.98715745011314, 37.40652690429331], [-121.98717578458357, 37.40744289256328], [-121.98719294275423, 37.4082998160232], [-121.98720597785842, 37.40894977405715], [-121.98721667334519, 37.40948370935595], [-121.98722776201265, 37.41003737102367], [-121.9872386867021, 37.41058279434661], [-121.98740038107624, 37.41080292254129], [-121.98739418069273, 37.41158843857036], [-121.98747916093895, 37.412351311604255], [-121.98747870922521, 37.414060170063024], [-121.98747844599615, 37.41505309684738], [-121.98747793934209, 37.41697265006073], [-121.98747792884885, 37.41701027811483], [-121.98747782495191, 37.417406566662905], [-121.9869277079957, 37.417407650833354], [-121.98692688654599, 37.41740764862775], [-121.98638904169027, 37.417408710815444], [-121.98636486940138, 37.4174089973629], [-121.98636572456195, 37.417541109362546], [-121.98636572546047, 37.41754118213614], [-121.9869146562032, 37.41754010269911], [-121.98691457713608, 37.41767735233998], [-121.98691657588763, 37.417677347487164], [-121.98692098032726, 37.41767733689416], [-121.98822529349759, 37.41767420890084], [-121.98899803227312, 37.41767229115842], [-121.99383138908006, 37.41767162726663], [-121.99454453991686, 37.417669778726065], [-121.99516442498005, 37.417668174897834], [-121.99516472591561, 37.417668174184456], [-121.99555832449445, 37.417667154669154], [-121.99570694714245, 37.41766677012141], [-121.99570734779103, 37.41766676940791], [-121.99576164016187, 37.417666628858896], [-121.9957634978777, 37.417666623864946], [-121.9957652639653, 37.417666619584196], [-121.99640302819488, 37.417664956539355], [-121.99698731752008, 37.41766343333045], [-121.9988087161622, 37.41765868534092], [-121.99995428087738, 37.41765569885197], [-122.00065974842465, 37.41765384888377], [-122.0014309169454, 37.41765182697447], [-122.0018767713981, 37.41779925473734], [-122.0019227848949, 37.41781446938343], [-122.00210636008016, 37.41787517097495], [-122.00244544888321, 37.417987294704744], [-122.00247107152519, 37.41799603748599], [-122.0024777882273, 37.417998329130434], [-122.00259545672735, 37.418038479986606], [-122.00269075807955, 37.41807099819714], [-122.00274514297485, 37.418089575337135], [-122.00303344014908, 37.41813046887026], [-122.00325102644759, 37.41816133253225], [-122.003493606568, 37.418195737805426], [-122.00414755573092, 37.418288488487185], [-122.00618231317114, 37.41857704646003], [-122.00631847888081, 37.41859635691476], [-122.00751367099664, 37.418765852207684], [-122.00764977921433, 37.418785161900004], [-122.01165171654206, 37.41935254857376], [-122.01274466961615, 37.41950750420165], [-122.01535626754716, 37.41984105526597], [-122.01535696194487, 37.41984120437628], [-122.01566908333534, 37.41988099539526], [-122.0161825548768, 37.41994645543858], [-122.01630848698058, 37.419962511518555], [-122.0178349696009, 37.420467538769444], [-122.01936674689246, 37.42095601092226], [-122.02234241212182, 37.42190054471109], [-122.02263473643698, 37.42199333358426], [-122.02422616544605, 37.42249700020552], [-122.02737406913052, 37.42343896412303], [-122.02745933809999, 37.42346447928456], [-122.02745851344638, 37.42346692842478], [-122.02705952394528, 37.42465088049815], [-122.02703986431165, 37.42470921732205], [-122.02702031966255, 37.424767210242265], [-122.02700131400267, 37.42482360653265], [-122.02711344169684, 37.42484544793774], [-122.0321976645767, 37.42583564748349], [-122.03230855079951, 37.42585724318751], [-122.0329628880309, 37.425984680686454], [-122.03464398597936, 37.4263120862778], [-122.03465106829859, 37.42629106998129], [-122.035755847179, 37.42301279435361], [-122.03652895182609, 37.420722029333525], [-122.03654514216542, 37.42067400714037], [-122.03654602700617, 37.42067138382957], [-122.03655280928771, 37.42065127058917], [-122.03656573155551, 37.42061294825905], [-122.03656954670117, 37.42060163383975], [-122.03659323168624, 37.4205313858041], [-122.03663986413949, 37.42039307908423], [-122.03707676614566, 37.41909726528889], [-122.03721505552055, 37.418687104447564], [-122.03718425198326, 37.413455663890545], [-122.03718073604476, 37.41285846867101], [-122.03718072257028, 37.412856251075034], [-122.03718071358738, 37.41285440735954], [-122.03718070280782, 37.41285221473618], [-122.0371806138766, 37.41283453818101], [-122.03718050338632, 37.412812304416065], [-122.03713066755805, 37.412801610997654], [-122.03705825347743, 37.412786073536864], [-122.03704514705963, 37.4127832615815], [-122.03700656801823, 37.412774978406645], [-122.03537813200101, 37.41242535609618], [-122.03435809876767, 37.41220745566259], [-122.03390620493657, 37.41211060329053], [-122.0334776807733, 37.412018739728424], [-122.03156107514477, 37.41160795131741], [-122.03146143403093, 37.41158659410277], [-122.03152186910091, 37.41140719460885], [-122.03191776300697, 37.41023198875678], [-122.03220928703075, 37.40936659154417], [-122.03252793568969, 37.408420631926596], [-122.03276234481773, 37.407724730411246], [-122.0329372531236, 37.4072054659156], [-122.03317998694067, 37.40648482567486], [-122.03356041993949, 37.40535536753358], [-122.0335830071831, 37.405288302055894], [-122.03358362881733, 37.4052864624355], [-122.0336048281561, 37.40529100226059], [-122.03361871161634, 37.40529397576707], [-122.03362686023519, 37.40527309200748], [-122.03374000485726, 37.40498311284675], [-122.03382201656251, 37.40477292329788], [-122.03405862924735, 37.40416650202594], [-122.03406984740971, 37.404141742416634], [-122.0341391668167, 37.40396080941513], [-122.03414240165037, 37.40395236756274], [-122.03466506849787, 37.40266381789795], [-122.03471731811725, 37.40251106396211], [-122.03471900515369, 37.40250613219817], [-122.03480965955376, 37.402251006624525], [-122.03486438762482, 37.40209698732205], [-122.03490999869243, 37.40196862434064], [-122.03495587206827, 37.401839523973045], [-122.03504135845989, 37.40159893898183], [-122.03528216358953, 37.400921240077054], [-122.03529736218833, 37.4008784674694], [-122.0353425178101, 37.400751386216676], [-122.03535723670838, 37.40070996226889], [-122.03536454540087, 37.400706753798154], [-122.0356253119277, 37.40059708339216], [-122.03568692646807, 37.400572585222584], [-122.03563632976723, 37.400559445162514], [-122.03558360405943, 37.40054493778609], [-122.03557740658351, 37.40054323221126], [-122.03509867199459, 37.40043970087628], [-122.03294992646642, 37.39997501021824], [-122.03213626406583, 37.39979904613528], [-122.03192392482796, 37.39975146295751], [-122.02957242598154, 37.399249847765915], [-122.02893507858558, 37.399113890264594], [-122.02871169922511, 37.39905787583897], [-122.02848685014482, 37.39900573882174], [-122.02826063706448, 37.398957503726095], [-122.02793831081829, 37.398879673580964], [-122.02785654707391, 37.39886086045376], [-122.02784424195346, 37.398856808373544], [-122.02779035498439, 37.398840243745305], [-122.02773527992267, 37.39882638778953], [-122.02770073162101, 37.398819123585625], [-122.02764848561368, 37.39880533665487], [-122.02755483805852, 37.39878282111133], [-122.02690581436163, 37.39865404419719], [-122.02647111697696, 37.39855934450968], [-122.02432170489939, 37.39809109034153], [-122.02283659146818, 37.397764701814154], [-122.02282136862006, 37.39776135619382], [-122.02265093039281, 37.3977238985095], [-122.02264408702821, 37.397722394835185], [-122.0226227394676, 37.39771770325636], [-122.02218724168428, 37.3976219918468], [-122.02108295457774, 37.39737929721244], [-122.01766569556588, 37.39662826562963], [-122.0175123396992, 37.396594561269445], [-122.0160173358176, 37.396273679326136], [-122.01588243628805, 37.396244725186925], [-122.01586659494605, 37.39624132507131], [-122.01574416986573, 37.39621504842447], [-122.01296591114763, 37.39561872899844], [-122.01291403075395, 37.395607774061205], [-122.01290593154478, 37.39560615758306], [-122.01287144163388, 37.39559927773861], [-122.01282418980203, 37.395588802457354], [-122.01277632173992, 37.39558029250471], [-122.01271798066448, 37.39556379086453], [-122.01271620200033, 37.39556331055972], [-122.01265049204584, 37.39554583902792], [-122.01240849485833, 37.395497876507996], [-122.01216813638993, 37.395444928301565], [-122.01192957798766, 37.39538702995226], [-122.01075682759068, 37.395127861313945], [-122.01039642086715, 37.39504821372356], [-122.01035861347843, 37.395039858647124], [-122.009310104555, 37.39480814567797], [-122.00889202061055, 37.39471575133075], [-122.00828940468739, 37.39457093189698], [-122.00768836362161, 37.39442200764984], [-122.00708894135961, 37.3942689894805], [-122.00667463363614, 37.39416058374286], [-122.0062611385852, 37.39405022193336], [-122.00586373953708, 37.39394210242741], [-122.00546712054509, 37.39383217600806], [-122.0052271194911, 37.39376467269592], [-122.00198133718176, 37.392846635034935], [-122.00183073734695, 37.39280403908769], [-122.00068835270419, 37.39248092345656], [-121.99826923769974, 37.391775453419285], [-121.99621701435572, 37.39115227574453], [-121.99620861870258, 37.3911497341907], [-121.99609316634542, 37.391114811905766], [-121.995911240466, 37.39105976984085], [-121.9959212486068, 37.39095503495422], [-121.99592665598232, 37.39084641557696], [-121.99592702120432, 37.39073771093472], [-121.99589596112574, 37.39014794369394], [-121.99587187555132, 37.38969061862241], [-121.99584084692762, 37.38897807860031], [-121.99582620712324, 37.38864169592368], [-121.99577333961622, 37.387426943592246], [-121.99574946785084, 37.38687827429224], [-121.9957530324343, 37.38626280469365], [-121.99575601400007, 37.38574800314049], [-121.99575695096071, 37.38558630613722], [-121.99576092159035, 37.38490241244292], [-121.9957658480464, 37.38404710613974], [-121.9957701923821, 37.383300237546976], [-121.99576418457552, 37.38218110276891], [-121.99575769528236, 37.380972195423965], [-121.99577859912026, 37.38057519712606], [-121.99578558623031, 37.38044282629859], [-121.99578979848884, 37.379917054686224], [-121.99579082079141, 37.379739391064135], [-121.99579243509517, 37.37945871496221], [-121.99579599159317, 37.3788472283437], [-121.99580130882332, 37.37792929449698], [-121.99580159000142, 37.37788071091734], [-121.99580185860287, 37.37783433166177], [-121.9958022098508, 37.377773761114895], [-121.99580249731724, 37.37772429155058], [-121.99527204132357, 37.37772766943559], [-121.99335320602964, 37.37773985394775], [-121.99254739578164, 37.37774496289038], [-121.98894865276908, 37.37776768650821], [-121.9879625425858, 37.3777743216394], [-121.98779735949797, 37.377774495092076], [-121.98714087887213, 37.377778681039906], [-121.98704384197138, 37.37777929993763], [-121.9870397654172, 37.37777932563588], [-121.98684651806566, 37.37778055772066], [-121.98682928478806, 37.377780666937994], [-121.98683377096205, 37.37788582712098], [-121.98683775291475, 37.38037354145971], [-121.9868411557028, 37.38063952731366], [-121.98684281391357, 37.38134516121287], [-121.98685144720608, 37.38504608242064], [-121.98685757970838, 37.387682626476874], [-121.98685795428779, 37.387843512421576], [-121.98685848786091, 37.388076298195735], [-121.98684931332589, 37.3884538300825], [-121.98684701271804, 37.38865840757007], [-121.98684397997584, 37.38892808404922], [-121.98684479550221, 37.39021226637414], [-121.98684677863243, 37.393332855972794], [-121.98684764011665, 37.393332890944066], [-121.98685334062486, 37.39511451448504], [-121.9868558198867, 37.3959002755181], [-121.9870279379673, 37.39590056670914], [-121.98738376508902, 37.3959011819214], [-121.98704102978104, 37.395900589256655], [-121.98704104534359, 37.39590551030941], [-121.98704175725852, 37.396129984016305], [-121.9870424385362, 37.396348552660456], [-121.98704294898093, 37.396502344676534], [-121.98704338337585, 37.396645172969464], [-121.98704387072102, 37.396793495098706], [-121.98704435645439, 37.396941792915015], [-121.98704481352745, 37.39709006946507], [-121.98704527309542, 37.397238414472], [-121.98704575838582, 37.39738668976039], [-121.98704621216686, 37.39754052844529], [-121.98707205451302, 37.39754031976279], [-121.98720975127979, 37.39753921013237], [-121.9872112410477, 37.398003265895134], [-121.98721198135621, 37.39823446834653], [-121.98704919099295, 37.39826335963632], [-121.9870487998334, 37.39840075073351], [-121.9870483392631, 37.39854906143373], [-121.98704808660999, 37.398641516924265], [-121.98704798966587, 37.3987028868621], [-121.98704775788954, 37.39885117212927], [-121.98704749943992, 37.39899947936157], [-121.98704726811033, 37.3991477871497], [-121.98704700901402, 37.39929611871932], [-121.98704677881179, 37.3994444264905], [-121.98704654571335, 37.39959548110023], [-121.987046086893, 37.39987204441068], [-121.9870457299122, 37.40008572486562], [-121.98725725040723, 37.400075343247174], [-121.98703261322851, 37.40008636887505], [-121.98702883375732, 37.402399157742146], [-121.98702739815124, 37.40327733403107], [-121.98702586200626, 37.40351036802032]], [[-121.98798014706882, 37.40003978861863], [-121.98804452662097, 37.40003663721413], [-121.98823006642924, 37.40002753053884], [-121.98841560623762, 37.400018401026394], [-121.98860117389371, 37.400009293635556], [-121.98878671460041, 37.40000016269358], [-121.98892358279528, 37.39999343526863], [-121.98897916424886, 37.39999080766945], [-121.9891647094471, 37.399982019269906], [-121.98936682496661, 37.39997247156315], [-121.98956922615034, 37.39996289745035], [-121.98967153077152, 37.39995807328467], [-121.98975480099294, 37.399954108333844], [-121.98994034619112, 37.39994527354392], [-121.99012591923717, 37.399936415202745], [-121.99031149318142, 37.39992755757421], [-121.99044687556317, 37.39992112130615], [-121.99049706622742, 37.39991869851725], [-121.99068261052729, 37.39990981662297], [-121.99086818357337, 37.399900911891386], [-121.991053755721, 37.39989202928136], [-121.99123932786868, 37.39988312312036], [-121.99138995634578, 37.39987590448838], [-121.99143175056766, 37.39987390153186], [-121.99161732361365, 37.39986501820485], [-121.99180286701531, 37.399856111327125], [-121.99198846880716, 37.399847250120935], [-121.99217401041213, 37.39983832040445], [-121.99235958345831, 37.39982943564608], [-121.99254512685987, 37.39982052876412], [-121.9927306990076, 37.39981164328998], [-121.99291624151081, 37.399802734978486], [-121.99310181455664, 37.39979384950233], [-121.99328050650855, 37.39978527945207], [-121.9934660786564, 37.39977637113738], [-121.99365165080393, 37.399767484231], [-121.99383722295164, 37.39975859732325], [-121.99402279420114, 37.39974966402823], [-121.99421521600182, 37.399740460263956], [-121.99440075940339, 37.39973154980318], [-121.99458633155106, 37.39972266146392], [-121.99477193154654, 37.3997137502873], [-121.9949574749482, 37.39970486194605], [-121.99514301745124, 37.399695972890115], [-121.99533374772476, 37.39968681193753], [-121.99550696534416, 37.399678492361474], [-121.99554508894082, 37.399676678296906], [-121.99567291918716, 37.39967022059763], [-121.99567294254314, 37.399672481402405], [-121.9956729703906, 37.39967526102152], [-121.99567396391622, 37.399772648965204], [-121.99604001476432, 37.39975805868443], [-121.99607441664138, 37.39975665853124], [-121.9963224827775, 37.399746489934635], [-121.99652192670762, 37.399738337357995], [-121.99670758060184, 37.39973072643029], [-121.99689323629264, 37.399723116215505], [-121.99706831252594, 37.399715960586356], [-121.99707892072941, 37.39971559591847], [-121.99726459797982, 37.39970908256287], [-121.99745033272231, 37.39970256849304], [-121.99763606566793, 37.39969607725914], [-121.99782177076614, 37.39968953963814], [-121.99787337986993, 37.399687758402415], [-121.99800392212943, 37.39968318399403], [-121.99813472130718, 37.39967860744464], [-121.99818618668044, 37.39967680551305], [-121.99837191962628, 37.399670289299465], [-121.99855762652096, 37.399663796635494], [-121.99874680001372, 37.39965716838011], [-121.99893253385804, 37.39965065145121], [-121.99912167680823, 37.399643884748784], [-121.9993073792113, 37.399637230800415], [-121.99949649431358, 37.39963048764659], [-121.99968222456462, 37.399623832269626], [-121.99987142410859, 37.399617064137544], [-122.0000570977656, 37.39961040875934], [-122.00024624071573, 37.399603640625934], [-122.00043197096662, 37.39959700808307], [-122.0006176742681, 37.39959035127587], [-122.00080329043297, 37.3995837194456], [-122.00098902068392, 37.399577062637135], [-122.00117478057916, 37.39957042723728], [-122.0013531132048, 37.39956404731903], [-122.00155733706976, 37.399556717548656], [-122.00174303947288, 37.39955008286084], [-122.00192876972358, 37.39954342390849], [-122.00211447212686, 37.399536789219276], [-122.0023001736316, 37.39953013026577], [-122.00248590388254, 37.39952349272107], [-122.00267160538739, 37.39951683447997], [-122.00285733563835, 37.399510174097315], [-122.00304303714309, 37.39950353655076], [-122.00322871080009, 37.39949687759419], [-122.00341446979712, 37.39949023861916], [-122.00360017130198, 37.39948357752057], [-122.00378587280669, 37.39947691713524], [-122.00397160395599, 37.399470277444614], [-122.00416765494967, 37.39946325381597], [-122.00435344179436, 37.39945661412428], [-122.0045392007914, 37.399449950882065], [-122.00472493104226, 37.399443287638846], [-122.00480708735283, 37.39944034602056], [-122.00482255544146, 37.399439792237075], [-122.00482224641603, 37.399484271265656], [-122.00482220958453, 37.39948966495343], [-122.00479847661147, 37.40292402653043], [-122.00479844516998, 37.4029285336713], [-122.00479771482782, 37.40303465334946], [-122.00479712462518, 37.40312032667052], [-122.00480378382096, 37.403249384159956], [-122.00481153447484, 37.40333108246775], [-122.0048164958635, 37.403383381697715], [-122.00481634222533, 37.403618444122415], [-122.00481633773298, 37.4036247473529], [-122.00481533324327, 37.40516986275009], [-122.00481528023369, 37.40525095027576], [-122.00481522093466, 37.405341789550654], [-122.004815139174, 37.40546728243602], [-122.00481511491525, 37.405504174648385], [-122.00481395229488, 37.407292840021626], [-122.00481394690402, 37.40730099678525], [-122.0048137690071, 37.40757332415072], [-122.00481327043398, 37.407646621974884], [-122.00481223286285, 37.40779925769706], [-122.00515392410394, 37.40774172546421], [-122.00591756925402, 37.40757115071809], [-122.00594041161231, 37.40756604803336], [-122.00594155606584, 37.40756579257814], [-122.0059723323434, 37.407558918117694], [-122.00603089826323, 37.40754583611351], [-122.00589698251873, 37.40799185961218], [-122.00588377009504, 37.4080321349872], [-122.00546807641452, 37.40929926373401], [-122.00503658675525, 37.41061445894602], [-122.00477910978269, 37.41139934462585], [-122.00452211161239, 37.41218262237314], [-122.00440826180653, 37.41252963422571], [-122.00427146273569, 37.41294659002291], [-122.00395621868955, 37.413907416102745], [-122.00368472805106, 37.41424291763685], [-122.00356647921848, 37.41438904636877], [-122.00352884070678, 37.41443555926291], [-122.00352640267928, 37.41443857164795], [-122.00351090314754, 37.414457725476], [-122.00351077918008, 37.414457699789885], [-122.00351078726482, 37.414458088645766], [-122.00351312107526, 37.414567616060765], [-122.00351636487426, 37.41471952918179], [-122.00343312250291, 37.41470237105819], [-122.00342783412164, 37.414701280838216], [-122.00339546333619, 37.414694609660366], [-122.00334822633349, 37.414684873307266], [-122.00329333388933, 37.414673560128655], [-122.00286400124222, 37.414585073117806], [-122.0027230160634, 37.41455148734309], [-122.00258472698084, 37.41451139946523], [-122.00244960488452, 37.41446494598933], [-122.00216693206006, 37.41443586596937], [-122.0021601542724, 37.41443516888221], [-122.00153391184755, 37.41430637891419], [-122.00143428057861, 37.41461088728812], [-122.00138905668355, 37.4147491055114], [-122.00106913510845, 37.41572688370325], [-122.00106870391707, 37.41572820293653], [-122.00106862935701, 37.41572842982479], [-121.99702563634061, 37.41508528293981], [-121.99597054725157, 37.414917403949744], [-121.99234452067876, 37.41434045065436], [-121.99031978035472, 37.41401823764018], [-121.98988484670242, 37.41401971027544], [-121.98908351365742, 37.41402242723076], [-121.98899901903293, 37.414022713338554], [-121.98900464446109, 37.41243007198123], [-121.989007263133, 37.41168860785729], [-121.98897866077763, 37.41169663570633], [-121.98897812089037, 37.411696786259576], [-121.9889780795706, 37.41167073123885], [-121.98895629818882, 37.411087514094234], [-121.9889556549982, 37.411061039306176], [-121.98894946024544, 37.4108061412173], [-121.98894904163255, 37.41078891513154], [-121.9889463350205, 37.410684877821645], [-121.98899768001971, 37.410683823223636], [-121.9895623546349, 37.410672221217546], [-121.99039620938493, 37.41065508934668], [-121.99058104940521, 37.41065129907139], [-121.9907290928209, 37.4106456982157], [-121.99087669425964, 37.41063499729542], [-121.99102357771635, 37.41061921632059], [-121.991169468529, 37.410598384800586], [-121.99131409389229, 37.410572541688985], [-121.99145718336801, 37.41054173531062], [-121.99210723117567, 37.41038967391026], [-121.99258081934097, 37.410278833220715], [-121.99386484858962, 37.409978311704805], [-121.99412855178423, 37.409913059302674], [-121.99439064234222, 37.40984379655259], [-121.99559823934821, 37.40951444611129], [-121.995641350166, 37.4095002366953], [-121.99568191281972, 37.40948186341554], [-121.99571929831474, 37.40945961118267], [-121.9957529269254, 37.40943382505717], [-121.99578227718486, 37.4094049048985], [-121.99580689944878, 37.40937330058734], [-121.99582640653914, 37.409339500189404], [-121.99584049595393, 37.40930402786941], [-121.99584894920758, 37.40926743371892], [-121.99585163521873, 37.409230285225554], [-121.9958515130505, 37.40920705356589], [-121.99584953050629, 37.408874970909054], [-121.99583445526471, 37.40634957940925], [-121.99583205770791, 37.40593565241489], [-121.99582946342416, 37.40548760248414], [-121.99583249498912, 37.40543974805383], [-121.99584210145389, 37.405392449352476], [-121.99585816640553, 37.40534627949396], [-121.99608071053198, 37.40513967745588], [-121.99600626655666, 37.40496688417889], [-121.99593999129968, 37.40479198698221], [-121.99588747343321, 37.40463320954967], [-121.99584169490358, 37.40447311005397], [-121.99580270770338, 37.40431187047912], [-121.99577055610467, 37.40414967410384], [-121.99574527660889, 37.403986705293285], [-121.99572689790541, 37.403823149289344], [-121.9957154408392, 37.40365919200024], [-121.99571091838743, 37.40349501978903], [-121.99571056266382, 37.403411429187415], [-121.99571039378486, 37.403374199124116], [-121.99444284595928, 37.40336254947131], [-121.99438821544756, 37.40336232986691], [-121.99433363149839, 37.403364142224554], [-121.99421358283011, 37.40337050816208], [-121.99409330255092, 37.40337276680836], [-121.99371578471167, 37.4033711982832], [-121.99365403649963, 37.40337017567911], [-121.99359241280474, 37.4033668859738], [-121.99344880724803, 37.40335630180873], [-121.99285057697467, 37.4033147722166], [-121.99269574517301, 37.40330925962113], [-121.99250027089911, 37.40330123085773], [-121.99224836716321, 37.40329088359184], [-121.9922074893326, 37.403289548437066], [-121.9921548822009, 37.40328809054165], [-121.99171962605357, 37.40329161856536], [-121.99168376913741, 37.40329168311074], [-121.9915015043555, 37.40329201103191], [-121.99145456360418, 37.403291677991454], [-121.99140774181353, 37.40329436306153], [-121.99099382873143, 37.40333437333199], [-121.99089796862243, 37.40334532498861], [-121.99008550274367, 37.40347402879941], [-121.99004486916543, 37.40348105326734], [-121.9900037686403, 37.403486058688344], [-121.98991111144132, 37.40349393913238], [-121.9898182171532, 37.403499779089564], [-121.98969906697927, 37.40350278594573], [-121.98957986270305, 37.40350369959833], [-121.98855501088191, 37.40351467399925], [-121.98816653808865, 37.40352042773779], [-121.98807534038973, 37.40352043741979], [-121.98798417562223, 37.40351848244792], [-121.98798412262907, 37.403452427211946], [-121.9879840094444, 37.40342490501238], [-121.98798387649745, 37.40339238116376], [-121.98798332765797, 37.403114986278005], [-121.98798331598059, 37.40310890350855], [-121.98798319384352, 37.402806981585584], [-121.9879831785763, 37.40277003167011], [-121.98798317408517, 37.40276599621498], [-121.98798250490762, 37.40216672836442], [-121.9879822587938, 37.401946550988136], [-121.98798202256192, 37.40172452041158], [-121.98798167225489, 37.40140465818202], [-121.98798075067586, 37.400581084709756], [-121.98798051085114, 37.400354545646934], [-121.987980191082, 37.40007777464956], [-121.98798014706882, 37.40003978861863]]]}}]}