{
"type": "FeatureCollection",
"name": "unified_school_districts",
"crs": { "type": "name", "properties": { "name": "urn:ogc:def:crs:OGC:1.3:CRS84" } },
"features": [
{ "type": "Feature", "properties": { "STATEFP": "06", "UNSDLEA": "22740", "GEOID": "0622740", "GEOIDFQ": "9700000US0622740", "NAME": "Los Banos Unified School District", "LSAD": "00", "LOGRADE": "KG", "HIGRADE": "12", "MTFCC": "G5420", "SDTYP": null, "FUNCSTAT": "E", "ALAND": 1706316567, "AWATER": 72036244, "INTPTLAT": "+37.0136081", "INTPTLON": "-120.9465874" }, "geometry": { "type": "Polygon", "coordinates": [ [ [ -121.248647, 37.03368 ], [ -121.248067, 37.033541 ], [ -121.247389, 37.033379 ], [ -121.246416, 37.032888 ], [ -121.245884, 37.032621 ], [ -121.245201, 37.03224 ], [ -121.24454, 37.031995 ], [ -121.244174, 37.031963 ], [ -121.243538, 37.031908 ], [ -121.242997, 37.032151 ], [ -121.242777, 37.032075 ], [ -121.242246, 37.03194 ], [ -121.241104, 37.031714 ], [ -121.240634, 37.031777 ], [ -121.240313, 37.031906 ], [ -121.239512, 37.032253 ], [ -121.238971, 37.032593 ], [ -121.238937, 37.032633 ], [ -121.238721, 37.032901 ], [ -121.238621, 37.033255 ], [ -121.238851, 37.034033 ], [ -121.238741, 37.034345 ], [ -121.23868, 37.034345 ], [ -121.238498, 37.034345 ], [ -121.238438, 37.034345 ], [ -121.237978, 37.034865 ], [ -121.237461, 37.03545 ], [ -121.237294, 37.035638 ], [ -121.237128, 37.035825 ], [ -121.236597, 37.036424 ], [ -121.236138, 37.036945 ], [ -121.235164, 37.03718 ], [ -121.234821, 37.037263 ], [ -121.232242, 37.037885 ], [ -121.231268, 37.03812 ], [ -121.231144, 37.038166 ], [ -121.230937, 37.038245 ], [ -121.230761, 37.038261 ], [ -121.23063, 37.038274 ], [ -121.229405, 37.038567 ], [ -121.225731, 37.039449 ], [ -121.224507, 37.039743 ], [ -121.224519, 37.039827 ], [ -121.224555, 37.040081 ], [ -121.224567, 37.040166 ], [ -121.224599, 37.04047 ], [ -121.224695, 37.041384 ], [ -121.224727, 37.041689 ], [ -121.224803, 37.042225 ], [ -121.225034, 37.043835 ], [ -121.225111, 37.044372 ], [ -121.22525, 37.045911 ], [ -121.225668, 37.050531 ], [ -121.225808, 37.052071 ], [ -121.225358, 37.052905 ], [ -121.225225, 37.053092 ], [ -121.224918, 37.053527 ], [ -121.224438, 37.054147 ], [ -121.223778, 37.054866 ], [ -121.223156, 37.05523 ], [ -121.223571, 37.055537 ], [ -121.224518, 37.056237 ], [ -121.224291, 37.05649 ], [ -121.223613, 37.057253 ], [ -121.223387, 37.057507 ], [ -121.221826, 37.057347 ], [ -121.22138, 37.057327 ], [ -121.220716, 37.057299 ], [ -121.21939, 37.057192 ], [ -121.218735, 37.057139 ], [ -121.217184, 37.056745 ], [ -121.215517, 37.05609 ], [ -121.215147, 37.055945 ], [ -121.214912, 37.055931 ], [ -121.214682, 37.055805 ], [ -121.214422, 37.055534 ], [ -121.213714, 37.055307 ], [ -121.213061, 37.055098 ], [ -121.212591, 37.055068 ], [ -121.21212, 37.055299 ], [ -121.2118, 37.055666 ], [ -121.211723, 37.055788 ], [ -121.21162, 37.055955 ], [ -121.21096, 37.056234 ], [ -121.21083, 37.056562 ], [ -121.21057, 37.057315 ], [ -121.209859, 37.058019 ], [ -121.208959, 37.058683 ], [ -121.208829, 37.060151 ], [ -121.208669, 37.060546 ], [ -121.208378, 37.060932 ], [ -121.208209, 37.061265 ], [ -121.208198, 37.061289 ], [ -121.208178, 37.061665 ], [ -121.208228, 37.062013 ], [ -121.209049, 37.063337 ], [ -121.209309, 37.063743 ], [ -121.209337, 37.064444 ], [ -121.209426, 37.064588 ], [ -121.209588, 37.064848 ], [ -121.209608, 37.064877 ], [ -121.210337, 37.066044 ], [ -121.210333, 37.066055 ], [ -121.210322, 37.066089 ], [ -121.210319, 37.066101 ], [ -121.210292, 37.066184 ], [ -121.210212, 37.066434 ], [ -121.210186, 37.066518 ], [ -121.210373, 37.066892 ], [ -121.210477, 37.067099 ], [ -121.210347, 37.067461 ], [ -121.210116, 37.067787 ], [ -121.20994, 37.067954 ], [ -121.209637, 37.068243 ], [ -121.210174, 37.068358 ], [ -121.211785, 37.068703 ], [ -121.212323, 37.068818 ], [ -121.212372, 37.068828 ], [ -121.212521, 37.068861 ], [ -121.212571, 37.068872 ], [ -121.21262, 37.068882 ], [ -121.21277, 37.068914 ], [ -121.21282, 37.068925 ], [ -121.213223, 37.068789 ], [ -121.213748, 37.068853 ], [ -121.214115, 37.068898 ], [ -121.215799, 37.069223 ], [ -121.216329, 37.069794 ], [ -121.216541, 37.070022 ], [ -121.216838, 37.070593 ], [ -121.21738, 37.070983 ], [ -121.219007, 37.072155 ], [ -121.21955, 37.072546 ], [ -121.219997, 37.072632 ], [ -121.221081, 37.072843 ], [ -121.221335, 37.072913 ], [ -121.221775, 37.073034 ], [ -121.221862, 37.073058 ], [ -121.222287, 37.073351 ], [ -121.222404, 37.073432 ], [ -121.222925, 37.073814 ], [ -121.223245, 37.07431 ], [ -121.223326, 37.074746 ], [ -121.223438, 37.075343 ], [ -121.223904, 37.076742 ], [ -121.224514, 37.078571 ], [ -121.224638, 37.078943 ], [ -121.226387, 37.080118 ], [ -121.227612, 37.080941 ], [ -121.228156, 37.081006 ], [ -121.228408, 37.0811 ], [ -121.228727, 37.081221 ], [ -121.229192, 37.081465 ], [ -121.229288, 37.081515 ], [ -121.229369, 37.081625 ], [ -121.229509, 37.081816 ], [ -121.2298, 37.082109 ], [ -121.23017, 37.082367 ], [ -121.230362, 37.082511 ], [ -121.230501, 37.082616 ], [ -121.23088, 37.083137 ], [ -121.231038, 37.083243 ], [ -121.231343, 37.083472 ], [ -121.232716, 37.084501 ], [ -121.233174, 37.084845 ], [ -121.233744, 37.084855 ], [ -121.233868, 37.084858 ], [ -121.234136, 37.085005 ], [ -121.234289, 37.085089 ], [ -121.23458, 37.085453 ], [ -121.235071, 37.085773 ], [ -121.235107, 37.085813 ], [ -121.235188, 37.085901 ], [ -121.235493, 37.086234 ], [ -121.236426, 37.086215 ], [ -121.239229, 37.086162 ], [ -121.239283, 37.086161 ], [ -121.240163, 37.086144 ], [ -121.240472, 37.085607 ], [ -121.240674, 37.085256 ], [ -121.241255, 37.08509 ], [ -121.241481, 37.085101 ], [ -121.241977, 37.085128 ], [ -121.242428, 37.085457 ], [ -121.243159, 37.086088 ], [ -121.243681, 37.08701 ], [ -121.244833, 37.088765 ], [ -121.245204, 37.088881 ], [ -121.245484, 37.089148 ], [ -121.245384, 37.089501 ], [ -121.244993, 37.089765 ], [ -121.244763, 37.089906 ], [ -121.244409, 37.089973 ], [ -121.244324, 37.090056 ], [ -121.244072, 37.090309 ], [ -121.243989, 37.090393 ], [ -121.243919, 37.090461 ], [ -121.243712, 37.090669 ], [ -121.243644, 37.090739 ], [ -121.24335, 37.091704 ], [ -121.243222, 37.092058 ], [ -121.2432, 37.092119 ], [ -121.243019, 37.092711 ], [ -121.242618, 37.093063 ], [ -121.242047, 37.093158 ], [ -121.241305, 37.093129 ], [ -121.240814, 37.093003 ], [ -121.240243, 37.093125 ], [ -121.239732, 37.093291 ], [ -121.239, 37.093447 ], [ -121.238375, 37.093416 ], [ -121.2374, 37.093848 ], [ -121.235695, 37.094607 ], [ -121.235414, 37.094732 ], [ -121.235132, 37.094857 ], [ -121.234478, 37.095147 ], [ -121.233504, 37.095581 ], [ -121.233098, 37.096094 ], [ -121.233076, 37.096119 ], [ -121.232717, 37.096553 ], [ -121.232266, 37.096913 ], [ -121.231975, 37.097125 ], [ -121.231635, 37.097097 ], [ -121.231421, 37.097043 ], [ -121.231204, 37.096989 ], [ -121.230788, 37.096787 ], [ -121.230439, 37.096942 ], [ -121.23028, 37.097418 ], [ -121.229739, 37.099042 ], [ -121.2299, 37.09997 ], [ -121.230052, 37.100842 ], [ -121.216541, 37.100846 ], [ -121.189456, 37.100855 ], [ -121.185254, 37.100856 ], [ -121.141661, 37.100908 ], [ -121.14114, 37.100909 ], [ -121.136599, 37.100921 ], [ -121.126036, 37.100943 ], [ -121.124963, 37.100945 ], [ -121.12285, 37.10098 ], [ -121.122602, 37.100984 ], [ -121.120167, 37.101037 ], [ -121.107566, 37.101065 ], [ -121.088689, 37.101022 ], [ -121.088725, 37.098769 ], [ -121.08872, 37.097226 ], [ -121.088719, 37.096771 ], [ -121.088649, 37.080818 ], [ -121.088649, 37.080045 ], [ -121.088625, 37.079248 ], [ -121.088642, 37.079032 ], [ -121.088522, 37.075843 ], [ -121.083216, 37.075861 ], [ -121.082827, 37.075862 ], [ -121.071417, 37.075918 ], [ -121.071001, 37.075919 ], [ -121.069283, 37.075923 ], [ -121.067472, 37.075928 ], [ -121.065232, 37.075937 ], [ -121.064426, 37.07594 ], [ -121.060249, 37.075957 ], [ -121.059774, 37.075959 ], [ -121.059295, 37.075961 ], [ -121.057243, 37.075969 ], [ -121.056968, 37.07597 ], [ -121.033737, 37.07577 ], [ -121.033299, 37.075766 ], [ -121.033111, 37.075684 ], [ -121.032026, 37.075432 ], [ -121.026484, 37.075248 ], [ -121.026232, 37.075245 ], [ -121.017315, 37.075153 ], [ -121.017051, 37.075108 ], [ -121.016169, 37.07497 ], [ -121.016179, 37.074451 ], [ -121.016193, 37.074119 ], [ -121.016195, 37.073813 ], [ -121.016196, 37.07362 ], [ -121.016225, 37.071423 ], [ -121.000046, 37.071403 ], [ -120.998581, 37.070576 ], [ -120.998217, 37.070707 ], [ -120.998213, 37.071049 ], [ -120.998213, 37.071187 ], [ -120.998212, 37.071346 ], [ -120.998208, 37.071517 ], [ -120.998206, 37.071589 ], [ -120.998205, 37.071683 ], [ -120.998198, 37.0719 ], [ -120.998191, 37.072092 ], [ -120.99818, 37.072366 ], [ -120.998169, 37.075634 ], [ -120.998168, 37.075925 ], [ -120.998142, 37.078508 ], [ -120.998133, 37.07953 ], [ -120.998117, 37.080622 ], [ -120.998108, 37.081235 ], [ -120.998107, 37.081291 ], [ -120.99809, 37.085653 ], [ -120.998025, 37.086068 ], [ -120.998046, 37.086322 ], [ -120.997975, 37.087603 ], [ -120.997845, 37.092762 ], [ -120.997834, 37.093209 ], [ -121.001031, 37.095816 ], [ -121.001416, 37.095887 ], [ -121.006211, 37.099676 ], [ -121.006468, 37.100598 ], [ -121.003581, 37.100583 ], [ -121.001922, 37.100567 ], [ -121.000993, 37.100565 ], [ -120.997731, 37.100541 ], [ -120.993351, 37.100515 ], [ -120.992212, 37.100513 ], [ -120.990549, 37.100499 ], [ -120.988663, 37.100491 ], [ -120.983342, 37.100457 ], [ -120.983068, 37.100456 ], [ -120.982494, 37.100454 ], [ -120.982181, 37.100451 ], [ -120.981308, 37.100441 ], [ -120.980488, 37.100436 ], [ -120.979703, 37.100431 ], [ -120.979703, 37.101188 ], [ -120.979704, 37.106404 ], [ -120.979657, 37.112724 ], [ -120.979717, 37.112906 ], [ -120.979752, 37.113066 ], [ -120.979782, 37.11324 ], [ -120.979809, 37.11352 ], [ -120.979814, 37.113646 ], [ -120.979801, 37.113819 ], [ -120.979773, 37.11396 ], [ -120.979642, 37.114345 ], [ -120.979581, 37.114499 ], [ -120.979517, 37.114635 ], [ -120.979466, 37.114731 ], [ -120.979435, 37.114782 ], [ -120.9796, 37.114801 ], [ -120.979755, 37.114819 ], [ -120.979444, 37.119049 ], [ -120.979308, 37.120923 ], [ -120.979214, 37.122135 ], [ -120.979172, 37.122685 ], [ -120.979137, 37.123137 ], [ -120.978644, 37.129578 ], [ -120.969806, 37.129518 ], [ -120.969789, 37.129795 ], [ -120.969594, 37.133245 ], [ -120.969363, 37.136866 ], [ -120.969334, 37.13721 ], [ -120.968786, 37.147007 ], [ -120.968599, 37.147366 ], [ -120.968647, 37.147537 ], [ -120.968679, 37.147672 ], [ -120.968725, 37.147931 ], [ -120.96875, 37.148169 ], [ -120.968756, 37.148518 ], [ -120.968728, 37.149125 ], [ -120.968727, 37.149185 ], [ -120.968711, 37.149939 ], [ -120.96842, 37.158632 ], [ -120.972101, 37.15866 ], [ -120.9738, 37.158663 ], [ -120.976798, 37.158678 ], [ -120.976958, 37.158676 ], [ -120.977596, 37.158638 ], [ -120.977866, 37.158627 ], [ -120.979626, 37.15862 ], [ -120.984009, 37.158639 ], [ -120.986618, 37.158662 ], [ -120.98927, 37.158672 ], [ -120.991023, 37.158687 ], [ -120.990888, 37.163861 ], [ -120.990567, 37.17324 ], [ -120.990333, 37.173239 ], [ -120.988181, 37.173219 ], [ -120.987322, 37.173199 ], [ -120.984957, 37.173186 ], [ -120.979241, 37.173122 ], [ -120.978952, 37.173124 ], [ -120.976924, 37.173075 ], [ -120.976786, 37.176167 ], [ -120.97666, 37.178547 ], [ -120.976562, 37.180749 ], [ -120.976426, 37.183234 ], [ -120.97641, 37.183829 ], [ -120.976286, 37.187602 ], [ -120.971746, 37.187588 ], [ -120.971504, 37.187582 ], [ -120.971267, 37.187583 ], [ -120.967341, 37.187603 ], [ -120.967283, 37.187618 ], [ -120.967258, 37.187629 ], [ -120.967236, 37.187645 ], [ -120.967189, 37.187703 ], [ -120.96718, 37.187749 ], [ -120.967179, 37.187837 ], [ -120.952048, 37.187607 ], [ -120.94335, 37.187444 ], [ -120.942234, 37.187423 ], [ -120.937118, 37.1874 ], [ -120.936587, 37.187398 ], [ -120.930974, 37.187373 ], [ -120.925379, 37.187348 ], [ -120.921432, 37.18733 ], [ -120.921416, 37.191408 ], [ -120.921413, 37.192059 ], [ -120.921412, 37.192302 ], [ -120.921391, 37.197913 ], [ -120.921382, 37.199985 ], [ -120.921382, 37.200118 ], [ -120.92138, 37.200668 ], [ -120.921371, 37.20256 ], [ -120.921344, 37.209532 ], [ -120.921676, 37.210555 ], [ -120.921818, 37.210995 ], [ -120.921959, 37.211427 ], [ -120.921394, 37.211552 ], [ -120.920812, 37.211681 ], [ -120.920134, 37.211832 ], [ -120.9201, 37.215306 ], [ -120.920086, 37.216771 ], [ -120.918902, 37.216795 ], [ -120.914056, 37.216781 ], [ -120.912642, 37.216783 ], [ -120.907182, 37.216792 ], [ -120.905378, 37.216795 ], [ -120.904907, 37.216795 ], [ -120.904287, 37.216796 ], [ -120.904176, 37.216797 ], [ -120.903725, 37.216797 ], [ -120.902495, 37.216801 ], [ -120.901971, 37.216801 ], [ -120.900711, 37.216803 ], [ -120.900317, 37.216804 ], [ -120.897924, 37.216807 ], [ -120.89751, 37.216808 ], [ -120.896353, 37.216811 ], [ -120.893618, 37.216816 ], [ -120.885059, 37.216829 ], [ -120.882719, 37.216834 ], [ -120.879445, 37.216839 ], [ -120.879292, 37.216839 ], [ -120.865282, 37.216666 ], [ -120.858176, 37.21658 ], [ -120.854313, 37.216532 ], [ -120.854035, 37.216529 ], [ -120.853976, 37.216528 ], [ -120.853236, 37.216519 ], [ -120.851854, 37.216501 ], [ -120.851043, 37.216491 ], [ -120.849299, 37.21647 ], [ -120.849301, 37.212612 ], [ -120.849301, 37.212095 ], [ -120.849103, 37.211783 ], [ -120.848877, 37.211434 ], [ -120.848403, 37.210673 ], [ -120.848264, 37.210451 ], [ -120.84811, 37.210218 ], [ -120.84615, 37.207121 ], [ -120.845924, 37.206778 ], [ -120.845644, 37.206325 ], [ -120.845482, 37.206041 ], [ -120.845266, 37.205597 ], [ -120.845075, 37.205146 ], [ -120.844974, 37.204924 ], [ -120.844867, 37.204667 ], [ -120.84475, 37.204405 ], [ -120.844415, 37.203613 ], [ -120.844184, 37.203092 ], [ -120.84386, 37.202325 ], [ -120.843697, 37.201976 ], [ -120.843217, 37.200844 ], [ -120.84291, 37.200144 ], [ -120.84275, 37.199762 ], [ -120.842603, 37.199431 ], [ -120.841852, 37.197687 ], [ -120.841633, 37.197188 ], [ -120.841468, 37.196776 ], [ -120.840925, 37.195546 ], [ -120.84036, 37.194228 ], [ -120.839346, 37.191838 ], [ -120.838895, 37.190799 ], [ -120.838135, 37.189087 ], [ -120.837248, 37.18701 ], [ -120.837112, 37.186704 ], [ -120.836787, 37.186741 ], [ -120.833615, 37.186757 ], [ -120.826853, 37.186725 ], [ -120.817478, 37.186681 ], [ -120.814319, 37.186681 ], [ -120.814381, 37.19009 ], [ -120.814422, 37.193554 ], [ -120.814525, 37.202146 ], [ -120.81456, 37.204646 ], [ -120.814571, 37.205293 ], [ -120.814579, 37.205885 ], [ -120.814591, 37.206733 ], [ -120.814704, 37.214629 ], [ -120.814718, 37.215656 ], [ -120.814724, 37.216062 ], [ -120.814756, 37.218343 ], [ -120.814766, 37.21873 ], [ -120.81484, 37.224274 ], [ -120.81486, 37.225697 ], [ -120.814922, 37.23009 ], [ -120.813391, 37.230947 ], [ -120.812582, 37.231396 ], [ -120.812299, 37.231553 ], [ -120.812437, 37.231732 ], [ -120.81303, 37.232184 ], [ -120.813023, 37.235804 ], [ -120.812761, 37.23692 ], [ -120.81241, 37.236848 ], [ -120.812166, 37.236763 ], [ -120.812013, 37.236642 ], [ -120.811905, 37.236459 ], [ -120.811752, 37.236375 ], [ -120.811554, 37.236302 ], [ -120.811372, 37.236229 ], [ -120.811279, 37.236181 ], [ -120.811051, 37.236242 ], [ -120.81035, 37.236208 ], [ -120.810121, 37.236111 ], [ -120.809343, 37.235613 ], [ -120.808547, 37.235079 ], [ -120.80812, 37.234776 ], [ -120.807844, 37.234533 ], [ -120.807904, 37.234095 ], [ -120.808085, 37.233875 ], [ -120.808269, 37.233801 ], [ -120.808816, 37.2338 ], [ -120.809106, 37.233677 ], [ -120.809287, 37.233348 ], [ -120.809361, 37.233031 ], [ -120.809391, 37.232714 ], [ -120.809268, 37.232507 ], [ -120.809252, 37.232264 ], [ -120.809328, 37.232129 ], [ -120.809587, 37.232031 ], [ -120.809709, 37.231897 ], [ -120.809752, 37.231556 ], [ -120.809841, 37.231141 ], [ -120.809748, 37.230569 ], [ -120.809516, 37.229839 ], [ -120.80895, 37.229049 ], [ -120.808614, 37.22883 ], [ -120.808293, 37.228819 ], [ -120.808081, 37.229026 ], [ -120.807838, 37.229332 ], [ -120.807338, 37.229747 ], [ -120.806959, 37.230138 ], [ -120.80673, 37.230199 ], [ -120.806577, 37.230175 ], [ -120.806425, 37.2302 ], [ -120.806228, 37.230298 ], [ -120.806106, 37.230457 ], [ -120.805954, 37.230506 ], [ -120.805741, 37.230458 ], [ -120.805558, 37.2303 ], [ -120.805451, 37.230093 ], [ -120.805357, 37.229971 ], [ -120.805372, 37.22985 ], [ -120.805449, 37.229715 ], [ -120.805462, 37.229594 ], [ -120.805355, 37.229374 ], [ -120.805219, 37.229229 ], [ -120.805004, 37.229144 ], [ -120.804852, 37.229108 ], [ -120.804758, 37.229044 ], [ -120.804524, 37.228641 ], [ -120.804515, 37.226487 ], [ -120.804409, 37.22605 ], [ -120.804008, 37.225916 ], [ -120.803441, 37.22617 ], [ -120.802581, 37.226761 ], [ -120.802138, 37.226746 ], [ -120.800347, 37.225942 ], [ -120.79986, 37.225304 ], [ -120.79971, 37.2248 ], [ -120.799666, 37.224009 ], [ -120.79958, 37.223538 ], [ -120.799388, 37.223168 ], [ -120.798882, 37.222866 ], [ -120.798335, 37.222699 ], [ -120.797092, 37.222854 ], [ -120.796755, 37.222737 ], [ -120.796524, 37.2223 ], [ -120.796038, 37.222032 ], [ -120.795595, 37.221932 ], [ -120.795153, 37.2219 ], [ -120.79444, 37.222507 ], [ -120.79404, 37.222576 ], [ -120.793282, 37.222393 ], [ -120.792965, 37.222276 ], [ -120.792546, 37.222495 ], [ -120.791951, 37.222357 ], [ -120.791585, 37.222423 ], [ -120.791328, 37.222424 ], [ -120.791207, 37.222316 ], [ -120.790909, 37.222393 ], [ -120.79068, 37.222707 ], [ -120.790424, 37.222815 ], [ -120.790153, 37.222903 ], [ -120.789979, 37.223011 ], [ -120.789762, 37.223023 ], [ -120.789059, 37.222711 ], [ -120.788856, 37.222733 ], [ -120.786545, 37.223193 ], [ -120.784801, 37.223337 ], [ -120.784259, 37.223177 ], [ -120.784124, 37.222799 ], [ -120.783878, 37.222399 ], [ -120.783567, 37.222108 ], [ -120.783444, 37.222043 ], [ -120.783161, 37.222077 ], [ -120.782742, 37.22198 ], [ -120.782278, 37.221105 ], [ -120.782207, 37.22036 ], [ -120.782638, 37.219904 ], [ -120.782853, 37.219623 ], [ -120.782934, 37.219287 ], [ -120.782807, 37.219132 ], [ -120.782706, 37.218923 ], [ -120.782879, 37.218343 ], [ -120.782952, 37.217674 ], [ -120.782826, 37.217345 ], [ -120.782523, 37.216897 ], [ -120.782505, 37.21524 ], [ -120.782616, 37.214651 ], [ -120.782789, 37.214342 ], [ -120.782726, 37.214132 ], [ -120.782125, 37.213565 ], [ -120.781899, 37.213425 ], [ -120.781551, 37.213456 ], [ -120.781101, 37.213587 ], [ -120.780752, 37.213518 ], [ -120.780528, 37.213539 ], [ -120.780128, 37.213709 ], [ -120.780005, 37.213849 ], [ -120.779804, 37.21393 ], [ -120.779637, 37.214212 ], [ -120.779294, 37.21426 ], [ -120.778721, 37.214371 ], [ -120.778185, 37.214742 ], [ -120.77694, 37.215224 ], [ -120.775917, 37.215336 ], [ -120.775342, 37.215327 ], [ -120.775017, 37.215148 ], [ -120.774655, 37.21475 ], [ -120.774604, 37.214551 ], [ -120.774727, 37.21445 ], [ -120.775089, 37.2143 ], [ -120.775325, 37.21411 ], [ -120.775549, 37.21371 ], [ -120.775772, 37.21326 ], [ -120.775917, 37.21256 ], [ -120.775715, 37.211185 ], [ -120.775274, 37.210487 ], [ -120.775173, 37.210078 ], [ -120.775297, 37.209688 ], [ -120.775982, 37.209168 ], [ -120.776379, 37.208718 ], [ -120.776551, 37.208049 ], [ -120.776411, 37.20732 ], [ -120.776273, 37.206962 ], [ -120.775848, 37.206713 ], [ -120.775236, 37.206665 ], [ -120.774961, 37.206585 ], [ -120.774339, 37.206766 ], [ -120.774014, 37.206807 ], [ -120.773765, 37.207237 ], [ -120.773655, 37.207517 ], [ -120.77343, 37.207677 ], [ -120.77337, 37.207956 ], [ -120.77347, 37.208295 ], [ -120.773858, 37.208534 ], [ -120.774309, 37.209012 ], [ -120.774572, 37.209421 ], [ -120.774538, 37.210099 ], [ -120.774289, 37.210479 ], [ -120.77429, 37.210869 ], [ -120.774054, 37.211108 ], [ -120.773869, 37.211548 ], [ -120.773222, 37.212268 ], [ -120.772875, 37.212589 ], [ -120.772525, 37.212683 ], [ -120.772388, 37.212719 ], [ -120.771403, 37.212941 ], [ -120.770892, 37.213112 ], [ -120.770681, 37.213143 ], [ -120.77043, 37.212964 ], [ -120.770235, 37.212453 ], [ -120.770119, 37.212145 ], [ -120.769139, 37.2112 ], [ -120.76866, 37.2109 ], [ -120.767746, 37.210565 ], [ -120.76753, 37.210312 ], [ -120.767359, 37.209874 ], [ -120.767306, 37.209443 ], [ -120.767406, 37.209073 ], [ -120.767472, 37.208402 ], [ -120.767522, 37.208039 ], [ -120.767308, 37.207799 ], [ -120.767025, 37.207636 ], [ -120.76681, 37.207691 ], [ -120.766512, 37.20787 ], [ -120.766281, 37.208096 ], [ -120.766094, 37.208213 ], [ -120.765742, 37.208166 ], [ -120.765323, 37.207934 ], [ -120.76426, 37.207498 ], [ -120.763675, 37.207178 ], [ -120.763143, 37.206768 ], [ -120.762895, 37.206385 ], [ -120.762461, 37.205051 ], [ -120.762919, 37.203697 ], [ -120.76306, 37.203529 ], [ -120.763719, 37.202948 ], [ -120.764367, 37.202677 ], [ -120.764928, 37.202576 ], [ -120.765451, 37.202645 ], [ -120.765915, 37.203073 ], [ -120.766252, 37.203182 ], [ -120.767075, 37.203071 ], [ -120.767236, 37.20294 ], [ -120.767273, 37.202701 ], [ -120.766874, 37.202392 ], [ -120.766583, 37.201854 ], [ -120.766509, 37.201665 ], [ -120.766332, 37.201256 ], [ -120.76633, 37.200737 ], [ -120.766442, 37.200207 ], [ -120.766553, 37.200038 ], [ -120.766889, 37.199927 ], [ -120.76719, 37.200066 ], [ -120.767526, 37.200015 ], [ -120.7678, 37.199805 ], [ -120.767899, 37.199625 ], [ -120.767886, 37.199366 ], [ -120.768084, 37.199016 ], [ -120.768121, 37.198727 ], [ -120.768006, 37.198457 ], [ -120.767744, 37.198079 ], [ -120.766532, 37.197433 ], [ -120.765394, 37.197146 ], [ -120.765107, 37.196977 ], [ -120.764481, 37.19633 ], [ -120.76423, 37.19614 ], [ -120.764019, 37.196021 ], [ -120.76393, 37.195762 ], [ -120.76393, 37.195642 ], [ -120.763804, 37.195453 ], [ -120.763253, 37.195145 ], [ -120.762905, 37.195055 ], [ -120.762318, 37.195127 ], [ -120.762019, 37.195088 ], [ -120.761269, 37.19473 ], [ -120.760987, 37.194437 ], [ -120.761107, 37.194117 ], [ -120.761575, 37.1939 ], [ -120.762009, 37.193858 ], [ -120.76345, 37.192895 ], [ -120.763856, 37.192352 ], [ -120.764172, 37.190898 ], [ -120.764048, 37.190155 ], [ -120.764011, 37.188943 ], [ -120.763978, 37.188041 ], [ -120.764156, 37.187665 ], [ -120.764614, 37.187081 ], [ -120.765061, 37.186937 ], [ -120.766258, 37.186606 ], [ -120.766576, 37.186326 ], [ -120.766552, 37.186143 ], [ -120.764837, 37.186095 ], [ -120.743754, 37.186036 ], [ -120.741642, 37.18603 ], [ -120.73072, 37.186067 ], [ -120.727055, 37.186065 ], [ -120.722734, 37.186059 ], [ -120.718783, 37.186052 ], [ -120.718442, 37.186051 ], [ -120.716242, 37.186047 ], [ -120.712286, 37.185922 ], [ -120.711841, 37.185908 ], [ -120.704724, 37.186013 ], [ -120.689092, 37.185975 ], [ -120.688764, 37.185974 ], [ -120.688469, 37.185972 ], [ -120.683213, 37.186101 ], [ -120.682671, 37.186086 ], [ -120.682641, 37.186103 ], [ -120.682604, 37.186116 ], [ -120.682527, 37.186127 ], [ -120.682349, 37.186132 ], [ -120.678764, 37.18612 ], [ -120.677464, 37.186122 ], [ -120.674704, 37.186108 ], [ -120.67378, 37.186114 ], [ -120.672487, 37.186115 ], [ -120.670974, 37.186119 ], [ -120.670237, 37.186126 ], [ -120.668789, 37.186125 ], [ -120.665267, 37.186138 ], [ -120.664487, 37.186136 ], [ -120.661985, 37.186147 ], [ -120.661286, 37.186145 ], [ -120.660496, 37.186149 ], [ -120.659542, 37.186147 ], [ -120.658662, 37.186149 ], [ -120.657528, 37.186151 ], [ -120.656089, 37.186154 ], [ -120.65537, 37.186149 ], [ -120.654863, 37.186151 ], [ -120.652978, 37.186141 ], [ -120.64831, 37.186126 ], [ -120.646801, 37.186125 ], [ -120.646166, 37.186124 ], [ -120.644865, 37.186114 ], [ -120.643694, 37.186114 ], [ -120.64204, 37.186103 ], [ -120.640246, 37.186096 ], [ -120.640081, 37.18621 ], [ -120.63814, 37.186181 ], [ -120.637815, 37.186087 ], [ -120.63689, 37.18613 ], [ -120.636716, 37.186082 ], [ -120.634754, 37.186074 ], [ -120.633889, 37.186071 ], [ -120.633243, 37.186064 ], [ -120.632187, 37.186061 ], [ -120.625538, 37.186036 ], [ -120.620669, 37.186014 ], [ -120.618563, 37.18601 ], [ -120.615448, 37.185993 ], [ -120.612764, 37.185976 ], [ -120.611314, 37.185974 ], [ -120.609939, 37.18596 ], [ -120.609193, 37.18596 ], [ -120.608387, 37.185961 ], [ -120.605031, 37.185939 ], [ -120.600785, 37.185925 ], [ -120.600788, 37.18585 ], [ -120.60078, 37.185815 ], [ -120.600765, 37.185791 ], [ -120.600744, 37.185773 ], [ -120.600687, 37.185738 ], [ -120.600672, 37.185723 ], [ -120.600654, 37.185694 ], [ -120.600651, 37.185657 ], [ -120.600655, 37.184396 ], [ -120.600649, 37.183559 ], [ -120.600673, 37.181687 ], [ -120.600676, 37.180898 ], [ -120.600707, 37.17798 ], [ -120.600709, 37.177024 ], [ -120.600734, 37.173504 ], [ -120.600753, 37.171853 ], [ -120.600755, 37.171469 ], [ -120.600759, 37.170753 ], [ -120.600767, 37.170357 ], [ -120.600758, 37.168445 ], [ -120.600766, 37.168211 ], [ -120.600791, 37.168017 ], [ -120.600804, 37.167975 ], [ -120.600833, 37.167924 ], [ -120.6009, 37.167879 ], [ -120.600943, 37.167864 ], [ -120.601002, 37.167852 ], [ -120.601092, 37.167847 ], [ -120.601094, 37.167743 ], [ -120.601093, 37.167145 ], [ -120.60109, 37.162562 ], [ -120.600817, 37.161718 ], [ -120.600808, 37.157938 ], [ -120.601059, 37.157611 ], [ -120.601053, 37.156925 ], [ -120.601051, 37.14982 ], [ -120.601004, 37.14503 ], [ -120.601043, 37.142527 ], [ -120.601043, 37.142422 ], [ -120.601037, 37.136706 ], [ -120.601134, 37.133267 ], [ -120.60115, 37.132174 ], [ -120.601161, 37.129422 ], [ -120.60159, 37.129216 ], [ -120.601732, 37.128942 ], [ -120.601789, 37.128438 ], [ -120.601218, 37.128004 ], [ -120.601218, 37.127937 ], [ -120.601217, 37.127683 ], [ -120.601932, 37.127088 ], [ -120.60196, 37.126836 ], [ -120.601846, 37.126562 ], [ -120.601445, 37.126379 ], [ -120.601192, 37.126395 ], [ -120.600731, 37.126425 ], [ -120.600531, 37.126356 ], [ -120.600245, 37.126059 ], [ -120.599673, 37.125282 ], [ -120.600028, 37.124944 ], [ -120.600381, 37.124492 ], [ -120.600553, 37.124458 ], [ -120.60121, 37.124503 ], [ -120.601183, 37.123141 ], [ -120.599388, 37.121867 ], [ -120.598538, 37.121178 ], [ -120.597249, 37.121504 ], [ -120.596563, 37.121307 ], [ -120.596189, 37.121199 ], [ -120.596035, 37.121063 ], [ -120.59484, 37.12008 ], [ -120.591251, 37.11748 ], [ -120.589318, 37.116551 ], [ -120.588875, 37.115495 ], [ -120.588879, 37.115037 ], [ -120.58889, 37.113621 ], [ -120.588932, 37.113485 ], [ -120.589167, 37.112735 ], [ -120.589455, 37.111811 ], [ -120.589623, 37.111701 ], [ -120.590598, 37.111042 ], [ -120.590748, 37.110619 ], [ -120.590559, 37.110195 ], [ -120.590087, 37.109878 ], [ -120.589651, 37.109863 ], [ -120.589142, 37.109561 ], [ -120.588877, 37.109214 ], [ -120.588745, 37.10876 ], [ -120.58863, 37.107671 ], [ -120.588441, 37.106688 ], [ -120.588252, 37.106386 ], [ -120.587929, 37.106326 ], [ -120.587024, 37.106024 ], [ -120.586097, 37.10548 ], [ -120.585833, 37.105254 ], [ -120.585738, 37.104785 ], [ -120.585247, 37.104074 ], [ -120.584641, 37.10341 ], [ -120.584263, 37.103183 ], [ -120.583601, 37.103078 ], [ -120.58264, 37.103003 ], [ -120.582225, 37.102867 ], [ -120.581808, 37.102565 ], [ -120.581411, 37.101945 ], [ -120.580901, 37.101416 ], [ -120.580126, 37.100872 ], [ -120.579918, 37.10057 ], [ -120.57971, 37.100146 ], [ -120.579483, 37.099965 ], [ -120.578991, 37.099829 ], [ -120.578557, 37.099618 ], [ -120.577916, 37.099255 ], [ -120.577727, 37.099059 ], [ -120.577614, 37.098817 ], [ -120.577544, 37.097991 ], [ -120.578283, 37.097966 ], [ -120.580402, 37.097967 ], [ -120.59177, 37.097951 ], [ -120.593183, 37.097943 ], [ -120.593767, 37.09794 ], [ -120.603155, 37.097884 ], [ -120.60333, 37.097906 ], [ -120.603871, 37.097879 ], [ -120.609682, 37.097809 ], [ -120.617166, 37.097774 ], [ -120.618105, 37.09777 ], [ -120.626405, 37.097763 ], [ -120.635434, 37.097756 ], [ -120.642609, 37.097768 ], [ -120.643028, 37.097768 ], [ -120.646285, 37.097793 ], [ -120.646313, 37.097793 ], [ -120.652766, 37.097786 ], [ -120.659255, 37.097795 ], [ -120.659307, 37.097797 ], [ -120.659367, 37.097795 ], [ -120.666265, 37.097813 ], [ -120.667419, 37.097824 ], [ -120.668676, 37.097817 ], [ -120.670929, 37.097823 ], [ -120.672476, 37.097842 ], [ -120.672934, 37.097843 ], [ -120.676226, 37.097849 ], [ -120.676929, 37.097843 ], [ -120.677837, 37.097852 ], [ -120.678748, 37.097843 ], [ -120.679935, 37.097856 ], [ -120.680694, 37.097857 ], [ -120.681233, 37.097861 ], [ -120.682219, 37.097857 ], [ -120.682258, 37.097855 ], [ -120.682375, 37.097851 ], [ -120.682533, 37.097859 ], [ -120.682787, 37.097852 ], [ -120.68552, 37.097861 ], [ -120.689799, 37.097876 ], [ -120.689849, 37.097879 ], [ -120.69004, 37.097889 ], [ -120.701066, 37.097875 ], [ -120.701496, 37.097877 ], [ -120.70734, 37.097901 ], [ -120.707533, 37.097902 ], [ -120.707547, 37.097112 ], [ -120.707543, 37.096572 ], [ -120.707521, 37.096074 ], [ -120.707499, 37.095742 ], [ -120.707491, 37.095519 ], [ -120.707494, 37.094916 ], [ -120.707534, 37.093013 ], [ -120.707535, 37.092941 ], [ -120.707608, 37.088397 ], [ -120.707718, 37.083535 ], [ -120.707813, 37.079235 ], [ -120.707875, 37.075831 ], [ -120.707875, 37.075596 ], [ -120.707864, 37.075389 ], [ -120.707845, 37.075142 ], [ -120.707719, 37.073884 ], [ -120.707707, 37.073788 ], [ -120.707753, 37.072748 ], [ -120.707829, 37.071078 ], [ -120.707894, 37.064651 ], [ -120.707901, 37.064022 ], [ -120.707914, 37.062869 ], [ -120.707969, 37.058345 ], [ -120.707941, 37.058274 ], [ -120.707942, 37.05774 ], [ -120.707988, 37.056756 ], [ -120.708005, 37.055296 ], [ -120.707912, 37.054666 ], [ -120.707938, 37.054583 ], [ -120.707951, 37.054522 ], [ -120.707963, 37.054348 ], [ -120.70797, 37.054231 ], [ -120.70797, 37.054211 ], [ -120.707975, 37.054136 ], [ -120.707958, 37.053111 ], [ -120.707965, 37.051331 ], [ -120.707966, 37.050819 ], [ -120.707962, 37.049538 ], [ -120.707974, 37.049345 ], [ -120.707975, 37.049315 ], [ -120.707968, 37.048752 ], [ -120.707967, 37.047364 ], [ -120.707965, 37.04601 ], [ -120.707967, 37.045382 ], [ -120.707966, 37.045287 ], [ -120.707968, 37.044928 ], [ -120.70797, 37.044339 ], [ -120.707968, 37.043828 ], [ -120.707974, 37.043216 ], [ -120.707975, 37.042974 ], [ -120.707973, 37.042636 ], [ -120.707979, 37.041951 ], [ -120.707979, 37.041611 ], [ -120.707978, 37.041333 ], [ -120.707978, 37.040961 ], [ -120.707978, 37.040699 ], [ -120.707977, 37.040324 ], [ -120.707975, 37.040247 ], [ -120.707976, 37.040061 ], [ -120.707975, 37.039726 ], [ -120.707977, 37.039512 ], [ -120.707974, 37.039414 ], [ -120.707972, 37.039098 ], [ -120.707973, 37.038792 ], [ -120.707976, 37.038491 ], [ -120.707976, 37.038274 ], [ -120.707979, 37.038194 ], [ -120.707978, 37.037876 ], [ -120.707978, 37.03759 ], [ -120.707975, 37.037272 ], [ -120.707973, 37.037019 ], [ -120.70797, 37.036722 ], [ -120.70797, 37.036693 ], [ -120.707965, 37.03649 ], [ -120.707963, 37.036423 ], [ -120.707955, 37.036198 ], [ -120.707975, 37.036098 ], [ -120.707949, 37.035969 ], [ -120.707971, 37.035861 ], [ -120.708011, 37.035729 ], [ -120.708106, 37.0355 ], [ -120.708224, 37.035314 ], [ -120.708359, 37.035156 ], [ -120.708588, 37.034915 ], [ -120.708795, 37.034732 ], [ -120.708863, 37.034649 ], [ -120.708963, 37.034488 ], [ -120.708988, 37.034404 ], [ -120.709009, 37.034299 ], [ -120.709033, 37.03372 ], [ -120.709051, 37.032833 ], [ -120.709021, 37.032572 ], [ -120.708977, 37.032392 ], [ -120.708757, 37.031919 ], [ -120.708083, 37.030583 ], [ -120.707991, 37.030373 ], [ -120.707962, 37.030172 ], [ -120.707923, 37.029957 ], [ -120.707918, 37.029542 ], [ -120.707923, 37.029377 ], [ -120.707937, 37.029206 ], [ -120.70792, 37.026757 ], [ -120.707909, 37.02567 ], [ -120.70791, 37.024268 ], [ -120.707936, 37.020119 ], [ -120.707909, 37.015731 ], [ -120.707935, 37.014894 ], [ -120.707941, 37.012891 ], [ -120.70794, 37.012749 ], [ -120.707931, 37.011167 ], [ -120.707958, 37.00925 ], [ -120.707967, 37.009026 ], [ -120.707958, 37.007891 ], [ -120.707956, 37.004379 ], [ -120.70794, 37.000752 ], [ -120.707956, 36.999922 ], [ -120.707963, 36.998506 ], [ -120.707964, 36.998478 ], [ -120.707975, 36.997852 ], [ -120.707979, 36.996693 ], [ -120.707971, 36.993313 ], [ -120.70798, 36.992938 ], [ -120.707999, 36.992545 ], [ -120.707975, 36.992299 ], [ -120.707967, 36.991017 ], [ -120.707894, 36.986992 ], [ -120.708122, 36.986889 ], [ -120.708272, 36.986837 ], [ -120.708232, 36.986732 ], [ -120.708248, 36.986574 ], [ -120.70832, 36.985712 ], [ -120.708851, 36.968193 ], [ -120.708984, 36.963106 ], [ -120.70913, 36.958683 ], [ -120.709303, 36.953357 ], [ -120.709754, 36.947526 ], [ -120.710419, 36.939052 ], [ -120.710442, 36.938086 ], [ -120.710453, 36.936855 ], [ -120.710456, 36.936526 ], [ -120.710457, 36.936367 ], [ -120.710458, 36.936308 ], [ -120.71046, 36.936089 ], [ -120.710407, 36.93606 ], [ -120.710476, 36.935787 ], [ -120.710497, 36.935701 ], [ -120.710513, 36.935628 ], [ -120.710512, 36.935585 ], [ -120.710388, 36.935479 ], [ -120.710364, 36.935437 ], [ -120.710355, 36.935398 ], [ -120.710387, 36.934084 ], [ -120.710412, 36.932371 ], [ -120.710469, 36.930583 ], [ -120.710524, 36.928206 ], [ -120.710564, 36.927327 ], [ -120.710578, 36.927162 ], [ -120.710587, 36.92695 ], [ -120.710632, 36.925913 ], [ -120.710671, 36.924542 ], [ -120.710713, 36.923518 ], [ -120.710741, 36.921862 ], [ -120.710796, 36.920367 ], [ -120.710788, 36.920338 ], [ -120.710758, 36.920323 ], [ -120.710735, 36.920321 ], [ -120.710678, 36.920329 ], [ -120.710649, 36.920327 ], [ -120.710626, 36.92032 ], [ -120.710597, 36.920303 ], [ -120.710566, 36.920265 ], [ -120.710559, 36.920245 ], [ -120.71055, 36.920134 ], [ -120.710541, 36.920033 ], [ -120.710524, 36.919831 ], [ -120.710505, 36.919611 ], [ -120.710632, 36.91959 ], [ -120.710628, 36.919484 ], [ -120.710358, 36.912262 ], [ -120.710277, 36.909217 ], [ -120.71077, 36.908822 ], [ -120.715238, 36.905233 ], [ -120.715398, 36.905105 ], [ -120.716132, 36.904513 ], [ -120.716255, 36.904414 ], [ -120.716408, 36.904291 ], [ -120.716462, 36.904248 ], [ -120.716652, 36.904095 ], [ -120.716684, 36.904069 ], [ -120.716718, 36.904042 ], [ -120.716985, 36.903828 ], [ -120.717209, 36.903649 ], [ -120.717579, 36.903353 ], [ -120.71803, 36.902992 ], [ -120.718445, 36.90266 ], [ -120.718751, 36.902415 ], [ -120.719137, 36.902106 ], [ -120.719623, 36.901717 ], [ -120.719972, 36.901438 ], [ -120.72056, 36.900967 ], [ -120.721072, 36.900558 ], [ -120.721695, 36.900059 ], [ -120.72231, 36.899567 ], [ -120.724487, 36.897825 ], [ -120.724569, 36.89776 ], [ -120.724795, 36.89758 ], [ -120.728215, 36.894853 ], [ -120.728401, 36.894704 ], [ -120.728415, 36.894693 ], [ -120.728481, 36.89464 ], [ -120.728643, 36.894511 ], [ -120.728788, 36.894395 ], [ -120.728853, 36.894344 ], [ -120.729366, 36.893936 ], [ -120.733639, 36.890527 ], [ -120.734331, 36.889976 ], [ -120.734464, 36.889868 ], [ -120.734516, 36.889826 ], [ -120.736802, 36.887963 ], [ -120.742622, 36.883222 ], [ -120.745812, 36.880624 ], [ -120.746659, 36.879933 ], [ -120.747051, 36.879614 ], [ -120.747162, 36.879524 ], [ -120.751023, 36.876435 ], [ -120.752892, 36.874928 ], [ -120.753398, 36.874511 ], [ -120.758446, 36.870355 ], [ -120.763585, 36.866125 ], [ -120.765128, 36.864868 ], [ -120.765202, 36.864808 ], [ -120.768863, 36.861829 ], [ -120.771819, 36.859374 ], [ -120.772143, 36.85911 ], [ -120.772315, 36.858971 ], [ -120.77238, 36.858919 ], [ -120.772882, 36.85851 ], [ -120.774247, 36.857403 ], [ -120.774267, 36.857385 ], [ -120.774306, 36.857352 ], [ -120.774846, 36.856912 ], [ -120.775496, 36.856385 ], [ -120.777027, 36.855142 ], [ -120.777072, 36.855102 ], [ -120.777299, 36.854904 ], [ -120.777338, 36.85487 ], [ -120.777575, 36.854663 ], [ -120.778618, 36.853825 ], [ -120.78054, 36.852283 ], [ -120.781084, 36.85184 ], [ -120.781108, 36.851822 ], [ -120.781235, 36.851719 ], [ -120.781273, 36.851687 ], [ -120.783392, 36.84997 ], [ -120.786464, 36.847479 ], [ -120.78894, 36.84547 ], [ -120.789914, 36.84468 ], [ -120.790699, 36.844043 ], [ -120.791295, 36.84356 ], [ -120.791757, 36.843185 ], [ -120.792355, 36.8427 ], [ -120.79292, 36.842242 ], [ -120.793477, 36.84179 ], [ -120.79407, 36.841309 ], [ -120.794874, 36.840657 ], [ -120.795492, 36.840156 ], [ -120.795821, 36.839889 ], [ -120.798601, 36.837633 ], [ -120.799101, 36.837228 ], [ -120.800029, 36.836475 ], [ -120.800733, 36.835904 ], [ -120.800752, 36.835889 ], [ -120.806659, 36.831093 ], [ -120.809118, 36.829105 ], [ -120.810801, 36.827752 ], [ -120.810816, 36.827739 ], [ -120.821021, 36.819531 ], [ -120.821057, 36.819503 ], [ -120.826769, 36.814908 ], [ -120.827036, 36.814693 ], [ -120.827674, 36.81418 ], [ -120.830567, 36.811853 ], [ -120.830708, 36.811752 ], [ -120.831023, 36.811526 ], [ -120.831139, 36.811426 ], [ -120.83191, 36.81081 ], [ -120.836846, 36.806833 ], [ -120.836859, 36.806825 ], [ -120.839562, 36.804646 ], [ -120.83959, 36.804623 ], [ -120.841193, 36.803331 ], [ -120.842192, 36.802526 ], [ -120.84258, 36.802213 ], [ -120.844167, 36.800934 ], [ -120.844348, 36.800788 ], [ -120.846062, 36.799408 ], [ -120.846879, 36.798749 ], [ -120.84771, 36.79808 ], [ -120.848573, 36.797385 ], [ -120.850106, 36.796149 ], [ -120.850141, 36.796121 ], [ -120.850499, 36.795833 ], [ -120.852443, 36.794268 ], [ -120.854492, 36.792618 ], [ -120.856812, 36.79075 ], [ -120.856937, 36.79065 ], [ -120.857358, 36.790311 ], [ -120.858995, 36.788965 ], [ -120.859632, 36.788442 ], [ -120.861413, 36.786976 ], [ -120.861429, 36.786963 ], [ -120.863333, 36.785398 ], [ -120.865497, 36.783618 ], [ -120.86583, 36.783345 ], [ -120.865917, 36.783269 ], [ -120.86678, 36.782521 ], [ -120.866847, 36.782466 ], [ -120.866933, 36.782396 ], [ -120.868098, 36.781444 ], [ -120.869087, 36.780635 ], [ -120.870526, 36.779458 ], [ -120.873787, 36.776796 ], [ -120.873883, 36.776702 ], [ -120.876017, 36.774612 ], [ -120.878932, 36.772309 ], [ -120.879059, 36.772208 ], [ -120.887326, 36.76568 ], [ -120.887482, 36.765556 ], [ -120.892069, 36.761933 ], [ -120.89258, 36.761529 ], [ -120.893366, 36.760909 ], [ -120.893454, 36.760839 ], [ -120.898278, 36.757029 ], [ -120.900133, 36.755565 ], [ -120.90227, 36.753878 ], [ -120.902373, 36.753798 ], [ -120.903265, 36.753093 ], [ -120.905403, 36.751407 ], [ -120.907245, 36.749953 ], [ -120.909422, 36.747696 ], [ -120.909527, 36.747614 ], [ -120.914239, 36.74391 ], [ -120.914279, 36.743879 ], [ -120.915551, 36.74288 ], [ -120.916332, 36.742267 ], [ -120.918731, 36.740381 ], [ -120.92158, 36.742734 ], [ -120.921839, 36.742931 ], [ -120.92192, 36.742992 ], [ -120.922186, 36.743194 ], [ -120.924815, 36.745192 ], [ -120.927662, 36.747356 ], [ -120.931078, 36.749951 ], [ -120.931131, 36.74999 ], [ -120.931283, 36.7501 ], [ -120.931523, 36.750273 ], [ -120.931584, 36.750317 ], [ -120.933428, 36.751704 ], [ -120.933682, 36.751895 ], [ -120.935648, 36.752636 ], [ -120.936177, 36.75285 ], [ -120.943953, 36.756 ], [ -120.961363, 36.763 ], [ -120.961904, 36.763219 ], [ -120.969937, 36.766474 ], [ -120.980707, 36.770808 ], [ -120.980899, 36.770885 ], [ -120.981234, 36.77102 ], [ -120.9815, 36.771127 ], [ -120.98198, 36.77132 ], [ -120.98475, 36.772433 ], [ -120.992835, 36.775684 ], [ -120.992852, 36.775691 ], [ -120.993141, 36.775824 ], [ -121.000979, 36.779444 ], [ -121.001381, 36.779593 ], [ -121.002277, 36.779971 ], [ -121.004071, 36.7807 ], [ -121.006275, 36.781594 ], [ -121.006338, 36.781616 ], [ -121.006786, 36.781775 ], [ -121.00713, 36.78191 ], [ -121.007435, 36.782033 ], [ -121.014575, 36.784918 ], [ -121.014687, 36.784963 ], [ -121.015597, 36.785332 ], [ -121.01576, 36.785399 ], [ -121.031828, 36.791893 ], [ -121.033331, 36.792457 ], [ -121.034476, 36.79292 ], [ -121.03511, 36.793152 ], [ -121.037102, 36.793958 ], [ -121.038007, 36.794325 ], [ -121.039814, 36.795054 ], [ -121.041073, 36.795563 ], [ -121.043692, 36.796621 ], [ -121.045304, 36.797276 ], [ -121.051424, 36.799799 ], [ -121.051942, 36.800016 ], [ -121.061345, 36.803813 ], [ -121.061535, 36.80389 ], [ -121.06192, 36.804047 ], [ -121.061998, 36.804077 ], [ -121.08447, 36.813502 ], [ -121.090742, 36.81613 ], [ -121.096056, 36.818118 ], [ -121.09747, 36.81863 ], [ -121.098453, 36.818951 ], [ -121.10178, 36.82014 ], [ -121.119534, 36.827334 ], [ -121.120244, 36.827698 ], [ -121.120385, 36.827761 ], [ -121.120462, 36.827792 ], [ -121.124762, 36.829634 ], [ -121.126029, 36.830408 ], [ -121.131515, 36.832621 ], [ -121.133022, 36.833229 ], [ -121.13441, 36.833789 ], [ -121.136368, 36.834579 ], [ -121.138548, 36.835458 ], [ -121.138885, 36.835595 ], [ -121.141523, 36.836656 ], [ -121.141409, 36.837079 ], [ -121.141488, 36.837298 ], [ -121.141584, 36.837449 ], [ -121.141857, 36.837868 ], [ -121.142146, 36.838241 ], [ -121.142374, 36.838768 ], [ -121.1426, 36.839065 ], [ -121.142581, 36.839408 ], [ -121.142456, 36.839699 ], [ -121.142311, 36.840135 ], [ -121.142276, 36.840536 ], [ -121.14218, 36.840917 ], [ -121.142211, 36.841295 ], [ -121.14238, 36.84184 ], [ -121.142486, 36.842121 ], [ -121.142594, 36.842544 ], [ -121.142685, 36.842907 ], [ -121.14279, 36.843122 ], [ -121.142689, 36.843865 ], [ -121.142645, 36.844355 ], [ -121.142559, 36.844682 ], [ -121.142723, 36.84523 ], [ -121.142903, 36.845814 ], [ -121.143029, 36.846302 ], [ -121.143433, 36.846811 ], [ -121.143823, 36.847249 ], [ -121.144386, 36.84727 ], [ -121.144849, 36.847347 ], [ -121.145228, 36.84714 ], [ -121.145493, 36.847261 ], [ -121.14563, 36.847741 ], [ -121.145729, 36.848374 ], [ -121.145683, 36.848866 ], [ -121.145731, 36.849289 ], [ -121.145764, 36.849585 ], [ -121.145927, 36.84997 ], [ -121.146374, 36.850388 ], [ -121.146765, 36.850881 ], [ -121.14689, 36.851145 ], [ -121.146976, 36.851476 ], [ -121.147086, 36.851795 ], [ -121.147374, 36.852215 ], [ -121.14774, 36.852591 ], [ -121.1479, 36.852716 ], [ -121.14811, 36.852884 ], [ -121.148331, 36.853073 ], [ -121.148401, 36.853309 ], [ -121.148495, 36.85367 ], [ -121.148544, 36.853789 ], [ -121.148712, 36.854191 ], [ -121.149144, 36.854625 ], [ -121.149267, 36.854976 ], [ -121.149353, 36.855378 ], [ -121.149349, 36.855722 ], [ -121.149361, 36.856077 ], [ -121.149543, 36.856309 ], [ -121.149761, 36.856471 ], [ -121.149856, 36.856742 ], [ -121.1499, 36.857114 ], [ -121.149902, 36.857327 ], [ -121.149903, 36.85744 ], [ -121.149998, 36.857642 ], [ -121.150114, 36.857759 ], [ -121.150324, 36.85797 ], [ -121.151018, 36.858359 ], [ -121.151453, 36.858476 ], [ -121.15174, 36.85863 ], [ -121.151873, 36.858865 ], [ -121.151985, 36.859125 ], [ -121.151959, 36.859384 ], [ -121.151831, 36.859668 ], [ -121.151814, 36.860016 ], [ -121.151971, 36.860611 ], [ -121.152259, 36.861054 ], [ -121.152454, 36.861305 ], [ -121.152695, 36.861392 ], [ -121.152913, 36.861912 ], [ -121.15284, 36.862504 ], [ -121.153047, 36.863013 ], [ -121.152905, 36.86366 ], [ -121.15306, 36.864078 ], [ -121.153107, 36.864533 ], [ -121.152963, 36.864926 ], [ -121.152803, 36.865141 ], [ -121.152626, 36.865351 ], [ -121.152808, 36.865601 ], [ -121.153233, 36.865772 ], [ -121.153988, 36.866124 ], [ -121.154438, 36.866397 ], [ -121.15481, 36.86645 ], [ -121.155153, 36.866577 ], [ -121.155406, 36.866712 ], [ -121.155718, 36.866717 ], [ -121.156379, 36.866582 ], [ -121.156762, 36.866644 ], [ -121.157035, 36.866755 ], [ -121.157396, 36.866711 ], [ -121.15772, 36.866919 ], [ -121.158093, 36.867037 ], [ -121.15846, 36.867438 ], [ -121.158874, 36.867596 ], [ -121.159297, 36.867617 ], [ -121.159679, 36.867621 ], [ -121.160082, 36.867763 ], [ -121.160548, 36.868034 ], [ -121.16078, 36.868121 ], [ -121.161112, 36.868143 ], [ -121.161338, 36.868472 ], [ -121.161764, 36.868784 ], [ -121.162058, 36.869016 ], [ -121.162461, 36.869077 ], [ -121.162881, 36.868952 ], [ -121.163336, 36.869118 ], [ -121.163588, 36.869245 ], [ -121.163835, 36.869647 ], [ -121.1641, 36.86996 ], [ -121.164395, 36.870265 ], [ -121.164553, 36.870829 ], [ -121.164891, 36.871327 ], [ -121.164998, 36.871803 ], [ -121.165147, 36.872473 ], [ -121.165264, 36.872908 ], [ -121.165379, 36.87319 ], [ -121.165502, 36.873431 ], [ -121.16555, 36.874029 ], [ -121.165575, 36.874425 ], [ -121.165559, 36.8747 ], [ -121.166112, 36.874951 ], [ -121.16655, 36.875542 ], [ -121.166626, 36.875985 ], [ -121.166763, 36.876816 ], [ -121.166962, 36.8777 ], [ -121.167038, 36.878028 ], [ -121.166412, 36.878974 ], [ -121.166077, 36.879569 ], [ -121.166077, 36.879844 ], [ -121.166702, 36.880454 ], [ -121.167175, 36.880905 ], [ -121.167664, 36.881957 ], [ -121.167938, 36.882286 ], [ -121.168488, 36.882667 ], [ -121.168686, 36.883338 ], [ -121.168549, 36.883827 ], [ -121.168625, 36.884124 ], [ -121.168815, 36.884474 ], [ -121.169098, 36.884994 ], [ -121.169495, 36.885322 ], [ -121.169769, 36.885383 ], [ -121.170593, 36.88533 ], [ -121.171005, 36.885497 ], [ -121.172153, 36.885497 ], [ -121.17218, 36.885497 ], [ -121.172669, 36.885559 ], [ -121.173142, 36.885658 ], [ -121.173813, 36.885604 ], [ -121.174088, 36.885711 ], [ -121.174542, 36.886217 ], [ -121.175675, 36.887481 ], [ -121.175873, 36.888038 ], [ -121.17592, 36.888187 ], [ -121.176148, 36.888915 ], [ -121.176422, 36.889419 ], [ -121.177582, 36.890464 ], [ -121.177857, 36.890579 ], [ -121.178345, 36.890518 ], [ -121.178894, 36.890525 ], [ -121.179581, 36.890411 ], [ -121.179855, 36.890685 ], [ -121.180542, 36.891456 ], [ -121.181229, 36.892463 ], [ -121.181687, 36.892845 ], [ -121.182176, 36.893333 ], [ -121.182374, 36.893775 ], [ -121.182588, 36.894393 ], [ -121.182862, 36.894775 ], [ -121.183824, 36.895774 ], [ -121.184297, 36.896385 ], [ -121.184373, 36.897102 ], [ -121.183885, 36.897979 ], [ -121.18361, 36.898986 ], [ -121.18361, 36.899528 ], [ -121.18361, 36.900283 ], [ -121.183412, 36.900695 ], [ -121.182939, 36.901931 ], [ -121.182939, 36.902389 ], [ -121.183008, 36.902673 ], [ -121.183076, 36.902954 ], [ -121.183076, 36.90306 ], [ -121.184022, 36.904846 ], [ -121.184297, 36.905662 ], [ -121.184434, 36.906547 ], [ -121.184098, 36.907432 ], [ -121.183885, 36.908096 ], [ -121.184022, 36.908485 ], [ -121.184297, 36.908973 ], [ -121.185395, 36.909484 ], [ -121.185609, 36.909637 ], [ -121.185884, 36.909988 ], [ -121.186433, 36.910407 ], [ -121.186818, 36.910457 ], [ -121.187455, 36.91121 ], [ -121.188026, 36.912078 ], [ -121.188476, 36.912774 ], [ -121.188576, 36.913064 ], [ -121.188796, 36.913238 ], [ -121.190566, 36.913021 ], [ -121.190675, 36.913069 ], [ -121.192048, 36.912628 ], [ -121.192659, 36.912567 ], [ -121.193147, 36.912681 ], [ -121.194719, 36.913299 ], [ -121.195192, 36.913452 ], [ -121.196016, 36.913505 ], [ -121.196977, 36.91378 ], [ -121.197653, 36.914038 ], [ -121.197877, 36.914124 ], [ -121.198274, 36.914338 ], [ -121.198548, 36.914292 ], [ -121.199579, 36.91379 ], [ -121.200418, 36.91345 ], [ -121.20102, 36.913177 ], [ -121.202321, 36.913177 ], [ -121.202446, 36.913166 ], [ -121.20309, 36.913107 ], [ -121.203554, 36.913071 ], [ -121.204105, 36.912786 ], [ -121.204586, 36.912691 ], [ -121.204788, 36.912627 ], [ -121.205612, 36.912849 ], [ -121.205949, 36.912734 ], [ -121.206307, 36.912056 ], [ -121.206497, 36.911682 ], [ -121.207181, 36.911521 ], [ -121.207865, 36.911521 ], [ -121.208009, 36.911523 ], [ -121.208361, 36.911529 ], [ -121.209042, 36.911735 ], [ -121.209855, 36.911842 ], [ -121.210814, 36.912085 ], [ -121.211229, 36.91223 ], [ -121.211506, 36.912245 ], [ -121.212462, 36.91239 ], [ -121.212813, 36.912505 ], [ -121.213488, 36.912569 ], [ -121.213898, 36.91269 ], [ -121.214385, 36.913015 ], [ -121.214663, 36.913276 ], [ -121.216585, 36.913558 ], [ -121.217058, 36.913505 ], [ -121.21747, 36.913223 ], [ -121.21751, 36.913179 ], [ -121.21802, 36.912628 ], [ -121.218355, 36.912467 ], [ -121.218905, 36.912353 ], [ -121.219393, 36.911956 ], [ -121.219738, 36.911452 ], [ -121.219805, 36.911354 ], [ -121.220827, 36.910797 ], [ -121.221378, 36.910301 ], [ -121.221713, 36.910362 ], [ -121.222064, 36.911064 ], [ -121.222537, 36.911636 ], [ -121.222614, 36.91191 ], [ -121.222614, 36.912406 ], [ -121.222888, 36.91262 ], [ -121.223438, 36.912948 ], [ -121.223224, 36.913619 ], [ -121.223087, 36.913894 ], [ -121.223026, 36.914283 ], [ -121.223348, 36.914957 ], [ -121.223361, 36.914985 ], [ -121.223499, 36.915611 ], [ -121.223499, 36.916435 ], [ -121.223633, 36.916999 ], [ -121.223637, 36.917054 ], [ -121.223712, 36.91732 ], [ -121.223987, 36.91809 ], [ -121.224124, 36.918533 ], [ -121.223987, 36.919471 ], [ -121.224185, 36.919921 ], [ -121.224597, 36.920303 ], [ -121.225635, 36.920349 ], [ -121.22652, 36.920242 ], [ -121.227206, 36.920303 ], [ -121.228366, 36.920799 ], [ -121.228854, 36.921012 ], [ -121.229266, 36.921188 ], [ -121.229877, 36.921127 ], [ -121.230151, 36.921241 ], [ -121.230838, 36.92234 ], [ -121.231265, 36.92295 ], [ -121.231662, 36.9235 ], [ -121.232623, 36.924293 ], [ -121.233096, 36.924728 ], [ -121.233783, 36.925437 ], [ -121.234332, 36.926147 ], [ -121.234683, 36.926894 ], [ -121.234546, 36.927359 ], [ -121.234409, 36.928091 ], [ -121.234409, 36.928702 ], [ -121.234332, 36.929297 ], [ -121.234134, 36.929594 ], [ -121.233524, 36.930174 ], [ -121.233447, 36.930472 ], [ -121.233524, 36.931349 ], [ -121.233447, 36.931952 ], [ -121.232898, 36.932669 ], [ -121.232211, 36.933394 ], [ -121.231464, 36.934111 ], [ -121.231189, 36.934561 ], [ -121.230792, 36.935278 ], [ -121.230502, 36.935881 ], [ -121.230365, 36.936491 ], [ -121.230365, 36.936934 ], [ -121.230579, 36.93849 ], [ -121.230365, 36.938933 ], [ -121.229953, 36.939535 ], [ -121.229678, 36.940039 ], [ -121.229404, 36.940741 ], [ -121.229205, 36.941031 ], [ -121.228717, 36.941191 ], [ -121.228305, 36.941527 ], [ -121.228046, 36.942229 ], [ -121.227771, 36.942511 ], [ -121.226871, 36.943396 ], [ -121.225986, 36.944456 ], [ -121.225497, 36.94483 ], [ -121.224674, 36.945158 ], [ -121.223926, 36.945104 ], [ -121.222902, 36.944997 ], [ -121.221865, 36.94534 ], [ -121.220843, 36.946058 ], [ -121.21982, 36.946996 ], [ -121.218783, 36.947767 ], [ -121.218508, 36.947889 ], [ -121.218233, 36.948217 ], [ -121.217348, 36.949361 ], [ -121.216662, 36.950574 ], [ -121.216189, 36.951085 ], [ -121.216112, 36.951299 ], [ -121.216463, 36.951856 ], [ -121.216189, 36.952291 ], [ -121.214953, 36.953359 ], [ -121.213991, 36.954068 ], [ -121.213717, 36.954519 ], [ -121.213579, 36.955282 ], [ -121.213366, 36.955846 ], [ -121.212893, 36.956289 ], [ -121.212542, 36.956502 ], [ -121.212282, 36.956777 ], [ -121.211794, 36.957113 ], [ -121.211733, 36.95738 ], [ -121.212343, 36.958059 ], [ -121.213167, 36.958768 ], [ -121.213503, 36.958989 ], [ -121.21364, 36.959264 ], [ -121.214536, 36.961248 ], [ -121.215406, 36.961248 ], [ -121.215945, 36.961761 ], [ -121.216526, 36.962072 ], [ -121.216561, 36.962078 ], [ -121.217949, 36.96234 ], [ -121.219713, 36.962971 ], [ -121.22059, 36.963513 ], [ -121.220775, 36.963628 ], [ -121.221495, 36.964615 ], [ -121.222689, 36.965363 ], [ -121.222721, 36.965405 ], [ -121.222877, 36.965568 ], [ -121.22333, 36.96598 ], [ -121.223535, 36.966174 ], [ -121.223882, 36.966432 ], [ -121.22397, 36.966523 ], [ -121.224244, 36.966884 ], [ -121.224342, 36.966983 ], [ -121.224603, 36.967188 ], [ -121.224722, 36.967297 ], [ -121.224833, 36.967433 ], [ -121.226087, 36.967434 ], [ -121.227287, 36.96742 ], [ -121.228437, 36.967563 ], [ -121.229342, 36.967649 ], [ -121.230247, 36.968289 ], [ -121.231148, 36.968467 ], [ -121.232128, 36.968892 ], [ -121.232878, 36.969574 ], [ -121.233618, 36.970466 ], [ -121.234088, 36.970882 ], [ -121.236328, 36.972333 ], [ -121.237358, 36.973121 ], [ -121.239209, 36.975261 ], [ -121.23955, 36.976156 ], [ -121.239776, 36.976369 ], [ -121.239933, 36.976517 ], [ -121.240406, 36.976961 ], [ -121.240564, 36.97711 ], [ -121.240967, 36.97749 ], [ -121.241977, 36.978614 ], [ -121.242657, 36.979233 ], [ -121.242891, 36.979397 ], [ -121.243877, 36.980091 ], [ -121.244807, 36.981612 ], [ -121.245887, 36.983036 ], [ -121.246568, 36.985228 ], [ -121.246638, 36.987048 ], [ -121.246429, 36.987944 ], [ -121.246008, 36.989751 ], [ -121.245437, 36.991046 ], [ -121.245375, 36.991124 ], [ -121.245193, 36.991358 ], [ -121.245132, 36.991437 ], [ -121.245134, 36.992278 ], [ -121.245137, 36.992922 ], [ -121.244727, 36.993478 ], [ -121.244387, 36.99384 ], [ -121.243721, 36.994039 ], [ -121.242915, 36.994282 ], [ -121.242762, 36.994477 ], [ -121.242306, 36.995062 ], [ -121.242154, 36.995258 ], [ -121.242147, 36.995817 ], [ -121.242099, 36.995995 ], [ -121.241977, 36.996454 ], [ -121.241677, 36.997036 ], [ -121.241517, 36.997381 ], [ -121.241237, 36.99754 ], [ -121.240853, 36.997646 ], [ -121.240137, 36.997846 ], [ -121.238264, 36.998058 ], [ -121.235737, 36.998346 ], [ -121.234221, 36.99893 ], [ -121.233137, 36.999346 ], [ -121.233251, 36.99965 ], [ -121.233913, 37.001415 ], [ -121.234447, 37.001552 ], [ -121.234626, 37.001598 ], [ -121.234946, 37.002155 ], [ -121.235176, 37.002641 ], [ -121.235087, 37.002919 ], [ -121.235036, 37.003083 ], [ -121.234908, 37.003442 ], [ -121.234884, 37.003506 ], [ -121.234816, 37.003699 ], [ -121.234794, 37.003764 ], [ -121.234943, 37.004162 ], [ -121.235237, 37.004946 ], [ -121.235372, 37.005365 ], [ -121.235504, 37.005771 ], [ -121.236159, 37.006054 ], [ -121.236526, 37.006213 ], [ -121.236976, 37.006584 ], [ -121.23658, 37.007674 ], [ -121.236337, 37.008346 ], [ -121.236394, 37.008417 ], [ -121.236565, 37.00863 ], [ -121.236622, 37.008702 ], [ -121.237446, 37.008865 ], [ -121.237521, 37.008887 ], [ -121.237866, 37.008989 ], [ -121.238166, 37.009086 ], [ -121.238186, 37.009254 ], [ -121.238066, 37.009599 ], [ -121.237826, 37.009961 ], [ -121.237216, 37.01027 ], [ -121.23682, 37.010434 ], [ -121.236686, 37.01049 ], [ -121.235913, 37.010464 ], [ -121.235812, 37.010483 ], [ -121.235511, 37.010541 ], [ -121.235411, 37.010561 ], [ -121.234996, 37.010797 ], [ -121.233751, 37.011509 ], [ -121.233337, 37.011746 ], [ -121.233588, 37.01203 ], [ -121.234342, 37.012884 ], [ -121.234594, 37.013169 ], [ -121.235356, 37.013316 ], [ -121.235523, 37.013473 ], [ -121.235676, 37.013616 ], [ -121.236456, 37.014474 ], [ -121.236926, 37.015111 ], [ -121.237426, 37.015809 ], [ -121.237446, 37.015836 ], [ -121.237764, 37.016756 ], [ -121.238044, 37.017073 ], [ -121.238884, 37.018024 ], [ -121.239165, 37.018341 ], [ -121.23973, 37.018407 ], [ -121.239977, 37.018437 ], [ -121.240237, 37.018667 ], [ -121.240427, 37.01903 ], [ -121.240757, 37.019631 ], [ -121.240759, 37.019649 ], [ -121.240822, 37.020216 ], [ -121.240994, 37.02041 ], [ -121.24151, 37.020995 ], [ -121.241682, 37.02119 ], [ -121.241827, 37.021234 ], [ -121.242263, 37.021366 ], [ -121.242409, 37.021411 ], [ -121.242967, 37.021648 ], [ -121.243378, 37.022205 ], [ -121.243548, 37.022939 ], [ -121.243718, 37.023027 ], [ -121.244303, 37.023354 ], [ -121.244368, 37.02339 ], [ -121.245148, 37.024566 ], [ -121.245989, 37.025575 ], [ -121.246509, 37.02653 ], [ -121.246999, 37.027476 ], [ -121.247129, 37.027865 ], [ -121.246969, 37.028253 ], [ -121.246799, 37.028545 ], [ -121.246929, 37.028881 ], [ -121.247229, 37.02927 ], [ -121.247779, 37.029801 ], [ -121.247799, 37.030075 ], [ -121.247592, 37.030779 ], [ -121.247499, 37.0311 ], [ -121.247679, 37.031727 ], [ -121.248089, 37.032576 ], [ -121.248461, 37.033488 ], [ -121.248498, 37.033526 ], [ -121.248609, 37.033641 ], [ -121.248647, 37.03368 ] ] ] } },
{ "type": "Feature", "properties": { "STATEFP": "06", "UNSDLEA": "29490", "GEOID": "0629490", "GEOIDFQ": "9700000US0629490", "NAME": "Pajaro Valley Joint Unified School District", "LSAD": "00", "LOGRADE": "KG", "HIGRADE": "12", "MTFCC": "G5420", "SDTYP": null, "FUNCSTAT": "E", "ALAND": 403885664, "AWATER": 136179840, "INTPTLAT": "+36.9430651", "INTPTLON": "-121.8283027" }, "geometry": { "type": "Polygon", "coordinates": [ [ [ -122.046187, 36.821682 ], [ -122.029118, 36.827928 ], [ -122.023428, 36.830011 ], [ -122.018482, 36.83182 ], [ -122.003646, 36.837249 ], [ -121.998701, 36.839059 ], [ -121.997974, 36.839324 ], [ -121.995793, 36.840123 ], [ -121.995067, 36.840389 ], [ -121.994822, 36.840478 ], [ -121.994089, 36.840746 ], [ -121.993845, 36.840836 ], [ -121.988738, 36.842704 ], [ -121.973417, 36.84831 ], [ -121.968311, 36.850179 ], [ -121.961948, 36.855211 ], [ -121.942862, 36.87031 ], [ -121.938789, 36.873533 ], [ -121.937164, 36.874953 ], [ -121.936878, 36.875203 ], [ -121.936592, 36.875453 ], [ -121.935617, 36.878223 ], [ -121.932695, 36.886535 ], [ -121.931721, 36.889306 ], [ -121.932822, 36.902888 ], [ -121.934562, 36.924326 ], [ -121.93562, 36.937451 ], [ -121.936192, 36.94363 ], [ -121.937451, 36.9572 ], [ -121.937675, 36.959622 ], [ -121.93835, 36.966891 ], [ -121.938513, 36.968643 ], [ -121.938581, 36.969314 ], [ -121.936481, 36.970912 ], [ -121.932667, 36.973815 ], [ -121.931394, 36.974786 ], [ -121.930228, 36.97576 ], [ -121.928204, 36.977453 ], [ -121.928166, 36.977483 ], [ -121.928145, 36.977502 ], [ -121.928051, 36.977551 ], [ -121.928039, 36.977553 ], [ -121.928017, 36.977558 ], [ -121.927995, 36.97757 ], [ -121.927941, 36.9776 ], [ -121.927728, 36.977657 ], [ -121.927686, 36.977678 ], [ -121.92766, 36.977678 ], [ -121.92754, 36.977707 ], [ -121.927449, 36.977724 ], [ -121.927327, 36.977737 ], [ -121.927187, 36.977776 ], [ -121.92708, 36.977794 ], [ -121.92705, 36.977805 ], [ -121.926707, 36.977847 ], [ -121.926504, 36.977872 ], [ -121.92603, 36.977922 ], [ -121.925776, 36.977991 ], [ -121.925356, 36.978052 ], [ -121.925179, 36.978101 ], [ -121.925066, 36.978117 ], [ -121.924923, 36.978158 ], [ -121.92464, 36.978232 ], [ -121.924606, 36.978253 ], [ -121.924386, 36.978315 ], [ -121.924308, 36.978331 ], [ -121.924274, 36.978352 ], [ -121.92389, 36.978459 ], [ -121.923856, 36.97848 ], [ -121.923814, 36.978488 ], [ -121.923763, 36.978523 ], [ -121.92372, 36.978537 ], [ -121.923644, 36.978579 ], [ -121.923584, 36.978586 ], [ -121.923533, 36.978621 ], [ -121.923096, 36.978494 ], [ -121.922926, 36.978536 ], [ -121.922878, 36.978843 ], [ -121.92274, 36.978898 ], [ -121.922426, 36.979039 ], [ -121.922173, 36.979247 ], [ -121.922106, 36.979414 ], [ -121.922115, 36.97959 ], [ -121.922083, 36.979957 ], [ -121.922257, 36.979897 ], [ -121.922297, 36.980079 ], [ -121.922301, 36.980089 ], [ -121.922524, 36.98064 ], [ -121.922545, 36.98069 ], [ -121.922597, 36.980825 ], [ -121.922626, 36.980901 ], [ -121.922643, 36.980943 ], [ -121.922725, 36.981125 ], [ -121.922759, 36.9812 ], [ -121.922776, 36.981238 ], [ -121.922802, 36.981265 ], [ -121.92282, 36.981313 ], [ -121.922846, 36.981482 ], [ -121.922848, 36.981499 ], [ -121.922853, 36.981558 ], [ -121.922858, 36.981636 ], [ -121.922851, 36.981721 ], [ -121.922814, 36.982212 ], [ -121.922812, 36.982239 ], [ -121.922797, 36.982376 ], [ -121.922793, 36.982407 ], [ -121.922789, 36.982446 ], [ -121.92278, 36.9825 ], [ -121.922775, 36.982532 ], [ -121.922765, 36.982598 ], [ -121.922745, 36.982693 ], [ -121.922737, 36.982732 ], [ -121.922714, 36.982918 ], [ -121.922701, 36.983245 ], [ -121.922699, 36.983307 ], [ -121.922731, 36.983496 ], [ -121.922774, 36.983671 ], [ -121.922799, 36.983775 ], [ -121.922823, 36.983922 ], [ -121.922836, 36.983953 ], [ -121.922931, 36.984293 ], [ -121.923074, 36.984725 ], [ -121.923109, 36.984759 ], [ -121.923146, 36.984959 ], [ -121.923147, 36.985027 ], [ -121.92313, 36.985332 ], [ -121.9231, 36.985916 ], [ -121.923102, 36.986051 ], [ -121.923105, 36.986274 ], [ -121.923108, 36.986467 ], [ -121.923085, 36.986639 ], [ -121.923002, 36.986826 ], [ -121.922977, 36.986853 ], [ -121.922941, 36.986905 ], [ -121.922935, 36.986916 ], [ -121.922927, 36.986943 ], [ -121.922893, 36.986985 ], [ -121.922851, 36.98702 ], [ -121.922784, 36.987053 ], [ -121.922621, 36.987132 ], [ -121.922548, 36.987147 ], [ -121.922519, 36.987154 ], [ -121.922485, 36.987175 ], [ -121.922348, 36.987197 ], [ -121.922289, 36.987225 ], [ -121.922255, 36.987233 ], [ -121.922195, 36.987261 ], [ -121.922161, 36.987268 ], [ -121.922102, 36.987296 ], [ -121.922068, 36.987303 ], [ -121.921855, 36.987443 ], [ -121.92183, 36.987461 ], [ -121.921733, 36.987506 ], [ -121.921674, 36.987552 ], [ -121.921642, 36.98758 ], [ -121.921603, 36.987567 ], [ -121.921405, 36.987491 ], [ -121.921371, 36.987478 ], [ -121.92083, 36.987215 ], [ -121.920722, 36.98716 ], [ -121.920497, 36.987047 ], [ -121.920453, 36.987026 ], [ -121.920294, 36.986949 ], [ -121.920236, 36.987115 ], [ -121.920048, 36.987227 ], [ -121.919884, 36.987283 ], [ -121.91972, 36.987379 ], [ -121.919516, 36.987679 ], [ -121.918817, 36.987399 ], [ -121.918412, 36.987801 ], [ -121.918278, 36.987936 ], [ -121.917865, 36.98833 ], [ -121.917775, 36.988398 ], [ -121.917502, 36.988606 ], [ -121.917479, 36.98863 ], [ -121.917268, 36.988927 ], [ -121.917076, 36.989152 ], [ -121.916571, 36.990031 ], [ -121.916537, 36.990092 ], [ -121.916485, 36.990167 ], [ -121.916433, 36.990222 ], [ -121.916173, 36.990423 ], [ -121.916088, 36.990506 ], [ -121.916075, 36.990897 ], [ -121.916038, 36.99207 ], [ -121.916026, 36.992462 ], [ -121.916419, 36.992585 ], [ -121.91654, 36.992623 ], [ -121.918741, 36.993655 ], [ -121.91919, 36.993849 ], [ -121.919541, 36.993614 ], [ -121.919702, 36.993509 ], [ -121.919863, 36.993425 ], [ -121.920029, 36.993313 ], [ -121.920104, 36.993275 ], [ -121.920143, 36.993257 ], [ -121.92033, 36.993124 ], [ -121.920389, 36.993069 ], [ -121.920439, 36.993006 ], [ -121.920534, 36.992921 ], [ -121.920615, 36.992743 ], [ -121.92069, 36.992591 ], [ -121.920756, 36.992432 ], [ -121.920798, 36.99239 ], [ -121.921095, 36.991628 ], [ -121.921112, 36.991588 ], [ -121.921145, 36.991546 ], [ -121.921187, 36.99145 ], [ -121.921212, 36.991429 ], [ -121.921303, 36.991221 ], [ -121.921352, 36.99109 ], [ -121.921349, 36.991052 ], [ -121.921363, 36.991035 ], [ -121.921374, 36.992196 ], [ -121.921392, 36.99389 ], [ -121.92141, 36.995679 ], [ -121.921421, 36.996746 ], [ -121.921422, 36.996841 ], [ -121.921459, 36.998163 ], [ -121.921516, 37.000217 ], [ -121.921466, 37.003454 ], [ -121.921389, 37.005047 ], [ -121.921381, 37.006542 ], [ -121.921248, 37.006557 ], [ -121.921178, 37.006628 ], [ -121.920767, 37.007161 ], [ -121.921388, 37.007758 ], [ -121.921375, 37.008756 ], [ -121.921058, 37.009083 ], [ -121.921064, 37.009383 ], [ -121.920791, 37.010297 ], [ -121.920979, 37.010452 ], [ -121.92137, 37.010426 ], [ -121.921343, 37.014209 ], [ -121.92131, 37.014745 ], [ -121.921345, 37.015562 ], [ -121.921348, 37.016209 ], [ -121.920824, 37.01626 ], [ -121.920679, 37.01626 ], [ -121.920183, 37.016385 ], [ -121.919365, 37.016208 ], [ -121.919302, 37.016282 ], [ -121.91871, 37.016615 ], [ -121.918121, 37.017352 ], [ -121.917771, 37.018158 ], [ -121.916761, 37.018691 ], [ -121.916081, 37.019359 ], [ -121.91574, 37.020097 ], [ -121.915649, 37.020635 ], [ -121.91573, 37.021646 ], [ -121.91555, 37.022652 ], [ -121.91496, 37.023187 ], [ -121.914781, 37.024128 ], [ -121.914941, 37.025541 ], [ -121.915263, 37.026618 ], [ -121.916016, 37.027362 ], [ -121.916857, 37.028375 ], [ -121.917428, 37.029723 ], [ -121.917421, 37.031406 ], [ -121.91682, 37.032815 ], [ -121.915799, 37.033617 ], [ -121.913607, 37.034411 ], [ -121.91362, 37.035239 ], [ -121.913881, 37.035873 ], [ -121.91362, 37.03619 ], [ -121.913433, 37.036657 ], [ -121.913564, 37.03703 ], [ -121.912687, 37.037441 ], [ -121.914086, 37.038393 ], [ -121.914273, 37.039027 ], [ -121.914646, 37.039475 ], [ -121.915635, 37.040371 ], [ -121.915878, 37.04108 ], [ -121.916438, 37.041752 ], [ -121.917087, 37.041896 ], [ -121.917995, 37.042173 ], [ -121.917702, 37.043021 ], [ -121.91776, 37.043108 ], [ -121.916868, 37.043948 ], [ -121.914778, 37.044164 ], [ -121.914377, 37.044205 ], [ -121.91376, 37.044057 ], [ -121.913461, 37.043935 ], [ -121.913293, 37.043926 ], [ -121.912864, 37.044094 ], [ -121.912127, 37.044225 ], [ -121.909775, 37.044439 ], [ -121.909663, 37.044645 ], [ -121.909673, 37.045158 ], [ -121.909635, 37.045568 ], [ -121.909607, 37.04596 ], [ -121.909318, 37.046492 ], [ -121.909327, 37.046688 ], [ -121.909514, 37.046911 ], [ -121.909813, 37.047481 ], [ -121.909869, 37.047799 ], [ -121.909626, 37.048153 ], [ -121.909388, 37.048496 ], [ -121.909075, 37.048722 ], [ -121.908824, 37.04889 ], [ -121.908506, 37.04903 ], [ -121.908086, 37.049581 ], [ -121.906995, 37.050038 ], [ -121.905576, 37.050188 ], [ -121.905203, 37.050318 ], [ -121.904531, 37.050645 ], [ -121.903141, 37.050971 ], [ -121.902544, 37.051242 ], [ -121.902273, 37.051559 ], [ -121.901937, 37.052175 ], [ -121.901469, 37.052583 ], [ -121.901147, 37.052721 ], [ -121.899322, 37.052698 ], [ -121.898961, 37.053096 ], [ -121.89799, 37.05362 ], [ -121.896766, 37.053671 ], [ -121.895636, 37.053522 ], [ -121.894106, 37.053218 ], [ -121.893296, 37.053967 ], [ -121.89331, 37.054814 ], [ -121.892622, 37.054711 ], [ -121.892375, 37.054376 ], [ -121.892086, 37.054326 ], [ -121.891687, 37.054348 ], [ -121.889354, 37.055516 ], [ -121.889157, 37.055615 ], [ -121.888985, 37.055541 ], [ -121.889088, 37.055422 ], [ -121.888869, 37.054982 ], [ -121.888785, 37.054918 ], [ -121.888376, 37.054851 ], [ -121.888262, 37.054856 ], [ -121.888159, 37.05487 ], [ -121.888093, 37.054853 ], [ -121.887929, 37.054669 ], [ -121.887799, 37.054604 ], [ -121.88764, 37.054616 ], [ -121.887005, 37.054777 ], [ -121.886794, 37.054922 ], [ -121.886081, 37.055078 ], [ -121.885503, 37.056172 ], [ -121.884319, 37.055758 ], [ -121.883647, 37.055926 ], [ -121.883237, 37.05574 ], [ -121.882882, 37.05574 ], [ -121.882266, 37.055908 ], [ -121.881203, 37.05574 ], [ -121.880605, 37.055908 ], [ -121.880325, 37.05587 ], [ -121.879915, 37.055721 ], [ -121.879803, 37.055908 ], [ -121.879747, 37.0563 ], [ -121.878851, 37.05671 ], [ -121.877078, 37.057345 ], [ -121.876686, 37.057793 ], [ -121.87635, 37.058539 ], [ -121.875772, 37.059118 ], [ -121.875436, 37.060139 ], [ -121.875269, 37.06036 ], [ -121.875269, 37.06062 ], [ -121.875314, 37.060803 ], [ -121.875175, 37.061413 ], [ -121.874596, 37.061805 ], [ -121.874185, 37.06188 ], [ -121.873551, 37.061954 ], [ -121.872935, 37.062178 ], [ -121.87245, 37.062664 ], [ -121.872412, 37.063186 ], [ -121.872688, 37.064268 ], [ -121.872904, 37.064922 ], [ -121.872934, 37.065013 ], [ -121.872935, 37.065147 ], [ -121.873449, 37.066024 ], [ -121.87352, 37.066528 ], [ -121.873566, 37.067062 ], [ -121.873389, 37.06749 ], [ -121.873412, 37.067909 ], [ -121.873444, 37.068459 ], [ -121.872787, 37.069031 ], [ -121.871999, 37.069199 ], [ -121.871823, 37.069706 ], [ -121.871721, 37.070212 ], [ -121.871666, 37.070569 ], [ -121.870997, 37.070478 ], [ -121.871031, 37.070992 ], [ -121.871423, 37.071473 ], [ -121.871111, 37.071991 ], [ -121.870462, 37.072276 ], [ -121.869712, 37.072473 ], [ -121.868887, 37.072654 ], [ -121.868872, 37.073115 ], [ -121.869233, 37.074014 ], [ -121.868718, 37.074757 ], [ -121.868543, 37.075238 ], [ -121.86898, 37.07586 ], [ -121.868988, 37.076293 ], [ -121.868428, 37.07652 ], [ -121.86752, 37.07655 ], [ -121.867006, 37.076731 ], [ -121.86666, 37.076667 ], [ -121.866441, 37.076627 ], [ -121.866027, 37.076613 ], [ -121.865722, 37.076996 ], [ -121.865273, 37.077109 ], [ -121.863995, 37.076476 ], [ -121.863786, 37.076244 ], [ -121.862177, 37.076089 ], [ -121.861996, 37.076124 ], [ -121.861977, 37.076219 ], [ -121.861958, 37.076321 ], [ -121.861391, 37.076417 ], [ -121.861224, 37.076425 ], [ -121.861003, 37.076437 ], [ -121.860947, 37.076415 ], [ -121.86071, 37.076481 ], [ -121.860001, 37.076681 ], [ -121.859765, 37.076748 ], [ -121.859573, 37.076556 ], [ -121.858998, 37.075981 ], [ -121.858807, 37.07579 ], [ -121.856603, 37.073712 ], [ -121.855782, 37.072938 ], [ -121.85053, 37.071571 ], [ -121.850561, 37.070661 ], [ -121.850226, 37.070707 ], [ -121.849973, 37.070675 ], [ -121.8498, 37.070641 ], [ -121.849669, 37.070512 ], [ -121.849685, 37.07016 ], [ -121.849717, 37.069961 ], [ -121.849594, 37.069807 ], [ -121.84947, 37.06956 ], [ -121.849662, 37.069405 ], [ -121.849963, 37.069387 ], [ -121.850108, 37.069375 ], [ -121.850162, 37.069371 ], [ -121.850422, 37.069304 ], [ -121.850522, 37.069225 ], [ -121.850608, 37.069082 ], [ -121.850425, 37.068988 ], [ -121.850465, 37.068761 ], [ -121.850428, 37.068662 ], [ -121.850106, 37.068481 ], [ -121.84977, 37.067514 ], [ -121.849114, 37.067764 ], [ -121.848366, 37.067902 ], [ -121.848221, 37.068195 ], [ -121.848121, 37.068395 ], [ -121.847836, 37.068602 ], [ -121.847489, 37.068578 ], [ -121.84744, 37.068555 ], [ -121.846815, 37.068271 ], [ -121.846104, 37.067947 ], [ -121.84577, 37.067997 ], [ -121.845382, 37.068223 ], [ -121.844886, 37.068266 ], [ -121.84472, 37.068198 ], [ -121.844293, 37.068023 ], [ -121.844173, 37.068424 ], [ -121.844088, 37.068377 ], [ -121.844083, 37.068411 ], [ -121.844069, 37.068513 ], [ -121.844065, 37.068548 ], [ -121.843997, 37.069945 ], [ -121.843977, 37.07034 ], [ -121.843929, 37.071342 ], [ -121.84389, 37.072142 ], [ -121.843851, 37.072943 ], [ -121.84374, 37.075226 ], [ -121.843715, 37.075716 ], [ -121.843628, 37.077509 ], [ -121.843624, 37.077582 ], [ -121.843612, 37.077801 ], [ -121.843608, 37.077874 ], [ -121.843527, 37.079439 ], [ -121.843285, 37.084136 ], [ -121.843205, 37.085702 ], [ -121.843119, 37.087472 ], [ -121.843097, 37.087949 ], [ -121.84299, 37.090195 ], [ -121.842886, 37.092377 ], [ -121.842866, 37.092787 ], [ -121.842784, 37.09456 ], [ -121.842728, 37.09456 ], [ -121.8427, 37.09456 ], [ -121.842564, 37.094529 ], [ -121.842509, 37.094545 ], [ -121.84245, 37.09454 ], [ -121.842359, 37.094546 ], [ -121.842, 37.09457 ], [ -121.841913, 37.094583 ], [ -121.8418, 37.0946 ], [ -121.841765, 37.0946 ], [ -121.8416, 37.0946 ], [ -121.841515, 37.094581 ], [ -121.84133, 37.09454 ], [ -121.84096, 37.09444 ], [ -121.840869, 37.094389 ], [ -121.84079, 37.09435 ], [ -121.84067, 37.09427 ], [ -121.840597, 37.094205 ], [ -121.84058, 37.09419 ], [ -121.840562, 37.094166 ], [ -121.84052, 37.09411 ], [ -121.840478, 37.094036 ], [ -121.840453, 37.093992 ], [ -121.84044, 37.09397 ], [ -121.840432, 37.093952 ], [ -121.840378, 37.093828 ], [ -121.84037, 37.09381 ], [ -121.840362, 37.093787 ], [ -121.84032, 37.09366 ], [ -121.840316, 37.093646 ], [ -121.84029, 37.09353 ], [ -121.84027, 37.09348 ], [ -121.84023, 37.09345 ], [ -121.84019, 37.09344 ], [ -121.84013, 37.09344 ], [ -121.840014, 37.093466 ], [ -121.839871, 37.0935 ], [ -121.83974, 37.09353 ], [ -121.83963, 37.09354 ], [ -121.839513, 37.093539 ], [ -121.83929, 37.09352 ], [ -121.83918, 37.09348 ], [ -121.83897, 37.09339 ], [ -121.83865, 37.09322 ], [ -121.838624, 37.093194 ], [ -121.83861, 37.09318 ], [ -121.83859, 37.09314 ], [ -121.838582, 37.093091 ], [ -121.83857, 37.09301 ], [ -121.83859, 37.09294 ], [ -121.83864, 37.09286 ], [ -121.838691, 37.092761 ], [ -121.83879, 37.09257 ], [ -121.838798, 37.092538 ], [ -121.83882, 37.09246 ], [ -121.83882, 37.09239 ], [ -121.83881, 37.09226 ], [ -121.83877, 37.09209 ], [ -121.83873, 37.09202 ], [ -121.838705, 37.091995 ], [ -121.83866, 37.09195 ], [ -121.838589, 37.091898 ], [ -121.838574, 37.091887 ], [ -121.83844, 37.09179 ], [ -121.838368, 37.091752 ], [ -121.83825, 37.09169 ], [ -121.838074, 37.091618 ], [ -121.83803, 37.0916 ], [ -121.83792, 37.09157 ], [ -121.8378, 37.09157 ], [ -121.83771, 37.09159 ], [ -121.83756, 37.09166 ], [ -121.83732, 37.09173 ], [ -121.837143, 37.09177 ], [ -121.8371, 37.09178 ], [ -121.83696, 37.09179 ], [ -121.836822, 37.09179 ], [ -121.83674, 37.09179 ], [ -121.836257, 37.091681 ], [ -121.83572, 37.09156 ], [ -121.83561, 37.09152 ], [ -121.83558, 37.09149 ], [ -121.83554, 37.09146 ], [ -121.83546, 37.09136 ], [ -121.83539, 37.09118 ], [ -121.83534, 37.09111 ], [ -121.8353, 37.09107 ], [ -121.83523, 37.09104 ], [ -121.83516, 37.09102 ], [ -121.83508, 37.09101 ], [ -121.83501, 37.09102 ], [ -121.83494, 37.09102 ], [ -121.83484, 37.09104 ], [ -121.834808, 37.091051 ], [ -121.83464, 37.09111 ], [ -121.83433, 37.09123 ], [ -121.83428, 37.09123 ], [ -121.834264, 37.091229 ], [ -121.834191, 37.091222 ], [ -121.83417, 37.09122 ], [ -121.83409, 37.09118 ], [ -121.834002, 37.091116 ], [ -121.833943, 37.091074 ], [ -121.83359, 37.09082 ], [ -121.83357, 37.09079 ], [ -121.833562, 37.090766 ], [ -121.83353, 37.09066 ], [ -121.83347, 37.09054 ], [ -121.83343, 37.09049 ], [ -121.83295, 37.09021 ], [ -121.83243, 37.08987 ], [ -121.83217, 37.0897 ], [ -121.832045, 37.089565 ], [ -121.832039, 37.08955 ], [ -121.832024, 37.089505 ], [ -121.83202, 37.08949 ], [ -121.831985, 37.089252 ], [ -121.83197, 37.08915 ], [ -121.83195, 37.08907 ], [ -121.83188, 37.08897 ], [ -121.83169, 37.08872 ], [ -121.83162, 37.08865 ], [ -121.83154, 37.0886 ], [ -121.831402, 37.088553 ], [ -121.831006, 37.088419 ], [ -121.830802, 37.088351 ], [ -121.83077, 37.08834 ], [ -121.83067, 37.08829 ], [ -121.83039, 37.0881 ], [ -121.83027, 37.08807 ], [ -121.82996, 37.08807 ], [ -121.829843, 37.08806 ], [ -121.82977, 37.08807 ], [ -121.8297, 37.08809 ], [ -121.82946, 37.088215 ], [ -121.82945, 37.08822 ], [ -121.82938, 37.08824 ], [ -121.82933, 37.08824 ], [ -121.8293, 37.08822 ], [ -121.82918, 37.08801 ], [ -121.829062, 37.087916 ], [ -121.828044, 37.088668 ], [ -121.827406, 37.08799 ], [ -121.827199, 37.087894 ], [ -121.82716, 37.0879 ], [ -121.82705, 37.08793 ], [ -121.82693, 37.08797 ], [ -121.82687, 37.08798 ], [ -121.82682, 37.08798 ], [ -121.82675, 37.08795 ], [ -121.8266, 37.08785 ], [ -121.82642, 37.08777 ], [ -121.826329, 37.087755 ], [ -121.82624, 37.08774 ], [ -121.82572, 37.0877 ], [ -121.82561, 37.08772 ], [ -121.82552, 37.08775 ], [ -121.82544, 37.08777 ], [ -121.82532, 37.08777 ], [ -121.82522, 37.08776 ], [ -121.8251, 37.08774 ], [ -121.8249, 37.08772 ], [ -121.82482, 37.08773 ], [ -121.82471, 37.08775 ], [ -121.82446, 37.08781 ], [ -121.82437, 37.08781 ], [ -121.82429, 37.0878 ], [ -121.82422, 37.08778 ], [ -121.82418, 37.08776 ], [ -121.8241, 37.0877 ], [ -121.82405, 37.08765 ], [ -121.82402, 37.08757 ], [ -121.82401, 37.08746 ], [ -121.824, 37.08741 ], [ -121.823976, 37.08721 ], [ -121.82396, 37.08707 ], [ -121.82394, 37.08697 ], [ -121.82381, 37.08662 ], [ -121.82366, 37.08605 ], [ -121.82364, 37.08601 ], [ -121.82359, 37.08597 ], [ -121.82353, 37.08595 ], [ -121.82346, 37.08595 ], [ -121.82321, 37.08593 ], [ -121.82311, 37.08591 ], [ -121.82226, 37.08569 ], [ -121.82202, 37.08555 ], [ -121.82141, 37.08525 ], [ -121.82131, 37.08517 ], [ -121.82126, 37.08514 ], [ -121.82119, 37.085112 ], [ -121.820968, 37.085022 ], [ -121.82052, 37.08484 ], [ -121.82043, 37.08478 ], [ -121.82018, 37.08455 ], [ -121.82013, 37.08449 ], [ -121.82001, 37.08436 ], [ -121.81986, 37.08426 ], [ -121.8197, 37.08417 ], [ -121.81941, 37.08402 ], [ -121.81912, 37.08392 ], [ -121.819048, 37.083907 ], [ -121.8189, 37.083881 ], [ -121.818682, 37.083871 ], [ -121.81865, 37.08387 ], [ -121.8184, 37.08382 ], [ -121.81831, 37.08378 ], [ -121.81824, 37.08374 ], [ -121.81817, 37.08364 ], [ -121.81812, 37.08355 ], [ -121.81804, 37.08328 ], [ -121.81799, 37.08325 ], [ -121.81792, 37.08322 ], [ -121.81783, 37.08317 ], [ -121.81775, 37.08309 ], [ -121.817711, 37.08302 ], [ -121.81766, 37.08291 ], [ -121.817591, 37.082818 ], [ -121.81746, 37.08264 ], [ -121.81744, 37.08257 ], [ -121.81745, 37.0825 ], [ -121.81747, 37.08245 ], [ -121.81752, 37.08238 ], [ -121.81755, 37.08228 ], [ -121.81754, 37.08224 ], [ -121.81751, 37.08216 ], [ -121.81742, 37.08201 ], [ -121.8174, 37.08196 ], [ -121.8174, 37.08191 ], [ -121.81746, 37.08171 ], [ -121.81746, 37.0816 ], [ -121.81744, 37.08155 ], [ -121.81727, 37.0814 ], [ -121.81717, 37.08124 ], [ -121.81697, 37.08101 ], [ -121.81661, 37.08052 ], [ -121.81655, 37.08046 ], [ -121.81652, 37.08042 ], [ -121.81649, 37.08037 ], [ -121.81648, 37.080255 ], [ -121.816491, 37.080201 ], [ -121.81651, 37.08011 ], [ -121.8166, 37.07986 ], [ -121.81659, 37.07974 ], [ -121.81659, 37.07958 ], [ -121.8166, 37.07953 ], [ -121.81662, 37.0795 ], [ -121.81668, 37.07945 ], [ -121.81671, 37.07935 ], [ -121.81673, 37.07933 ], [ -121.81681, 37.07929 ], [ -121.816904, 37.079233 ], [ -121.81708, 37.07913 ], [ -121.81715, 37.07907 ], [ -121.81726, 37.07891 ], [ -121.8173, 37.07876 ], [ -121.81736, 37.07862 ], [ -121.81738, 37.07847 ], [ -121.81737, 37.07831 ], [ -121.81732, 37.07812 ], [ -121.81728, 37.07803 ], [ -121.81719, 37.07788 ], [ -121.81711, 37.07782 ], [ -121.81703, 37.07777 ], [ -121.816823, 37.077656 ], [ -121.81663, 37.07755 ], [ -121.816613, 37.07754 ], [ -121.8164, 37.07741 ], [ -121.81614, 37.07726 ], [ -121.81608, 37.07723 ], [ -121.81605, 37.07722 ], [ -121.81601, 37.07722 ], [ -121.81587, 37.07724 ], [ -121.81578, 37.07724 ], [ -121.81575, 37.07723 ], [ -121.8157, 37.0772 ], [ -121.815581, 37.077108 ], [ -121.81544, 37.077 ], [ -121.815391, 37.076949 ], [ -121.81522, 37.07677 ], [ -121.815064, 37.076547 ], [ -121.814708, 37.07664 ], [ -121.814672, 37.0766 ], [ -121.814566, 37.07648 ], [ -121.814531, 37.07644 ], [ -121.813972, 37.07624 ], [ -121.813923, 37.07622 ], [ -121.813818, 37.076157 ], [ -121.813731, 37.076067 ], [ -121.813568, 37.075873 ], [ -121.813525, 37.075859 ], [ -121.813426, 37.075807 ], [ -121.813349, 37.075729 ], [ -121.81321, 37.075556 ], [ -121.812987, 37.075537 ], [ -121.812828, 37.07549 ], [ -121.812651, 37.075382 ], [ -121.812583, 37.075294 ], [ -121.812516, 37.075155 ], [ -121.812444, 37.074775 ], [ -121.81229, 37.074491 ], [ -121.812114, 37.074276 ], [ -121.811997, 37.073996 ], [ -121.81182, 37.073515 ], [ -121.811518, 37.073061 ], [ -121.81141, 37.072902 ], [ -121.811376, 37.07286 ], [ -121.811229, 37.072248 ], [ -121.811181, 37.072048 ], [ -121.811105, 37.071706 ], [ -121.81089, 37.071315 ], [ -121.810655, 37.070883 ], [ -121.810527, 37.070674 ], [ -121.809691, 37.069896 ], [ -121.809472, 37.069735 ], [ -121.809358, 37.069631 ], [ -121.809299, 37.069531 ], [ -121.809276, 37.069493 ], [ -121.809185, 37.069369 ], [ -121.809122, 37.069319 ], [ -121.809076, 37.069301 ], [ -121.809037, 37.069286 ], [ -121.808748, 37.069206 ], [ -121.80851, 37.069128 ], [ -121.808016, 37.068937 ], [ -121.807855, 37.068855 ], [ -121.807654, 37.068705 ], [ -121.807624, 37.068658 ], [ -121.80744, 37.06867 ], [ -121.80732, 37.06868 ], [ -121.80693, 37.06869 ], [ -121.80681, 37.06869 ], [ -121.80672, 37.06866 ], [ -121.80649, 37.06857 ], [ -121.805944, 37.068281 ], [ -121.805878, 37.068306 ], [ -121.805289, 37.068525 ], [ -121.804367, 37.068571 ], [ -121.803963, 37.068518 ], [ -121.803571, 37.06836 ], [ -121.803024, 37.067881 ], [ -121.803012, 37.067871 ], [ -121.80289, 37.06788 ], [ -121.80248, 37.06796 ], [ -121.80234, 37.06797 ], [ -121.80225, 37.06796 ], [ -121.80213, 37.06793 ], [ -121.802, 37.06787 ], [ -121.8017, 37.06766 ], [ -121.801666, 37.067629 ], [ -121.80151, 37.06749 ], [ -121.80147, 37.06742 ], [ -121.80145, 37.06737 ], [ -121.80142, 37.06712 ], [ -121.80139, 37.06696 ], [ -121.80137, 37.06689 ], [ -121.8012, 37.06671 ], [ -121.80095, 37.06638 ], [ -121.8009, 37.06629 ], [ -121.80087, 37.06622 ], [ -121.80086, 37.06611 ], [ -121.80084, 37.06604 ], [ -121.80047, 37.06569 ], [ -121.80033, 37.0655 ], [ -121.80031, 37.06547 ], [ -121.80023, 37.06543 ], [ -121.80018, 37.06542 ], [ -121.79996, 37.06541 ], [ -121.79969, 37.0654 ], [ -121.79955, 37.06538 ], [ -121.79942, 37.06534 ], [ -121.7991, 37.06522 ], [ -121.79861, 37.06502 ], [ -121.79843, 37.06493 ], [ -121.79814, 37.06476 ], [ -121.79783, 37.0646 ], [ -121.79777, 37.06456 ], [ -121.79749, 37.06423 ], [ -121.79743, 37.06418 ], [ -121.79694, 37.06389 ], [ -121.79676, 37.0638 ], [ -121.79668, 37.06378 ], [ -121.79649, 37.06376 ], [ -121.79637, 37.06374 ], [ -121.79609, 37.06363 ], [ -121.79595, 37.06357 ], [ -121.79589, 37.06356 ], [ -121.79582, 37.06356 ], [ -121.79576, 37.06358 ], [ -121.79573, 37.06358 ], [ -121.79564, 37.06361 ], [ -121.79545, 37.06366 ], [ -121.79527, 37.06369 ], [ -121.795196, 37.063706 ], [ -121.79518, 37.06371 ], [ -121.79502, 37.06378 ], [ -121.79496, 37.06378 ], [ -121.79467, 37.06375 ], [ -121.79453, 37.06375 ], [ -121.79437, 37.06377 ], [ -121.7943, 37.06383 ], [ -121.79427, 37.06387 ], [ -121.79422, 37.06397 ], [ -121.79414, 37.06408 ], [ -121.79407, 37.06415 ], [ -121.79395, 37.06423 ], [ -121.79383, 37.06427 ], [ -121.79369, 37.0643 ], [ -121.79355, 37.06431 ], [ -121.79338, 37.06427 ], [ -121.79319, 37.06419 ], [ -121.79297, 37.06404 ], [ -121.79288, 37.06399 ], [ -121.79283, 37.06398 ], [ -121.79262, 37.06396 ], [ -121.79253, 37.06396 ], [ -121.79233, 37.06391 ], [ -121.792244, 37.063896 ], [ -121.79215, 37.06388 ], [ -121.792113, 37.06388 ], [ -121.79141, 37.06388 ], [ -121.79132, 37.06386 ], [ -121.79123, 37.06383 ], [ -121.79108, 37.06371 ], [ -121.79104, 37.06369 ], [ -121.79099, 37.06369 ], [ -121.79083, 37.0637 ], [ -121.79071, 37.0637 ], [ -121.79065, 37.06368 ], [ -121.790616, 37.063665 ], [ -121.79047, 37.0636 ], [ -121.7902, 37.06363 ], [ -121.79014, 37.06363 ], [ -121.79004, 37.06359 ], [ -121.78986, 37.0634 ], [ -121.78976, 37.06333 ], [ -121.78971, 37.06331 ], [ -121.78936, 37.0633 ], [ -121.7893, 37.06329 ], [ -121.78923, 37.06326 ], [ -121.78916, 37.06319 ], [ -121.78898, 37.06296 ], [ -121.7889, 37.06289 ], [ -121.78883, 37.06286 ], [ -121.78877, 37.06284 ], [ -121.78845, 37.06281 ], [ -121.78832, 37.06277 ], [ -121.78828, 37.06273 ], [ -121.78825, 37.06266 ], [ -121.78822, 37.06245 ], [ -121.78822, 37.06239 ], [ -121.78818, 37.06232 ], [ -121.78812, 37.06227 ], [ -121.78801, 37.06221 ], [ -121.78788, 37.06215 ], [ -121.78772, 37.0621 ], [ -121.78755, 37.06207 ], [ -121.78741, 37.06206 ], [ -121.78727, 37.06207 ], [ -121.78707, 37.06209 ], [ -121.78674, 37.06216 ], [ -121.78656, 37.06216 ], [ -121.78647, 37.06215 ], [ -121.786292, 37.062087 ], [ -121.78616, 37.06204 ], [ -121.78604, 37.06199 ], [ -121.78594, 37.06193 ], [ -121.7858, 37.0618 ], [ -121.78558, 37.06149 ], [ -121.78542, 37.06123 ], [ -121.78532, 37.06108 ], [ -121.78522, 37.06099 ], [ -121.78513, 37.060925 ], [ -121.78511, 37.06091 ], [ -121.78498, 37.06087 ], [ -121.78489, 37.06085 ], [ -121.78479, 37.06082 ], [ -121.78469, 37.06077 ], [ -121.78451, 37.06066 ], [ -121.7843, 37.06043 ], [ -121.78413, 37.06023 ], [ -121.78393, 37.06003 ], [ -121.78363, 37.05982 ], [ -121.78346, 37.05972 ], [ -121.78325, 37.05957 ], [ -121.78308, 37.05946 ], [ -121.78299, 37.05937 ], [ -121.78293, 37.05932 ], [ -121.78268, 37.05904 ], [ -121.78242, 37.05877 ], [ -121.78239, 37.058742 ], [ -121.78211, 37.05848 ], [ -121.78201, 37.05836 ], [ -121.78194, 37.0582 ], [ -121.78188, 37.05803 ], [ -121.78177, 37.05776 ], [ -121.78166, 37.05753 ], [ -121.78163, 37.05714 ], [ -121.781618, 37.057109 ], [ -121.781593, 37.057042 ], [ -121.78155, 37.056991 ], [ -121.781018, 37.056737 ], [ -121.779158, 37.056059 ], [ -121.778257, 37.056065 ], [ -121.77806, 37.05585 ], [ -121.77789, 37.05559 ], [ -121.777831, 37.055513 ], [ -121.77776, 37.05542 ], [ -121.77767, 37.05534 ], [ -121.77749, 37.05525 ], [ -121.77721, 37.05518 ], [ -121.77695, 37.05512 ], [ -121.776824, 37.055098 ], [ -121.77672, 37.05508 ], [ -121.77656, 37.05507 ], [ -121.7764, 37.05505 ], [ -121.77628, 37.05503 ], [ -121.77617, 37.05497 ], [ -121.77609, 37.05492 ], [ -121.77605, 37.05486 ], [ -121.776042, 37.054753 ], [ -121.77603, 37.05458 ], [ -121.77601, 37.05445 ], [ -121.77597, 37.05409 ], [ -121.77591, 37.0538 ], [ -121.77581, 37.0535 ], [ -121.77576, 37.05337 ], [ -121.77569, 37.05326 ], [ -121.77564, 37.05323 ], [ -121.775509, 37.053127 ], [ -121.77545, 37.05308 ], [ -121.77533, 37.05302 ], [ -121.77526, 37.05298 ], [ -121.77517, 37.05296 ], [ -121.77505, 37.05296 ], [ -121.77488, 37.05297 ], [ -121.77458, 37.05301 ], [ -121.77438, 37.053 ], [ -121.77422, 37.05297 ], [ -121.77407, 37.05295 ], [ -121.77379, 37.05287 ], [ -121.77342, 37.05275 ], [ -121.77311, 37.05266 ], [ -121.77295, 37.05262 ], [ -121.77266, 37.05262 ], [ -121.77248, 37.05266 ], [ -121.77229, 37.05272 ], [ -121.77171, 37.05274 ], [ -121.77152, 37.05276 ], [ -121.771311, 37.052822 ], [ -121.77097, 37.05291 ], [ -121.77078, 37.05301 ], [ -121.77055, 37.05322 ], [ -121.77046, 37.05326 ], [ -121.77033, 37.05328 ], [ -121.77004, 37.05329 ], [ -121.76962, 37.05326 ], [ -121.7694, 37.05323 ], [ -121.76891, 37.05307 ], [ -121.76873, 37.05306 ], [ -121.76792, 37.05308 ], [ -121.76786, 37.05311 ], [ -121.76764, 37.0532 ], [ -121.76746, 37.05329 ], [ -121.76734, 37.05332 ], [ -121.76723, 37.05332 ], [ -121.76696, 37.05328 ], [ -121.76655, 37.05315 ], [ -121.76627, 37.05303 ], [ -121.76593, 37.05279 ], [ -121.76581, 37.05271 ], [ -121.76563, 37.05263 ], [ -121.765442, 37.052577 ], [ -121.76538, 37.05256 ], [ -121.76519, 37.05252 ], [ -121.76485, 37.05247 ], [ -121.764709, 37.052459 ], [ -121.76448, 37.05244 ], [ -121.76432, 37.05236 ], [ -121.76414, 37.05226 ], [ -121.76383, 37.05214 ], [ -121.76339, 37.05196 ], [ -121.76328, 37.05189 ], [ -121.76323, 37.05184 ], [ -121.76322, 37.05177 ], [ -121.76325, 37.05096 ], [ -121.76328, 37.05072 ], [ -121.76332, 37.05066 ], [ -121.76339, 37.0506 ], [ -121.76344, 37.05055 ], [ -121.76354, 37.0505 ], [ -121.76366, 37.05043 ], [ -121.76383, 37.05036 ], [ -121.76391, 37.0503 ], [ -121.764091, 37.050118 ], [ -121.76413, 37.05008 ], [ -121.76423, 37.04991 ], [ -121.76428, 37.04986 ], [ -121.76437, 37.04982 ], [ -121.76447, 37.04979 ], [ -121.76461, 37.04979 ], [ -121.764774, 37.049774 ], [ -121.76482, 37.04977 ], [ -121.76487, 37.04973 ], [ -121.764902, 37.049674 ], [ -121.76492, 37.04961 ], [ -121.76488, 37.04947 ], [ -121.764851, 37.049423 ], [ -121.7648, 37.04934 ], [ -121.76468, 37.04922 ], [ -121.76453, 37.04912 ], [ -121.76443, 37.04907 ], [ -121.76418, 37.04899 ], [ -121.76413, 37.04896 ], [ -121.76409, 37.0489 ], [ -121.76404, 37.04881 ], [ -121.76395, 37.04868 ], [ -121.763881, 37.048603 ], [ -121.76387, 37.04859 ], [ -121.7638, 37.04854 ], [ -121.76372, 37.04851 ], [ -121.7635, 37.04841 ], [ -121.76339, 37.04837 ], [ -121.76332, 37.04835 ], [ -121.76319, 37.04836 ], [ -121.763079, 37.04836 ], [ -121.76278, 37.04836 ], [ -121.76274, 37.04834 ], [ -121.7627, 37.04831 ], [ -121.762678, 37.048282 ], [ -121.76266, 37.04826 ], [ -121.76261, 37.04818 ], [ -121.76254, 37.04809 ], [ -121.76242, 37.04801 ], [ -121.76199, 37.04782 ], [ -121.761337, 37.04771 ], [ -121.760678, 37.0476 ], [ -121.7582, 37.04879 ], [ -121.75812, 37.04883 ], [ -121.75798, 37.04894 ], [ -121.75791, 37.04902 ], [ -121.7577, 37.04947 ], [ -121.7576, 37.04963 ], [ -121.75691, 37.04924 ], [ -121.7568, 37.04918 ], [ -121.75656, 37.04921 ], [ -121.75639, 37.04917 ], [ -121.756376, 37.049166 ], [ -121.75618, 37.04911 ], [ -121.75587, 37.04912 ], [ -121.755846, 37.049118 ], [ -121.75562, 37.0491 ], [ -121.75548, 37.04903 ], [ -121.75536, 37.04892 ], [ -121.75529, 37.04868 ], [ -121.75508, 37.04854 ], [ -121.75492, 37.04845 ], [ -121.75488, 37.0484 ], [ -121.75484, 37.0483 ], [ -121.75482, 37.04792 ], [ -121.75478, 37.0477 ], [ -121.75472, 37.04747 ], [ -121.75471, 37.04745 ], [ -121.75466, 37.04731 ], [ -121.75461, 37.04721 ], [ -121.75449, 37.04711 ], [ -121.75424, 37.04686 ], [ -121.75411, 37.04671 ], [ -121.75404, 37.04658 ], [ -121.75402, 37.04651 ], [ -121.75401, 37.04644 ], [ -121.75403, 37.04635 ], [ -121.75408, 37.0462 ], [ -121.75408, 37.04611 ], [ -121.75406, 37.04606 ], [ -121.75399, 37.04599 ], [ -121.75344, 37.04557 ], [ -121.75338, 37.0455 ], [ -121.7533, 37.04531 ], [ -121.753213, 37.045136 ], [ -121.75312, 37.04495 ], [ -121.75302, 37.04468 ], [ -121.75297, 37.04461 ], [ -121.752355, 37.0438 ], [ -121.747761, 37.037749 ], [ -121.747558, 37.037315 ], [ -121.746827, 37.035749 ], [ -121.746361, 37.034749 ], [ -121.744335, 37.033672 ], [ -121.74414, 37.03332 ], [ -121.743924, 37.032923 ], [ -121.743452, 37.032053 ], [ -121.74344, 37.03203 ], [ -121.74299, 37.03127 ], [ -121.74277, 37.03089 ], [ -121.74259, 37.03055 ], [ -121.74238, 37.03024 ], [ -121.74178, 37.02963 ], [ -121.74088, 37.02875 ], [ -121.740806, 37.028679 ], [ -121.740542, 37.028427 ], [ -121.739765, 37.027684 ], [ -121.73932, 37.02731 ], [ -121.73913, 37.02718 ], [ -121.739077, 37.027157 ], [ -121.73873, 37.027008 ], [ -121.73864, 37.02697 ], [ -121.73744, 37.02652 ], [ -121.73661, 37.02619 ], [ -121.73584, 37.0259 ], [ -121.73524, 37.025664 ], [ -121.73408, 37.02521 ], [ -121.733965, 37.025164 ], [ -121.733623, 37.025026 ], [ -121.73351, 37.02498 ], [ -121.73303, 37.02479 ], [ -121.73204, 37.02442 ], [ -121.731833, 37.024339 ], [ -121.73109, 37.02405 ], [ -121.73039, 37.02377 ], [ -121.72989, 37.02356 ], [ -121.72925, 37.02333 ], [ -121.72904, 37.02322 ], [ -121.72782, 37.02275 ], [ -121.72749, 37.02259 ], [ -121.72723, 37.02242 ], [ -121.72696, 37.02223 ], [ -121.726915, 37.022195 ], [ -121.72678, 37.02209 ], [ -121.72667, 37.02197 ], [ -121.72658, 37.02189 ], [ -121.72606, 37.02126 ], [ -121.725826, 37.020793 ], [ -121.72582, 37.02078 ], [ -121.725814, 37.020764 ], [ -121.725781, 37.020678 ], [ -121.725771, 37.02065 ], [ -121.726279, 37.020704 ], [ -121.727806, 37.020867 ], [ -121.728315, 37.020922 ], [ -121.72869, 37.019926 ], [ -121.730814, 37.020324 ], [ -121.730439, 37.022218 ], [ -121.731313, 37.022417 ], [ -121.731531, 37.0221 ], [ -121.73464, 37.017586 ], [ -121.736186, 37.015342 ], [ -121.727815, 37.009862 ], [ -121.72727, 37.010817 ], [ -121.726566, 37.012054 ], [ -121.723578, 37.009665 ], [ -121.72265, 37.008924 ], [ -121.722396, 37.008834 ], [ -121.721636, 37.008564 ], [ -121.721383, 37.008474 ], [ -121.718871, 37.007595 ], [ -121.718762, 37.007557 ], [ -121.718868, 37.007462 ], [ -121.718943, 37.007396 ], [ -121.719412, 37.006977 ], [ -121.72758, 36.999694 ], [ -121.729624, 36.997872 ], [ -121.72896, 36.99725 ], [ -121.728346, 36.99682 ], [ -121.728788, 36.995993 ], [ -121.729008, 36.995347 ], [ -121.729661, 36.99454 ], [ -121.729672, 36.993851 ], [ -121.729807, 36.993555 ], [ -121.730151, 36.993326 ], [ -121.730705, 36.992946 ], [ -121.731328, 36.992709 ], [ -121.732126, 36.992723 ], [ -121.732308, 36.992762 ], [ -121.732525, 36.992729 ], [ -121.733094, 36.992713 ], [ -121.733522, 36.992745 ], [ -121.734184, 36.992766 ], [ -121.734598, 36.99242 ], [ -121.734828, 36.99223 ], [ -121.735038, 36.991783 ], [ -121.734908, 36.991275 ], [ -121.734853, 36.99105 ], [ -121.735042, 36.991 ], [ -121.735349, 36.990919 ], [ -121.736198, 36.990605 ], [ -121.737205, 36.99039 ], [ -121.738627, 36.990085 ], [ -121.738657, 36.990044 ], [ -121.738697, 36.989991 ], [ -121.738642, 36.989976 ], [ -121.736385, 36.989367 ], [ -121.73567, 36.989641 ], [ -121.734689, 36.989336 ], [ -121.734291, 36.989368 ], [ -121.734138, 36.989361 ], [ -121.734014, 36.989423 ], [ -121.733231, 36.989809 ], [ -121.732629, 36.989715 ], [ -121.732312, 36.989664 ], [ -121.731876, 36.989868 ], [ -121.731612, 36.990056 ], [ -121.730471, 36.990822 ], [ -121.717925, 36.995544 ], [ -121.717878, 36.995561 ], [ -121.717858, 36.995504 ], [ -121.717855, 36.995417 ], [ -121.717819, 36.995272 ], [ -121.717784, 36.995158 ], [ -121.717699, 36.995043 ], [ -121.717626, 36.994971 ], [ -121.717521, 36.994906 ], [ -121.717613, 36.994607 ], [ -121.717519, 36.994522 ], [ -121.717329, 36.994299 ], [ -121.717191, 36.994158 ], [ -121.71709, 36.99407 ], [ -121.71685, 36.994 ], [ -121.71646, 36.99386 ], [ -121.71613, 36.99372 ], [ -121.715775, 36.993576 ], [ -121.71547, 36.99345 ], [ -121.7153, 36.99339 ], [ -121.71524, 36.99335 ], [ -121.71491, 36.99322 ], [ -121.71466, 36.99313 ], [ -121.71458, 36.99312 ], [ -121.71436, 36.99315 ], [ -121.712858, 36.993113 ], [ -121.710918, 36.993066 ], [ -121.710405, 36.992341 ], [ -121.710995, 36.991819 ], [ -121.711255, 36.99097 ], [ -121.711375, 36.990581 ], [ -121.7107, 36.98972 ], [ -121.710532, 36.989728 ], [ -121.710028, 36.989752 ], [ -121.70986, 36.98976 ], [ -121.70981, 36.990603 ], [ -121.70903, 36.990266 ], [ -121.708489, 36.990033 ], [ -121.707299, 36.989719 ], [ -121.705509, 36.98936 ], [ -121.705387, 36.987932 ], [ -121.705244, 36.986245 ], [ -121.702182, 36.986173 ], [ -121.701159, 36.98615 ], [ -121.699658, 36.98625 ], [ -121.695358, 36.98515 ], [ -121.695265, 36.98293 ], [ -121.695258, 36.98275 ], [ -121.696658, 36.98135 ], [ -121.696222, 36.98056 ], [ -121.696216, 36.980403 ], [ -121.696201, 36.979934 ], [ -121.696197, 36.979778 ], [ -121.69692, 36.9791 ], [ -121.697289, 36.978488 ], [ -121.697679, 36.977745 ], [ -121.697885, 36.976818 ], [ -121.697899, 36.976756 ], [ -121.698119, 36.975948 ], [ -121.698428, 36.974984 ], [ -121.698308, 36.974048 ], [ -121.698258, 36.973385 ], [ -121.698129, 36.972605 ], [ -121.697829, 36.972098 ], [ -121.697149, 36.971488 ], [ -121.69659, 36.971124 ], [ -121.695831, 36.97045 ], [ -121.695211, 36.969917 ], [ -121.694721, 36.969437 ], [ -121.694032, 36.968957 ], [ -121.693578, 36.968504 ], [ -121.693303, 36.96823 ], [ -121.692353, 36.967998 ], [ -121.691774, 36.967843 ], [ -121.69029, 36.967483 ], [ -121.690178, 36.967371 ], [ -121.690158, 36.967351 ], [ -121.689715, 36.967351 ], [ -121.689558, 36.967351 ], [ -121.688762, 36.967174 ], [ -121.687758, 36.966951 ], [ -121.686658, 36.967451 ], [ -121.686456, 36.96741 ], [ -121.685658, 36.967251 ], [ -121.684949, 36.96718 ], [ -121.683658, 36.967051 ], [ -121.682846, 36.967267 ], [ -121.682158, 36.967451 ], [ -121.68111, 36.967558 ], [ -121.678258, 36.96785 ], [ -121.678062, 36.967633 ], [ -121.677357, 36.966851 ], [ -121.677357, 36.966748 ], [ -121.677357, 36.966551 ], [ -121.677255, 36.966504 ], [ -121.677162, 36.966461 ], [ -121.677195, 36.966035 ], [ -121.677235, 36.965547 ], [ -121.676493, 36.96582 ], [ -121.676093, 36.965968 ], [ -121.67568, 36.965777 ], [ -121.674757, 36.965351 ], [ -121.674411, 36.965351 ], [ -121.673957, 36.965351 ], [ -121.67357, 36.96538 ], [ -121.672657, 36.965451 ], [ -121.672579, 36.965218 ], [ -121.672457, 36.964851 ], [ -121.672379, 36.964656 ], [ -121.672257, 36.964351 ], [ -121.671962, 36.964409 ], [ -121.671757, 36.964451 ], [ -121.670414, 36.963855 ], [ -121.66993, 36.963641 ], [ -121.66613, 36.96434 ], [ -121.666118, 36.964334 ], [ -121.664787, 36.963714 ], [ -121.664681, 36.963601 ], [ -121.664363, 36.963263 ], [ -121.664257, 36.963151 ], [ -121.664106, 36.961896 ], [ -121.663957, 36.960651 ], [ -121.662857, 36.959151 ], [ -121.662996, 36.958487 ], [ -121.663257, 36.957251 ], [ -121.663646, 36.956485 ], [ -121.66433, 36.95514 ], [ -121.663763, 36.954234 ], [ -121.663307, 36.953507 ], [ -121.663269, 36.952271 ], [ -121.663257, 36.951851 ], [ -121.661557, 36.951751 ], [ -121.660095, 36.951132 ], [ -121.658957, 36.950651 ], [ -121.658357, 36.950551 ], [ -121.657557, 36.950651 ], [ -121.655119, 36.95105 ], [ -121.654038, 36.950584 ], [ -121.653675, 36.947717 ], [ -121.652271, 36.947628 ], [ -121.652856, 36.945751 ], [ -121.654056, 36.944751 ], [ -121.653756, 36.943851 ], [ -121.653226, 36.942263 ], [ -121.653056, 36.941751 ], [ -121.649998, 36.938474 ], [ -121.648856, 36.937251 ], [ -121.648446, 36.936576 ], [ -121.647218, 36.934551 ], [ -121.646809, 36.933876 ], [ -121.645791, 36.93233 ], [ -121.645744, 36.932328 ], [ -121.642876, 36.932264 ], [ -121.641414, 36.932232 ], [ -121.639953, 36.930948 ], [ -121.63701, 36.930745 ], [ -121.643405, 36.92246 ], [ -121.643409, 36.922378 ], [ -121.646574, 36.919026 ], [ -121.642792, 36.91666 ], [ -121.644396, 36.914359 ], [ -121.645793, 36.914392 ], [ -121.647561, 36.913768 ], [ -121.647848, 36.915181 ], [ -121.650315, 36.913767 ], [ -121.652677, 36.912127 ], [ -121.653529, 36.91137 ], [ -121.653631, 36.911488 ], [ -121.653749, 36.911641 ], [ -121.653802, 36.911698 ], [ -121.653885, 36.911825 ], [ -121.653966, 36.911912 ], [ -121.654166, 36.912107 ], [ -121.654255, 36.912188 ], [ -121.65449, 36.912352 ], [ -121.654553, 36.912403 ], [ -121.654818, 36.912592 ], [ -121.65489, 36.912633 ], [ -121.655124, 36.912796 ], [ -121.655194, 36.912838 ], [ -121.655227, 36.912863 ], [ -121.65546, 36.912974 ], [ -121.655782, 36.913109 ], [ -121.655867, 36.913135 ], [ -121.655907, 36.913153 ], [ -121.656035, 36.913192 ], [ -121.656078, 36.9132 ], [ -121.656208, 36.913235 ], [ -121.656375, 36.913291 ], [ -121.65642, 36.913298 ], [ -121.656673, 36.913375 ], [ -121.65693, 36.913446 ], [ -121.657009, 36.913479 ], [ -121.657156, 36.913562 ], [ -121.657352, 36.913652 ], [ -121.657474, 36.913699 ], [ -121.657729, 36.913774 ], [ -121.657904, 36.913814 ], [ -121.658727, 36.913866 ], [ -121.658908, 36.913862 ], [ -121.658999, 36.913877 ], [ -121.65904, 36.91389 ], [ -121.65913, 36.913902 ], [ -121.659262, 36.91393 ], [ -121.659353, 36.913941 ], [ -121.659444, 36.913946 ], [ -121.659622, 36.913972 ], [ -121.65976, 36.913982 ], [ -121.659897, 36.913985 ], [ -121.660031, 36.914005 ], [ -121.660117, 36.914027 ], [ -121.660182, 36.914036 ], [ -121.660296, 36.914053 ], [ -121.660339, 36.914064 ], [ -121.660565, 36.914091 ], [ -121.660738, 36.914133 ], [ -121.660828, 36.914146 ], [ -121.661149, 36.914175 ], [ -121.661241, 36.914177 ], [ -121.661422, 36.914164 ], [ -121.661513, 36.914164 ], [ -121.661649, 36.914155 ], [ -121.661784, 36.914138 ], [ -121.662054, 36.914088 ], [ -121.66271, 36.913815 ], [ -121.662826, 36.913755 ], [ -121.662861, 36.91373 ], [ -121.662944, 36.913699 ], [ -121.663025, 36.913665 ], [ -121.663152, 36.913621 ], [ -121.66319, 36.913598 ], [ -121.663308, 36.913541 ], [ -121.663472, 36.91347 ], [ -121.663534, 36.91346 ], [ -121.663572, 36.913439 ], [ -121.663704, 36.913405 ], [ -121.664385, 36.913314 ], [ -121.664474, 36.913297 ], [ -121.664518, 36.913284 ], [ -121.664762, 36.913177 ], [ -121.664787, 36.913162 ], [ -121.66487, 36.913109 ], [ -121.665034, 36.912979 ], [ -121.665288, 36.912765 ], [ -121.665387, 36.912689 ], [ -121.665582, 36.912589 ], [ -121.665704, 36.912538 ], [ -121.66584, 36.912515 ], [ -121.665929, 36.912495 ], [ -121.666379, 36.912408 ], [ -121.666467, 36.912385 ], [ -121.666507, 36.912366 ], [ -121.66655, 36.912354 ], [ -121.666642, 36.912347 ], [ -121.6671, 36.91229 ], [ -121.66731, 36.912214 ], [ -121.667386, 36.912172 ], [ -121.667623, 36.912055 ], [ -121.667659, 36.912033 ], [ -121.667691, 36.912006 ], [ -121.667746, 36.911948 ], [ -121.66812, 36.911617 ], [ -121.668252, 36.911467 ], [ -121.66834, 36.911381 ], [ -121.668431, 36.911212 ], [ -121.668494, 36.911114 ], [ -121.66852, 36.911083 ], [ -121.66858, 36.911026 ], [ -121.668659, 36.910987 ], [ -121.668696, 36.910965 ], [ -121.668764, 36.910915 ], [ -121.668851, 36.910828 ], [ -121.668927, 36.910736 ], [ -121.66901, 36.910647 ], [ -121.669052, 36.910582 ], [ -121.66913, 36.910491 ], [ -121.669163, 36.910464 ], [ -121.669245, 36.910375 ], [ -121.669343, 36.910252 ], [ -121.669564, 36.910017 ], [ -121.669584, 36.909983 ], [ -121.669611, 36.909954 ], [ -121.669644, 36.909924 ], [ -121.669714, 36.909831 ], [ -121.669768, 36.909771 ], [ -121.669969, 36.909567 ], [ -121.670092, 36.909457 ], [ -121.670159, 36.909406 ], [ -121.670535, 36.909189 ], [ -121.670621, 36.909161 ], [ -121.67066, 36.90914 ], [ -121.670961, 36.909044 ], [ -121.671136, 36.908995 ], [ -121.671182, 36.90899 ], [ -121.671271, 36.908972 ], [ -121.671354, 36.908943 ], [ -121.671445, 36.908928 ], [ -121.671533, 36.908905 ], [ -121.671892, 36.908854 ], [ -121.671981, 36.908847 ], [ -121.672161, 36.908819 ], [ -121.672338, 36.908778 ], [ -121.672511, 36.908726 ], [ -121.672589, 36.908687 ], [ -121.672673, 36.908656 ], [ -121.672901, 36.908528 ], [ -121.67301, 36.908459 ], [ -121.673085, 36.908417 ], [ -121.673221, 36.908317 ], [ -121.673375, 36.908234 ], [ -121.673461, 36.908172 ], [ -121.672617, 36.90403 ], [ -121.670764, 36.904408 ], [ -121.670552, 36.903172 ], [ -121.670173, 36.900744 ], [ -121.670239, 36.900736 ], [ -121.670237, 36.900723 ], [ -121.6697, 36.897219 ], [ -121.669865, 36.897098 ], [ -121.676041, 36.8971 ], [ -121.676082, 36.89641 ], [ -121.675825, 36.896249 ], [ -121.675601, 36.896072 ], [ -121.673915, 36.894576 ], [ -121.674941, 36.894768 ], [ -121.674834, 36.894579 ], [ -121.67421, 36.89405 ], [ -121.674281, 36.891318 ], [ -121.674193, 36.889994 ], [ -121.674223, 36.8895 ], [ -121.674163, 36.878597 ], [ -121.673832, 36.876692 ], [ -121.673738, 36.876152 ], [ -121.67335, 36.876259 ], [ -121.671441, 36.876786 ], [ -121.672244, 36.875264 ], [ -121.673532, 36.872817 ], [ -121.673771, 36.872365 ], [ -121.674222, 36.871508 ], [ -121.675986, 36.871296 ], [ -121.679656, 36.870848 ], [ -121.681053, 36.870848 ], [ -121.68186, 36.869641 ], [ -121.681643, 36.869477 ], [ -121.681569, 36.869244 ], [ -121.681656, 36.869014 ], [ -121.682377, 36.868301 ], [ -121.682928, 36.86773 ], [ -121.682652, 36.866317 ], [ -121.683424, 36.865903 ], [ -121.683332, 36.865057 ], [ -121.683185, 36.864552 ], [ -121.68415, 36.86412 ], [ -121.685281, 36.864046 ], [ -121.685023, 36.862971 ], [ -121.686071, 36.862677 ], [ -121.686365, 36.863761 ], [ -121.687744, 36.862181 ], [ -121.688065, 36.861877 ], [ -121.688027, 36.861594 ], [ -121.687951, 36.861351 ], [ -121.687786, 36.860931 ], [ -121.688081, 36.860861 ], [ -121.688398, 36.860755 ], [ -121.688701, 36.860623 ], [ -121.690176, 36.860046 ], [ -121.690414, 36.859953 ], [ -121.690868, 36.859804 ], [ -121.691338, 36.859682 ], [ -121.691815, 36.859588 ], [ -121.692301, 36.859522 ], [ -121.693306, 36.859447 ], [ -121.693339, 36.859445 ], [ -121.693523, 36.858868 ], [ -121.693978, 36.856915 ], [ -121.694067, 36.856858 ], [ -121.694183, 36.856846 ], [ -121.694015, 36.85646 ], [ -121.693942, 36.856307 ], [ -121.693814, 36.856082 ], [ -121.693777, 36.856041 ], [ -121.693547, 36.855722 ], [ -121.693283, 36.85542 ], [ -121.691853, 36.85402 ], [ -121.691255, 36.853431 ], [ -121.691104, 36.853266 ], [ -121.69083, 36.852923 ], [ -121.690592, 36.852562 ], [ -121.690486, 36.852376 ], [ -121.690307, 36.851995 ], [ -121.690303, 36.851984 ], [ -121.690439, 36.851955 ], [ -121.701661, 36.848571 ], [ -121.701611, 36.847018 ], [ -121.701579, 36.845775 ], [ -121.702112, 36.845616 ], [ -121.700181, 36.842308 ], [ -121.699056, 36.840359 ], [ -121.698161, 36.838849 ], [ -121.700085, 36.838957 ], [ -121.705484, 36.839281 ], [ -121.705298, 36.839302 ], [ -121.705367, 36.839306 ], [ -121.707301, 36.840164 ], [ -121.708168, 36.840911 ], [ -121.709595, 36.842722 ], [ -121.710308, 36.842831 ], [ -121.710367, 36.844524 ], [ -121.710417, 36.845903 ], [ -121.717508, 36.843753 ], [ -121.717998, 36.842895 ], [ -121.718127, 36.84267 ], [ -121.719274, 36.842581 ], [ -121.720929, 36.842453 ], [ -121.721311, 36.842599 ], [ -121.72197, 36.842884 ], [ -121.722987, 36.841758 ], [ -121.723492, 36.841199 ], [ -121.723651, 36.84134 ], [ -121.723971, 36.841545 ], [ -121.724848, 36.84221 ], [ -121.724944, 36.842343 ], [ -121.726546, 36.84175 ], [ -121.725494, 36.841106 ], [ -121.724906, 36.840722 ], [ -121.725216, 36.840591 ], [ -121.725525, 36.840444 ], [ -121.725789, 36.840336 ], [ -121.726536, 36.840807 ], [ -121.726768, 36.840944 ], [ -121.726974, 36.840681 ], [ -121.727011, 36.840671 ], [ -121.727741, 36.839685 ], [ -121.727854, 36.839744 ], [ -121.728004, 36.840024 ], [ -121.728295, 36.839943 ], [ -121.728755, 36.840152 ], [ -121.72899, 36.84027 ], [ -121.729004, 36.840266 ], [ -121.733599, 36.838873 ], [ -121.733665, 36.838832 ], [ -121.733536, 36.838729 ], [ -121.733385, 36.838608 ], [ -121.733206, 36.838443 ], [ -121.733055, 36.838261 ], [ -121.732933, 36.838065 ], [ -121.732837, 36.837772 ], [ -121.732768, 36.837634 ], [ -121.732677, 36.837504 ], [ -121.732567, 36.837384 ], [ -121.732198, 36.837088 ], [ -121.732082, 36.836866 ], [ -121.732162, 36.835976 ], [ -121.732286, 36.835775 ], [ -121.732428, 36.835586 ], [ -121.73256, 36.835381 ], [ -121.732621, 36.835276 ], [ -121.732728, 36.835033 ], [ -121.732759, 36.834882 ], [ -121.732812, 36.834125 ], [ -121.73285, 36.833787 ], [ -121.732953, 36.833553 ], [ -121.733226, 36.833049 ], [ -121.733807, 36.831526 ], [ -121.733882, 36.831271 ], [ -121.734007, 36.831078 ], [ -121.734387, 36.830672 ], [ -121.734438, 36.830416 ], [ -121.734217, 36.830071 ], [ -121.733134, 36.829149 ], [ -121.733779, 36.828896 ], [ -121.734791, 36.82877 ], [ -121.736243, 36.828733 ], [ -121.737459, 36.828722 ], [ -121.738529, 36.828863 ], [ -121.739184, 36.828927 ], [ -121.739238, 36.8289 ], [ -121.74024, 36.82893 ], [ -121.740861, 36.82907 ], [ -121.74096, 36.829155 ], [ -121.741264, 36.829278 ], [ -121.741462, 36.829522 ], [ -121.741477, 36.829781 ], [ -121.741569, 36.830056 ], [ -121.741767, 36.83017 ], [ -121.74206, 36.830255 ], [ -121.742018, 36.830361 ], [ -121.741844, 36.830804 ], [ -121.741584, 36.831956 ], [ -121.741401, 36.833222 ], [ -121.74134, 36.834473 ], [ -121.741462, 36.835618 ], [ -121.741722, 36.836747 ], [ -121.742149, 36.837678 ], [ -121.74258, 36.83829 ], [ -121.743186, 36.838326 ], [ -121.750709, 36.838227 ], [ -121.761679, 36.838214 ], [ -121.770969, 36.838271 ], [ -121.773616, 36.838251 ], [ -121.775743, 36.83826 ], [ -121.778086, 36.838239 ], [ -121.779624, 36.838238 ], [ -121.782213, 36.838212 ], [ -121.786601, 36.838211 ], [ -121.787864, 36.838197 ], [ -121.788945, 36.838185 ], [ -121.790203, 36.838184 ], [ -121.793069, 36.838181 ], [ -121.795258, 36.838142 ], [ -121.795973, 36.837992 ], [ -121.795995, 36.838016 ], [ -121.796106, 36.838047 ], [ -121.798146, 36.838021 ], [ -121.798968, 36.838023 ], [ -121.799218, 36.838068 ], [ -121.800691, 36.83804 ], [ -121.802194, 36.838041 ], [ -121.802281, 36.838043 ], [ -121.802703, 36.838058 ], [ -121.804173, 36.838056 ], [ -121.804266, 36.838284 ], [ -121.806132, 36.842872 ], [ -121.808329, 36.846992 ], [ -121.809063, 36.848054 ], [ -121.809168, 36.848259 ], [ -121.809363, 36.848654 ], [ -121.810167, 36.850121 ], [ -121.810469, 36.850671 ], [ -121.81111, 36.850495 ], [ -121.811751, 36.850319 ], [ -121.813211, 36.849918 ], [ -121.81467, 36.849517 ], [ -121.814683, 36.849534 ], [ -121.823524, 36.848011 ], [ -121.834995, 36.846036 ], [ -121.85005, 36.843444 ], [ -121.855308, 36.842539 ], [ -121.8571, 36.84223 ], [ -121.858893, 36.841922 ], [ -121.862327, 36.84133 ], [ -121.872632, 36.839555 ], [ -121.875214, 36.839111 ], [ -121.876075, 36.839013 ], [ -121.876075, 36.838973 ], [ -121.899006, 36.836274 ], [ -121.9334, 36.832227 ], [ -121.9678, 36.828178 ], [ -121.990732, 36.825479 ], [ -121.990777, 36.825473 ], [ -121.990912, 36.825457 ], [ -121.990958, 36.825452 ], [ -121.99298, 36.825213 ], [ -121.999048, 36.824499 ], [ -122.001071, 36.824262 ], [ -122.001071, 36.824248 ], [ -122.001071, 36.824206 ], [ -122.001071, 36.824192 ], [ -122.011232, 36.823273 ], [ -122.023985, 36.822121 ], [ -122.041716, 36.820518 ], [ -122.051878, 36.8196 ], [ -122.046187, 36.821682 ] ] ] } },
{ "type": "Feature", "properties": { "STATEFP": "06", "UNSDLEA": "91136", "GEOID": "0691136", "GEOIDFQ": "9700000US0691136", "NAME": "Aromas-San Juan Unified School District", "LSAD": "00", "LOGRADE": "KG", "HIGRADE": "12", "MTFCC": "G5420", "SDTYP": null, "FUNCSTAT": "E", "ALAND": 262342235, "AWATER": 694382, "INTPTLAT": "+36.8554856", "INTPTLON": "-121.5558926" }, "geometry": { "type": "Polygon", "coordinates": [ [ [ -121.688065, 36.861877 ], [ -121.687744, 36.862181 ], [ -121.686365, 36.863761 ], [ -121.686071, 36.862677 ], [ -121.685023, 36.862971 ], [ -121.685281, 36.864046 ], [ -121.68415, 36.86412 ], [ -121.683185, 36.864552 ], [ -121.683332, 36.865057 ], [ -121.683424, 36.865903 ], [ -121.682652, 36.866317 ], [ -121.682928, 36.86773 ], [ -121.682377, 36.868301 ], [ -121.681656, 36.869014 ], [ -121.681569, 36.869244 ], [ -121.681643, 36.869477 ], [ -121.68186, 36.869641 ], [ -121.681053, 36.870848 ], [ -121.679656, 36.870848 ], [ -121.675986, 36.871296 ], [ -121.674222, 36.871508 ], [ -121.673771, 36.872365 ], [ -121.673532, 36.872817 ], [ -121.672244, 36.875264 ], [ -121.671441, 36.876786 ], [ -121.67335, 36.876259 ], [ -121.673738, 36.876152 ], [ -121.673832, 36.876692 ], [ -121.674163, 36.878597 ], [ -121.674223, 36.8895 ], [ -121.674193, 36.889994 ], [ -121.674281, 36.891318 ], [ -121.67421, 36.89405 ], [ -121.674834, 36.894579 ], [ -121.674941, 36.894768 ], [ -121.673915, 36.894576 ], [ -121.675601, 36.896072 ], [ -121.675825, 36.896249 ], [ -121.676082, 36.89641 ], [ -121.676041, 36.8971 ], [ -121.669865, 36.897098 ], [ -121.6697, 36.897219 ], [ -121.670237, 36.900723 ], [ -121.670239, 36.900736 ], [ -121.670173, 36.900744 ], [ -121.670552, 36.903172 ], [ -121.670764, 36.904408 ], [ -121.672617, 36.90403 ], [ -121.673461, 36.908172 ], [ -121.673375, 36.908234 ], [ -121.673221, 36.908317 ], [ -121.673085, 36.908417 ], [ -121.67301, 36.908459 ], [ -121.672901, 36.908528 ], [ -121.672673, 36.908656 ], [ -121.672589, 36.908687 ], [ -121.672511, 36.908726 ], [ -121.672338, 36.908778 ], [ -121.672161, 36.908819 ], [ -121.671981, 36.908847 ], [ -121.671892, 36.908854 ], [ -121.671533, 36.908905 ], [ -121.671445, 36.908928 ], [ -121.671354, 36.908943 ], [ -121.671271, 36.908972 ], [ -121.671182, 36.90899 ], [ -121.671136, 36.908995 ], [ -121.670961, 36.909044 ], [ -121.67066, 36.90914 ], [ -121.670621, 36.909161 ], [ -121.670535, 36.909189 ], [ -121.670159, 36.909406 ], [ -121.670092, 36.909457 ], [ -121.669969, 36.909567 ], [ -121.669768, 36.909771 ], [ -121.669714, 36.909831 ], [ -121.669644, 36.909924 ], [ -121.669611, 36.909954 ], [ -121.669584, 36.909983 ], [ -121.669564, 36.910017 ], [ -121.669343, 36.910252 ], [ -121.669245, 36.910375 ], [ -121.669163, 36.910464 ], [ -121.66913, 36.910491 ], [ -121.669052, 36.910582 ], [ -121.66901, 36.910647 ], [ -121.668927, 36.910736 ], [ -121.668851, 36.910828 ], [ -121.668764, 36.910915 ], [ -121.668696, 36.910965 ], [ -121.668659, 36.910987 ], [ -121.66858, 36.911026 ], [ -121.66852, 36.911083 ], [ -121.668494, 36.911114 ], [ -121.668431, 36.911212 ], [ -121.66834, 36.911381 ], [ -121.668252, 36.911467 ], [ -121.66812, 36.911617 ], [ -121.667746, 36.911948 ], [ -121.667691, 36.912006 ], [ -121.667659, 36.912033 ], [ -121.667623, 36.912055 ], [ -121.667386, 36.912172 ], [ -121.66731, 36.912214 ], [ -121.6671, 36.91229 ], [ -121.666642, 36.912347 ], [ -121.66655, 36.912354 ], [ -121.666507, 36.912366 ], [ -121.666467, 36.912385 ], [ -121.666379, 36.912408 ], [ -121.665929, 36.912495 ], [ -121.66584, 36.912515 ], [ -121.665704, 36.912538 ], [ -121.665582, 36.912589 ], [ -121.665387, 36.912689 ], [ -121.665288, 36.912765 ], [ -121.665034, 36.912979 ], [ -121.66487, 36.913109 ], [ -121.664787, 36.913162 ], [ -121.664762, 36.913177 ], [ -121.664518, 36.913284 ], [ -121.664474, 36.913297 ], [ -121.664385, 36.913314 ], [ -121.663704, 36.913405 ], [ -121.663572, 36.913439 ], [ -121.663534, 36.91346 ], [ -121.663472, 36.91347 ], [ -121.663308, 36.913541 ], [ -121.66319, 36.913598 ], [ -121.663152, 36.913621 ], [ -121.663025, 36.913665 ], [ -121.662944, 36.913699 ], [ -121.662861, 36.91373 ], [ -121.662826, 36.913755 ], [ -121.66271, 36.913815 ], [ -121.662054, 36.914088 ], [ -121.661784, 36.914138 ], [ -121.661649, 36.914155 ], [ -121.661513, 36.914164 ], [ -121.661422, 36.914164 ], [ -121.661241, 36.914177 ], [ -121.661149, 36.914175 ], [ -121.660828, 36.914146 ], [ -121.660738, 36.914133 ], [ -121.660565, 36.914091 ], [ -121.660339, 36.914064 ], [ -121.660296, 36.914053 ], [ -121.660182, 36.914036 ], [ -121.660117, 36.914027 ], [ -121.660031, 36.914005 ], [ -121.659897, 36.913985 ], [ -121.65976, 36.913982 ], [ -121.659622, 36.913972 ], [ -121.659444, 36.913946 ], [ -121.659353, 36.913941 ], [ -121.659262, 36.91393 ], [ -121.65913, 36.913902 ], [ -121.65904, 36.91389 ], [ -121.658999, 36.913877 ], [ -121.658908, 36.913862 ], [ -121.658727, 36.913866 ], [ -121.657904, 36.913814 ], [ -121.657729, 36.913774 ], [ -121.657474, 36.913699 ], [ -121.657352, 36.913652 ], [ -121.657156, 36.913562 ], [ -121.657009, 36.913479 ], [ -121.65693, 36.913446 ], [ -121.656673, 36.913375 ], [ -121.65642, 36.913298 ], [ -121.656375, 36.913291 ], [ -121.656208, 36.913235 ], [ -121.656078, 36.9132 ], [ -121.656035, 36.913192 ], [ -121.655907, 36.913153 ], [ -121.655867, 36.913135 ], [ -121.655782, 36.913109 ], [ -121.65546, 36.912974 ], [ -121.655227, 36.912863 ], [ -121.655194, 36.912838 ], [ -121.655124, 36.912796 ], [ -121.65489, 36.912633 ], [ -121.654818, 36.912592 ], [ -121.654553, 36.912403 ], [ -121.65449, 36.912352 ], [ -121.654255, 36.912188 ], [ -121.654166, 36.912107 ], [ -121.653966, 36.911912 ], [ -121.653885, 36.911825 ], [ -121.653802, 36.911698 ], [ -121.653749, 36.911641 ], [ -121.653631, 36.911488 ], [ -121.653529, 36.91137 ], [ -121.652677, 36.912127 ], [ -121.650315, 36.913767 ], [ -121.647848, 36.915181 ], [ -121.647561, 36.913768 ], [ -121.645793, 36.914392 ], [ -121.644396, 36.914359 ], [ -121.642792, 36.91666 ], [ -121.646574, 36.919026 ], [ -121.643409, 36.922378 ], [ -121.643405, 36.92246 ], [ -121.63701, 36.930745 ], [ -121.639953, 36.930948 ], [ -121.641414, 36.932232 ], [ -121.641025, 36.932224 ], [ -121.641344, 36.933141 ], [ -121.641968, 36.934934 ], [ -121.641856, 36.934951 ], [ -121.642256, 36.936351 ], [ -121.640356, 36.937551 ], [ -121.639656, 36.937851 ], [ -121.639456, 36.937751 ], [ -121.639055, 36.937684 ], [ -121.638856, 36.937651 ], [ -121.63807, 36.938293 ], [ -121.637756, 36.938551 ], [ -121.637055, 36.939053 ], [ -121.631856, 36.939253 ], [ -121.631701, 36.939461 ], [ -121.63046, 36.940544 ], [ -121.630402, 36.940532 ], [ -121.629532, 36.940385 ], [ -121.626924, 36.939944 ], [ -121.626055, 36.939797 ], [ -121.626055, 36.939845 ], [ -121.624686, 36.938927 ], [ -121.624048, 36.938494 ], [ -121.624235, 36.939072 ], [ -121.624411, 36.939615 ], [ -121.62473, 36.940094 ], [ -121.624738, 36.940207 ], [ -121.624755, 36.940451 ], [ -121.62112, 36.937477 ], [ -121.615551, 36.93292 ], [ -121.615356, 36.932761 ], [ -121.609918, 36.928311 ], [ -121.607155, 36.926051 ], [ -121.596419, 36.926114 ], [ -121.590354, 36.926151 ], [ -121.590321, 36.925022 ], [ -121.590154, 36.919252 ], [ -121.583529, 36.919252 ], [ -121.581154, 36.919252 ], [ -121.58116, 36.91889 ], [ -121.581243, 36.913611 ], [ -121.581426, 36.901976 ], [ -121.581438, 36.901227 ], [ -121.581449, 36.900554 ], [ -121.581453, 36.900401 ], [ -121.581455, 36.900252 ], [ -121.581354, 36.899152 ], [ -121.580903, 36.898939 ], [ -121.580618, 36.898711 ], [ -121.580349, 36.898522 ], [ -121.58032, 36.898495 ], [ -121.580153, 36.898286 ], [ -121.580104, 36.898188 ], [ -121.580079, 36.898159 ], [ -121.579994, 36.897995 ], [ -121.57994, 36.897752 ], [ -121.579918, 36.897612 ], [ -121.579898, 36.897544 ], [ -121.579859, 36.897444 ], [ -121.579828, 36.897378 ], [ -121.579709, 36.89704 ], [ -121.579689, 36.896972 ], [ -121.579685, 36.896936 ], [ -121.57966, 36.896832 ], [ -121.579619, 36.896731 ], [ -121.579495, 36.896584 ], [ -121.579387, 36.896472 ], [ -121.579368, 36.89644 ], [ -121.579314, 36.896385 ], [ -121.57929, 36.896354 ], [ -121.57926, 36.896288 ], [ -121.579137, 36.896098 ], [ -121.579113, 36.896068 ], [ -121.579083, 36.896002 ], [ -121.578995, 36.895877 ], [ -121.57892, 36.895788 ], [ -121.578889, 36.895763 ], [ -121.578805, 36.895681 ], [ -121.578753, 36.895623 ], [ -121.578667, 36.895542 ], [ -121.578458, 36.895359 ], [ -121.578405, 36.895302 ], [ -121.578196, 36.895119 ], [ -121.57805, 36.894984 ], [ -121.577917, 36.894888 ], [ -121.577811, 36.894822 ], [ -121.577737, 36.894782 ], [ -121.577601, 36.894689 ], [ -121.577321, 36.894458 ], [ -121.57724, 36.894373 ], [ -121.577071, 36.894165 ], [ -121.577043, 36.894097 ], [ -121.577018, 36.894068 ], [ -121.576961, 36.893972 ], [ -121.576917, 36.893872 ], [ -121.576907, 36.893838 ], [ -121.576862, 36.893739 ], [ -121.576817, 36.893677 ], [ -121.576742, 36.893589 ], [ -121.576711, 36.893563 ], [ -121.576529, 36.893461 ], [ -121.576446, 36.893433 ], [ -121.576359, 36.893418 ], [ -121.576229, 36.893389 ], [ -121.576146, 36.893365 ], [ -121.576115, 36.893339 ], [ -121.575918, 36.893147 ], [ -121.575797, 36.893043 ], [ -121.575763, 36.893019 ], [ -121.575725, 36.893 ], [ -121.57564, 36.892976 ], [ -121.575596, 36.892983 ], [ -121.575444, 36.893019 ], [ -121.575402, 36.893033 ], [ -121.575265, 36.893124 ], [ -121.575106, 36.893246 ], [ -121.575047, 36.893299 ], [ -121.575014, 36.893322 ], [ -121.57494, 36.893409 ], [ -121.57483, 36.893521 ], [ -121.574782, 36.893581 ], [ -121.57467, 36.893811 ], [ -121.574646, 36.893879 ], [ -121.574615, 36.893945 ], [ -121.574554, 36.894114 ], [ -121.574517, 36.894253 ], [ -121.574512, 36.894288 ], [ -121.574493, 36.89432 ], [ -121.574468, 36.894387 ], [ -121.574392, 36.894515 ], [ -121.574385, 36.89455 ], [ -121.574352, 36.894616 ], [ -121.574272, 36.894743 ], [ -121.574241, 36.894808 ], [ -121.574196, 36.894982 ], [ -121.574172, 36.89505 ], [ -121.574082, 36.895211 ], [ -121.573997, 36.895336 ], [ -121.573943, 36.895392 ], [ -121.573912, 36.895418 ], [ -121.573831, 36.895502 ], [ -121.573807, 36.895532 ], [ -121.573777, 36.895559 ], [ -121.573741, 36.89558 ], [ -121.573681, 36.895631 ], [ -121.573484, 36.895775 ], [ -121.573415, 36.89582 ], [ -121.573188, 36.895989 ], [ -121.573153, 36.896011 ], [ -121.572949, 36.8962 ], [ -121.572826, 36.896303 ], [ -121.572635, 36.896453 ], [ -121.572559, 36.896492 ], [ -121.572434, 36.89653 ], [ -121.57239, 36.896538 ], [ -121.572315, 36.896577 ], [ -121.572282, 36.896601 ], [ -121.572204, 36.896636 ], [ -121.572097, 36.8967 ], [ -121.571853, 36.896859 ], [ -121.571778, 36.896897 ], [ -121.57171, 36.896943 ], [ -121.571635, 36.896982 ], [ -121.571595, 36.896997 ], [ -121.571519, 36.897036 ], [ -121.571479, 36.897052 ], [ -121.571394, 36.897075 ], [ -121.571304, 36.897092 ], [ -121.571132, 36.897125 ], [ -121.570601, 36.8972 ], [ -121.570515, 36.897218 ], [ -121.569998, 36.897219 ], [ -121.569864, 36.897215 ], [ -121.569775, 36.897207 ], [ -121.569505, 36.897218 ], [ -121.569281, 36.897237 ], [ -121.569192, 36.897237 ], [ -121.569105, 36.89723 ], [ -121.568794, 36.897226 ], [ -121.568707, 36.897222 ], [ -121.568576, 36.897206 ], [ -121.568489, 36.897191 ], [ -121.568356, 36.897178 ], [ -121.568043, 36.897163 ], [ -121.567955, 36.897151 ], [ -121.567868, 36.897133 ], [ -121.56769, 36.897112 ], [ -121.56751, 36.897107 ], [ -121.566923, 36.897073 ], [ -121.566554, 36.896942 ], [ -121.566469, 36.89692 ], [ -121.566394, 36.896881 ], [ -121.566362, 36.896855 ], [ -121.566293, 36.89681 ], [ -121.566219, 36.89677 ], [ -121.566141, 36.896734 ], [ -121.565898, 36.896641 ], [ -121.565815, 36.896613 ], [ -121.56564, 36.896585 ], [ -121.565219, 36.896467 ], [ -121.565046, 36.896431 ], [ -121.564597, 36.896386 ], [ -121.564284, 36.89637 ], [ -121.564106, 36.896345 ], [ -121.563881, 36.89634 ], [ -121.563837, 36.896335 ], [ -121.563794, 36.896323 ], [ -121.563392, 36.896273 ], [ -121.563257, 36.896275 ], [ -121.563122, 36.896285 ], [ -121.563077, 36.896283 ], [ -121.562943, 36.896265 ], [ -121.562901, 36.896252 ], [ -121.560272, 36.897111 ], [ -121.560259, 36.897121 ], [ -121.560172, 36.897246 ], [ -121.560108, 36.897379 ], [ -121.560088, 36.897448 ], [ -121.56006, 36.897588 ], [ -121.560032, 36.89773 ], [ -121.560022, 36.897801 ], [ -121.559992, 36.897941 ], [ -121.559963, 36.898546 ], [ -121.559964, 36.898724 ], [ -121.559959, 36.898866 ], [ -121.55997, 36.899364 ], [ -121.559987, 36.899612 ], [ -121.560059, 36.900213 ], [ -121.560072, 36.900248 ], [ -121.560121, 36.900707 ], [ -121.560138, 36.900919 ], [ -121.560185, 36.901906 ], [ -121.560186, 36.902047 ], [ -121.560169, 36.902295 ], [ -121.560173, 36.902365 ], [ -121.56017, 36.902754 ], [ -121.560159, 36.903072 ], [ -121.56014, 36.903285 ], [ -121.560114, 36.903462 ], [ -121.5601, 36.903495 ], [ -121.560063, 36.90365 ], [ -121.56003, 36.903827 ], [ -121.560009, 36.903896 ], [ -121.559992, 36.904002 ], [ -121.559928, 36.904245 ], [ -121.559895, 36.904312 ], [ -121.559821, 36.904516 ], [ -121.559799, 36.904547 ], [ -121.559709, 36.904626 ], [ -121.559625, 36.904709 ], [ -121.559593, 36.904812 ], [ -121.559554, 36.904914 ], [ -121.559535, 36.904946 ], [ -121.5595, 36.905049 ], [ -121.559425, 36.90529 ], [ -121.559371, 36.905425 ], [ -121.559339, 36.905491 ], [ -121.559302, 36.905593 ], [ -121.559269, 36.905659 ], [ -121.559227, 36.905759 ], [ -121.559207, 36.905865 ], [ -121.559186, 36.905933 ], [ -121.559171, 36.905967 ], [ -121.559128, 36.906142 ], [ -121.559106, 36.906211 ], [ -121.559099, 36.906242 ], [ -121.558997, 36.906701 ], [ -121.558966, 36.907019 ], [ -121.558956, 36.907196 ], [ -121.558945, 36.907231 ], [ -121.558953, 36.907291 ], [ -121.558966, 36.907856 ], [ -121.559021, 36.90838 ], [ -121.559022, 36.908486 ], [ -121.559017, 36.908591 ], [ -121.558965, 36.909049 ], [ -121.558961, 36.90912 ], [ -121.558926, 36.909223 ], [ -121.558857, 36.909501 ], [ -121.558764, 36.909922 ], [ -121.558662, 36.910156 ], [ -121.558577, 36.91032 ], [ -121.558522, 36.910376 ], [ -121.558452, 36.910468 ], [ -121.558328, 36.910571 ], [ -121.558066, 36.910766 ], [ -121.557997, 36.910812 ], [ -121.557966, 36.910838 ], [ -121.557703, 36.910975 ], [ -121.557556, 36.911057 ], [ -121.557366, 36.911152 ], [ -121.557331, 36.911174 ], [ -121.557168, 36.911298 ], [ -121.557075, 36.911375 ], [ -121.556804, 36.911563 ], [ -121.55632, 36.911938 ], [ -121.55618, 36.912076 ], [ -121.556116, 36.912169 ], [ -121.556069, 36.912228 ], [ -121.556013, 36.912283 ], [ -121.555917, 36.912403 ], [ -121.555841, 36.91249 ], [ -121.555784, 36.912544 ], [ -121.555732, 36.912602 ], [ -121.555613, 36.912753 ], [ -121.55558, 36.912819 ], [ -121.555556, 36.912849 ], [ -121.5555, 36.912904 ], [ -121.555156, 36.913364 ], [ -121.555112, 36.913438 ], [ -121.555099, 36.913461 ], [ -121.55503, 36.913552 ], [ -121.554946, 36.913678 ], [ -121.554934, 36.913712 ], [ -121.55489, 36.913775 ], [ -121.554859, 36.913841 ], [ -121.554838, 36.913873 ], [ -121.554739, 36.913991 ], [ -121.55468, 36.914045 ], [ -121.554615, 36.914113 ], [ -121.554499, 36.914221 ], [ -121.553977, 36.914658 ], [ -121.553831, 36.914791 ], [ -121.553777, 36.914888 ], [ -121.553728, 36.914988 ], [ -121.553681, 36.915048 ], [ -121.553653, 36.915076 ], [ -121.553617, 36.915098 ], [ -121.553559, 36.915151 ], [ -121.553493, 36.915199 ], [ -121.553415, 36.915233 ], [ -121.553246, 36.915277 ], [ -121.553208, 36.915296 ], [ -121.553167, 36.91531 ], [ -121.553079, 36.915328 ], [ -121.552975, 36.915354 ], [ -121.552342, 36.915513 ], [ -121.552307, 36.915523 ], [ -121.55222, 36.915542 ], [ -121.552176, 36.915547 ], [ -121.552045, 36.915572 ], [ -121.551956, 36.915579 ], [ -121.55169, 36.915588 ], [ -121.551601, 36.915586 ], [ -121.551512, 36.915589 ], [ -121.55138, 36.915603 ], [ -121.551337, 36.915614 ], [ -121.55126, 36.91565 ], [ -121.55082, 36.915957 ], [ -121.550782, 36.915976 ], [ -121.550644, 36.916068 ], [ -121.550607, 36.916088 ], [ -121.550547, 36.916125 ], [ -121.550395, 36.916222 ], [ -121.550142, 36.916422 ], [ -121.550029, 36.916519 ], [ -121.549991, 36.916551 ], [ -121.549925, 36.916599 ], [ -121.549817, 36.916663 ], [ -121.549785, 36.916687 ], [ -121.549702, 36.916715 ], [ -121.549654, 36.916743 ], [ -121.549631, 36.916757 ], [ -121.549566, 36.916806 ], [ -121.549089, 36.917124 ], [ -121.549019, 36.917167 ], [ -121.548989, 36.917192 ], [ -121.548908, 36.917225 ], [ -121.548837, 36.917268 ], [ -121.54877, 36.917315 ], [ -121.548614, 36.917385 ], [ -121.548522, 36.917407 ], [ -121.548394, 36.917414 ], [ -121.548305, 36.917411 ], [ -121.548169, 36.9174 ], [ -121.548126, 36.917391 ], [ -121.548109, 36.917391 ], [ -121.548084, 36.917391 ], [ -121.548065, 36.917391 ], [ -121.548009, 36.917391 ], [ -121.547991, 36.917391 ], [ -121.547902, 36.917387 ], [ -121.547635, 36.917378 ], [ -121.547586, 36.917377 ], [ -121.547546, 36.917377 ], [ -121.547136, 36.917375 ], [ -121.547096, 36.917391 ], [ -121.547025, 36.917429 ], [ -121.546985, 36.917452 ], [ -121.546852, 36.917548 ], [ -121.546778, 36.917588 ], [ -121.546677, 36.917659 ], [ -121.546391, 36.917886 ], [ -121.546033, 36.918153 ], [ -121.545737, 36.918381 ], [ -121.54568, 36.918426 ], [ -121.545419, 36.918559 ], [ -121.545388, 36.918582 ], [ -121.545271, 36.918637 ], [ -121.545167, 36.918696 ], [ -121.545128, 36.918713 ], [ -121.544989, 36.918799 ], [ -121.544875, 36.918854 ], [ -121.544792, 36.918881 ], [ -121.544748, 36.918888 ], [ -121.54454, 36.918955 ], [ -121.544413, 36.918991 ], [ -121.544369, 36.918999 ], [ -121.544199, 36.919045 ], [ -121.543978, 36.919079 ], [ -121.543843, 36.919084 ], [ -121.543529, 36.919083 ], [ -121.543439, 36.919087 ], [ -121.54335, 36.919078 ], [ -121.543225, 36.919098 ], [ -121.543135, 36.919103 ], [ -121.543047, 36.919117 ], [ -121.543027, 36.919124 ], [ -121.543005, 36.919132 ], [ -121.542832, 36.919171 ], [ -121.542667, 36.919229 ], [ -121.542539, 36.919265 ], [ -121.542499, 36.919282 ], [ -121.54239, 36.919344 ], [ -121.542356, 36.919368 ], [ -121.542206, 36.919501 ], [ -121.541909, 36.919719 ], [ -121.541771, 36.919811 ], [ -121.541509, 36.91995 ], [ -121.541271, 36.920048 ], [ -121.541076, 36.920136 ], [ -121.540758, 36.920266 ], [ -121.540524, 36.920371 ], [ -121.540381, 36.920458 ], [ -121.540283, 36.92053 ], [ -121.540224, 36.920583 ], [ -121.540096, 36.92068 ], [ -121.540016, 36.920765 ], [ -121.539914, 36.920921 ], [ -121.539827, 36.921043 ], [ -121.539811, 36.921076 ], [ -121.53975, 36.92117 ], [ -121.539638, 36.921323 ], [ -121.539578, 36.921417 ], [ -121.539542, 36.921482 ], [ -121.539478, 36.921615 ], [ -121.539446, 36.921718 ], [ -121.539403, 36.921819 ], [ -121.539392, 36.92189 ], [ -121.539301, 36.922128 ], [ -121.539238, 36.922261 ], [ -121.539186, 36.922434 ], [ -121.539152, 36.922573 ], [ -121.53912, 36.922926 ], [ -121.539127, 36.922962 ], [ -121.539197, 36.923093 ], [ -121.539238, 36.923156 ], [ -121.539265, 36.923185 ], [ -121.539576, 36.923443 ], [ -121.539631, 36.923499 ], [ -121.539761, 36.923597 ], [ -121.539923, 36.923734 ], [ -121.539977, 36.923779 ], [ -121.539998, 36.92381 ], [ -121.540425, 36.924227 ], [ -121.540546, 36.924377 ], [ -121.540591, 36.924415 ], [ -121.540644, 36.924472 ], [ -121.540712, 36.924565 ], [ -121.540738, 36.924594 ], [ -121.540754, 36.924628 ], [ -121.540802, 36.924765 ], [ -121.540844, 36.92494 ], [ -121.540857, 36.925046 ], [ -121.540872, 36.925117 ], [ -121.540874, 36.925152 ], [ -121.540846, 36.925292 ], [ -121.540782, 36.925426 ], [ -121.540736, 36.925487 ], [ -121.54068, 36.925542 ], [ -121.540582, 36.925617 ], [ -121.540515, 36.925646 ], [ -121.540444, 36.92569 ], [ -121.540323, 36.925737 ], [ -121.540279, 36.925747 ], [ -121.540235, 36.925752 ], [ -121.540144, 36.925752 ], [ -121.540104, 36.925769 ], [ -121.539931, 36.925883 ], [ -121.539867, 36.925933 ], [ -121.539809, 36.925988 ], [ -121.539684, 36.926136 ], [ -121.539651, 36.926203 ], [ -121.539583, 36.926447 ], [ -121.539435, 36.926581 ], [ -121.539345, 36.926705 ], [ -121.539314, 36.926772 ], [ -121.539298, 36.926842 ], [ -121.539276, 36.92702 ], [ -121.539273, 36.927162 ], [ -121.539257, 36.927233 ], [ -121.539234, 36.927302 ], [ -121.539148, 36.927322 ], [ -121.539063, 36.927347 ], [ -121.538898, 36.927406 ], [ -121.538737, 36.927472 ], [ -121.538515, 36.927595 ], [ -121.538269, 36.927721 ], [ -121.538174, 36.927771 ], [ -121.538096, 36.927807 ], [ -121.537907, 36.927905 ], [ -121.5377, 36.928039 ], [ -121.536924, 36.928638 ], [ -121.536816, 36.928702 ], [ -121.53648, 36.92894 ], [ -121.53611, 36.929145 ], [ -121.535958, 36.929222 ], [ -121.53576, 36.929309 ], [ -121.535717, 36.92932 ], [ -121.535629, 36.929335 ], [ -121.535511, 36.929389 ], [ -121.535436, 36.929428 ], [ -121.535309, 36.92953 ], [ -121.535145, 36.9297 ], [ -121.535115, 36.929767 ], [ -121.535076, 36.929832 ], [ -121.535027, 36.929892 ], [ -121.53501, 36.929925 ], [ -121.534988, 36.929994 ], [ -121.534956, 36.930061 ], [ -121.534752, 36.930418 ], [ -121.534691, 36.930553 ], [ -121.534616, 36.930682 ], [ -121.534601, 36.930752 ], [ -121.534588, 36.930787 ], [ -121.534549, 36.930851 ], [ -121.534525, 36.930881 ], [ -121.534463, 36.930933 ], [ -121.534352, 36.930995 ], [ -121.534161, 36.931089 ], [ -121.533849, 36.931232 ], [ -121.533768, 36.931264 ], [ -121.533655, 36.931323 ], [ -121.533573, 36.931352 ], [ -121.533534, 36.93137 ], [ -121.533424, 36.931433 ], [ -121.533347, 36.931469 ], [ -121.533234, 36.931529 ], [ -121.533053, 36.931635 ], [ -121.53286, 36.931727 ], [ -121.532776, 36.931752 ], [ -121.532386, 36.931932 ], [ -121.532187, 36.932016 ], [ -121.532103, 36.93204 ], [ -121.531938, 36.9321 ], [ -121.531895, 36.93211 ], [ -121.531785, 36.932172 ], [ -121.531507, 36.932288 ], [ -121.531465, 36.932302 ], [ -121.530992, 36.932504 ], [ -121.530908, 36.93253 ], [ -121.530684, 36.932651 ], [ -121.530495, 36.932748 ], [ -121.530164, 36.932934 ], [ -121.530022, 36.933022 ], [ -121.529857, 36.933132 ], [ -121.529713, 36.933229 ], [ -121.529603, 36.933292 ], [ -121.529384, 36.933471 ], [ -121.529326, 36.933526 ], [ -121.529166, 36.933697 ], [ -121.528858, 36.934048 ], [ -121.528812, 36.934109 ], [ -121.528559, 36.934361 ], [ -121.528538, 36.934392 ], [ -121.528318, 36.934569 ], [ -121.528075, 36.934782 ], [ -121.527421, 36.935322 ], [ -121.527396, 36.935351 ], [ -121.52732, 36.935407 ], [ -121.527297, 36.935424 ], [ -121.52702, 36.935605 ], [ -121.526819, 36.935747 ], [ -121.526557, 36.935885 ], [ -121.526129, 36.936087 ], [ -121.525815, 36.936228 ], [ -121.525484, 36.93634 ], [ -121.525311, 36.936379 ], [ -121.525272, 36.936398 ], [ -121.525228, 36.936406 ], [ -121.52512, 36.936443 ], [ -121.524992, 36.936475 ], [ -121.524874, 36.936526 ], [ -121.524838, 36.936546 ], [ -121.524795, 36.936557 ], [ -121.524678, 36.936609 ], [ -121.524438, 36.936702 ], [ -121.524242, 36.936783 ], [ -121.524038, 36.936857 ], [ -121.524004, 36.93688 ], [ -121.52385, 36.936951 ], [ -121.523591, 36.93709 ], [ -121.523531, 36.937142 ], [ -121.523402, 36.937241 ], [ -121.523312, 36.937319 ], [ -121.5232, 36.937471 ], [ -121.523082, 36.937621 ], [ -121.523031, 36.937678 ], [ -121.522911, 36.937946 ], [ -121.522861, 36.938045 ], [ -121.52284, 36.938076 ], [ -121.522796, 36.938285 ], [ -121.522781, 36.938319 ], [ -121.52275, 36.938422 ], [ -121.522726, 36.938561 ], [ -121.52269, 36.938663 ], [ -121.522329, 36.939463 ], [ -121.522316, 36.939532 ], [ -121.52229, 36.939561 ], [ -121.522271, 36.939593 ], [ -121.522226, 36.939691 ], [ -121.522151, 36.939777 ], [ -121.522088, 36.939825 ], [ -121.521906, 36.939977 ], [ -121.521842, 36.940026 ], [ -121.521785, 36.940079 ], [ -121.521721, 36.940128 ], [ -121.521602, 36.940233 ], [ -121.521446, 36.940359 ], [ -121.521381, 36.940407 ], [ -121.521259, 36.94051 ], [ -121.52084, 36.940824 ], [ -121.520747, 36.940898 ], [ -121.520648, 36.940969 ], [ -121.520586, 36.941019 ], [ -121.520257, 36.941256 ], [ -121.520034, 36.941429 ], [ -121.519865, 36.941546 ], [ -121.51969, 36.941659 ], [ -121.519546, 36.941742 ], [ -121.519506, 36.941759 ], [ -121.519398, 36.94182 ], [ -121.519333, 36.941868 ], [ -121.519152, 36.941972 ], [ -121.519105, 36.941992 ], [ -121.518949, 36.942046 ], [ -121.518907, 36.942056 ], [ -121.518729, 36.942063 ], [ -121.51864, 36.942058 ], [ -121.518418, 36.942061 ], [ -121.51833, 36.942074 ], [ -121.518062, 36.942103 ], [ -121.517664, 36.942157 ], [ -121.517534, 36.942179 ], [ -121.517451, 36.942201 ], [ -121.517406, 36.942204 ], [ -121.517324, 36.942233 ], [ -121.517248, 36.94227 ], [ -121.517106, 36.942357 ], [ -121.516947, 36.94248 ], [ -121.516857, 36.942558 ], [ -121.516749, 36.942713 ], [ -121.51672, 36.94278 ], [ -121.516698, 36.942849 ], [ -121.516679, 36.942881 ], [ -121.516677, 36.942917 ], [ -121.516666, 36.942952 ], [ -121.516649, 36.943058 ], [ -121.516618, 36.943161 ], [ -121.516482, 36.943533 ], [ -121.516439, 36.943668 ], [ -121.516424, 36.943701 ], [ -121.516323, 36.943859 ], [ -121.516257, 36.94395 ], [ -121.516201, 36.944006 ], [ -121.516183, 36.944038 ], [ -121.516159, 36.944068 ], [ -121.516069, 36.944146 ], [ -121.51604, 36.944165 ], [ -121.516003, 36.944191 ], [ -121.515975, 36.944219 ], [ -121.515876, 36.944288 ], [ -121.515805, 36.944331 ], [ -121.515724, 36.944362 ], [ -121.51568, 36.94437 ], [ -121.51564, 36.944383 ], [ -121.515603, 36.944405 ], [ -121.515437, 36.944454 ], [ -121.515356, 36.944484 ], [ -121.515314, 36.944493 ], [ -121.51515, 36.944547 ], [ -121.514988, 36.944607 ], [ -121.514904, 36.944632 ], [ -121.514782, 36.944677 ], [ -121.51474, 36.944688 ], [ -121.514695, 36.944693 ], [ -121.514446, 36.944771 ], [ -121.514327, 36.94482 ], [ -121.514291, 36.944842 ], [ -121.514213, 36.944877 ], [ -121.514061, 36.944953 ], [ -121.513962, 36.945024 ], [ -121.51387, 36.9451 ], [ -121.513813, 36.945155 ], [ -121.513779, 36.94522 ], [ -121.513683, 36.94534 ], [ -121.513647, 36.945403 ], [ -121.513575, 36.945492 ], [ -121.513456, 36.945718 ], [ -121.513446, 36.945752 ], [ -121.513376, 36.945881 ], [ -121.513353, 36.945947 ], [ -121.513323, 36.946012 ], [ -121.513296, 36.946041 ], [ -121.513276, 36.946072 ], [ -121.513268, 36.946107 ], [ -121.513069, 36.946459 ], [ -121.513027, 36.946521 ], [ -121.512978, 36.946581 ], [ -121.512942, 36.946645 ], [ -121.512806, 36.946798 ], [ -121.512429, 36.947226 ], [ -121.512357, 36.947315 ], [ -121.51231, 36.947451 ], [ -121.512232, 36.947652 ], [ -121.512194, 36.947715 ], [ -121.512149, 36.947814 ], [ -121.512109, 36.947952 ], [ -121.512073, 36.948016 ], [ -121.512065, 36.94804 ], [ -121.511846, 36.947982 ], [ -121.511669, 36.947924 ], [ -121.511215, 36.947761 ], [ -121.510507, 36.94748 ], [ -121.510008, 36.947261 ], [ -121.5097, 36.947115 ], [ -121.509523, 36.947038 ], [ -121.509046, 36.946817 ], [ -121.509003, 36.946796 ], [ -121.508756, 36.946595 ], [ -121.506728, 36.94495 ], [ -121.504058, 36.942784 ], [ -121.501608, 36.940798 ], [ -121.5012, 36.940465 ], [ -121.466966, 36.912562 ], [ -121.467003, 36.912549 ], [ -121.467115, 36.912499 ], [ -121.467268, 36.912423 ], [ -121.467546, 36.912293 ], [ -121.467825, 36.912182 ], [ -121.47183, 36.910655 ], [ -121.472977, 36.910211 ], [ -121.479947, 36.90755 ], [ -121.48084, 36.906231 ], [ -121.481031, 36.905955 ], [ -121.485374, 36.89953 ], [ -121.485447, 36.899445 ], [ -121.485512, 36.899401 ], [ -121.485589, 36.899375 ], [ -121.485634, 36.899367 ], [ -121.485669, 36.899367 ], [ -121.485592, 36.898771 ], [ -121.492892, 36.888118 ], [ -121.495395, 36.884586 ], [ -121.493817, 36.883802 ], [ -121.48937, 36.881614 ], [ -121.488168, 36.881022 ], [ -121.487341, 36.880616 ], [ -121.486116, 36.880013 ], [ -121.484625, 36.881252 ], [ -121.483741, 36.881986 ], [ -121.482848, 36.882735 ], [ -121.481764, 36.883631 ], [ -121.480287, 36.882731 ], [ -121.477685, 36.881126 ], [ -121.476152, 36.880177 ], [ -121.474403, 36.879109 ], [ -121.473174, 36.878332 ], [ -121.472798, 36.875947 ], [ -121.472743, 36.875606 ], [ -121.47247, 36.873817 ], [ -121.472343, 36.873486 ], [ -121.472268, 36.873411 ], [ -121.47219, 36.873312 ], [ -121.471975, 36.873022 ], [ -121.471307, 36.872173 ], [ -121.471231, 36.872065 ], [ -121.471121, 36.871854 ], [ -121.471095, 36.871758 ], [ -121.47109, 36.871642 ], [ -121.471098, 36.87156 ], [ -121.470989, 36.871441 ], [ -121.470761, 36.871209 ], [ -121.470582, 36.871042 ], [ -121.47049, 36.870969 ], [ -121.470337, 36.870881 ], [ -121.470199, 36.870819 ], [ -121.46965, 36.870601 ], [ -121.469513, 36.870537 ], [ -121.469363, 36.870453 ], [ -121.469283, 36.870388 ], [ -121.469226, 36.870323 ], [ -121.469205, 36.870287 ], [ -121.46912, 36.87006 ], [ -121.469048, 36.870045 ], [ -121.468853, 36.869627 ], [ -121.468846, 36.869431 ], [ -121.468829, 36.869339 ], [ -121.468822, 36.869262 ], [ -121.468819, 36.869118 ], [ -121.468831, 36.869017 ], [ -121.468853, 36.868949 ], [ -121.468837, 36.868294 ], [ -121.466306, 36.869494 ], [ -121.46274, 36.871207 ], [ -121.46278, 36.872096 ], [ -121.462981, 36.872672 ], [ -121.463383, 36.873908 ], [ -121.463629, 36.874666 ], [ -121.463632, 36.875239 ], [ -121.463637, 36.875946 ], [ -121.46555, 36.8783 ], [ -121.465342, 36.878268 ], [ -121.462876, 36.879261 ], [ -121.462204, 36.879293 ], [ -121.455144, 36.879229 ], [ -121.454663, 36.878604 ], [ -121.452022, 36.876603 ], [ -121.450965, 36.877628 ], [ -121.44661, 36.882094 ], [ -121.443056, 36.880413 ], [ -121.436315, 36.887405 ], [ -121.432818, 36.884628 ], [ -121.436254, 36.881221 ], [ -121.439076, 36.87843 ], [ -121.436189, 36.877103 ], [ -121.431899, 36.87513 ], [ -121.431975, 36.875036 ], [ -121.432131, 36.874853 ], [ -121.432212, 36.874742 ], [ -121.432585, 36.874169 ], [ -121.432764, 36.873849 ], [ -121.432917, 36.873598 ], [ -121.43306, 36.873386 ], [ -121.433373, 36.872846 ], [ -121.43394, 36.871976 ], [ -121.434445, 36.871243 ], [ -121.434465, 36.871192 ], [ -121.434475, 36.871126 ], [ -121.434472, 36.871083 ], [ -121.434455, 36.871026 ], [ -121.434433, 36.870989 ], [ -121.434397, 36.870945 ], [ -121.43432, 36.870872 ], [ -121.434162, 36.870759 ], [ -121.434681, 36.869867 ], [ -121.435262, 36.86963 ], [ -121.436307, 36.867988 ], [ -121.436906, 36.867052 ], [ -121.437892, 36.865502 ], [ -121.438554, 36.864466 ], [ -121.439407, 36.863117 ], [ -121.440032, 36.862143 ], [ -121.441736, 36.859391 ], [ -121.442802, 36.857641 ], [ -121.443145, 36.857079 ], [ -121.44339, 36.85668 ], [ -121.443426, 36.856622 ], [ -121.443988, 36.855747 ], [ -121.444556, 36.854842 ], [ -121.444864, 36.854412 ], [ -121.445007, 36.854185 ], [ -121.445449, 36.853465 ], [ -121.445493, 36.853378 ], [ -121.445502, 36.853326 ], [ -121.445947, 36.852607 ], [ -121.445989, 36.852539 ], [ -121.446987, 36.850936 ], [ -121.447061, 36.850846 ], [ -121.447501, 36.850115 ], [ -121.448353, 36.848727 ], [ -121.448923, 36.847809 ], [ -121.44895, 36.847764 ], [ -121.448865, 36.847732 ], [ -121.446827, 36.846942 ], [ -121.446735, 36.847041 ], [ -121.44333, 36.845656 ], [ -121.436953, 36.843123 ], [ -121.436336, 36.841548 ], [ -121.438475, 36.840786 ], [ -121.438503, 36.840768 ], [ -121.43859, 36.840731 ], [ -121.438785, 36.840664 ], [ -121.438867, 36.840631 ], [ -121.438897, 36.840611 ], [ -121.438923, 36.840587 ], [ -121.439101, 36.84039 ], [ -121.439457, 36.840023 ], [ -121.440162, 36.839229 ], [ -121.440293, 36.839075 ], [ -121.440366, 36.83897 ], [ -121.440685, 36.838286 ], [ -121.440809, 36.837985 ], [ -121.440976, 36.83767 ], [ -121.441317, 36.837055 ], [ -121.441432, 36.836865 ], [ -121.441658, 36.836548 ], [ -121.441713, 36.836442 ], [ -121.441813, 36.836195 ], [ -121.441854, 36.836124 ], [ -121.441897, 36.83607 ], [ -121.44197, 36.835998 ], [ -121.442061, 36.835925 ], [ -121.442152, 36.83587 ], [ -121.442152, 36.835787 ], [ -121.44217, 36.835692 ], [ -121.442234, 36.835547 ], [ -121.442414, 36.83526 ], [ -121.44227, 36.835224 ], [ -121.442104, 36.835173 ], [ -121.441552, 36.834954 ], [ -121.440873, 36.834657 ], [ -121.439852, 36.834227 ], [ -121.439601, 36.834098 ], [ -121.439312, 36.833931 ], [ -121.439219, 36.83387 ], [ -121.438232, 36.833217 ], [ -121.43702, 36.832457 ], [ -121.43622, 36.831944 ], [ -121.435764, 36.831639 ], [ -121.43516, 36.831279 ], [ -121.434968, 36.831168 ], [ -121.433293, 36.83009 ], [ -121.43308, 36.829947 ], [ -121.43459, 36.829328 ], [ -121.436525, 36.828537 ], [ -121.440019, 36.827103 ], [ -121.441553, 36.826354 ], [ -121.441199, 36.82605 ], [ -121.438645, 36.823852 ], [ -121.444669, 36.819782 ], [ -121.445409, 36.819284 ], [ -121.446874, 36.818301 ], [ -121.44664, 36.818089 ], [ -121.444045, 36.815737 ], [ -121.441896, 36.813785 ], [ -121.442232, 36.813605 ], [ -121.442313, 36.813603 ], [ -121.442401, 36.813608 ], [ -121.442688, 36.813658 ], [ -121.442943, 36.813693 ], [ -121.443145, 36.813737 ], [ -121.443274, 36.813758 ], [ -121.443367, 36.813763 ], [ -121.444177, 36.813892 ], [ -121.446527, 36.81427 ], [ -121.449299, 36.814734 ], [ -121.449734, 36.814781 ], [ -121.449921, 36.814623 ], [ -121.4505, 36.814145 ], [ -121.451336, 36.813439 ], [ -121.451795, 36.813054 ], [ -121.451753, 36.811131 ], [ -121.451732, 36.810118 ], [ -121.452154, 36.80899 ], [ -121.452863, 36.807123 ], [ -121.453143, 36.806385 ], [ -121.453529, 36.805898 ], [ -121.453682, 36.805704 ], [ -121.454212, 36.805034 ], [ -121.456095, 36.802651 ], [ -121.457736, 36.800604 ], [ -121.458461, 36.799701 ], [ -121.458735, 36.799336 ], [ -121.45909, 36.798916 ], [ -121.459905, 36.797899 ], [ -121.46168, 36.795684 ], [ -121.462229, 36.795009 ], [ -121.457234, 36.792368 ], [ -121.453652, 36.79043 ], [ -121.452876, 36.790039 ], [ -121.451786, 36.789421 ], [ -121.45223, 36.789146 ], [ -121.455647, 36.786911 ], [ -121.455627, 36.78689 ], [ -121.455501, 36.786683 ], [ -121.455418, 36.786577 ], [ -121.455356, 36.786488 ], [ -121.45533, 36.786424 ], [ -121.455329, 36.786399 ], [ -121.455337, 36.786364 ], [ -121.455352, 36.786332 ], [ -121.455369, 36.786312 ], [ -121.455415, 36.786271 ], [ -121.455461, 36.786247 ], [ -121.455533, 36.786232 ], [ -121.455596, 36.78624 ], [ -121.455736, 36.786282 ], [ -121.45617, 36.786435 ], [ -121.456274, 36.786464 ], [ -121.456364, 36.786473 ], [ -121.456597, 36.786469 ], [ -121.45665, 36.786464 ], [ -121.456744, 36.786443 ], [ -121.456789, 36.786424 ], [ -121.456828, 36.786398 ], [ -121.45686, 36.786371 ], [ -121.457018, 36.786207 ], [ -121.457049, 36.786182 ], [ -121.457077, 36.786166 ], [ -121.457112, 36.786155 ], [ -121.457153, 36.786149 ], [ -121.457359, 36.786153 ], [ -121.457471, 36.786163 ], [ -121.457943, 36.786251 ], [ -121.45811, 36.786271 ], [ -121.458235, 36.786281 ], [ -121.458373, 36.786277 ], [ -121.458496, 36.786261 ], [ -121.458651, 36.786226 ], [ -121.458994, 36.786129 ], [ -121.459115, 36.786088 ], [ -121.459212, 36.786041 ], [ -121.459504, 36.785861 ], [ -121.459619, 36.785804 ], [ -121.459652, 36.785795 ], [ -121.459737, 36.785786 ], [ -121.460035, 36.785802 ], [ -121.460108, 36.785795 ], [ -121.460291, 36.785748 ], [ -121.46035, 36.78574 ], [ -121.460444, 36.785738 ], [ -121.460636, 36.785755 ], [ -121.460674, 36.785755 ], [ -121.46071, 36.78575 ], [ -121.460781, 36.785729 ], [ -121.460976, 36.785622 ], [ -121.461018, 36.785605 ], [ -121.461091, 36.785587 ], [ -121.461185, 36.785579 ], [ -121.461262, 36.785563 ], [ -121.461299, 36.785548 ], [ -121.461349, 36.785521 ], [ -121.461498, 36.785426 ], [ -121.461562, 36.785393 ], [ -121.461614, 36.785373 ], [ -121.46165, 36.785364 ], [ -121.461717, 36.785358 ], [ -121.461766, 36.785369 ], [ -121.461838, 36.785409 ], [ -121.461906, 36.785436 ], [ -121.461972, 36.785444 ], [ -121.462037, 36.785441 ], [ -121.462384, 36.785388 ], [ -121.462828, 36.785328 ], [ -121.463067, 36.785309 ], [ -121.463125, 36.78531 ], [ -121.463183, 36.785316 ], [ -121.463405, 36.785351 ], [ -121.463535, 36.785381 ], [ -121.463599, 36.785403 ], [ -121.463694, 36.785449 ], [ -121.463729, 36.785474 ], [ -121.463802, 36.785542 ], [ -121.463855, 36.785617 ], [ -121.463958, 36.7858 ], [ -121.463989, 36.785842 ], [ -121.464009, 36.785852 ], [ -121.464068, 36.785861 ], [ -121.464103, 36.785855 ], [ -121.464129, 36.785843 ], [ -121.464151, 36.785824 ], [ -121.464171, 36.785798 ], [ -121.46423, 36.785661 ], [ -121.464273, 36.785584 ], [ -121.464326, 36.785517 ], [ -121.464404, 36.785443 ], [ -121.464441, 36.78542 ], [ -121.464513, 36.785392 ], [ -121.464589, 36.785381 ], [ -121.464653, 36.785381 ], [ -121.464863, 36.785402 ], [ -121.465107, 36.78541 ], [ -121.465187, 36.785402 ], [ -121.465243, 36.785386 ], [ -121.465286, 36.785355 ], [ -121.465303, 36.785333 ], [ -121.465354, 36.785205 ], [ -121.465396, 36.785113 ], [ -121.465432, 36.785053 ], [ -121.465504, 36.784957 ], [ -121.465567, 36.784894 ], [ -121.465624, 36.784853 ], [ -121.465793, 36.784752 ], [ -121.465916, 36.784697 ], [ -121.466206, 36.784592 ], [ -121.466312, 36.784542 ], [ -121.466527, 36.784407 ], [ -121.466729, 36.784313 ], [ -121.466884, 36.784233 ], [ -121.466995, 36.784164 ], [ -121.467094, 36.78408 ], [ -121.467153, 36.784009 ], [ -121.467205, 36.783923 ], [ -121.467242, 36.783838 ], [ -121.467266, 36.783754 ], [ -121.467331, 36.783402 ], [ -121.467366, 36.783272 ], [ -121.467433, 36.783126 ], [ -121.467596, 36.782898 ], [ -121.467627, 36.782837 ], [ -121.467671, 36.782696 ], [ -121.467687, 36.782571 ], [ -121.467685, 36.782451 ], [ -121.467666, 36.782371 ], [ -121.467606, 36.782206 ], [ -121.46756, 36.78211 ], [ -121.467524, 36.782056 ], [ -121.467467, 36.781995 ], [ -121.467422, 36.781959 ], [ -121.467308, 36.781882 ], [ -121.467268, 36.781841 ], [ -121.46725, 36.781812 ], [ -121.467204, 36.781709 ], [ -121.467138, 36.781529 ], [ -121.467096, 36.781441 ], [ -121.46695, 36.781199 ], [ -121.46693, 36.781147 ], [ -121.466931, 36.781088 ], [ -121.46695, 36.781042 ], [ -121.467105, 36.780877 ], [ -121.467116, 36.780839 ], [ -121.467114, 36.780817 ], [ -121.467094, 36.780769 ], [ -121.467075, 36.780745 ], [ -121.467043, 36.780715 ], [ -121.466895, 36.780595 ], [ -121.46686, 36.780561 ], [ -121.466811, 36.780497 ], [ -121.466791, 36.780447 ], [ -121.46679, 36.780387 ], [ -121.466799, 36.780355 ], [ -121.466818, 36.780329 ], [ -121.466857, 36.780297 ], [ -121.466935, 36.780262 ], [ -121.467095, 36.780219 ], [ -121.467211, 36.780201 ], [ -121.467316, 36.780196 ], [ -121.467446, 36.780204 ], [ -121.467772, 36.780242 ], [ -121.467849, 36.780247 ], [ -121.467892, 36.780244 ], [ -121.467978, 36.780226 ], [ -121.468015, 36.780211 ], [ -121.468094, 36.78017 ], [ -121.468196, 36.780097 ], [ -121.468687, 36.779688 ], [ -121.468812, 36.779566 ], [ -121.468844, 36.779526 ], [ -121.468889, 36.779456 ], [ -121.468929, 36.779359 ], [ -121.468988, 36.779118 ], [ -121.469023, 36.779033 ], [ -121.469043, 36.779 ], [ -121.469064, 36.77897 ], [ -121.469139, 36.778893 ], [ -121.469209, 36.778853 ], [ -121.469268, 36.778833 ], [ -121.469357, 36.778821 ], [ -121.469466, 36.778824 ], [ -121.469725, 36.77886 ], [ -121.469775, 36.778863 ], [ -121.46982, 36.778861 ], [ -121.469858, 36.778855 ], [ -121.469927, 36.778835 ], [ -121.470002, 36.778799 ], [ -121.470247, 36.778634 ], [ -121.470547, 36.778399 ], [ -121.470649, 36.77833 ], [ -121.470738, 36.778283 ], [ -121.470815, 36.778255 ], [ -121.470908, 36.778243 ], [ -121.471007, 36.77825 ], [ -121.471161, 36.778295 ], [ -121.471237, 36.778309 ], [ -121.471318, 36.778307 ], [ -121.471576, 36.778259 ], [ -121.471754, 36.778221 ], [ -121.471801, 36.778204 ], [ -121.471833, 36.778184 ], [ -121.471869, 36.77815 ], [ -121.471883, 36.778119 ], [ -121.471891, 36.778073 ], [ -121.471873, 36.777848 ], [ -121.471884, 36.777791 ], [ -121.471901, 36.777767 ], [ -121.471921, 36.77775 ], [ -121.471949, 36.777734 ], [ -121.472125, 36.77769 ], [ -121.472187, 36.777665 ], [ -121.472207, 36.777651 ], [ -121.472252, 36.777605 ], [ -121.472324, 36.777485 ], [ -121.472381, 36.777433 ], [ -121.472448, 36.77739 ], [ -121.472604, 36.777317 ], [ -121.472646, 36.777305 ], [ -121.472881, 36.777271 ], [ -121.472963, 36.777248 ], [ -121.473016, 36.777224 ], [ -121.473047, 36.777202 ], [ -121.473068, 36.777181 ], [ -121.473144, 36.777086 ], [ -121.473196, 36.777028 ], [ -121.473225, 36.777008 ], [ -121.473302, 36.776967 ], [ -121.473358, 36.776951 ], [ -121.473451, 36.776941 ], [ -121.473514, 36.776928 ], [ -121.473553, 36.776912 ], [ -121.473574, 36.776896 ], [ -121.473592, 36.776877 ], [ -121.473607, 36.776828 ], [ -121.473601, 36.776752 ], [ -121.473571, 36.776609 ], [ -121.473509, 36.77638 ], [ -121.473496, 36.776265 ], [ -121.473503, 36.776213 ], [ -121.473524, 36.776174 ], [ -121.47354, 36.776161 ], [ -121.473561, 36.776153 ], [ -121.473631, 36.776144 ], [ -121.47389, 36.776164 ], [ -121.47394, 36.776162 ], [ -121.47405, 36.776149 ], [ -121.474387, 36.776086 ], [ -121.474601, 36.776035 ], [ -121.47474, 36.775981 ], [ -121.474874, 36.775906 ], [ -121.474974, 36.775839 ], [ -121.475115, 36.775722 ], [ -121.475219, 36.775619 ], [ -121.474243, 36.77492 ], [ -121.480533, 36.769219 ], [ -121.483827, 36.766348 ], [ -121.484429, 36.7656 ], [ -121.489622, 36.764205 ], [ -121.490468, 36.763985 ], [ -121.491966, 36.763575 ], [ -121.49205, 36.763539 ], [ -121.492593, 36.763311 ], [ -121.493394, 36.762905 ], [ -121.493518, 36.762737 ], [ -121.494072, 36.762585 ], [ -121.494606, 36.76244 ], [ -121.495013, 36.762148 ], [ -121.495485, 36.762091 ], [ -121.495738, 36.761966 ], [ -121.496, 36.761495 ], [ -121.496215, 36.761289 ], [ -121.496469, 36.7611 ], [ -121.497417, 36.760397 ], [ -121.497618, 36.760376 ], [ -121.501052, 36.760129 ], [ -121.502427, 36.7602 ], [ -121.502623, 36.759827 ], [ -121.503031, 36.759055 ], [ -121.503356, 36.758441 ], [ -121.504011, 36.757205 ], [ -121.505748, 36.758909 ], [ -121.508341, 36.761134 ], [ -121.510883, 36.763315 ], [ -121.51432, 36.766263 ], [ -121.520469, 36.771537 ], [ -121.535053, 36.783637 ], [ -121.535632, 36.784118 ], [ -121.535646, 36.784129 ], [ -121.548121, 36.794479 ], [ -121.556419, 36.801831 ], [ -121.556478, 36.801878 ], [ -121.556559, 36.801955 ], [ -121.559197, 36.804291 ], [ -121.560103, 36.805094 ], [ -121.560508, 36.805454 ], [ -121.560563, 36.805503 ], [ -121.563159, 36.807801 ], [ -121.574738, 36.818052 ], [ -121.574768, 36.818079 ], [ -121.582248, 36.824437 ], [ -121.582368, 36.82454 ], [ -121.582735, 36.82485 ], [ -121.590285, 36.831155 ], [ -121.592614, 36.8331 ], [ -121.5971, 36.836849 ], [ -121.597698, 36.83735 ], [ -121.59848, 36.835064 ], [ -121.601002, 36.827691 ], [ -121.60103, 36.827393 ], [ -121.601138, 36.827271 ], [ -121.602394, 36.82359 ], [ -121.602338, 36.823456 ], [ -121.602566, 36.823067 ], [ -121.602614, 36.822944 ], [ -121.603317, 36.820887 ], [ -121.603333, 36.820479 ], [ -121.603593, 36.820079 ], [ -121.603822, 36.819407 ], [ -121.605299, 36.815079 ], [ -121.606372, 36.811936 ], [ -121.614143, 36.81087 ], [ -121.617688, 36.810386 ], [ -121.617686, 36.810352 ], [ -121.6183, 36.81027 ], [ -121.61882, 36.815735 ], [ -121.618827, 36.815813 ], [ -121.618838, 36.815932 ], [ -121.618892, 36.816431 ], [ -121.618906, 36.816421 ], [ -121.619546, 36.822429 ], [ -121.626496, 36.82189 ], [ -121.629865, 36.821628 ], [ -121.630191, 36.821603 ], [ -121.630266, 36.821597 ], [ -121.630338, 36.821348 ], [ -121.630463, 36.821399 ], [ -121.630207, 36.822052 ], [ -121.629928, 36.8227 ], [ -121.629601, 36.823333 ], [ -121.629437, 36.823603 ], [ -121.629227, 36.823949 ], [ -121.628843, 36.82456 ], [ -121.628656, 36.824898 ], [ -121.628523, 36.825195 ], [ -121.628349, 36.825646 ], [ -121.628282, 36.825853 ], [ -121.628206, 36.826229 ], [ -121.628175, 36.826532 ], [ -121.628173, 36.826875 ], [ -121.628209, 36.827216 ], [ -121.628256, 36.82753 ], [ -121.62835, 36.827891 ], [ -121.628454, 36.828183 ], [ -121.628816, 36.828882 ], [ -121.628983, 36.829161 ], [ -121.629371, 36.829772 ], [ -121.629603, 36.830152 ], [ -121.629731, 36.830393 ], [ -121.629882, 36.830737 ], [ -121.629989, 36.831046 ], [ -121.63006, 36.831345 ], [ -121.630109, 36.831723 ], [ -121.630163, 36.832408 ], [ -121.630222, 36.834034 ], [ -121.63033, 36.834035 ], [ -121.638849, 36.829818 ], [ -121.641222, 36.835625 ], [ -121.642279, 36.838209 ], [ -121.64538, 36.836689 ], [ -121.650171, 36.834344 ], [ -121.654992, 36.834375 ], [ -121.656966, 36.834435 ], [ -121.657291, 36.834416 ], [ -121.657683, 36.834261 ], [ -121.658035, 36.834225 ], [ -121.660603, 36.834346 ], [ -121.666964, 36.834388 ], [ -121.667267, 36.834397 ], [ -121.667599, 36.834313 ], [ -121.669664, 36.834353 ], [ -121.672356, 36.837165 ], [ -121.671842, 36.837675 ], [ -121.672436, 36.838594 ], [ -121.672611, 36.838769 ], [ -121.673056, 36.839437 ], [ -121.673423, 36.839992 ], [ -121.674033, 36.840921 ], [ -121.674581, 36.841755 ], [ -121.675978, 36.84389 ], [ -121.676602, 36.844844 ], [ -121.6772, 36.845758 ], [ -121.678305, 36.847439 ], [ -121.679061, 36.848583 ], [ -121.680099, 36.85021 ], [ -121.680354, 36.850611 ], [ -121.680425, 36.850809 ], [ -121.680551, 36.851036 ], [ -121.680731, 36.85107 ], [ -121.682685, 36.854327 ], [ -121.682759, 36.854305 ], [ -121.684223, 36.856466 ], [ -121.684566, 36.856973 ], [ -121.684634, 36.857097 ], [ -121.684624, 36.857103 ], [ -121.684652, 36.857122 ], [ -121.684834, 36.857295 ], [ -121.684983, 36.857487 ], [ -121.685711, 36.858696 ], [ -121.685787, 36.858823 ], [ -121.685811, 36.858863 ], [ -121.685827, 36.858889 ], [ -121.686145, 36.859384 ], [ -121.686739, 36.860242 ], [ -121.686968, 36.860619 ], [ -121.687068, 36.861006 ], [ -121.687411, 36.860987 ], [ -121.687786, 36.860931 ], [ -121.687951, 36.861351 ], [ -121.688027, 36.861594 ], [ -121.688065, 36.861877 ] ] ] } },
{ "type": "Feature", "properties": { "STATEFP": "06", "UNSDLEA": "20220", "GEOID": "0620220", "GEOIDFQ": "9700000US0620220", "NAME": "La Honda-Pescadero Unified School District", "LSAD": "00", "LOGRADE": "KG", "HIGRADE": "12", "MTFCC": "G5420", "SDTYP": null, "FUNCSTAT": "E", "ALAND": 352240066, "AWATER": 195021047, "INTPTLAT": "+37.2256567", "INTPTLON": "-122.2975412" }, "geometry": { "type": "Polygon", "coordinates": [ [ [ -122.484046, 37.249944 ], [ -122.483083, 37.2589 ], [ -122.481774, 37.271088 ], [ -122.476094, 37.294152 ], [ -122.475288, 37.297864 ], [ -122.474695, 37.300593 ], [ -122.472915, 37.308782 ], [ -122.472323, 37.311512 ], [ -122.438788, 37.311574 ], [ -122.409099, 37.311629 ], [ -122.405254, 37.311637 ], [ -122.40508, 37.311638 ], [ -122.404905, 37.311638 ], [ -122.404891, 37.311671 ], [ -122.404741, 37.312027 ], [ -122.404741, 37.312233 ], [ -122.403892, 37.312205 ], [ -122.398474, 37.312031 ], [ -122.394146, 37.31188 ], [ -122.394147, 37.311642 ], [ -122.387184, 37.311643 ], [ -122.387139, 37.311643 ], [ -122.387007, 37.311643 ], [ -122.386963, 37.311644 ], [ -122.386962, 37.311679 ], [ -122.386946, 37.31173 ], [ -122.386914, 37.311785 ], [ -122.386874, 37.311827 ], [ -122.386663, 37.311958 ], [ -122.386131, 37.31229 ], [ -122.386066, 37.312313 ], [ -122.385987, 37.312323 ], [ -122.385913, 37.312318 ], [ -122.385846, 37.3123 ], [ -122.385787, 37.312271 ], [ -122.38568, 37.312197 ], [ -122.385591, 37.312156 ], [ -122.385496, 37.312125 ], [ -122.385435, 37.312114 ], [ -122.385385, 37.312105 ], [ -122.385272, 37.312101 ], [ -122.385201, 37.312105 ], [ -122.385147, 37.312121 ], [ -122.385099, 37.31215 ], [ -122.385067, 37.312184 ], [ -122.385048, 37.312226 ], [ -122.385046, 37.312243 ], [ -122.385044, 37.312265 ], [ -122.385048, 37.312298 ], [ -122.38507, 37.312342 ], [ -122.385172, 37.312436 ], [ -122.385213, 37.312485 ], [ -122.385269, 37.312553 ], [ -122.385328, 37.312642 ], [ -122.38535, 37.312679 ], [ -122.385384, 37.312791 ], [ -122.385399, 37.312915 ], [ -122.385395, 37.313025 ], [ -122.385375, 37.313134 ], [ -122.385343, 37.313224 ], [ -122.3853, 37.313312 ], [ -122.385284, 37.313336 ], [ -122.385248, 37.313396 ], [ -122.385184, 37.313479 ], [ -122.385172, 37.313522 ], [ -122.385171, 37.313574 ], [ -122.385183, 37.313608 ], [ -122.384971, 37.313647 ], [ -122.381252, 37.314183 ], [ -122.380673, 37.314261 ], [ -122.369893, 37.315806 ], [ -122.367377, 37.316158 ], [ -122.364184, 37.31442 ], [ -122.362143, 37.313308 ], [ -122.361652, 37.313041 ], [ -122.356184, 37.314972 ], [ -122.355419, 37.315271 ], [ -122.351859, 37.313237 ], [ -122.351337, 37.313067 ], [ -122.350757, 37.312341 ], [ -122.3431, 37.312341 ], [ -122.342829, 37.312275 ], [ -122.338488, 37.312283 ], [ -122.338488, 37.310357 ], [ -122.338488, 37.305163 ], [ -122.338488, 37.301426 ], [ -122.337916, 37.301378 ], [ -122.337746, 37.301398 ], [ -122.334177, 37.301394 ], [ -122.332464, 37.301392 ], [ -122.316163, 37.301374 ], [ -122.303175, 37.301358 ], [ -122.300906, 37.301356 ], [ -122.298435, 37.301354 ], [ -122.295466, 37.30135 ], [ -122.29545, 37.303526 ], [ -122.295419, 37.303824 ], [ -122.295437, 37.304981 ], [ -122.295417, 37.307534 ], [ -122.295379, 37.312556 ], [ -122.300878, 37.312556 ], [ -122.301516, 37.312389 ], [ -122.304297, 37.311665 ], [ -122.304337, 37.311857 ], [ -122.30446, 37.312433 ], [ -122.304502, 37.312625 ], [ -122.304617, 37.312605 ], [ -122.304963, 37.312548 ], [ -122.305051, 37.312534 ], [ -122.305062, 37.31256 ], [ -122.305919, 37.312559 ], [ -122.308494, 37.312557 ], [ -122.308978, 37.312557 ], [ -122.308223, 37.313608 ], [ -122.308037, 37.313679 ], [ -122.307481, 37.313897 ], [ -122.307053, 37.313964 ], [ -122.306728, 37.313996 ], [ -122.306552, 37.313998 ], [ -122.306442, 37.314192 ], [ -122.306356, 37.314226 ], [ -122.306324, 37.314239 ], [ -122.306172, 37.314338 ], [ -122.306097, 37.314476 ], [ -122.30604, 37.314661 ], [ -122.306501, 37.315555 ], [ -122.306412, 37.315622 ], [ -122.305989, 37.315896 ], [ -122.305586, 37.316071 ], [ -122.305171, 37.316248 ], [ -122.304726, 37.31637 ], [ -122.304297, 37.316445 ], [ -122.303329, 37.316494 ], [ -122.302652, 37.31651 ], [ -122.302591, 37.316511 ], [ -122.302353, 37.316514 ], [ -122.302222, 37.316733 ], [ -122.302512, 37.317431 ], [ -122.302636, 37.317592 ], [ -122.303213, 37.318337 ], [ -122.30304, 37.318722 ], [ -122.302834, 37.318879 ], [ -122.302613, 37.319048 ], [ -122.302515, 37.319129 ], [ -122.30225, 37.319405 ], [ -122.302106, 37.319387 ], [ -122.301895, 37.31927 ], [ -122.301477, 37.318674 ], [ -122.301315, 37.318561 ], [ -122.301163, 37.31853 ], [ -122.300836, 37.318612 ], [ -122.300891, 37.318954 ], [ -122.30047, 37.319057 ], [ -122.300242, 37.319375 ], [ -122.300737, 37.319595 ], [ -122.300746, 37.319689 ], [ -122.300309, 37.319864 ], [ -122.300143, 37.319802 ], [ -122.299823, 37.320027 ], [ -122.2998, 37.320252 ], [ -122.29986, 37.320477 ], [ -122.299981, 37.320506 ], [ -122.300052, 37.32045 ], [ -122.300099, 37.320395 ], [ -122.300107, 37.320386 ], [ -122.30015, 37.320314 ], [ -122.300156, 37.320292 ], [ -122.300176, 37.320213 ], [ -122.300296, 37.320135 ], [ -122.300366, 37.320156 ], [ -122.3005, 37.320379 ], [ -122.300239, 37.320606 ], [ -122.300435, 37.320656 ], [ -122.300807, 37.320605 ], [ -122.301144, 37.32056 ], [ -122.301253, 37.320708 ], [ -122.301115, 37.320964 ], [ -122.301287, 37.321166 ], [ -122.301142, 37.321404 ], [ -122.301142, 37.321503 ], [ -122.301064, 37.321853 ], [ -122.300948, 37.322107 ], [ -122.301111, 37.323005 ], [ -122.301166, 37.323175 ], [ -122.301515, 37.32368 ], [ -122.301535, 37.323957 ], [ -122.301411, 37.324123 ], [ -122.301522, 37.324609 ], [ -122.301642, 37.324814 ], [ -122.301662, 37.325098 ], [ -122.302021, 37.325349 ], [ -122.30189, 37.325587 ], [ -122.301828, 37.325871 ], [ -122.301877, 37.326014 ], [ -122.302102, 37.326076 ], [ -122.301747, 37.326761 ], [ -122.301734, 37.327067 ], [ -122.301906, 37.327302 ], [ -122.301905, 37.327415 ], [ -122.301788, 37.327761 ], [ -122.301622, 37.328118 ], [ -122.301595, 37.328245 ], [ -122.301595, 37.328387 ], [ -122.301794, 37.328833 ], [ -122.301828, 37.328926 ], [ -122.302484, 37.329765 ], [ -122.301913, 37.32999 ], [ -122.301701, 37.33105 ], [ -122.301258, 37.331467 ], [ -122.300677, 37.331591 ], [ -122.300198, 37.332135 ], [ -122.299377, 37.332318 ], [ -122.298751, 37.332709 ], [ -122.298614, 37.333042 ], [ -122.298105, 37.333061 ], [ -122.297786, 37.333449 ], [ -122.297333, 37.333606 ], [ -122.297254, 37.334619 ], [ -122.296867, 37.335148 ], [ -122.296387, 37.335095 ], [ -122.296012, 37.335555 ], [ -122.296107, 37.335842 ], [ -122.295595, 37.335949 ], [ -122.295276, 37.336435 ], [ -122.295334, 37.336771 ], [ -122.294982, 37.336986 ], [ -122.294725, 37.337811 ], [ -122.294301, 37.338505 ], [ -122.293574, 37.339203 ], [ -122.293694, 37.339731 ], [ -122.293284, 37.339972 ], [ -122.293147, 37.340582 ], [ -122.292931, 37.340593 ], [ -122.292897, 37.340647 ], [ -122.292912, 37.34096 ], [ -122.292638, 37.341465 ], [ -122.292391, 37.341485 ], [ -122.292107, 37.342122 ], [ -122.291696, 37.34218 ], [ -122.291109, 37.342343 ], [ -122.290979, 37.342796 ], [ -122.290967, 37.343374 ], [ -122.291368, 37.34393 ], [ -122.291333, 37.344304 ], [ -122.29138, 37.344812 ], [ -122.291065, 37.345088 ], [ -122.290865, 37.345336 ], [ -122.290883, 37.345528 ], [ -122.291116, 37.345758 ], [ -122.291137, 37.345849 ], [ -122.290889, 37.345847 ], [ -122.287197, 37.345833 ], [ -122.286899, 37.345836 ], [ -122.286692, 37.345839 ], [ -122.286796, 37.352698 ], [ -122.286724, 37.359522 ], [ -122.286728, 37.359867 ], [ -122.283644, 37.359825 ], [ -122.276429, 37.35975 ], [ -122.268418, 37.359796 ], [ -122.268061, 37.359802 ], [ -122.267868, 37.359939 ], [ -122.267412, 37.360024 ], [ -122.267128, 37.360167 ], [ -122.267011, 37.360498 ], [ -122.266551, 37.360839 ], [ -122.266444, 37.361024 ], [ -122.266206, 37.361152 ], [ -122.265791, 37.36112 ], [ -122.265443, 37.361093 ], [ -122.265056, 37.361713 ], [ -122.264932, 37.361872 ], [ -122.264824, 37.362018 ], [ -122.264708, 37.362388 ], [ -122.264436, 37.36257 ], [ -122.264249, 37.362704 ], [ -122.264158, 37.362787 ], [ -122.264047, 37.36295 ], [ -122.263963, 37.36314 ], [ -122.263935, 37.363265 ], [ -122.263922, 37.363405 ], [ -122.263917, 37.363493 ], [ -122.263875, 37.363604 ], [ -122.263866, 37.363744 ], [ -122.26387, 37.363962 ], [ -122.263931, 37.364222 ], [ -122.263977, 37.364375 ], [ -122.264117, 37.364614 ], [ -122.26413, 37.364721 ], [ -122.264291, 37.36486 ], [ -122.26449, 37.36503 ], [ -122.264638, 37.365124 ], [ -122.264674, 37.365183 ], [ -122.264783, 37.365366 ], [ -122.264688, 37.365526 ], [ -122.264655, 37.365684 ], [ -122.264797, 37.365977 ], [ -122.264748, 37.366432 ], [ -122.26476, 37.36662 ], [ -122.265001, 37.366694 ], [ -122.2653, 37.366867 ], [ -122.265383, 37.367559 ], [ -122.265444, 37.367823 ], [ -122.265445, 37.367841 ], [ -122.265479, 37.368263 ], [ -122.265464, 37.36879 ], [ -122.265467, 37.368844 ], [ -122.265485, 37.369109 ], [ -122.265526, 37.369296 ], [ -122.26545, 37.370059 ], [ -122.265451, 37.370257 ], [ -122.265456, 37.3709 ], [ -122.265477, 37.371092 ], [ -122.265511, 37.371488 ], [ -122.265593, 37.371807 ], [ -122.265636, 37.372015 ], [ -122.265648, 37.372071 ], [ -122.265662, 37.372263 ], [ -122.265703, 37.372428 ], [ -122.265701, 37.372521 ], [ -122.265699, 37.372591 ], [ -122.265696, 37.372807 ], [ -122.265675, 37.372867 ], [ -122.265682, 37.373115 ], [ -122.265881, 37.37362 ], [ -122.265902, 37.373637 ], [ -122.266021, 37.374024 ], [ -122.266032, 37.37406 ], [ -122.26608, 37.374291 ], [ -122.264913, 37.374249 ], [ -122.262051, 37.374258 ], [ -122.258561, 37.374265 ], [ -122.258486, 37.374143 ], [ -122.258481, 37.374131 ], [ -122.25839, 37.373891 ], [ -122.258348, 37.373605 ], [ -122.258268, 37.373255 ], [ -122.257999, 37.372857 ], [ -122.257688, 37.372513 ], [ -122.257139, 37.372212 ], [ -122.256441, 37.371986 ], [ -122.255742, 37.3719 ], [ -122.254666, 37.371702 ], [ -122.254416, 37.37169 ], [ -122.253978, 37.371739 ], [ -122.253245, 37.371871 ], [ -122.252733, 37.371934 ], [ -122.252601, 37.371908 ], [ -122.252442, 37.371862 ], [ -122.252296, 37.371801 ], [ -122.252197, 37.37175 ], [ -122.252085, 37.371679 ], [ -122.252001, 37.371613 ], [ -122.251923, 37.371542 ], [ -122.251854, 37.371466 ], [ -122.250888, 37.370542 ], [ -122.249014, 37.368741 ], [ -122.248084, 37.367848 ], [ -122.247968, 37.367744 ], [ -122.247859, 37.367632 ], [ -122.247766, 37.367511 ], [ -122.247701, 37.367405 ], [ -122.247646, 37.367295 ], [ -122.2476, 37.367159 ], [ -122.247576, 37.367065 ], [ -122.24756, 37.366923 ], [ -122.24756, 37.366781 ], [ -122.247587, 37.366615 ], [ -122.247689, 37.366275 ], [ -122.247839, 37.365891 ], [ -122.247886, 37.365697 ], [ -122.247908, 37.365539 ], [ -122.247916, 37.365422 ], [ -122.247911, 37.365223 ], [ -122.247886, 37.365027 ], [ -122.247851, 37.364871 ], [ -122.247786, 37.364677 ], [ -122.247698, 37.3645 ], [ -122.247615, 37.364362 ], [ -122.247518, 37.364231 ], [ -122.247411, 37.364103 ], [ -122.247293, 37.363978 ], [ -122.247189, 37.363841 ], [ -122.2471, 37.363696 ], [ -122.247039, 37.363577 ], [ -122.246979, 37.363423 ], [ -122.246936, 37.363265 ], [ -122.246915, 37.363122 ], [ -122.24691, 37.362976 ], [ -122.24692, 37.36283 ], [ -122.246945, 37.362687 ], [ -122.246977, 37.362572 ], [ -122.247028, 37.362445 ], [ -122.247227, 37.361849 ], [ -122.247477, 37.361107 ], [ -122.247628, 37.360681 ], [ -122.24768, 37.360448 ], [ -122.247706, 37.360272 ], [ -122.247721, 37.360094 ], [ -122.247721, 37.359927 ], [ -122.248317, 37.3599 ], [ -122.248213, 37.359393 ], [ -122.24789, 37.358233 ], [ -122.247815, 37.357962 ], [ -122.242544, 37.353559 ], [ -122.241576, 37.35275 ], [ -122.241644, 37.340255 ], [ -122.241655, 37.338409 ], [ -122.241777, 37.334019 ], [ -122.241729, 37.330143 ], [ -122.241654, 37.324046 ], [ -122.24165, 37.323708 ], [ -122.241605, 37.320006 ], [ -122.241478, 37.320061 ], [ -122.241284, 37.320146 ], [ -122.241193, 37.320486 ], [ -122.240743, 37.320558 ], [ -122.2406, 37.320854 ], [ -122.240306, 37.321027 ], [ -122.239742, 37.321112 ], [ -122.239495, 37.321099 ], [ -122.239175, 37.321288 ], [ -122.23882, 37.321286 ], [ -122.238574, 37.321405 ], [ -122.23844, 37.321447 ], [ -122.238272, 37.321614 ], [ -122.237989, 37.321682 ], [ -122.23779, 37.321924 ], [ -122.237692, 37.322201 ], [ -122.23761, 37.322302 ], [ -122.237369, 37.322461 ], [ -122.237114, 37.322383 ], [ -122.236772, 37.322587 ], [ -122.236496, 37.322604 ], [ -122.236465, 37.322995 ], [ -122.235737, 37.322927 ], [ -122.235398, 37.322718 ], [ -122.234805, 37.322558 ], [ -122.234319, 37.322539 ], [ -122.233876, 37.322581 ], [ -122.233631, 37.322487 ], [ -122.233537, 37.322259 ], [ -122.233152, 37.322245 ], [ -122.232702, 37.321942 ], [ -122.232089, 37.321978 ], [ -122.231411, 37.321864 ], [ -122.231229, 37.321884 ], [ -122.231079, 37.32174 ], [ -122.230921, 37.321815 ], [ -122.230577, 37.321756 ], [ -122.230311, 37.321826 ], [ -122.229957, 37.321893 ], [ -122.229884, 37.321906 ], [ -122.229785, 37.322194 ], [ -122.229504, 37.322419 ], [ -122.229353, 37.322417 ], [ -122.229223, 37.322834 ], [ -122.229244, 37.322946 ], [ -122.229376, 37.323039 ], [ -122.229404, 37.323266 ], [ -122.229499, 37.323389 ], [ -122.22945, 37.323515 ], [ -122.22949, 37.323705 ], [ -122.229615, 37.3239 ], [ -122.229467, 37.324308 ], [ -122.229341, 37.324517 ], [ -122.22942, 37.324833 ], [ -122.229402, 37.325318 ], [ -122.229638, 37.325694 ], [ -122.229773, 37.325734 ], [ -122.229785, 37.325931 ], [ -122.229884, 37.326138 ], [ -122.229766, 37.326251 ], [ -122.229738, 37.326377 ], [ -122.229692, 37.326502 ], [ -122.229525, 37.326528 ], [ -122.229399, 37.326609 ], [ -122.229214, 37.327015 ], [ -122.228861, 37.32757 ], [ -122.228733, 37.32793 ], [ -122.228598, 37.328016 ], [ -122.228448, 37.328241 ], [ -122.228234, 37.328361 ], [ -122.22831, 37.330566 ], [ -122.227518, 37.330613 ], [ -122.227518, 37.330675 ], [ -122.226742, 37.330652 ], [ -122.226205, 37.330637 ], [ -122.225136, 37.330638 ], [ -122.221932, 37.330643 ], [ -122.220865, 37.330645 ], [ -122.220585, 37.33059 ], [ -122.220514, 37.330576 ], [ -122.220376, 37.33037 ], [ -122.220025, 37.330477 ], [ -122.219879, 37.330555 ], [ -122.219629, 37.330691 ], [ -122.219558, 37.330681 ], [ -122.219347, 37.330651 ], [ -122.219277, 37.330641 ], [ -122.219217, 37.330629 ], [ -122.219155, 37.330598 ], [ -122.219079, 37.330561 ], [ -122.218835, 37.330584 ], [ -122.210771, 37.330441 ], [ -122.210896, 37.330591 ], [ -122.210754, 37.330676 ], [ -122.210443, 37.330454 ], [ -122.210342, 37.330413 ], [ -122.210317, 37.330407 ], [ -122.210225, 37.330384 ], [ -122.210114, 37.330372 ], [ -122.210004, 37.330375 ], [ -122.209894, 37.33039 ], [ -122.209798, 37.330417 ], [ -122.208844, 37.330742 ], [ -122.208813, 37.330759 ], [ -122.208778, 37.330764 ], [ -122.208738, 37.330752 ], [ -122.208355, 37.330647 ], [ -122.207865, 37.330513 ], [ -122.207786, 37.330473 ], [ -122.207731, 37.33043 ], [ -122.207721, 37.330419 ], [ -122.20752, 37.330458 ], [ -122.207421, 37.330465 ], [ -122.207154, 37.330464 ], [ -122.206954, 37.33045 ], [ -122.206845, 37.330448 ], [ -122.206782, 37.330448 ], [ -122.206709, 37.33047 ], [ -122.201249, 37.330397 ], [ -122.197804, 37.330456 ], [ -122.197561, 37.3302 ], [ -122.197546, 37.330151 ], [ -122.197411, 37.329711 ], [ -122.197095, 37.329672 ], [ -122.196943, 37.329405 ], [ -122.196624, 37.329382 ], [ -122.196129, 37.329023 ], [ -122.196119, 37.328999 ], [ -122.195918, 37.328509 ], [ -122.196014, 37.328273 ], [ -122.195779, 37.328145 ], [ -122.195607, 37.327846 ], [ -122.195522, 37.327678 ], [ -122.19512, 37.326705 ], [ -122.194041, 37.326156 ], [ -122.193881, 37.326047 ], [ -122.193723, 37.326013 ], [ -122.193403, 37.326151 ], [ -122.193134, 37.32611 ], [ -122.19284, 37.326189 ], [ -122.192409, 37.325781 ], [ -122.192321, 37.324998 ], [ -122.192462, 37.324821 ], [ -122.19235, 37.324511 ], [ -122.19265, 37.324277 ], [ -122.192774, 37.323873 ], [ -122.192682, 37.323829 ], [ -122.192293, 37.323963 ], [ -122.192214, 37.323991 ], [ -122.191979, 37.323935 ], [ -122.191666, 37.323568 ], [ -122.191222, 37.323535 ], [ -122.19083, 37.32324 ], [ -122.190991, 37.322699 ], [ -122.190633, 37.32237 ], [ -122.190478, 37.321966 ], [ -122.190014, 37.320753 ], [ -122.189737, 37.320959 ], [ -122.189228, 37.320914 ], [ -122.188977, 37.320865 ], [ -122.18876, 37.320916 ], [ -122.189719, 37.320437 ], [ -122.18986, 37.32035 ], [ -122.190529, 37.319933 ], [ -122.191353, 37.319483 ], [ -122.192162, 37.319094 ], [ -122.192513, 37.318795 ], [ -122.192787, 37.318651 ], [ -122.192988, 37.318376 ], [ -122.193062, 37.318277 ], [ -122.192665, 37.31801 ], [ -122.191643, 37.317911 ], [ -122.191321, 37.317896 ], [ -122.190672, 37.317867 ], [ -122.190561, 37.317861 ], [ -122.190483, 37.317858 ], [ -122.190237, 37.317789 ], [ -122.190131, 37.31776 ], [ -122.190097, 37.317736 ], [ -122.189996, 37.317665 ], [ -122.189963, 37.317642 ], [ -122.189881, 37.317585 ], [ -122.18986, 37.31757 ], [ -122.189655, 37.317394 ], [ -122.18958, 37.31733 ], [ -122.189502, 37.317255 ], [ -122.189403, 37.317162 ], [ -122.189268, 37.317033 ], [ -122.18919, 37.31696 ], [ -122.188572, 37.316544 ], [ -122.187645, 37.31592 ], [ -122.187294, 37.315775 ], [ -122.186913, 37.315683 ], [ -122.186597, 37.315548 ], [ -122.186379, 37.315272 ], [ -122.186333, 37.314966 ], [ -122.186296, 37.314893 ], [ -122.186218, 37.314737 ], [ -122.186165, 37.314631 ], [ -122.186058, 37.314341 ], [ -122.186091, 37.314255 ], [ -122.186155, 37.314094 ], [ -122.186191, 37.314041 ], [ -122.186262, 37.31394 ], [ -122.186306, 37.313886 ], [ -122.186348, 37.313837 ], [ -122.186394, 37.313677 ], [ -122.18634, 37.313558 ], [ -122.186287, 37.31344 ], [ -122.186013, 37.313196 ], [ -122.18589, 37.312998 ], [ -122.185888, 37.312974 ], [ -122.185876, 37.312837 ], [ -122.185875, 37.312822 ], [ -122.185876, 37.312541 ], [ -122.185799, 37.312204 ], [ -122.185737, 37.31206 ], [ -122.18557, 37.31167 ], [ -122.185143, 37.311092 ], [ -122.184563, 37.310527 ], [ -122.183846, 37.310039 ], [ -122.18319, 37.309795 ], [ -122.18232, 37.309528 ], [ -122.181755, 37.309566 ], [ -122.18116, 37.309795 ], [ -122.180733, 37.310138 ], [ -122.180336, 37.310657 ], [ -122.179711, 37.311313 ], [ -122.178963, 37.311755 ], [ -122.178383, 37.312007 ], [ -122.17762, 37.312381 ], [ -122.17703, 37.312501 ], [ -122.176683, 37.312572 ], [ -122.175817, 37.312749 ], [ -122.175702, 37.312764 ], [ -122.175405, 37.312802 ], [ -122.174468, 37.31277 ], [ -122.174352, 37.312752 ], [ -122.174275, 37.312742 ], [ -122.173773, 37.31264 ], [ -122.17301, 37.312435 ], [ -122.172079, 37.312247 ], [ -122.171469, 37.312179 ], [ -122.171178, 37.312118 ], [ -122.170812, 37.311982 ], [ -122.170598, 37.311737 ], [ -122.170597, 37.311493 ], [ -122.170475, 37.311234 ], [ -122.170094, 37.310899 ], [ -122.169559, 37.310525 ], [ -122.169192, 37.31029 ], [ -122.168886, 37.309985 ], [ -122.168778, 37.309581 ], [ -122.168767, 37.309548 ], [ -122.168824, 37.309053 ], [ -122.168611, 37.308519 ], [ -122.168288, 37.307917 ], [ -122.16823, 37.307807 ], [ -122.167864, 37.307434 ], [ -122.167543, 37.307105 ], [ -122.167285, 37.306723 ], [ -122.167027, 37.306204 ], [ -122.166584, 37.305617 ], [ -122.166172, 37.305425 ], [ -122.165592, 37.305508 ], [ -122.164967, 37.30553 ], [ -122.164692, 37.305484 ], [ -122.164311, 37.305217 ], [ -122.164257, 37.305171 ], [ -122.163883, 37.304851 ], [ -122.163502, 37.304673 ], [ -122.162872, 37.30454 ], [ -122.162668, 37.304441 ], [ -122.1626, 37.304435 ], [ -122.162397, 37.304418 ], [ -122.16233, 37.304413 ], [ -122.162269, 37.304408 ], [ -122.162187, 37.304336 ], [ -122.16207, 37.304233 ], [ -122.162177, 37.30405 ], [ -122.162237, 37.303924 ], [ -122.162312, 37.303772 ], [ -122.162375, 37.303642 ], [ -122.162509, 37.303438 ], [ -122.162605, 37.303294 ], [ -122.162666, 37.303043 ], [ -122.162666, 37.302737 ], [ -122.162803, 37.302364 ], [ -122.162824, 37.302339 ], [ -122.163075, 37.302042 ], [ -122.163169, 37.301967 ], [ -122.163359, 37.301808 ], [ -122.163535, 37.301662 ], [ -122.163627, 37.301479 ], [ -122.163627, 37.301257 ], [ -122.163352, 37.301082 ], [ -122.163234, 37.301051 ], [ -122.162879, 37.30096 ], [ -122.162809, 37.300941 ], [ -122.162672, 37.300904 ], [ -122.162723, 37.300853 ], [ -122.162775, 37.300803 ], [ -122.162727, 37.300731 ], [ -122.162955, 37.30051 ], [ -122.163268, 37.300208 ], [ -122.163352, 37.300128 ], [ -122.163779, 37.299487 ], [ -122.163902, 37.29922 ], [ -122.164039, 37.298839 ], [ -122.164298, 37.298595 ], [ -122.164788, 37.298293 ], [ -122.164832, 37.298267 ], [ -122.165138, 37.297992 ], [ -122.165275, 37.297642 ], [ -122.165296, 37.297374 ], [ -122.165305, 37.297267 ], [ -122.165264, 37.29657 ], [ -122.16526, 37.296489 ], [ -122.165344, 37.296333 ], [ -122.165363, 37.296295 ], [ -122.165396, 37.296219 ], [ -122.165427, 37.296161 ], [ -122.165656, 37.295942 ], [ -122.165748, 37.295856 ], [ -122.165822, 37.295781 ], [ -122.166838, 37.295237 ], [ -122.166322, 37.295048 ], [ -122.165737, 37.294872 ], [ -122.165717, 37.29487 ], [ -122.16566, 37.294865 ], [ -122.165641, 37.294864 ], [ -122.164663, 37.294479 ], [ -122.164359, 37.294394 ], [ -122.164222, 37.294241 ], [ -122.164132, 37.294162 ], [ -122.16404, 37.294081 ], [ -122.163704, 37.294013 ], [ -122.163539, 37.293955 ], [ -122.163008, 37.293732 ], [ -122.163025, 37.293924 ], [ -122.162977, 37.293923 ], [ -122.162854, 37.293913 ], [ -122.162161, 37.293871 ], [ -122.162042, 37.293864 ], [ -122.161885, 37.293617 ], [ -122.161755, 37.293513 ], [ -122.161718, 37.293473 ], [ -122.161682, 37.293444 ], [ -122.161489, 37.293294 ], [ -122.16146, 37.293277 ], [ -122.161417, 37.293238 ], [ -122.161286, 37.2931 ], [ -122.161193, 37.293001 ], [ -122.160608, 37.293119 ], [ -122.16051, 37.293293 ], [ -122.160308, 37.293379 ], [ -122.16027, 37.293393 ], [ -122.160127, 37.293346 ], [ -122.158573, 37.292821 ], [ -122.158264, 37.292693 ], [ -122.158125, 37.292639 ], [ -122.156234, 37.291812 ], [ -122.156214, 37.291645 ], [ -122.156084, 37.291561 ], [ -122.15589, 37.291405 ], [ -122.154381, 37.290423 ], [ -122.15412, 37.29023 ], [ -122.15381, 37.29003 ], [ -122.15374, 37.289979 ], [ -122.15355, 37.28984 ], [ -122.153541, 37.289833 ], [ -122.15339, 37.28971 ], [ -122.15328, 37.2896 ], [ -122.1531, 37.28938 ], [ -122.15294, 37.28914 ], [ -122.15279, 37.28885 ], [ -122.1527, 37.28864 ], [ -122.15257, 37.28822 ], [ -122.152556, 37.288101 ], [ -122.15251, 37.28769 ], [ -122.152426, 37.287069 ], [ -122.152404, 37.286905 ], [ -122.15235, 37.2865 ], [ -122.152278, 37.286055 ], [ -122.152342, 37.285237 ], [ -122.152372, 37.284848 ], [ -122.152446, 37.282779 ], [ -122.152475, 37.281961 ], [ -122.152475, 37.281474 ], [ -122.152475, 37.272995 ], [ -122.152475, 37.2719 ], [ -122.152475, 37.271843 ], [ -122.152574, 37.260002 ], [ -122.152576, 37.259717 ], [ -122.152577, 37.259431 ], [ -122.152608, 37.255212 ], [ -122.152639, 37.250993 ], [ -122.152649, 37.24966 ], [ -122.152656, 37.249627 ], [ -122.152653, 37.248878 ], [ -122.152652, 37.248588 ], [ -122.152669, 37.247569 ], [ -122.152675, 37.24724 ], [ -122.152674, 37.247142 ], [ -122.152637, 37.244321 ], [ -122.152633, 37.244035 ], [ -122.152602, 37.243721 ], [ -122.152347, 37.241025 ], [ -122.152334, 37.240885 ], [ -122.152316, 37.240773 ], [ -122.152211, 37.240113 ], [ -122.152175, 37.239888 ], [ -122.152156, 37.239769 ], [ -122.152073, 37.238618 ], [ -122.151801, 37.234805 ], [ -122.151711, 37.233535 ], [ -122.15166, 37.232832 ], [ -122.151507, 37.230725 ], [ -122.151457, 37.230023 ], [ -122.15145, 37.229952 ], [ -122.151483, 37.229627 ], [ -122.151606, 37.228439 ], [ -122.151647, 37.228044 ], [ -122.15165, 37.228002 ], [ -122.151663, 37.227879 ], [ -122.151668, 37.227838 ], [ -122.1518, 37.227247 ], [ -122.1522, 37.225475 ], [ -122.152275, 37.225144 ], [ -122.152342, 37.224887 ], [ -122.152391, 37.224697 ], [ -122.152589, 37.223928 ], [ -122.152974, 37.222444 ], [ -122.152914, 37.221009 ], [ -122.152879, 37.22015 ], [ -122.152874, 37.220044 ], [ -122.152874, 37.22002 ], [ -122.152873, 37.219231 ], [ -122.152874, 37.216865 ], [ -122.152874, 37.216244 ], [ -122.152857, 37.216102 ], [ -122.152853, 37.216078 ], [ -122.152852, 37.216068 ], [ -122.152785, 37.215535 ], [ -122.152774, 37.215444 ], [ -122.154323, 37.215444 ], [ -122.15487, 37.215444 ], [ -122.154905, 37.215444 ], [ -122.154976, 37.215444 ], [ -122.155003, 37.215444 ], [ -122.155088, 37.215444 ], [ -122.155471, 37.215444 ], [ -122.156875, 37.215444 ], [ -122.157344, 37.215444 ], [ -122.158175, 37.215444 ], [ -122.159334, 37.215426 ], [ -122.160494, 37.215409 ], [ -122.164793, 37.215345 ], [ -122.164883, 37.215345 ], [ -122.171475, 37.215249 ], [ -122.172753, 37.215194 ], [ -122.172849, 37.21519 ], [ -122.173458, 37.215165 ], [ -122.173824, 37.215187 ], [ -122.174713, 37.215242 ], [ -122.174925, 37.215255 ], [ -122.175292, 37.215278 ], [ -122.175454, 37.215281 ], [ -122.176099, 37.215269 ], [ -122.178518, 37.215226 ], [ -122.180415, 37.215281 ], [ -122.180928, 37.215261 ], [ -122.180944, 37.215263 ], [ -122.180968, 37.215264 ], [ -122.180982, 37.215264 ], [ -122.181004, 37.215274 ], [ -122.181078, 37.215268 ], [ -122.181301, 37.21526 ], [ -122.181376, 37.215244 ], [ -122.184224, 37.215244 ], [ -122.186476, 37.215244 ], [ -122.191577, 37.215244 ], [ -122.19277, 37.215244 ], [ -122.193598, 37.215244 ], [ -122.195619, 37.215244 ], [ -122.19795, 37.215244 ], [ -122.204945, 37.215244 ], [ -122.207277, 37.215244 ], [ -122.208081, 37.215242 ], [ -122.208869, 37.21524 ], [ -122.213646, 37.215229 ], [ -122.215239, 37.215226 ], [ -122.215466, 37.215229 ], [ -122.216147, 37.215241 ], [ -122.216278, 37.215244 ], [ -122.216374, 37.215235 ], [ -122.216401, 37.215232 ], [ -122.216483, 37.215225 ], [ -122.216511, 37.215223 ], [ -122.216684, 37.215207 ], [ -122.216828, 37.215194 ], [ -122.217073, 37.215172 ], [ -122.217263, 37.215155 ], [ -122.217378, 37.215144 ], [ -122.217879, 37.215142 ], [ -122.218778, 37.215244 ], [ -122.219179, 37.215187 ], [ -122.219556, 37.215137 ], [ -122.219929, 37.215087 ], [ -122.220221, 37.215076 ], [ -122.220322, 37.215069 ], [ -122.221446, 37.215096 ], [ -122.222359, 37.215165 ], [ -122.22249, 37.215175 ], [ -122.22253, 37.215178 ], [ -122.222659, 37.215182 ], [ -122.222692, 37.21519 ], [ -122.222806, 37.215198 ], [ -122.22315, 37.215225 ], [ -122.223265, 37.215234 ], [ -122.223432, 37.215211 ], [ -122.223936, 37.215142 ], [ -122.224104, 37.21512 ], [ -122.224451, 37.215162 ], [ -122.225495, 37.215289 ], [ -122.225843, 37.215332 ], [ -122.225865, 37.215332 ], [ -122.225932, 37.215331 ], [ -122.225955, 37.215331 ], [ -122.226132, 37.215329 ], [ -122.230863, 37.215197 ], [ -122.231291, 37.215173 ], [ -122.23174, 37.215185 ], [ -122.232132, 37.215197 ], [ -122.233458, 37.215234 ], [ -122.234756, 37.215124 ], [ -122.234865, 37.215124 ], [ -122.235077, 37.215122 ], [ -122.235289, 37.21512 ], [ -122.235742, 37.21513 ], [ -122.235997, 37.215137 ], [ -122.237596, 37.215141 ], [ -122.237791, 37.215139 ], [ -122.239977, 37.215116 ], [ -122.240458, 37.215111 ], [ -122.242473, 37.215133 ], [ -122.242573, 37.215134 ], [ -122.242574, 37.215048 ], [ -122.242579, 37.213408 ], [ -122.242577, 37.212089 ], [ -122.242679, 37.210748 ], [ -122.242675, 37.210606 ], [ -122.242584, 37.207697 ], [ -122.242624, 37.207004 ], [ -122.242751, 37.204837 ], [ -122.242749, 37.204738 ], [ -122.242746, 37.204565 ], [ -122.242702, 37.202442 ], [ -122.242659, 37.200319 ], [ -122.242659, 37.200145 ], [ -122.24266, 37.200036 ], [ -122.242655, 37.199626 ], [ -122.242653, 37.199453 ], [ -122.242638, 37.198237 ], [ -122.242597, 37.194589 ], [ -122.242584, 37.193373 ], [ -122.242583, 37.193289 ], [ -122.242582, 37.19321 ], [ -122.24258, 37.193037 ], [ -122.24258, 37.192954 ], [ -122.242579, 37.192887 ], [ -122.242579, 37.192854 ], [ -122.242579, 37.192804 ], [ -122.242582, 37.192689 ], [ -122.242585, 37.192623 ], [ -122.242599, 37.192105 ], [ -122.242645, 37.190552 ], [ -122.24266, 37.190035 ], [ -122.243248, 37.190006 ], [ -122.244091, 37.189966 ], [ -122.245012, 37.189923 ], [ -122.245601, 37.189895 ], [ -122.245712, 37.18989 ], [ -122.246046, 37.189882 ], [ -122.247384, 37.189853 ], [ -122.247779, 37.189845 ], [ -122.24783, 37.189845 ], [ -122.247982, 37.189844 ], [ -122.248441, 37.189844 ], [ -122.248594, 37.189844 ], [ -122.250921, 37.189843 ], [ -122.257902, 37.189843 ], [ -122.26023, 37.189843 ], [ -122.262535, 37.189843 ], [ -122.264781, 37.189843 ], [ -122.268881, 37.189843 ], [ -122.269445, 37.189754 ], [ -122.271724, 37.1894 ], [ -122.273172, 37.189174 ], [ -122.277519, 37.188497 ], [ -122.278551, 37.188337 ], [ -122.278969, 37.188272 ], [ -122.280416, 37.188046 ], [ -122.284281, 37.187445 ], [ -122.284758, 37.187367 ], [ -122.286064, 37.187155 ], [ -122.286205, 37.187132 ], [ -122.286697, 37.187051 ], [ -122.288174, 37.186811 ], [ -122.288581, 37.186745 ], [ -122.288668, 37.186746 ], [ -122.295012, 37.186793 ], [ -122.295802, 37.186798 ], [ -122.301881, 37.186845 ], [ -122.306182, 37.186845 ], [ -122.314046, 37.186913 ], [ -122.317682, 37.186945 ], [ -122.317283, 37.184266 ], [ -122.317222, 37.18386 ], [ -122.317063, 37.182795 ], [ -122.317041, 37.182643 ], [ -122.316997, 37.182346 ], [ -122.316981, 37.182238 ], [ -122.316797, 37.180895 ], [ -122.316246, 37.176868 ], [ -122.316063, 37.175526 ], [ -122.315925, 37.174517 ], [ -122.315511, 37.171492 ], [ -122.315382, 37.170545 ], [ -122.315367, 37.170485 ], [ -122.315361, 37.170462 ], [ -122.315343, 37.17039 ], [ -122.315313, 37.170269 ], [ -122.315308, 37.170249 ], [ -122.315289, 37.170175 ], [ -122.315282, 37.170145 ], [ -122.315275, 37.170103 ], [ -122.314564, 37.165513 ], [ -122.313466, 37.158419 ], [ -122.312752, 37.153809 ], [ -122.312475, 37.152019 ], [ -122.312433, 37.151749 ], [ -122.311782, 37.147545 ], [ -122.311569, 37.147222 ], [ -122.311436, 37.14702 ], [ -122.311037, 37.146414 ], [ -122.310905, 37.146213 ], [ -122.310746, 37.145972 ], [ -122.310272, 37.145252 ], [ -122.310115, 37.145012 ], [ -122.30996, 37.144776 ], [ -122.309495, 37.14407 ], [ -122.309341, 37.143835 ], [ -122.309282, 37.143746 ], [ -122.308662, 37.142798 ], [ -122.306629, 37.139689 ], [ -122.305952, 37.138653 ], [ -122.305904, 37.13858 ], [ -122.305882, 37.138546 ], [ -122.305826, 37.138463 ], [ -122.30576, 37.138365 ], [ -122.305712, 37.138294 ], [ -122.305099, 37.137384 ], [ -122.30326, 37.134654 ], [ -122.302648, 37.133745 ], [ -122.302582, 37.133646 ], [ -122.302034, 37.132801 ], [ -122.300673, 37.130701 ], [ -122.300616, 37.130614 ], [ -122.30056, 37.130527 ], [ -122.300197, 37.129966 ], [ -122.299585, 37.129022 ], [ -122.299244, 37.128497 ], [ -122.297548, 37.125996 ], [ -122.29649, 37.124386 ], [ -122.293251, 37.119454 ], [ -122.293237, 37.119458 ], [ -122.291024, 37.116106 ], [ -122.290948, 37.115893 ], [ -122.289382, 37.113472 ], [ -122.289776, 37.112775 ], [ -122.291744, 37.109093 ], [ -122.292087, 37.10853 ], [ -122.292344, 37.108108 ], [ -122.292532, 37.107799 ], [ -122.292582, 37.107747 ], [ -122.292657, 37.107666 ], [ -122.292808, 37.107504 ], [ -122.29288, 37.107428 ], [ -122.292952, 37.107352 ], [ -122.293758, 37.106095 ], [ -122.293808, 37.106008 ], [ -122.293859, 37.10592 ], [ -122.294887, 37.104146 ], [ -122.296634, 37.101138 ], [ -122.29941, 37.096356 ], [ -122.302307, 37.088037 ], [ -122.311, 37.063082 ], [ -122.313899, 37.054764 ], [ -122.323549, 37.053858 ], [ -122.326714, 37.053858 ], [ -122.336414, 37.053858 ], [ -122.348208, 37.055672 ], [ -122.360003, 37.058393 ], [ -122.36453, 37.060094 ], [ -122.369651, 37.06202 ], [ -122.376086, 37.065648 ], [ -122.381709, 37.071481 ], [ -122.385739, 37.075893 ], [ -122.38631, 37.076681 ], [ -122.389421, 37.080974 ], [ -122.393127, 37.087164 ], [ -122.395358, 37.093741 ], [ -122.396875, 37.102764 ], [ -122.397386, 37.107036 ], [ -122.396916, 37.109888 ], [ -122.404395, 37.113933 ], [ -122.405063, 37.114455 ], [ -122.409278, 37.117749 ], [ -122.413362, 37.121791 ], [ -122.415749, 37.124947 ], [ -122.417743, 37.129156 ], [ -122.419757, 37.131882 ], [ -122.421347, 37.135077 ], [ -122.428467, 37.137755 ], [ -122.439341, 37.144664 ], [ -122.445198, 37.149667 ], [ -122.445632, 37.150037 ], [ -122.451513, 37.158245 ], [ -122.453353, 37.161678 ], [ -122.455426, 37.166602 ], [ -122.45865, 37.169779 ], [ -122.461034, 37.17332 ], [ -122.464117, 37.177848 ], [ -122.46591, 37.181856 ], [ -122.468053, 37.187964 ], [ -122.468572, 37.19348 ], [ -122.468501, 37.195813 ], [ -122.469461, 37.19944 ], [ -122.470516, 37.202156 ], [ -122.471583, 37.207305 ], [ -122.472235, 37.212214 ], [ -122.475538, 37.216102 ], [ -122.479071, 37.221682 ], [ -122.481703, 37.229147 ], [ -122.483142, 37.23474 ], [ -122.483682, 37.242082 ], [ -122.484046, 37.249944 ] ] ] } },
{ "type": "Feature", "properties": { "STATEFP": "06", "UNSDLEA": "00021", "GEOID": "0600021", "GEOIDFQ": "9700000US0600021", "NAME": "Sunol Glen Unified School District", "LSAD": "00", "LOGRADE": "KG", "HIGRADE": "12", "MTFCC": "G5420", "SDTYP": null, "FUNCSTAT": "E", "ALAND": 218034374, "AWATER": 3615046, "INTPTLAT": "+37.5511338", "INTPTLON": "-121.8054596" }, "geometry": { "type": "Polygon", "coordinates": [ [ [ -121.93331, 37.577127 ], [ -121.93221, 37.576667 ], [ -121.931325, 37.57629 ], [ -121.931066, 37.576618 ], [ -121.93106, 37.576626 ], [ -121.930877, 37.576843 ], [ -121.930719, 37.577004 ], [ -121.930613, 37.577117 ], [ -121.930354, 37.577397 ], [ -121.930164, 37.577619 ], [ -121.930133, 37.577663 ], [ -121.930104, 37.577717 ], [ -121.930073, 37.577791 ], [ -121.930068, 37.577814 ], [ -121.930054, 37.57789 ], [ -121.930043, 37.578093 ], [ -121.930029, 37.578379 ], [ -121.930002, 37.578451 ], [ -121.929981, 37.578473 ], [ -121.929942, 37.578509 ], [ -121.929894, 37.57854 ], [ -121.929792, 37.578589 ], [ -121.929442, 37.578732 ], [ -121.929108, 37.578846 ], [ -121.929073, 37.578855 ], [ -121.927796, 37.57922 ], [ -121.926863, 37.579497 ], [ -121.926767, 37.579526 ], [ -121.92604, 37.579789 ], [ -121.926326, 37.580164 ], [ -121.92713, 37.581245 ], [ -121.925614, 37.582349 ], [ -121.926336, 37.58286 ], [ -121.928374, 37.584376 ], [ -121.928429, 37.585325 ], [ -121.928118, 37.585947 ], [ -121.929951, 37.586075 ], [ -121.930267, 37.586225 ], [ -121.932014, 37.589812 ], [ -121.932366, 37.590712 ], [ -121.932663, 37.591468 ], [ -121.932767, 37.591732 ], [ -121.932656, 37.591792 ], [ -121.932552, 37.591867 ], [ -121.932334, 37.592042 ], [ -121.932226, 37.592138 ], [ -121.932024, 37.592336 ], [ -121.931993, 37.592368 ], [ -121.931981, 37.592382 ], [ -121.93184, 37.592538 ], [ -121.931831, 37.592548 ], [ -121.931838, 37.593751 ], [ -121.931841, 37.594174 ], [ -121.931843, 37.594731 ], [ -121.931865, 37.598422 ], [ -121.931951, 37.605637 ], [ -121.931971, 37.607263 ], [ -121.927524, 37.607292 ], [ -121.923206, 37.607333 ], [ -121.923196, 37.608272 ], [ -121.923236, 37.609514 ], [ -121.923412, 37.619207 ], [ -121.923904, 37.619444 ], [ -121.923823, 37.619653 ], [ -121.923412, 37.62027 ], [ -121.923412, 37.620352 ], [ -121.923433, 37.620495 ], [ -121.923515, 37.620721 ], [ -121.923438, 37.621103 ], [ -121.923412, 37.621235 ], [ -121.923453, 37.621379 ], [ -121.923461, 37.621392 ], [ -121.923448, 37.6216 ], [ -121.908399, 37.621842 ], [ -121.908394, 37.622215 ], [ -121.908139, 37.622475 ], [ -121.908297, 37.622919 ], [ -121.908671, 37.62342 ], [ -121.908728, 37.623436 ], [ -121.909198, 37.623612 ], [ -121.909412, 37.623711 ], [ -121.909495, 37.623777 ], [ -121.909737, 37.624008 ], [ -121.909854, 37.62409 ], [ -121.910289, 37.624359 ], [ -121.910541, 37.6245 ], [ -121.910655, 37.624816 ], [ -121.910664, 37.624934 ], [ -121.910825, 37.625111 ], [ -121.911123, 37.625123 ], [ -121.911281, 37.625235 ], [ -121.91148, 37.625332 ], [ -121.911587, 37.625521 ], [ -121.911638, 37.625679 ], [ -121.911689, 37.625847 ], [ -121.911725, 37.625924 ], [ -121.911822, 37.62601 ], [ -121.911939, 37.626138 ], [ -121.912036, 37.626255 ], [ -121.912138, 37.62647 ], [ -121.912169, 37.626719 ], [ -121.912807, 37.626668 ], [ -121.912837, 37.626791 ], [ -121.913261, 37.626755 ], [ -121.913373, 37.627092 ], [ -121.913342, 37.627276 ], [ -121.913893, 37.626913 ], [ -121.914557, 37.626719 ], [ -121.914521, 37.626648 ], [ -121.914618, 37.626577 ], [ -121.914919, 37.626735 ], [ -121.914679, 37.62699 ], [ -121.914434, 37.627051 ], [ -121.914439, 37.627097 ], [ -121.914704, 37.627046 ], [ -121.914822, 37.627291 ], [ -121.914301, 37.627413 ], [ -121.913725, 37.627862 ], [ -121.914077, 37.628265 ], [ -121.914332, 37.62824 ], [ -121.914577, 37.628617 ], [ -121.914873, 37.628872 ], [ -121.915097, 37.62924 ], [ -121.915352, 37.629127 ], [ -121.915781, 37.628913 ], [ -121.916393, 37.628811 ], [ -121.916638, 37.629505 ], [ -121.91674, 37.629393 ], [ -121.91772, 37.629281 ], [ -121.918281, 37.628913 ], [ -121.918546, 37.629148 ], [ -121.918669, 37.629362 ], [ -121.91874, 37.629454 ], [ -121.91874, 37.629617 ], [ -121.918689, 37.629678 ], [ -121.918801, 37.629893 ], [ -121.919484, 37.629773 ], [ -121.921362, 37.629576 ], [ -121.921403, 37.629944 ], [ -121.922097, 37.630474 ], [ -121.921872, 37.630658 ], [ -121.921811, 37.631158 ], [ -121.921077, 37.631076 ], [ -121.920862, 37.631342 ], [ -121.920622, 37.631407 ], [ -121.919975, 37.631576 ], [ -121.920719, 37.632127 ], [ -121.921311, 37.633097 ], [ -121.921444, 37.632923 ], [ -121.921809, 37.633109 ], [ -121.922383, 37.632893 ], [ -121.922668, 37.633117 ], [ -121.922219, 37.633372 ], [ -121.922255, 37.633749 ], [ -121.922178, 37.63429 ], [ -121.921791, 37.63475 ], [ -121.921923, 37.635025 ], [ -121.921903, 37.635158 ], [ -121.922036, 37.635372 ], [ -121.921617, 37.635607 ], [ -121.921546, 37.635729 ], [ -121.921536, 37.63599 ], [ -121.920191, 37.636006 ], [ -121.916167, 37.636016 ], [ -121.915744, 37.636018 ], [ -121.916045, 37.635733 ], [ -121.916336, 37.635458 ], [ -121.915778, 37.635113 ], [ -121.915552, 37.634974 ], [ -121.91536, 37.635005 ], [ -121.914831, 37.635091 ], [ -121.914783, 37.635099 ], [ -121.914713, 37.634834 ], [ -121.914696, 37.634815 ], [ -121.914793, 37.634764 ], [ -121.914579, 37.634505 ], [ -121.914716, 37.634437 ], [ -121.914739, 37.634342 ], [ -121.91481, 37.633934 ], [ -121.914273, 37.633482 ], [ -121.914091, 37.633218 ], [ -121.914023, 37.633191 ], [ -121.913255, 37.632886 ], [ -121.913071, 37.632747 ], [ -121.912797, 37.632542 ], [ -121.912794, 37.632491 ], [ -121.912756, 37.631949 ], [ -121.91249, 37.631826 ], [ -121.912664, 37.63153 ], [ -121.912963, 37.631656 ], [ -121.913327, 37.631398 ], [ -121.913541, 37.631102 ], [ -121.913796, 37.631 ], [ -121.913694, 37.630765 ], [ -121.913633, 37.630428 ], [ -121.913786, 37.630102 ], [ -121.913439, 37.6295 ], [ -121.913276, 37.629153 ], [ -121.91298, 37.628908 ], [ -121.912501, 37.628755 ], [ -121.91197, 37.62852 ], [ -121.911694, 37.628133 ], [ -121.91148, 37.627776 ], [ -121.911154, 37.627337 ], [ -121.910929, 37.626684 ], [ -121.910552, 37.626051 ], [ -121.910184, 37.625919 ], [ -121.909909, 37.625429 ], [ -121.909144, 37.624663 ], [ -121.909047, 37.62424 ], [ -121.908649, 37.624301 ], [ -121.908297, 37.624342 ], [ -121.907037, 37.624041 ], [ -121.907026, 37.623684 ], [ -121.906725, 37.623495 ], [ -121.906919, 37.623306 ], [ -121.906817, 37.623077 ], [ -121.905965, 37.622689 ], [ -121.905828, 37.622679 ], [ -121.905731, 37.622643 ], [ -121.90571, 37.622562 ], [ -121.905736, 37.622419 ], [ -121.905572, 37.622179 ], [ -121.905557, 37.621858 ], [ -121.90371, 37.621872 ], [ -121.902321, 37.621882 ], [ -121.901871, 37.621424 ], [ -121.901631, 37.620974 ], [ -121.901333, 37.6205 ], [ -121.901251, 37.620381 ], [ -121.897009, 37.621977 ], [ -121.897181, 37.621998 ], [ -121.897253, 37.622007 ], [ -121.892483, 37.622465 ], [ -121.890422, 37.622475 ], [ -121.889522, 37.622507 ], [ -121.889218, 37.622516 ], [ -121.887167, 37.622438 ], [ -121.8856, 37.62238 ], [ -121.883063, 37.622286 ], [ -121.882637, 37.622271 ], [ -121.881372, 37.622227 ], [ -121.88099, 37.622212 ], [ -121.880974, 37.622174 ], [ -121.880952, 37.622181 ], [ -121.880745, 37.622207 ], [ -121.880522, 37.622192 ], [ -121.880217, 37.622291 ], [ -121.880227, 37.62237 ], [ -121.879883, 37.622369 ], [ -121.861901, 37.622305 ], [ -121.82924, 37.62234 ], [ -121.814845, 37.622525 ], [ -121.810202, 37.619755 ], [ -121.810015, 37.619642 ], [ -121.806285, 37.617431 ], [ -121.805935, 37.616939 ], [ -121.805701, 37.617082 ], [ -121.804006, 37.616081 ], [ -121.803489, 37.615757 ], [ -121.801698, 37.614639 ], [ -121.78905, 37.606733 ], [ -121.788428, 37.606446 ], [ -121.778568, 37.600409 ], [ -121.774981, 37.600388 ], [ -121.774957, 37.600392 ], [ -121.774946, 37.600388 ], [ -121.766262, 37.600381 ], [ -121.763075, 37.600361 ], [ -121.760404, 37.600345 ], [ -121.758323, 37.600316 ], [ -121.756469, 37.600306 ], [ -121.747372, 37.600253 ], [ -121.742326, 37.600224 ], [ -121.742326, 37.599844 ], [ -121.742324, 37.596562 ], [ -121.742323, 37.592494 ], [ -121.742324, 37.587474 ], [ -121.742325, 37.587392 ], [ -121.742322, 37.586589 ], [ -121.742323, 37.583748 ], [ -121.742323, 37.583369 ], [ -121.742364, 37.581995 ], [ -121.742369, 37.581807 ], [ -121.742969, 37.581807 ], [ -121.742968, 37.581562 ], [ -121.742969, 37.580711 ], [ -121.742969, 37.578651 ], [ -121.738005, 37.578653 ], [ -121.731851, 37.578652 ], [ -121.727182, 37.578652 ], [ -121.716643, 37.578651 ], [ -121.716648, 37.578089 ], [ -121.716704, 37.572632 ], [ -121.716705, 37.567225 ], [ -121.716704, 37.5619 ], [ -121.716687, 37.558839 ], [ -121.716646, 37.552264 ], [ -121.716641, 37.543842 ], [ -121.716643, 37.542563 ], [ -121.716656, 37.540905 ], [ -121.71668, 37.538202 ], [ -121.716704, 37.534989 ], [ -121.720473, 37.534964 ], [ -121.723708, 37.534943 ], [ -121.724972, 37.534936 ], [ -121.732399, 37.534926 ], [ -121.736503, 37.534927 ], [ -121.736643, 37.523206 ], [ -121.73669, 37.518764 ], [ -121.736749, 37.513589 ], [ -121.736755, 37.510929 ], [ -121.736771, 37.50358 ], [ -121.736782, 37.498136 ], [ -121.736814, 37.483884 ], [ -121.736866, 37.483885 ], [ -121.741163, 37.483935 ], [ -121.741186, 37.483935 ], [ -121.741257, 37.483938 ], [ -121.741281, 37.48394 ], [ -121.741328, 37.48394 ], [ -121.746154, 37.483958 ], [ -121.759098, 37.484009 ], [ -121.760632, 37.484015 ], [ -121.765458, 37.484034 ], [ -121.766108, 37.48404 ], [ -121.76806, 37.484058 ], [ -121.768711, 37.484065 ], [ -121.768889, 37.484066 ], [ -121.769423, 37.484072 ], [ -121.769602, 37.484074 ], [ -121.769631, 37.484074 ], [ -121.769718, 37.484074 ], [ -121.769747, 37.484075 ], [ -121.769829, 37.484076 ], [ -121.786235, 37.484236 ], [ -121.795427, 37.483996 ], [ -121.796487, 37.483994 ], [ -121.79967, 37.483992 ], [ -121.800732, 37.483991 ], [ -121.801834, 37.484003 ], [ -121.80451, 37.484031 ], [ -121.815845, 37.484151 ], [ -121.819624, 37.484191 ], [ -121.820426, 37.484199 ], [ -121.822834, 37.484225 ], [ -121.823637, 37.484234 ], [ -121.823866, 37.484236 ], [ -121.824142, 37.484236 ], [ -121.82566, 37.484236 ], [ -121.826166, 37.484236 ], [ -121.826592, 37.484236 ], [ -121.827017, 37.484236 ], [ -121.827221, 37.484236 ], [ -121.830388, 37.484236 ], [ -121.831366, 37.484236 ], [ -121.831444, 37.484241 ], [ -121.831764, 37.484262 ], [ -121.832727, 37.484326 ], [ -121.832866, 37.484336 ], [ -121.833049, 37.484337 ], [ -121.837876, 37.484373 ], [ -121.846197, 37.484435 ], [ -121.84624, 37.484436 ], [ -121.850609, 37.484437 ], [ -121.850651, 37.484437 ], [ -121.855762, 37.484537 ], [ -121.857394, 37.484554 ], [ -121.857727, 37.484557 ], [ -121.858727, 37.484567 ], [ -121.859061, 37.484571 ], [ -121.859926, 37.48458 ], [ -121.862523, 37.484607 ], [ -121.863389, 37.484617 ], [ -121.863422, 37.484617 ], [ -121.864175, 37.484625 ], [ -121.865267, 37.484637 ], [ -121.865292, 37.48462 ], [ -121.866334, 37.483952 ], [ -121.866997, 37.483529 ], [ -121.867584, 37.483159 ], [ -121.867784, 37.483033 ], [ -121.869346, 37.482049 ], [ -121.869934, 37.48168 ], [ -121.869939, 37.481665 ], [ -121.869978, 37.481584 ], [ -121.870001, 37.481538 ], [ -121.870056, 37.481445 ], [ -121.870076, 37.481291 ], [ -121.870056, 37.481186 ], [ -121.870042, 37.481115 ], [ -121.870045, 37.481027 ], [ -121.870048, 37.480961 ], [ -121.870076, 37.480808 ], [ -121.870115, 37.480729 ], [ -121.87027, 37.48093 ], [ -121.87213, 37.48332 ], [ -121.873823, 37.48743 ], [ -121.874493, 37.489083 ], [ -121.873277, 37.491089 ], [ -121.873752, 37.492374 ], [ -121.874108, 37.493333 ], [ -121.875785, 37.497998 ], [ -121.876609, 37.500362 ], [ -121.876614, 37.500372 ], [ -121.878284, 37.503719 ], [ -121.878989, 37.505606 ], [ -121.88029, 37.507621 ], [ -121.880783, 37.507893 ], [ -121.881131, 37.513358 ], [ -121.880918, 37.514894 ], [ -121.880234, 37.519963 ], [ -121.880048, 37.52136 ], [ -121.879767, 37.523441 ], [ -121.879468, 37.525685 ], [ -121.87943, 37.525987 ], [ -121.879379, 37.5264 ], [ -121.879065, 37.528855 ], [ -121.878679, 37.52904 ], [ -121.878148, 37.530239 ], [ -121.880468, 37.533316 ], [ -121.881276, 37.534132 ], [ -121.88312, 37.536138 ], [ -121.885806, 37.538068 ], [ -121.887108, 37.538846 ], [ -121.887328, 37.538977 ], [ -121.887356, 37.541824 ], [ -121.887457, 37.54304 ], [ -121.887132, 37.543253 ], [ -121.88754, 37.544037 ], [ -121.888299, 37.545174 ], [ -121.890668, 37.547936 ], [ -121.892451, 37.549298 ], [ -121.893614, 37.550203 ], [ -121.89867, 37.546921 ], [ -121.898957, 37.546733 ], [ -121.899323, 37.546589 ], [ -121.904014, 37.549585 ], [ -121.904813, 37.550106 ], [ -121.906584, 37.549449 ], [ -121.906733, 37.549543 ], [ -121.907149, 37.549358 ], [ -121.907336, 37.549275 ], [ -121.908157, 37.551345 ], [ -121.908322, 37.551755 ], [ -121.90864, 37.552541 ], [ -121.908837, 37.553032 ], [ -121.909575, 37.555009 ], [ -121.914557, 37.556136 ], [ -121.915067, 37.55625 ], [ -121.915037, 37.556285 ], [ -121.915028, 37.556295 ], [ -121.91485, 37.556501 ], [ -121.914654, 37.556743 ], [ -121.914537, 37.556888 ], [ -121.914302, 37.557171 ], [ -121.914443, 37.557251 ], [ -121.914827, 37.557471 ], [ -121.91477, 37.557985 ], [ -121.914673, 37.558998 ], [ -121.914581, 37.559893 ], [ -121.914499, 37.560769 ], [ -121.915952, 37.560422 ], [ -121.916463, 37.560302 ], [ -121.916503, 37.560787 ], [ -121.916523, 37.561028 ], [ -121.917965, 37.560994 ], [ -121.918835, 37.560973 ], [ -121.91886, 37.560727 ], [ -121.918829, 37.56065 ], [ -121.918733, 37.560414 ], [ -121.918495, 37.55983 ], [ -121.920618, 37.559303 ], [ -121.920679, 37.559287 ], [ -121.921344, 37.55888 ], [ -121.922128, 37.558406 ], [ -121.922167, 37.55816 ], [ -121.923618, 37.557756 ], [ -121.923726, 37.557726 ], [ -121.923701, 37.558631 ], [ -121.923709, 37.559259 ], [ -121.923712, 37.55954 ], [ -121.923714, 37.559685 ], [ -121.923768, 37.559766 ], [ -121.923772, 37.559866 ], [ -121.923773, 37.55996 ], [ -121.923775, 37.560004 ], [ -121.923778, 37.56022 ], [ -121.923782, 37.560399 ], [ -121.923442, 37.560402 ], [ -121.922627, 37.560407 ], [ -121.922228, 37.56041 ], [ -121.921185, 37.560417 ], [ -121.92028, 37.560423 ], [ -121.920238, 37.560423 ], [ -121.919956, 37.56043 ], [ -121.919408, 37.560429 ], [ -121.919561, 37.560854 ], [ -121.919645, 37.560998 ], [ -121.919805, 37.561263 ], [ -121.919919, 37.561454 ], [ -121.919957, 37.561517 ], [ -121.919974, 37.562038 ], [ -121.919982, 37.562257 ], [ -121.919994, 37.562618 ], [ -121.920008, 37.563033 ], [ -121.920063, 37.563275 ], [ -121.920148, 37.563634 ], [ -121.920314, 37.563842 ], [ -121.920501, 37.564365 ], [ -121.920331, 37.564904 ], [ -121.920169, 37.565287 ], [ -121.920156, 37.565946 ], [ -121.920462, 37.566324 ], [ -121.920972, 37.566722 ], [ -121.921266, 37.566953 ], [ -121.921992, 37.567416 ], [ -121.922591, 37.567833 ], [ -121.923025, 37.568135 ], [ -121.923149, 37.568222 ], [ -121.923552, 37.56821 ], [ -121.923926, 37.568199 ], [ -121.924188, 37.568191 ], [ -121.92456, 37.568154 ], [ -121.925349, 37.568107 ], [ -121.925707, 37.568086 ], [ -121.925714, 37.568127 ], [ -121.925737, 37.568266 ], [ -121.92583, 37.56943 ], [ -121.926891, 37.570742 ], [ -121.927619, 37.571479 ], [ -121.930484, 37.57252 ], [ -121.931563, 37.572716 ], [ -121.931739, 37.572744 ], [ -121.931736, 37.572766 ], [ -121.93174, 37.572806 ], [ -121.931761, 37.57287 ], [ -121.931831, 37.572965 ], [ -121.931941, 37.573076 ], [ -121.932098, 37.573259 ], [ -121.932146, 37.573315 ], [ -121.93224, 37.573425 ], [ -121.932329, 37.573529 ], [ -121.932369, 37.573576 ], [ -121.932979, 37.574203 ], [ -121.932715, 37.574424 ], [ -121.932446, 37.57495 ], [ -121.932403, 37.575041 ], [ -121.932726, 37.575368 ], [ -121.933251, 37.575865 ], [ -121.93331, 37.577127 ] ] ] } },
{ "type": "Feature", "properties": { "STATEFP": "06", "UNSDLEA": "27200", "GEOID": "0627200", "GEOIDFQ": "9700000US0627200", "NAME": "Newman-Crows Landing Unified School District", "LSAD": "00", "LOGRADE": "KG", "HIGRADE": "12", "MTFCC": "G5420", "SDTYP": null, "FUNCSTAT": "E", "ALAND": 964880116, "AWATER": 1464108, "INTPTLAT": "+37.3260075", "INTPTLON": "-121.1936646" }, "geometry": { "type": "Polygon", "coordinates": [ [ [ -121.459051, 37.282739 ], [ -121.459019, 37.282784 ], [ -121.45854, 37.283453 ], [ -121.458373, 37.283687 ], [ -121.458051, 37.284139 ], [ -121.45739, 37.284071 ], [ -121.457264, 37.284058 ], [ -121.457096, 37.284041 ], [ -121.455891, 37.283916 ], [ -121.45515, 37.283839 ], [ -121.454009, 37.28405 ], [ -121.453699, 37.284708 ], [ -121.453544, 37.285202 ], [ -121.453311, 37.285777 ], [ -121.453156, 37.286332 ], [ -121.452973, 37.286735 ], [ -121.451658, 37.288079 ], [ -121.451347, 37.288264 ], [ -121.450908, 37.28845 ], [ -121.449875, 37.289028 ], [ -121.449461, 37.289355 ], [ -121.449279, 37.289703 ], [ -121.448918, 37.290094 ], [ -121.448658, 37.2903 ], [ -121.449041, 37.291707 ], [ -121.449069, 37.29181 ], [ -121.449105, 37.291942 ], [ -121.449351, 37.292848 ], [ -121.449371, 37.292913 ], [ -121.449563, 37.293619 ], [ -121.44965, 37.293939 ], [ -121.446835, 37.295185 ], [ -121.446543, 37.295314 ], [ -121.443551, 37.296638 ], [ -121.442786, 37.296309 ], [ -121.441973, 37.294796 ], [ -121.44112, 37.293857 ], [ -121.439756, 37.293461 ], [ -121.438502, 37.293168 ], [ -121.437538, 37.292365 ], [ -121.436816, 37.291971 ], [ -121.43609, 37.29218 ], [ -121.435472, 37.292359 ], [ -121.434017, 37.292934 ], [ -121.433666, 37.29358 ], [ -121.432779, 37.29437 ], [ -121.432744, 37.294378 ], [ -121.432032, 37.294544 ], [ -121.431391, 37.294994 ], [ -121.430357, 37.295249 ], [ -121.428529, 37.295669 ], [ -121.427244, 37.295914 ], [ -121.426631, 37.296099 ], [ -121.426332, 37.296208 ], [ -121.426008, 37.296327 ], [ -121.425767, 37.296336 ], [ -121.425376, 37.296309 ], [ -121.424589, 37.296279 ], [ -121.42565, 37.296032 ], [ -121.425846, 37.295986 ], [ -121.426063, 37.295936 ], [ -121.424666, 37.295138 ], [ -121.423452, 37.295287 ], [ -121.423041, 37.295865 ], [ -121.42305, 37.296638 ], [ -121.42275, 37.299138 ], [ -121.419062, 37.302006 ], [ -121.418838, 37.30256 ], [ -121.418678, 37.302913 ], [ -121.418366, 37.303275 ], [ -121.418251, 37.30334 ], [ -121.418115, 37.303416 ], [ -121.417744, 37.303539 ], [ -121.416731, 37.303818 ], [ -121.414892, 37.305248 ], [ -121.414748, 37.30536 ], [ -121.414258, 37.306509 ], [ -121.414007, 37.306765 ], [ -121.413604, 37.306957 ], [ -121.413545, 37.306985 ], [ -121.412772, 37.307434 ], [ -121.411315, 37.308031 ], [ -121.408942, 37.309877 ], [ -121.407519, 37.309837 ], [ -121.406395, 37.31043 ], [ -121.406204, 37.310531 ], [ -121.405753, 37.31099 ], [ -121.406204, 37.311826 ], [ -121.406334, 37.312762 ], [ -121.406772, 37.312803 ], [ -121.406747, 37.312684 ], [ -121.407098, 37.312769 ], [ -121.40748, 37.313114 ], [ -121.4077, 37.314059 ], [ -121.408142, 37.315809 ], [ -121.408333, 37.31762 ], [ -121.409398, 37.321464 ], [ -121.411939, 37.324445 ], [ -121.410218, 37.325061 ], [ -121.410357, 37.325431 ], [ -121.41115, 37.327537 ], [ -121.40915, 37.330637 ], [ -121.411759, 37.333808 ], [ -121.420288, 37.344176 ], [ -121.42075, 37.344737 ], [ -121.420734, 37.345062 ], [ -121.420703, 37.345679 ], [ -121.419952, 37.346063 ], [ -121.419821, 37.34654 ], [ -121.420142, 37.347273 ], [ -121.420596, 37.347765 ], [ -121.420498, 37.349717 ], [ -121.420487, 37.349937 ], [ -121.42046, 37.350467 ], [ -121.419549, 37.35112 ], [ -121.419409, 37.351989 ], [ -121.41981, 37.352807 ], [ -121.420899, 37.353669 ], [ -121.421228, 37.354287 ], [ -121.421024, 37.355127 ], [ -121.421044, 37.355382 ], [ -121.422153, 37.356025 ], [ -121.42365, 37.358837 ], [ -121.422742, 37.360955 ], [ -121.422681, 37.362103 ], [ -121.422631, 37.362668 ], [ -121.4225, 37.363091 ], [ -121.422128, 37.363469 ], [ -121.421655, 37.363828 ], [ -121.421172, 37.364065 ], [ -121.420427, 37.364229 ], [ -121.419652, 37.364332 ], [ -121.41929, 37.364445 ], [ -121.41929, 37.364719 ], [ -121.41925, 37.365081 ], [ -121.41921, 37.365601 ], [ -121.419018, 37.366316 ], [ -121.418696, 37.366932 ], [ -121.418213, 37.36741 ], [ -121.41765, 37.369836 ], [ -121.416129, 37.373709 ], [ -121.416362, 37.374179 ], [ -121.416311, 37.374453 ], [ -121.41614, 37.374717 ], [ -121.415989, 37.374858 ], [ -121.415698, 37.375404 ], [ -121.415798, 37.375687 ], [ -121.415849, 37.375916 ], [ -121.415476, 37.376012 ], [ -121.415033, 37.376142 ], [ -121.41449, 37.376317 ], [ -121.414078, 37.37665 ], [ -121.413685, 37.376993 ], [ -121.413071, 37.377458 ], [ -121.412806, 37.377616 ], [ -121.412367, 37.377879 ], [ -121.411594, 37.3781 ], [ -121.411386, 37.378361 ], [ -121.411051, 37.378379 ], [ -121.410319, 37.379092 ], [ -121.409717, 37.379891 ], [ -121.409075, 37.380672 ], [ -121.409346, 37.38132 ], [ -121.409741, 37.382223 ], [ -121.409693, 37.382013 ], [ -121.409841, 37.382106 ], [ -121.410073, 37.382398 ], [ -121.410083, 37.382628 ], [ -121.410073, 37.382893 ], [ -121.409954, 37.383162 ], [ -121.410025, 37.383472 ], [ -121.410141, 37.38398 ], [ -121.410566, 37.385834 ], [ -121.410629, 37.386108 ], [ -121.412114, 37.38724 ], [ -121.412156, 37.387272 ], [ -121.412549, 37.389435 ], [ -121.413949, 37.389635 ], [ -121.414055, 37.389708 ], [ -121.408868, 37.389716 ], [ -121.40822, 37.389718 ], [ -121.405862, 37.389725 ], [ -121.40308, 37.389733 ], [ -121.400827, 37.38975 ], [ -121.398691, 37.389766 ], [ -121.390596, 37.3898 ], [ -121.389497, 37.389791 ], [ -121.380236, 37.389841 ], [ -121.376472, 37.38985 ], [ -121.371925, 37.389866 ], [ -121.366745, 37.389908 ], [ -121.364703, 37.389919 ], [ -121.363797, 37.389925 ], [ -121.354994, 37.389966 ], [ -121.352579, 37.389975 ], [ -121.346899, 37.390543 ], [ -121.343346, 37.390908 ], [ -121.343188, 37.390924 ], [ -121.342982, 37.390963 ], [ -121.342168, 37.391016 ], [ -121.33354, 37.391907 ], [ -121.330567, 37.391907 ], [ -121.324638, 37.391923 ], [ -121.315633, 37.392005 ], [ -121.315689, 37.396173 ], [ -121.315573, 37.40432 ], [ -121.315426, 37.427176 ], [ -121.315386, 37.433381 ], [ -121.315392, 37.433729 ], [ -121.315446, 37.435109 ], [ -121.315453, 37.435286 ], [ -121.295009, 37.435299 ], [ -121.283443, 37.435307 ], [ -121.271264, 37.435315 ], [ -121.245869, 37.435333 ], [ -121.238, 37.435338 ], [ -121.234224, 37.43534 ], [ -121.224408, 37.43538 ], [ -121.215364, 37.435353 ], [ -121.204673, 37.43536 ], [ -121.196069, 37.435365 ], [ -121.196035, 37.442841 ], [ -121.194213, 37.442834 ], [ -121.186841, 37.442808 ], [ -121.186907, 37.43921 ], [ -121.175681, 37.43921 ], [ -121.164588, 37.439177 ], [ -121.163156, 37.439177 ], [ -121.162605, 37.439331 ], [ -121.162221, 37.43944 ], [ -121.161411, 37.438123 ], [ -121.160804, 37.437053 ], [ -121.159966, 37.43539 ], [ -121.158409, 37.435391 ], [ -121.158194, 37.435391 ], [ -121.1545, 37.435394 ], [ -121.152661, 37.435395 ], [ -121.144566, 37.435402 ], [ -121.14455, 37.436045 ], [ -121.144115, 37.436102 ], [ -121.143743, 37.436172 ], [ -121.143294, 37.436211 ], [ -121.142919, 37.436309 ], [ -121.142467, 37.436331 ], [ -121.141273, 37.436115 ], [ -121.141281, 37.435405 ], [ -121.13381, 37.435359 ], [ -121.133445, 37.435357 ], [ -121.121003, 37.435286 ], [ -121.112142, 37.435212 ], [ -121.102281, 37.435129 ], [ -121.101941, 37.435127 ], [ -121.101641, 37.435129 ], [ -121.101604, 37.435129 ], [ -121.100012, 37.435131 ], [ -121.09684, 37.435107 ], [ -121.083047, 37.435001 ], [ -121.080327, 37.43498 ], [ -121.076151, 37.43494 ], [ -121.070986, 37.434891 ], [ -121.069923, 37.434881 ], [ -121.067255, 37.434855 ], [ -121.059472, 37.434929 ], [ -121.059327, 37.434931 ], [ -121.058211, 37.434942 ], [ -121.044515, 37.435075 ], [ -121.038671, 37.435146 ], [ -121.037262, 37.435163 ], [ -121.034246, 37.437987 ], [ -121.034113, 37.438111 ], [ -121.034327, 37.438521 ], [ -121.03451, 37.43913 ], [ -121.034656, 37.439703 ], [ -121.034729, 37.440593 ], [ -121.03468, 37.441141 ], [ -121.034534, 37.441677 ], [ -121.034229, 37.442323 ], [ -121.033717, 37.442945 ], [ -121.033035, 37.443542 ], [ -121.032303, 37.444088 ], [ -121.032214, 37.444126 ], [ -121.032011, 37.444202 ], [ -121.031795, 37.444266 ], [ -121.03163, 37.444342 ], [ -121.031426, 37.444444 ], [ -121.031388, 37.444456 ], [ -121.031146, 37.444609 ], [ -121.031032, 37.444698 ], [ -121.03093, 37.444838 ], [ -121.030841, 37.44499 ], [ -121.030778, 37.445181 ], [ -121.03079, 37.445435 ], [ -121.030829, 37.445728 ], [ -121.030956, 37.445982 ], [ -121.031134, 37.446351 ], [ -121.031299, 37.446593 ], [ -121.031668, 37.446961 ], [ -121.031973, 37.447305 ], [ -121.032176, 37.44747 ], [ -121.032507, 37.447699 ], [ -121.032761, 37.447813 ], [ -121.033041, 37.447928 ], [ -121.033308, 37.44808 ], [ -121.033486, 37.448245 ], [ -121.033588, 37.448436 ], [ -121.033613, 37.448614 ], [ -121.033715, 37.448919 ], [ -121.033804, 37.449085 ], [ -121.033842, 37.449237 ], [ -121.033855, 37.449492 ], [ -121.033934, 37.449712 ], [ -121.034036, 37.449831 ], [ -121.033495, 37.450216 ], [ -121.033026, 37.450466 ], [ -121.032742, 37.450538 ], [ -121.032506, 37.450598 ], [ -121.032307, 37.450586 ], [ -121.031964, 37.45054 ], [ -121.031167, 37.450423 ], [ -121.030581, 37.450303 ], [ -121.030412, 37.450273 ], [ -121.029495, 37.449971 ], [ -121.028447, 37.449509 ], [ -121.028284, 37.449556 ], [ -121.024725, 37.449549 ], [ -121.024213, 37.449548 ], [ -121.018287, 37.449509 ], [ -121.010526, 37.449461 ], [ -121.008533, 37.449449 ], [ -121.003439, 37.449417 ], [ -120.994773, 37.44937 ], [ -120.994486, 37.449369 ], [ -120.994704, 37.439455 ], [ -120.994759, 37.43819 ], [ -120.995876, 37.438194 ], [ -121.006253, 37.438232 ], [ -121.011614, 37.433173 ], [ -121.012054, 37.432758 ], [ -121.012566, 37.432281 ], [ -121.013115, 37.431769 ], [ -121.013195, 37.431694 ], [ -121.013368, 37.431533 ], [ -121.013302, 37.43135 ], [ -121.013265, 37.431012 ], [ -121.013462, 37.430403 ], [ -121.014146, 37.429053 ], [ -121.01454, 37.428031 ], [ -121.014737, 37.427422 ], [ -121.014831, 37.427122 ], [ -121.014821, 37.426906 ], [ -121.01469, 37.426709 ], [ -121.01424, 37.426419 ], [ -121.013396, 37.426119 ], [ -121.011943, 37.425744 ], [ -121.010987, 37.425603 ], [ -121.010387, 37.42564 ], [ -121.00974, 37.425809 ], [ -121.009112, 37.426184 ], [ -121.007677, 37.427347 ], [ -121.007171, 37.427703 ], [ -121.006787, 37.427937 ], [ -121.005981, 37.428565 ], [ -121.005456, 37.429006 ], [ -121.004893, 37.429381 ], [ -121.004087, 37.429615 ], [ -121.003149, 37.429597 ], [ -121.002334, 37.429503 ], [ -121.001424, 37.429222 ], [ -121.000759, 37.428856 ], [ -121.000252, 37.428331 ], [ -120.999906, 37.427572 ], [ -120.999896, 37.427544 ], [ -120.999906, 37.427065 ], [ -121.000037, 37.426615 ], [ -121.000215, 37.426165 ], [ -121.000506, 37.425828 ], [ -121.001068, 37.425434 ], [ -121.001584, 37.425153 ], [ -121.002174, 37.42489 ], [ -121.002643, 37.424553 ], [ -121.002906, 37.424159 ], [ -121.003252, 37.423606 ], [ -121.003393, 37.4231 ], [ -121.003365, 37.422809 ], [ -121.003337, 37.422472 ], [ -121.003252, 37.422125 ], [ -121.003093, 37.421769 ], [ -121.002868, 37.421431 ], [ -121.002512, 37.421037 ], [ -121.001715, 37.420531 ], [ -121.000693, 37.42009 ], [ -121.000074, 37.419856 ], [ -120.999324, 37.419434 ], [ -120.998949, 37.419144 ], [ -120.998649, 37.418862 ], [ -120.998424, 37.418534 ], [ -120.998387, 37.418253 ], [ -120.998443, 37.418028 ], [ -120.998631, 37.417784 ], [ -120.998912, 37.417615 ], [ -120.999212, 37.417522 ], [ -120.999868, 37.417456 ], [ -121.000365, 37.417381 ], [ -121.000721, 37.417269 ], [ -121.001096, 37.417025 ], [ -121.001396, 37.416678 ], [ -121.001724, 37.416256 ], [ -121.002399, 37.415197 ], [ -121.002662, 37.414597 ], [ -121.002766, 37.414431 ], [ -121.002959, 37.413781 ], [ -121.002959, 37.413672 ], [ -121.002939, 37.413444 ], [ -121.002939, 37.413266 ], [ -121.002969, 37.413167 ], [ -121.003048, 37.413068 ], [ -121.003187, 37.412979 ], [ -121.003286, 37.41289 ], [ -121.003326, 37.412741 ], [ -121.003336, 37.412632 ], [ -121.003266, 37.412464 ], [ -121.003187, 37.412365 ], [ -121.003048, 37.412236 ], [ -121.002949, 37.412167 ], [ -121.002741, 37.412038 ], [ -121.002573, 37.411919 ], [ -121.002345, 37.411771 ], [ -121.002137, 37.411592 ], [ -121.002048, 37.411434 ], [ -121.00186, 37.411137 ], [ -121.001559, 37.41095 ], [ -121.000913, 37.410742 ], [ -121.0004, 37.410639 ], [ -121.000093, 37.410629 ], [ -120.999447, 37.41069 ], [ -120.999108, 37.410711 ], [ -120.99879, 37.410721 ], [ -120.998277, 37.410783 ], [ -120.997744, 37.410947 ], [ -120.997108, 37.411162 ], [ -120.996595, 37.411296 ], [ -120.996154, 37.411378 ], [ -120.99556, 37.411337 ], [ -120.994893, 37.41108 ], [ -120.994196, 37.410742 ], [ -120.993601, 37.410475 ], [ -120.99317, 37.410167 ], [ -120.992862, 37.409798 ], [ -120.992708, 37.40946 ], [ -120.992667, 37.409214 ], [ -120.992739, 37.408916 ], [ -120.992924, 37.408619 ], [ -120.99317, 37.408373 ], [ -120.993478, 37.408188 ], [ -120.993806, 37.408003 ], [ -120.994185, 37.407839 ], [ -120.994965, 37.407624 ], [ -120.995447, 37.407429 ], [ -120.995908, 37.407152 ], [ -120.996318, 37.406701 ], [ -120.996483, 37.406496 ], [ -120.996524, 37.40627 ], [ -120.996544, 37.406044 ], [ -120.996616, 37.40587 ], [ -120.99677, 37.405624 ], [ -120.996872, 37.405398 ], [ -120.996995, 37.405101 ], [ -120.997047, 37.404711 ], [ -120.997057, 37.404404 ], [ -120.997003, 37.404117 ], [ -120.996829, 37.403464 ], [ -120.996443, 37.402796 ], [ -120.995944, 37.40221 ], [ -120.995516, 37.401937 ], [ -120.994693, 37.401541 ], [ -120.994177, 37.401462 ], [ -120.993843, 37.401352 ], [ -120.993417, 37.401352 ], [ -120.992876, 37.401541 ], [ -120.992518, 37.401948 ], [ -120.992141, 37.402495 ], [ -120.991594, 37.402902 ], [ -120.990677, 37.403151 ], [ -120.989911, 37.403309 ], [ -120.988996, 37.403472 ], [ -120.988435, 37.403511 ], [ -120.987604, 37.403432 ], [ -120.986718, 37.40325 ], [ -120.986347, 37.403013 ], [ -120.986078, 37.402791 ], [ -120.98588, 37.402443 ], [ -120.98573, 37.401953 ], [ -120.985595, 37.401336 ], [ -120.9855, 37.400893 ], [ -120.985263, 37.400506 ], [ -120.984978, 37.400197 ], [ -120.984733, 37.400055 ], [ -120.984449, 37.399952 ], [ -120.984172, 37.399889 ], [ -120.983998, 37.399873 ], [ -120.983955, 37.399858 ], [ -120.983889, 37.399821 ], [ -120.983796, 37.399736 ], [ -120.983779, 37.399712 ], [ -120.983756, 37.39964 ], [ -120.983754, 37.399551 ], [ -120.983754, 37.399441 ], [ -120.983735, 37.399292 ], [ -120.983709, 37.399105 ], [ -120.983709, 37.39893 ], [ -120.983786, 37.398749 ], [ -120.983961, 37.398568 ], [ -120.98451, 37.398284 ], [ -120.98502, 37.397935 ], [ -120.985807, 37.397631 ], [ -120.98654, 37.397406 ], [ -120.9878, 37.396908 ], [ -120.988724, 37.396512 ], [ -120.989466, 37.396054 ], [ -120.989811, 37.395871 ], [ -120.989963, 37.395739 ], [ -120.990055, 37.395567 ], [ -120.990014, 37.395414 ], [ -120.989984, 37.395079 ], [ -120.989953, 37.394703 ], [ -120.989974, 37.394185 ], [ -120.990075, 37.393789 ], [ -120.990207, 37.393494 ], [ -120.990624, 37.392996 ], [ -120.99099, 37.392753 ], [ -120.991122, 37.39259 ], [ -120.991264, 37.392245 ], [ -120.991325, 37.392062 ], [ -120.991305, 37.391818 ], [ -120.991244, 37.391483 ], [ -120.991084, 37.391168 ], [ -120.990766, 37.390899 ], [ -120.990589, 37.390835 ], [ -120.990347, 37.390722 ], [ -120.990116, 37.390566 ], [ -120.989987, 37.390319 ], [ -120.989971, 37.390035 ], [ -120.990047, 37.389707 ], [ -120.990277, 37.389498 ], [ -120.990739, 37.389455 ], [ -120.991244, 37.389621 ], [ -120.991545, 37.389766 ], [ -120.991743, 37.389793 ], [ -120.992006, 37.389771 ], [ -120.992342, 37.389627 ], [ -120.992859, 37.389431 ], [ -120.99357, 37.389094 ], [ -120.994043, 37.388853 ], [ -120.994202, 37.388749 ], [ -120.994307, 37.388608 ], [ -120.994361, 37.388493 ], [ -120.994361, 37.38824 ], [ -120.994295, 37.38805 ], [ -120.994228, 37.387755 ], [ -120.994217, 37.387682 ], [ -120.994217, 37.387588 ], [ -120.994233, 37.387531 ], [ -120.994332, 37.38736 ], [ -120.994456, 37.387121 ], [ -120.994529, 37.386648 ], [ -120.994534, 37.386186 ], [ -120.994456, 37.385812 ], [ -120.994254, 37.385261 ], [ -120.993833, 37.384399 ], [ -120.993719, 37.384274 ], [ -120.993635, 37.384248 ], [ -120.993563, 37.384248 ], [ -120.993417, 37.384363 ], [ -120.993303, 37.384596 ], [ -120.993147, 37.384986 ], [ -120.993033, 37.385225 ], [ -120.99296, 37.385324 ], [ -120.99283, 37.385402 ], [ -120.992612, 37.385443 ], [ -120.992384, 37.385448 ], [ -120.992017, 37.385452 ], [ -120.991772, 37.385487 ], [ -120.991498, 37.385551 ], [ -120.991093, 37.385697 ], [ -120.990961, 37.385767 ], [ -120.990802, 37.385892 ], [ -120.990559, 37.386017 ], [ -120.990211, 37.386121 ], [ -120.989892, 37.386204 ], [ -120.989371, 37.386343 ], [ -120.988954, 37.386447 ], [ -120.988482, 37.386635 ], [ -120.988114, 37.386656 ], [ -120.987656, 37.386642 ], [ -120.9871, 37.386642 ], [ -120.986666, 37.386656 ], [ -120.986112, 37.386735 ], [ -120.985901, 37.38677 ], [ -120.985527, 37.386893 ], [ -120.984627, 37.386981 ], [ -120.98414, 37.386937 ], [ -120.983604, 37.386819 ], [ -120.983067, 37.386588 ], [ -120.982545, 37.386177 ], [ -120.982304, 37.385847 ], [ -120.982181, 37.385717 ], [ -120.982113, 37.385654 ], [ -120.98205, 37.385557 ], [ -120.981958, 37.385402 ], [ -120.981948, 37.385304 ], [ -120.981958, 37.385135 ], [ -120.982157, 37.384906 ], [ -120.982375, 37.38478 ], [ -120.982686, 37.384647 ], [ -120.982788, 37.384569 ], [ -120.98295, 37.384443 ], [ -120.983125, 37.384226 ], [ -120.983203, 37.383986 ], [ -120.983341, 37.383697 ], [ -120.983569, 37.3833 ], [ -120.983593, 37.383012 ], [ -120.983606, 37.382507 ], [ -120.983684, 37.381912 ], [ -120.98393, 37.381382 ], [ -120.984273, 37.380899 ], [ -120.984762, 37.380253 ], [ -120.985214, 37.379452 ], [ -120.985466, 37.37878 ], [ -120.985563, 37.378379 ], [ -120.985524, 37.377771 ], [ -120.985446, 37.377241 ], [ -120.985318, 37.376709 ], [ -120.985163, 37.376402 ], [ -120.984806, 37.375713 ], [ -120.984366, 37.375136 ], [ -120.984024, 37.374881 ], [ -120.98364, 37.374751 ], [ -120.983218, 37.374745 ], [ -120.982808, 37.374788 ], [ -120.982343, 37.375092 ], [ -120.981853, 37.375682 ], [ -120.981443, 37.376352 ], [ -120.981114, 37.376679 ], [ -120.980378, 37.37701 ], [ -120.979517, 37.377281 ], [ -120.978531, 37.377586 ], [ -120.977906, 37.37767 ], [ -120.977017, 37.377614 ], [ -120.976121, 37.377552 ], [ -120.975418, 37.37733 ], [ -120.974413, 37.377071 ], [ -120.973746, 37.376756 ], [ -120.973387, 37.376462 ], [ -120.973119, 37.376148 ], [ -120.973025, 37.375801 ], [ -120.972971, 37.375537 ], [ -120.972946, 37.375327 ], [ -120.972937, 37.375107 ], [ -120.972994, 37.374835 ], [ -120.973128, 37.374531 ], [ -120.973269, 37.37436 ], [ -120.97344, 37.374197 ], [ -120.9737, 37.37407 ], [ -120.973975, 37.374048 ], [ -120.974205, 37.374056 ], [ -120.974465, 37.3741 ], [ -120.974799, 37.374182 ], [ -120.974992, 37.374211 ], [ -120.975245, 37.374278 ], [ -120.97546, 37.374315 ], [ -120.975854, 37.374323 ], [ -120.976136, 37.374323 ], [ -120.976455, 37.374301 ], [ -120.976718, 37.374251 ], [ -120.977094, 37.374107 ], [ -120.977421, 37.373929 ], [ -120.977822, 37.37355 ], [ -120.977944, 37.373471 ], [ -120.978258, 37.373268 ], [ -120.978408, 37.373078 ], [ -120.97853, 37.372898 ], [ -120.978768, 37.372351 ], [ -120.978873, 37.371961 ], [ -120.978879, 37.371466 ], [ -120.978861, 37.370937 ], [ -120.978693, 37.370553 ], [ -120.978396, 37.370239 ], [ -120.978012, 37.370046 ], [ -120.977564, 37.369988 ], [ -120.976925, 37.370027 ], [ -120.976426, 37.369991 ], [ -120.976411, 37.36999 ], [ -120.976104, 37.369942 ], [ -120.975649, 37.369856 ], [ -120.975041, 37.36988 ], [ -120.974475, 37.369779 ], [ -120.974341, 37.369751 ], [ -120.974154, 37.369621 ], [ -120.974001, 37.369324 ], [ -120.974025, 37.368965 ], [ -120.974231, 37.368567 ], [ -120.974365, 37.368462 ], [ -120.974667, 37.368227 ], [ -120.975194, 37.367983 ], [ -120.975371, 37.367892 ], [ -120.975731, 37.36771 ], [ -120.975994, 37.367643 ], [ -120.976559, 37.367576 ], [ -120.976906, 37.367545 ], [ -120.97776, 37.367697 ], [ -120.978331, 37.367626 ], [ -120.978671, 37.367544 ], [ -120.978907, 37.367485 ], [ -120.979381, 37.367345 ], [ -120.97998, 37.367189 ], [ -120.980556, 37.367056 ], [ -120.980993, 37.366938 ], [ -120.981296, 37.366783 ], [ -120.981636, 37.36645 ], [ -120.981784, 37.366154 ], [ -120.981799, 37.365873 ], [ -120.981784, 37.365592 ], [ -120.981629, 37.365252 ], [ -120.9814, 37.364869 ], [ -120.981165, 37.364709 ], [ -120.980841, 37.36456 ], [ -120.980267, 37.364173 ], [ -120.979706, 37.363749 ], [ -120.9792, 37.363287 ], [ -120.978945, 37.362857 ], [ -120.978605, 37.362349 ], [ -120.978436, 37.362183 ], [ -120.978182, 37.361935 ], [ -120.978052, 37.361718 ], [ -120.977968, 37.361329 ], [ -120.977968, 37.360746 ], [ -120.978121, 37.35994 ], [ -120.978315, 37.359454 ], [ -120.978468, 37.359065 ], [ -120.978649, 37.35869 ], [ -120.978748, 37.358466 ], [ -120.978815, 37.358315 ], [ -120.978927, 37.357927 ], [ -120.978954, 37.357496 ], [ -120.978885, 37.357107 ], [ -120.978859, 37.357063 ], [ -120.978718, 37.356829 ], [ -120.978454, 37.356302 ], [ -120.977871, 37.355607 ], [ -120.977246, 37.355035 ], [ -120.977094, 37.354896 ], [ -120.977, 37.354512 ], [ -120.976944, 37.354227 ], [ -120.976868, 37.353943 ], [ -120.976875, 37.353637 ], [ -120.976777, 37.353373 ], [ -120.976757, 37.353158 ], [ -120.976757, 37.353026 ], [ -120.976784, 37.352922 ], [ -120.977, 37.352658 ], [ -120.977055, 37.352436 ], [ -120.977055, 37.352089 ], [ -120.977021, 37.351616 ], [ -120.976868, 37.351061 ], [ -120.976673, 37.3502 ], [ -120.976548, 37.349769 ], [ -120.976465, 37.349616 ], [ -120.976236, 37.349471 ], [ -120.975863, 37.349308 ], [ -120.97576, 37.349294 ], [ -120.975066, 37.349225 ], [ -120.974636, 37.34937 ], [ -120.974173, 37.349526 ], [ -120.973766, 37.349577 ], [ -120.97366, 37.34959 ], [ -120.973551, 37.349604 ], [ -120.973395, 37.349623 ], [ -120.972936, 37.349593 ], [ -120.972779, 37.349582 ], [ -120.972644, 37.349573 ], [ -120.972548, 37.349567 ], [ -120.971409, 37.349234 ], [ -120.97059, 37.348873 ], [ -120.970579, 37.348573 ], [ -120.970562, 37.348123 ], [ -120.970374, 37.347936 ], [ -120.968437, 37.346012 ], [ -120.967465, 37.345887 ], [ -120.967254, 37.34594 ], [ -120.967095, 37.34598 ], [ -120.966978, 37.34601 ], [ -120.965843, 37.346295 ], [ -120.96573, 37.346272 ], [ -120.965641, 37.346254 ], [ -120.965677, 37.346337 ], [ -120.965423, 37.346401 ], [ -120.965016, 37.346459 ], [ -120.964638, 37.346477 ], [ -120.964242, 37.346366 ], [ -120.963812, 37.346144 ], [ -120.963924, 37.346045 ], [ -120.964223, 37.345782 ], [ -120.964477, 37.345564 ], [ -120.964577, 37.345478 ], [ -120.964685, 37.345385 ], [ -120.96479, 37.345295 ], [ -120.971739, 37.339338 ], [ -120.972239, 37.339038 ], [ -120.972629, 37.33873 ], [ -120.972671, 37.338697 ], [ -120.972733, 37.338648 ], [ -120.972795, 37.338599 ], [ -120.972827, 37.338574 ], [ -120.972915, 37.338504 ], [ -120.972941, 37.338483 ], [ -120.973098, 37.338363 ], [ -120.973204, 37.338282 ], [ -120.973316, 37.338197 ], [ -120.973355, 37.338167 ], [ -120.973387, 37.338142 ], [ -120.973444, 37.338099 ], [ -120.978757, 37.334036 ], [ -120.980176, 37.332951 ], [ -120.982326, 37.331293 ], [ -120.984478, 37.329633 ], [ -120.984785, 37.329388 ], [ -120.985289, 37.329001 ], [ -120.986245, 37.328267 ], [ -120.987755, 37.327106 ], [ -120.987959, 37.326951 ], [ -120.988784, 37.326318 ], [ -120.993557, 37.322653 ], [ -120.998742, 37.318671 ], [ -120.998918, 37.318536 ], [ -120.998941, 37.318518 ], [ -120.99913, 37.318373 ], [ -120.999776, 37.317877 ], [ -120.999862, 37.317811 ], [ -121.000409, 37.317391 ], [ -121.000836, 37.317063 ], [ -121.001038, 37.316908 ], [ -121.001091, 37.316863 ], [ -121.002876, 37.315361 ], [ -121.00357, 37.314777 ], [ -121.003604, 37.314749 ], [ -121.003618, 37.314737 ], [ -121.003692, 37.314675 ], [ -121.00387, 37.314525 ], [ -121.004996, 37.313577 ], [ -121.006484, 37.312325 ], [ -121.00788, 37.31115 ], [ -121.007954, 37.311073 ], [ -121.008032, 37.310992 ], [ -121.008304, 37.31071 ], [ -121.008469, 37.310538 ], [ -121.008478, 37.310529 ], [ -121.008775, 37.310221 ], [ -121.011324, 37.307918 ], [ -121.011778, 37.307508 ], [ -121.01179, 37.307498 ], [ -121.011868, 37.307427 ], [ -121.011941, 37.307361 ], [ -121.013029, 37.306379 ], [ -121.013545, 37.305914 ], [ -121.013562, 37.305899 ], [ -121.013739, 37.305738 ], [ -121.013884, 37.305605 ], [ -121.013918, 37.305574 ], [ -121.015039, 37.304539 ], [ -121.015539, 37.304239 ], [ -121.015814, 37.304024 ], [ -121.015916, 37.303944 ], [ -121.016116, 37.303788 ], [ -121.016211, 37.303714 ], [ -121.019366, 37.301247 ], [ -121.020786, 37.300137 ], [ -121.021036, 37.299935 ], [ -121.02166, 37.299431 ], [ -121.022039, 37.299125 ], [ -121.022271, 37.298936 ], [ -121.025261, 37.296503 ], [ -121.028016, 37.294263 ], [ -121.029034, 37.293436 ], [ -121.029186, 37.293313 ], [ -121.029249, 37.293262 ], [ -121.029268, 37.293247 ], [ -121.029312, 37.29321 ], [ -121.029339, 37.293188 ], [ -121.029508, 37.29305 ], [ -121.029782, 37.292844 ], [ -121.030139, 37.292539 ], [ -121.031022, 37.291833 ], [ -121.031451, 37.29149 ], [ -121.0351, 37.288563 ], [ -121.035721, 37.288065 ], [ -121.036473, 37.287462 ], [ -121.041309, 37.283613 ], [ -121.043274, 37.28205 ], [ -121.043362, 37.28198 ], [ -121.043504, 37.281868 ], [ -121.04354, 37.281839 ], [ -121.04714, 37.278739 ], [ -121.0477, 37.278334 ], [ -121.047726, 37.278315 ], [ -121.047802, 37.27826 ], [ -121.047879, 37.278205 ], [ -121.047893, 37.278195 ], [ -121.04792, 37.278175 ], [ -121.047958, 37.278147 ], [ -121.047978, 37.278133 ], [ -121.048012, 37.278108 ], [ -121.04894, 37.277439 ], [ -121.050063, 37.276586 ], [ -121.050132, 37.276534 ], [ -121.050323, 37.276389 ], [ -121.051049, 37.275839 ], [ -121.052954, 37.274395 ], [ -121.05392, 37.273662 ], [ -121.053961, 37.273631 ], [ -121.054184, 37.273454 ], [ -121.055342, 37.27254 ], [ -121.056059, 37.271973 ], [ -121.057405, 37.270909 ], [ -121.057704, 37.270674 ], [ -121.058706, 37.269881 ], [ -121.059347, 37.269375 ], [ -121.060757, 37.268261 ], [ -121.061029, 37.268046 ], [ -121.061076, 37.268008 ], [ -121.061089, 37.267998 ], [ -121.062305, 37.267037 ], [ -121.062777, 37.266558 ], [ -121.062986, 37.266346 ], [ -121.065483, 37.26381 ], [ -121.06634, 37.262939 ], [ -121.066498, 37.262824 ], [ -121.067402, 37.262166 ], [ -121.067637, 37.261995 ], [ -121.079419, 37.253419 ], [ -121.079454, 37.253394 ], [ -121.079578, 37.253304 ], [ -121.079669, 37.253238 ], [ -121.079747, 37.253181 ], [ -121.079795, 37.253141 ], [ -121.079869, 37.253079 ], [ -121.079941, 37.253019 ], [ -121.080047, 37.25293 ], [ -121.080161, 37.252835 ], [ -121.080264, 37.252749 ], [ -121.080383, 37.25265 ], [ -121.083237, 37.250267 ], [ -121.084693, 37.249051 ], [ -121.084821, 37.248944 ], [ -121.08487, 37.248903 ], [ -121.084901, 37.248877 ], [ -121.086174, 37.247815 ], [ -121.086434, 37.247598 ], [ -121.086551, 37.2475 ], [ -121.087318, 37.246995 ], [ -121.087369, 37.246962 ], [ -121.087412, 37.246933 ], [ -121.087427, 37.246923 ], [ -121.087511, 37.246867 ], [ -121.088508, 37.246225 ], [ -121.088656, 37.24613 ], [ -121.088775, 37.246053 ], [ -121.088994, 37.245912 ], [ -121.089107, 37.245839 ], [ -121.089126, 37.245827 ], [ -121.089387, 37.245591 ], [ -121.089397, 37.245582 ], [ -121.089577, 37.24545 ], [ -121.089757, 37.245318 ], [ -121.089841, 37.245257 ], [ -121.089935, 37.245181 ], [ -121.09007, 37.245071 ], [ -121.090292, 37.244891 ], [ -121.09056, 37.244674 ], [ -121.090597, 37.244644 ], [ -121.090624, 37.244622 ], [ -121.090759, 37.244513 ], [ -121.09114, 37.244204 ], [ -121.092354, 37.243219 ], [ -121.092632, 37.242994 ], [ -121.092926, 37.242756 ], [ -121.096054, 37.240221 ], [ -121.09693, 37.239511 ], [ -121.098137, 37.238374 ], [ -121.098154, 37.238363 ], [ -121.098171, 37.238352 ], [ -121.098283, 37.238281 ], [ -121.098406, 37.238203 ], [ -121.098464, 37.238166 ], [ -121.098814, 37.237944 ], [ -121.106162, 37.231835 ], [ -121.109532, 37.22917 ], [ -121.11364, 37.225922 ], [ -121.126039, 37.215807 ], [ -121.126146, 37.21572 ], [ -121.129287, 37.213236 ], [ -121.130024, 37.212653 ], [ -121.130072, 37.212615 ], [ -121.130126, 37.212572 ], [ -121.130286, 37.212446 ], [ -121.130316, 37.212422 ], [ -121.130366, 37.212382 ], [ -121.130674, 37.212225 ], [ -121.139958, 37.20468 ], [ -121.139982, 37.204661 ], [ -121.150107, 37.196603 ], [ -121.150131, 37.196583 ], [ -121.160258, 37.188369 ], [ -121.160989, 37.18788 ], [ -121.16133, 37.187604 ], [ -121.161418, 37.187533 ], [ -121.161454, 37.187504 ], [ -121.161467, 37.187494 ], [ -121.161478, 37.187485 ], [ -121.161501, 37.187466 ], [ -121.172879, 37.178278 ], [ -121.17289, 37.178269 ], [ -121.178886, 37.173432 ], [ -121.179622, 37.172838 ], [ -121.17996, 37.172576 ], [ -121.179988, 37.172555 ], [ -121.18003, 37.172522 ], [ -121.180104, 37.172464 ], [ -121.180165, 37.172417 ], [ -121.180294, 37.172317 ], [ -121.180319, 37.172298 ], [ -121.186197, 37.16762 ], [ -121.18973, 37.164758 ], [ -121.18974, 37.164749 ], [ -121.189796, 37.164705 ], [ -121.196651, 37.159232 ], [ -121.200632, 37.155928 ], [ -121.204397, 37.152982 ], [ -121.204451, 37.15294 ], [ -121.204525, 37.152881 ], [ -121.204616, 37.15281 ], [ -121.205572, 37.151984 ], [ -121.207756, 37.150315 ], [ -121.207776, 37.150297 ], [ -121.208247, 37.149862 ], [ -121.208482, 37.149645 ], [ -121.21187, 37.146903 ], [ -121.214335, 37.144907 ], [ -121.215317, 37.144111 ], [ -121.215452, 37.144015 ], [ -121.21546, 37.143997 ], [ -121.216024, 37.143547 ], [ -121.220947, 37.139622 ], [ -121.222507, 37.138378 ], [ -121.222708, 37.138217 ], [ -121.225062, 37.136253 ], [ -121.226804, 37.134774 ], [ -121.22738, 37.135223 ], [ -121.228324, 37.136037 ], [ -121.229605, 37.1371 ], [ -121.23134, 37.138542 ], [ -121.231748, 37.139576 ], [ -121.232237, 37.139859 ], [ -121.232297, 37.139893 ], [ -121.23244, 37.140354 ], [ -121.232788, 37.141442 ], [ -121.233099, 37.142231 ], [ -121.233309, 37.143001 ], [ -121.233316, 37.143549 ], [ -121.234979, 37.147763 ], [ -121.235514, 37.148165 ], [ -121.235805, 37.14852 ], [ -121.235985, 37.149087 ], [ -121.236145, 37.149724 ], [ -121.236175, 37.150273 ], [ -121.236175, 37.150609 ], [ -121.236168, 37.150778 ], [ -121.236078, 37.150549 ], [ -121.236008, 37.150372 ], [ -121.235585, 37.152116 ], [ -121.235495, 37.152898 ], [ -121.235986, 37.153528 ], [ -121.236558, 37.15404 ], [ -121.236619, 37.15455 ], [ -121.236438, 37.155281 ], [ -121.236378, 37.156079 ], [ -121.236629, 37.156675 ], [ -121.23711, 37.157204 ], [ -121.237712, 37.15758 ], [ -121.238495, 37.15777 ], [ -121.239307, 37.157739 ], [ -121.240336, 37.15723 ], [ -121.241916, 37.157406 ], [ -121.24248, 37.157469 ], [ -121.24316, 37.158262 ], [ -121.243842, 37.15857 ], [ -121.244906, 37.158421 ], [ -121.245722, 37.157831 ], [ -121.247127, 37.157988 ], [ -121.24754, 37.157753 ], [ -121.248763, 37.157661 ], [ -121.249524, 37.157911 ], [ -121.250687, 37.158225 ], [ -121.25216, 37.158417 ], [ -121.253733, 37.158582 ], [ -121.254505, 37.158673 ], [ -121.254967, 37.158481 ], [ -121.255638, 37.158872 ], [ -121.256861, 37.158921 ], [ -121.257713, 37.158969 ], [ -121.258775, 37.158867 ], [ -121.259858, 37.158845 ], [ -121.260749, 37.159193 ], [ -121.26092, 37.159335 ], [ -121.261461, 37.159328 ], [ -121.261872, 37.15925 ], [ -121.262093, 37.159323 ], [ -121.262293, 37.159473 ], [ -121.262443, 37.15988 ], [ -121.262498, 37.160167 ], [ -121.262545, 37.160212 ], [ -121.263457, 37.161987 ], [ -121.264601, 37.163895 ], [ -121.266015, 37.165668 ], [ -121.267159, 37.167134 ], [ -121.268283, 37.169246 ], [ -121.268442, 37.169496 ], [ -121.269507, 37.171171 ], [ -121.27063, 37.171974 ], [ -121.271734, 37.172454 ], [ -121.273101, 37.173325 ], [ -121.273562, 37.174041 ], [ -121.273625, 37.174381 ], [ -121.273853, 37.175606 ], [ -121.274656, 37.177275 ], [ -121.275061, 37.178096 ], [ -121.275378, 37.178739 ], [ -121.276542, 37.179372 ], [ -121.277776, 37.179631 ], [ -121.278498, 37.180858 ], [ -121.279361, 37.181983 ], [ -121.280194, 37.183072 ], [ -121.281107, 37.183603 ], [ -121.282271, 37.183675 ], [ -121.283404, 37.183169 ], [ -121.284097, 37.182509 ], [ -121.284287, 37.181898 ], [ -121.284297, 37.180895 ], [ -121.285401, 37.180984 ], [ -121.286063, 37.181139 ], [ -121.286816, 37.180309 ], [ -121.287177, 37.179732 ], [ -121.287478, 37.179189 ], [ -121.287728, 37.177367 ], [ -121.289073, 37.176577 ], [ -121.290207, 37.175986 ], [ -121.290959, 37.175427 ], [ -121.29109, 37.174867 ], [ -121.290821, 37.173193 ], [ -121.290744, 37.173507 ], [ -121.290615, 37.173007 ], [ -121.290655, 37.172132 ], [ -121.290785, 37.171558 ], [ -121.291006, 37.171143 ], [ -121.29142, 37.170745 ], [ -121.29152, 37.170337 ], [ -121.292525, 37.17048 ], [ -121.294452, 37.169515 ], [ -121.295586, 37.168905 ], [ -121.297096, 37.167079 ], [ -121.29636, 37.167498 ], [ -121.296538, 37.167308 ], [ -121.297079, 37.166913 ], [ -121.29773, 37.166429 ], [ -121.298552, 37.165963 ], [ -121.299133, 37.165789 ], [ -121.299384, 37.16586 ], [ -121.299655, 37.166003 ], [ -121.300308, 37.166248 ], [ -121.300672, 37.166273 ], [ -121.302619, 37.16816 ], [ -121.305582, 37.16661 ], [ -121.306044, 37.166641 ], [ -121.30833, 37.168029 ], [ -121.311644, 37.170041 ], [ -121.312524, 37.170116 ], [ -121.312882, 37.170147 ], [ -121.313765, 37.169758 ], [ -121.314066, 37.169401 ], [ -121.314066, 37.168958 ], [ -121.314034, 37.16791 ], [ -121.316249, 37.167554 ], [ -121.317641, 37.16733 ], [ -121.317871, 37.167293 ], [ -121.318071, 37.167261 ], [ -121.318153, 37.167303 ], [ -121.318908, 37.167684 ], [ -121.319102, 37.167651 ], [ -121.32026, 37.167574 ], [ -121.321516, 37.167227 ], [ -121.323233, 37.16643 ], [ -121.323844, 37.166578 ], [ -121.324493, 37.166782 ], [ -121.325238, 37.166837 ], [ -121.326015, 37.166718 ], [ -121.326919, 37.166278 ], [ -121.327728, 37.166035 ], [ -121.328409, 37.16595 ], [ -121.331878, 37.170011 ], [ -121.332107, 37.170986 ], [ -121.332548, 37.171277 ], [ -121.333772, 37.171213 ], [ -121.334349, 37.170803 ], [ -121.334566, 37.170955 ], [ -121.335212, 37.171481 ], [ -121.336287, 37.172508 ], [ -121.337214, 37.172962 ], [ -121.338294, 37.173517 ], [ -121.340245, 37.173879 ], [ -121.342382, 37.174192 ], [ -121.34306, 37.174669 ], [ -121.343209, 37.175267 ], [ -121.343293, 37.176087 ], [ -121.343657, 37.176935 ], [ -121.343759, 37.17704 ], [ -121.34424, 37.177535 ], [ -121.344671, 37.177886 ], [ -121.345196, 37.178089 ], [ -121.345688, 37.178565 ], [ -121.345963, 37.178915 ], [ -121.346666, 37.179914 ], [ -121.347499, 37.180417 ], [ -121.348703, 37.181121 ], [ -121.350155, 37.181703 ], [ -121.35161, 37.181962 ], [ -121.35176, 37.181951 ], [ -121.352816, 37.182713 ], [ -121.353859, 37.18304 ], [ -121.354561, 37.183893 ], [ -121.35708, 37.18339 ], [ -121.358876, 37.183906 ], [ -121.359558, 37.184453 ], [ -121.360942, 37.184321 ], [ -121.362437, 37.183831 ], [ -121.36317, 37.183509 ], [ -121.363674, 37.182647 ], [ -121.364113, 37.182079 ], [ -121.364245, 37.181359 ], [ -121.364313, 37.180813 ], [ -121.364535, 37.180318 ], [ -121.365035, 37.179998 ], [ -121.365656, 37.179953 ], [ -121.366715, 37.179539 ], [ -121.372209, 37.176962 ], [ -121.373332, 37.173963 ], [ -121.373429, 37.173705 ], [ -121.373889, 37.173182 ], [ -121.374053, 37.17304 ], [ -121.37529, 37.173106 ], [ -121.376313, 37.172478 ], [ -121.377066, 37.171731 ], [ -121.378127, 37.170151 ], [ -121.378173, 37.170082 ], [ -121.378644, 37.169638 ], [ -121.379212, 37.168773 ], [ -121.379654, 37.168006 ], [ -121.380183, 37.167935 ], [ -121.380989, 37.167991 ], [ -121.381981, 37.168097 ], [ -121.382187, 37.168049 ], [ -121.382914, 37.167881 ], [ -121.383166, 37.167485 ], [ -121.383797, 37.166545 ], [ -121.384266, 37.166201 ], [ -121.384552, 37.165507 ], [ -121.384219, 37.16471 ], [ -121.383919, 37.163764 ], [ -121.383245, 37.162988 ], [ -121.38356, 37.162469 ], [ -121.383875, 37.162221 ], [ -121.384155, 37.162001 ], [ -121.384073, 37.160957 ], [ -121.383957, 37.160161 ], [ -121.383347, 37.159138 ], [ -121.382548, 37.158436 ], [ -121.382056, 37.15801 ], [ -121.381686, 37.157635 ], [ -121.38163, 37.157138 ], [ -121.382005, 37.156892 ], [ -121.382288, 37.156496 ], [ -121.382294, 37.15595 ], [ -121.382301, 37.155279 ], [ -121.382748, 37.15409 ], [ -121.383201, 37.152354 ], [ -121.383551, 37.151487 ], [ -121.384234, 37.151566 ], [ -121.384759, 37.151818 ], [ -121.385316, 37.151972 ], [ -121.386061, 37.151903 ], [ -121.38715, 37.151612 ], [ -121.388263, 37.151459 ], [ -121.388517, 37.151424 ], [ -121.390291, 37.150964 ], [ -121.391131, 37.150747 ], [ -121.391163, 37.150729 ], [ -121.392005, 37.150256 ], [ -121.392356, 37.149341 ], [ -121.392645, 37.148423 ], [ -121.392989, 37.148153 ], [ -121.393424, 37.148131 ], [ -121.393979, 37.148483 ], [ -121.394749, 37.148986 ], [ -121.395053, 37.149215 ], [ -121.39558, 37.149613 ], [ -121.396567, 37.150216 ], [ -121.397463, 37.150595 ], [ -121.398084, 37.15055 ], [ -121.398584, 37.150231 ], [ -121.399019, 37.150135 ], [ -121.39917, 37.150223 ], [ -121.399451, 37.150386 ], [ -121.400004, 37.150863 ], [ -121.400153, 37.151484 ], [ -121.400514, 37.152555 ], [ -121.400688, 37.153699 ], [ -121.401021, 37.154472 ], [ -121.401141, 37.15492 ], [ -121.401788, 37.155297 ], [ -121.402467, 37.155625 ], [ -121.403241, 37.15583 ], [ -121.404016, 37.15591 ], [ -121.404636, 37.155989 ], [ -121.405033, 37.156563 ], [ -121.405338, 37.157038 ], [ -121.406012, 37.157887 ], [ -121.40653, 37.158835 ], [ -121.406859, 37.159981 ], [ -121.407184, 37.161648 ], [ -121.40749, 37.162818 ], [ -121.407601, 37.163241 ], [ -121.407766, 37.16523 ], [ -121.40765, 37.167465 ], [ -121.407727, 37.169006 ], [ -121.408863, 37.170108 ], [ -121.410655, 37.170842 ], [ -121.412201, 37.171325 ], [ -121.413157, 37.171953 ], [ -121.413401, 37.172328 ], [ -121.413397, 37.172675 ], [ -121.413395, 37.172899 ], [ -121.413084, 37.172946 ], [ -121.412524, 37.173091 ], [ -121.411652, 37.173358 ], [ -121.411025, 37.173975 ], [ -121.410431, 37.174467 ], [ -121.410206, 37.175186 ], [ -121.410076, 37.175757 ], [ -121.410351, 37.176107 ], [ -121.410688, 37.176532 ], [ -121.411087, 37.176957 ], [ -121.411174, 37.177529 ], [ -121.41114, 37.177852 ], [ -121.410887, 37.178247 ], [ -121.410448, 37.178741 ], [ -121.410229, 37.178914 ], [ -121.409874, 37.180128 ], [ -121.409404, 37.180622 ], [ -121.408905, 37.180842 ], [ -121.408867, 37.181512 ], [ -121.408794, 37.182505 ], [ -121.409031, 37.1836 ], [ -121.40946, 37.18415 ], [ -121.410357, 37.18438 ], [ -121.411003, 37.184956 ], [ -121.411525, 37.185407 ], [ -121.411582, 37.185954 ], [ -121.411481, 37.186649 ], [ -121.411194, 37.187392 ], [ -121.410812, 37.188334 ], [ -121.410402, 37.188952 ], [ -121.410209, 37.189596 ], [ -121.410356, 37.190368 ], [ -121.410316, 37.191262 ], [ -121.410463, 37.192008 ], [ -121.410892, 37.192508 ], [ -121.411413, 37.193084 ], [ -121.411718, 37.193608 ], [ -121.411618, 37.194278 ], [ -121.411704, 37.194924 ], [ -121.412009, 37.195448 ], [ -121.412593, 37.19595 ], [ -121.413142, 37.196873 ], [ -121.413755, 37.197648 ], [ -121.414586, 37.19825 ], [ -121.415323, 37.199001 ], [ -121.415657, 37.199649 ], [ -121.415775, 37.200296 ], [ -121.41586, 37.201017 ], [ -121.415721, 37.202408 ], [ -121.416207, 37.20343 ], [ -121.416233, 37.203902 ], [ -121.416502, 37.204923 ], [ -121.416862, 37.206044 ], [ -121.416849, 37.207261 ], [ -121.416929, 37.208554 ], [ -121.416792, 37.209795 ], [ -121.416869, 37.211262 ], [ -121.417235, 37.211885 ], [ -121.417818, 37.212511 ], [ -121.418369, 37.213211 ], [ -121.419047, 37.213761 ], [ -121.421075, 37.214826 ], [ -121.421362, 37.216012 ], [ -121.421894, 37.218208 ], [ -121.421723, 37.218899 ], [ -121.421594, 37.219395 ], [ -121.421495, 37.219966 ], [ -121.421672, 37.220837 ], [ -121.421822, 37.22131 ], [ -121.422219, 37.221934 ], [ -121.422711, 37.22236 ], [ -121.423421, 37.222738 ], [ -121.424223, 37.223166 ], [ -121.425088, 37.223545 ], [ -121.425925, 37.223601 ], [ -121.426398, 37.223496 ], [ -121.427589, 37.224657 ], [ -121.427832, 37.225205 ], [ -121.428451, 37.225334 ], [ -121.428947, 37.225387 ], [ -121.42947, 37.225813 ], [ -121.429787, 37.226333 ], [ -121.430019, 37.226712 ], [ -121.430756, 37.227463 ], [ -121.430975, 37.227559 ], [ -121.431559, 37.227816 ], [ -121.43265, 37.227377 ], [ -121.432872, 37.227343 ], [ -121.432902, 37.227075 ], [ -121.43295, 37.22665 ], [ -121.43388, 37.226329 ], [ -121.434074, 37.226449 ], [ -121.434676, 37.22748 ], [ -121.434741, 37.227512 ], [ -121.434938, 37.228115 ], [ -121.435432, 37.228317 ], [ -121.435739, 37.228692 ], [ -121.436104, 37.229365 ], [ -121.436567, 37.229567 ], [ -121.437713, 37.22975 ], [ -121.439014, 37.230033 ], [ -121.439476, 37.230359 ], [ -121.439754, 37.230651 ], [ -121.441746, 37.231127 ], [ -121.442262, 37.231802 ], [ -121.442412, 37.231998 ], [ -121.443452, 37.233358 ], [ -121.443954, 37.233671 ], [ -121.444697, 37.234092 ], [ -121.445199, 37.234508 ], [ -121.445751, 37.23541 ], [ -121.446083, 37.235967 ], [ -121.446484, 37.236068 ], [ -121.446647, 37.236103 ], [ -121.446705, 37.236174 ], [ -121.447569, 37.236478 ], [ -121.44794, 37.236769 ], [ -121.448493, 37.23702 ], [ -121.448744, 37.237277 ], [ -121.448834, 37.237616 ], [ -121.448806, 37.23782 ], [ -121.448794, 37.237912 ], [ -121.448593, 37.238359 ], [ -121.448355, 37.238964 ], [ -121.448236, 37.239265 ], [ -121.448145, 37.239494 ], [ -121.448711, 37.240234 ], [ -121.448797, 37.240347 ], [ -121.449074, 37.24071 ], [ -121.449397, 37.241132 ], [ -121.450482, 37.24255 ], [ -121.45099, 37.243215 ], [ -121.451003, 37.24355 ], [ -121.451114, 37.243841 ], [ -121.451395, 37.244113 ], [ -121.451831, 37.244315 ], [ -121.452163, 37.244749 ], [ -121.452633, 37.245364 ], [ -121.45262, 37.246378 ], [ -121.453952, 37.248048 ], [ -121.454738, 37.248534 ], [ -121.455168, 37.248984 ], [ -121.45575, 37.24944 ], [ -121.455662, 37.250783 ], [ -121.455619, 37.251437 ], [ -121.455601, 37.251711 ], [ -121.455526, 37.252847 ], [ -121.456024, 37.253486 ], [ -121.455974, 37.253919 ], [ -121.455834, 37.25413 ], [ -121.455388, 37.254935 ], [ -121.455404, 37.254692 ], [ -121.45502, 37.25555 ], [ -121.455131, 37.255914 ], [ -121.455297, 37.256318 ], [ -121.455274, 37.256666 ], [ -121.455954, 37.25754 ], [ -121.456195, 37.258133 ], [ -121.456183, 37.258357 ], [ -121.456326, 37.259241 ], [ -121.457255, 37.260943 ], [ -121.456637, 37.262114 ], [ -121.455928, 37.262883 ], [ -121.455237, 37.263048 ], [ -121.454849, 37.263141 ], [ -121.454768, 37.264377 ], [ -121.454743, 37.264759 ], [ -121.454662, 37.265991 ], [ -121.454606, 37.26684 ], [ -121.45454, 37.26784 ], [ -121.454503, 37.268402 ], [ -121.454477, 37.268795 ], [ -121.45429, 37.271654 ], [ -121.454271, 37.271948 ], [ -121.454263, 37.272063 ], [ -121.454186, 37.273243 ], [ -121.454138, 37.273979 ], [ -121.454127, 37.274146 ], [ -121.454122, 37.274224 ], [ -121.454064, 37.275098 ], [ -121.453997, 37.276127 ], [ -121.453977, 37.276427 ], [ -121.45395, 37.276839 ], [ -121.453966, 37.277184 ], [ -121.455, 37.278493 ], [ -121.455446, 37.27857 ], [ -121.455526, 37.278662 ], [ -121.455722, 37.278889 ], [ -121.455886, 37.279078 ], [ -121.456579, 37.27988 ], [ -121.457504, 37.280949 ], [ -121.45762, 37.281084 ], [ -121.458154, 37.28136 ], [ -121.458566, 37.28166 ], [ -121.459068, 37.282319 ], [ -121.459051, 37.282739 ] ] ] } },
{ "type": "Feature", "properties": { "STATEFP": "06", "UNSDLEA": "24500", "GEOID": "0624500", "GEOIDFQ": "9700000US0624500", "NAME": "Milpitas Unified School District", "LSAD": "00", "LOGRADE": "KG", "HIGRADE": "12", "MTFCC": "G5420", "SDTYP": null, "FUNCSTAT": "E", "ALAND": 276291279, "AWATER": 3832321, "INTPTLAT": "+37.4376520", "INTPTLON": "-121.7166785" }, "geometry": { "type": "Polygon", "coordinates": [ [ [ -121.931096, 37.419984 ], [ -121.931047, 37.420094 ], [ -121.930965, 37.420198 ], [ -121.930827, 37.420358 ], [ -121.930708, 37.420479 ], [ -121.930524, 37.420588 ], [ -121.930383, 37.420655 ], [ -121.930048, 37.420814 ], [ -121.928622, 37.421583 ], [ -121.927906, 37.421962 ], [ -121.927175, 37.422334 ], [ -121.926724, 37.422564 ], [ -121.926666, 37.422593 ], [ -121.926567, 37.422664 ], [ -121.926432, 37.422761 ], [ -121.926272, 37.422877 ], [ -121.925978, 37.423096 ], [ -121.925846, 37.423225 ], [ -121.925433, 37.423492 ], [ -121.925409, 37.423512 ], [ -121.925401, 37.423527 ], [ -121.925246, 37.423856 ], [ -121.925237, 37.423874 ], [ -121.925224, 37.423903 ], [ -121.925211, 37.423928 ], [ -121.925203, 37.423946 ], [ -121.925194, 37.423964 ], [ -121.925178, 37.424 ], [ -121.925175, 37.42402 ], [ -121.925174, 37.42404 ], [ -121.925143, 37.42434 ], [ -121.925171, 37.424577 ], [ -121.925239, 37.424846 ], [ -121.925336, 37.425044 ], [ -121.925473, 37.425285 ], [ -121.925669, 37.425578 ], [ -121.925687, 37.425604 ], [ -121.925935, 37.425818 ], [ -121.926369, 37.426165 ], [ -121.926679, 37.426505 ], [ -121.927347, 37.427198 ], [ -121.927684, 37.427593 ], [ -121.927836, 37.427939 ], [ -121.927967, 37.428187 ], [ -121.928098, 37.428461 ], [ -121.928242, 37.428917 ], [ -121.928304, 37.429291 ], [ -121.928339, 37.429538 ], [ -121.928345, 37.429619 ], [ -121.928373, 37.429934 ], [ -121.928435, 37.430286 ], [ -121.928449, 37.430544 ], [ -121.928387, 37.430835 ], [ -121.928263, 37.431203 ], [ -121.928245, 37.431251 ], [ -121.928166, 37.431467 ], [ -121.92807, 37.431664 ], [ -121.927925, 37.431879 ], [ -121.927601, 37.43239 ], [ -121.92736, 37.432895 ], [ -121.927208, 37.43306 ], [ -121.927064, 37.43323 ], [ -121.926919, 37.433488 ], [ -121.926795, 37.433763 ], [ -121.926657, 37.434115 ], [ -121.926243, 37.434955 ], [ -121.926071, 37.435356 ], [ -121.925988, 37.435637 ], [ -121.925947, 37.436005 ], [ -121.925926, 37.436345 ], [ -121.925981, 37.436713 ], [ -121.926023, 37.436955 ], [ -121.926085, 37.43712 ], [ -121.92616, 37.437268 ], [ -121.926249, 37.43742 ], [ -121.926312, 37.437527 ], [ -121.926512, 37.437928 ], [ -121.926649, 37.438252 ], [ -121.926718, 37.438543 ], [ -121.926663, 37.4389 ], [ -121.926615, 37.439087 ], [ -121.926477, 37.439411 ], [ -121.926374, 37.439625 ], [ -121.926236, 37.439807 ], [ -121.925981, 37.44012 ], [ -121.925767, 37.44035 ], [ -121.925567, 37.440532 ], [ -121.925154, 37.440894 ], [ -121.924995, 37.44107 ], [ -121.924899, 37.441229 ], [ -121.924837, 37.44135 ], [ -121.924788, 37.441477 ], [ -121.924706, 37.441652 ], [ -121.924595, 37.441768 ], [ -121.924416, 37.441905 ], [ -121.924099, 37.442114 ], [ -121.923755, 37.442301 ], [ -121.923355, 37.442542 ], [ -121.923245, 37.44263 ], [ -121.923183, 37.442844 ], [ -121.923196, 37.442987 ], [ -121.923251, 37.443119 ], [ -121.923672, 37.443542 ], [ -121.923816, 37.443707 ], [ -121.923954, 37.443888 ], [ -121.924051, 37.444092 ], [ -121.924092, 37.444317 ], [ -121.924064, 37.444509 ], [ -121.923982, 37.444811 ], [ -121.923823, 37.445174 ], [ -121.923671, 37.445668 ], [ -121.923485, 37.446075 ], [ -121.923368, 37.446504 ], [ -121.923389, 37.446646 ], [ -121.923444, 37.446729 ], [ -121.923726, 37.446866 ], [ -121.924498, 37.447207 ], [ -121.924615, 37.447278 ], [ -121.924705, 37.447388 ], [ -121.924711, 37.447537 ], [ -121.924691, 37.447614 ], [ -121.924636, 37.447729 ], [ -121.924374, 37.448108 ], [ -121.924263, 37.4483 ], [ -121.924194, 37.448471 ], [ -121.924181, 37.448619 ], [ -121.924164, 37.448738 ], [ -121.923967, 37.449438 ], [ -121.923999, 37.44993 ], [ -121.92421, 37.450243 ], [ -121.924459, 37.450716 ], [ -121.924791, 37.451144 ], [ -121.925127, 37.451317 ], [ -121.925344, 37.451343 ], [ -121.9269, 37.45073 ], [ -121.927232, 37.450807 ], [ -121.927423, 37.450986 ], [ -121.928227, 37.452606 ], [ -121.928227, 37.452759 ], [ -121.928048, 37.452874 ], [ -121.926122, 37.453244 ], [ -121.925468, 37.453398 ], [ -121.925153, 37.453327 ], [ -121.925012, 37.453291 ], [ -121.924953, 37.453436 ], [ -121.924895, 37.453569 ], [ -121.924874, 37.453716 ], [ -121.924893, 37.453985 ], [ -121.925041, 37.454186 ], [ -121.924746, 37.454354 ], [ -121.924593, 37.454441 ], [ -121.92448, 37.454506 ], [ -121.924398, 37.454547 ], [ -121.924375, 37.454559 ], [ -121.923567, 37.454986 ], [ -121.923262, 37.455153 ], [ -121.923001, 37.455296 ], [ -121.922962, 37.455317 ], [ -121.922837, 37.455386 ], [ -121.922569, 37.455538 ], [ -121.922305, 37.455679 ], [ -121.921075, 37.456342 ], [ -121.919018, 37.457451 ], [ -121.918928, 37.457498 ], [ -121.917353, 37.458345 ], [ -121.917265, 37.458391 ], [ -121.917097, 37.458473 ], [ -121.916359, 37.45884 ], [ -121.915805, 37.459099 ], [ -121.915336, 37.459309 ], [ -121.914884, 37.459548 ], [ -121.914397, 37.459774 ], [ -121.913903, 37.460021 ], [ -121.913459, 37.460247 ], [ -121.913177, 37.460402 ], [ -121.913031, 37.460471 ], [ -121.91283, 37.460566 ], [ -121.912652, 37.46065 ], [ -121.912015, 37.46096 ], [ -121.910887, 37.461486 ], [ -121.911332, 37.462236 ], [ -121.909162, 37.462978 ], [ -121.909129, 37.462995 ], [ -121.908923, 37.463013 ], [ -121.908728, 37.463031 ], [ -121.908581, 37.463043 ], [ -121.908124, 37.463199 ], [ -121.908086, 37.46321 ], [ -121.9076, 37.46341 ], [ -121.907467, 37.463437 ], [ -121.907388, 37.46347 ], [ -121.907339, 37.463353 ], [ -121.907311, 37.463286 ], [ -121.907291, 37.463292 ], [ -121.907223, 37.463314 ], [ -121.907069, 37.463364 ], [ -121.907077, 37.46341 ], [ -121.907094, 37.463502 ], [ -121.907108, 37.463589 ], [ -121.907011, 37.463628 ], [ -121.906835, 37.46372 ], [ -121.90672, 37.463746 ], [ -121.906666, 37.463759 ], [ -121.906372, 37.463826 ], [ -121.906354, 37.463831 ], [ -121.906001, 37.463927 ], [ -121.905519, 37.464116 ], [ -121.90524, 37.464227 ], [ -121.905196, 37.464234 ], [ -121.905065, 37.464259 ], [ -121.905022, 37.464267 ], [ -121.904951, 37.464283 ], [ -121.904741, 37.464333 ], [ -121.904671, 37.46435 ], [ -121.90452, 37.464388 ], [ -121.9044, 37.464419 ], [ -121.904354, 37.464432 ], [ -121.904339, 37.464435 ], [ -121.904296, 37.464446 ], [ -121.904067, 37.464502 ], [ -121.903917, 37.46454 ], [ -121.90376, 37.464578 ], [ -121.903575, 37.464624 ], [ -121.903333, 37.464668 ], [ -121.903287, 37.464668 ], [ -121.903127, 37.464668 ], [ -121.903034, 37.464658 ], [ -121.902817, 37.464635 ], [ -121.902756, 37.464637 ], [ -121.902664, 37.464642 ], [ -121.902575, 37.464646 ], [ -121.902379, 37.464702 ], [ -121.902231, 37.464745 ], [ -121.902065, 37.464794 ], [ -121.901569, 37.464893 ], [ -121.901524, 37.464904 ], [ -121.901307, 37.464958 ], [ -121.901231, 37.464992 ], [ -121.901011, 37.46509 ], [ -121.900778, 37.46521 ], [ -121.90038, 37.465429 ], [ -121.900133, 37.465522 ], [ -121.899893, 37.465642 ], [ -121.899604, 37.465719 ], [ -121.899253, 37.465774 ], [ -121.898973, 37.465845 ], [ -121.898842, 37.465954 ], [ -121.898382, 37.466551 ], [ -121.898306, 37.466661 ], [ -121.89821, 37.46671 ], [ -121.898052, 37.466759 ], [ -121.898038, 37.466768 ], [ -121.897853, 37.46688 ], [ -121.897653, 37.466973 ], [ -121.897342, 37.467023 ], [ -121.896984, 37.467045 ], [ -121.896825, 37.467072 ], [ -121.896646, 37.467121 ], [ -121.896508, 37.467204 ], [ -121.896301, 37.467292 ], [ -121.896088, 37.467313 ], [ -121.895888, 37.467352 ], [ -121.895653, 37.467412 ], [ -121.894992, 37.467544 ], [ -121.894619, 37.467582 ], [ -121.894295, 37.46762 ], [ -121.894061, 37.467637 ], [ -121.893792, 37.46767 ], [ -121.893606, 37.467675 ], [ -121.893234, 37.467664 ], [ -121.892958, 37.467675 ], [ -121.892489, 37.467741 ], [ -121.8922, 37.467746 ], [ -121.891945, 37.467812 ], [ -121.891386, 37.46785 ], [ -121.891131, 37.46791 ], [ -121.890856, 37.467982 ], [ -121.890759, 37.468038 ], [ -121.890635, 37.468108 ], [ -121.890407, 37.468322 ], [ -121.890242, 37.468569 ], [ -121.890028, 37.46891 ], [ -121.889938, 37.469113 ], [ -121.889793, 37.469382 ], [ -121.88969, 37.469596 ], [ -121.889671, 37.469627 ], [ -121.889524, 37.469877 ], [ -121.889352, 37.470102 ], [ -121.889179, 37.470255 ], [ -121.888993, 37.470365 ], [ -121.888662, 37.470535 ], [ -121.888386, 37.470651 ], [ -121.888027, 37.470821 ], [ -121.887738, 37.470936 ], [ -121.887414, 37.471013 ], [ -121.887042, 37.471084 ], [ -121.886311, 37.471287 ], [ -121.885966, 37.471375 ], [ -121.885414, 37.471407 ], [ -121.885159, 37.471413 ], [ -121.884932, 37.471385 ], [ -121.884732, 37.47133 ], [ -121.88456, 37.471275 ], [ -121.884415, 37.471204 ], [ -121.884369, 37.471173 ], [ -121.884291, 37.471121 ], [ -121.884022, 37.470835 ], [ -121.883891, 37.470769 ], [ -121.88374, 37.470731 ], [ -121.883602, 37.470753 ], [ -121.883464, 37.470764 ], [ -121.883333, 37.470753 ], [ -121.883085, 37.47067 ], [ -121.882603, 37.470554 ], [ -121.882416, 37.470598 ], [ -121.882272, 37.470648 ], [ -121.882107, 37.470683 ], [ -121.881996, 37.470708 ], [ -121.881637, 37.470867 ], [ -121.881155, 37.471076 ], [ -121.880865, 37.471246 ], [ -121.88071, 37.471319 ], [ -121.880541, 37.4714 ], [ -121.880251, 37.471548 ], [ -121.8799, 37.471756 ], [ -121.879859, 37.471789 ], [ -121.879686, 37.471932 ], [ -121.879465, 37.472168 ], [ -121.87932, 37.472349 ], [ -121.879258, 37.472542 ], [ -121.879095, 37.472908 ], [ -121.879078, 37.472948 ], [ -121.879002, 37.47319 ], [ -121.878919, 37.473332 ], [ -121.878795, 37.473442 ], [ -121.878623, 37.473558 ], [ -121.8784, 37.473763 ], [ -121.878236, 37.473915 ], [ -121.878112, 37.474046 ], [ -121.877995, 37.474206 ], [ -121.877905, 37.47442 ], [ -121.877822, 37.474673 ], [ -121.877726, 37.474903 ], [ -121.877588, 37.475062 ], [ -121.87745, 37.475183 ], [ -121.877236, 37.475227 ], [ -121.877168, 37.475221 ], [ -121.877112, 37.475216 ], [ -121.87696, 37.475183 ], [ -121.876788, 37.475133 ], [ -121.876567, 37.475117 ], [ -121.876504, 37.475121 ], [ -121.876262, 37.474924 ], [ -121.875779, 37.474999 ], [ -121.875205, 37.475215 ], [ -121.874612, 37.475767 ], [ -121.87429, 37.476362 ], [ -121.874215, 37.476637 ], [ -121.874009, 37.477407 ], [ -121.8739, 37.47757 ], [ -121.873693, 37.477845 ], [ -121.873645, 37.477878 ], [ -121.873521, 37.477927 ], [ -121.873438, 37.477966 ], [ -121.873331, 37.478001 ], [ -121.873307, 37.47801 ], [ -121.873142, 37.478054 ], [ -121.872976, 37.478136 ], [ -121.872866, 37.478197 ], [ -121.872742, 37.478252 ], [ -121.872556, 37.478378 ], [ -121.871708, 37.478867 ], [ -121.871495, 37.478999 ], [ -121.871047, 37.479241 ], [ -121.870909, 37.479335 ], [ -121.870884, 37.479358 ], [ -121.870785, 37.47945 ], [ -121.87073, 37.479538 ], [ -121.870661, 37.479626 ], [ -121.87064, 37.479714 ], [ -121.870647, 37.479807 ], [ -121.870647, 37.479939 ], [ -121.870613, 37.480066 ], [ -121.870565, 37.480176 ], [ -121.870557, 37.480192 ], [ -121.870517, 37.480256 ], [ -121.870489, 37.480329 ], [ -121.870407, 37.480423 ], [ -121.870391, 37.480439 ], [ -121.870339, 37.480493 ], [ -121.870317, 37.480516 ], [ -121.870214, 37.480593 ], [ -121.870131, 37.480698 ], [ -121.870115, 37.480729 ], [ -121.870076, 37.480808 ], [ -121.870048, 37.480961 ], [ -121.870045, 37.481027 ], [ -121.870042, 37.481115 ], [ -121.870056, 37.481186 ], [ -121.870076, 37.481291 ], [ -121.870056, 37.481445 ], [ -121.870001, 37.481538 ], [ -121.869978, 37.481584 ], [ -121.869939, 37.481665 ], [ -121.869934, 37.48168 ], [ -121.869346, 37.482049 ], [ -121.867784, 37.483033 ], [ -121.867584, 37.483159 ], [ -121.866997, 37.483529 ], [ -121.866334, 37.483952 ], [ -121.865292, 37.48462 ], [ -121.865267, 37.484637 ], [ -121.864175, 37.484625 ], [ -121.863422, 37.484617 ], [ -121.863389, 37.484617 ], [ -121.862523, 37.484607 ], [ -121.859926, 37.48458 ], [ -121.859061, 37.484571 ], [ -121.858727, 37.484567 ], [ -121.857727, 37.484557 ], [ -121.857394, 37.484554 ], [ -121.855762, 37.484537 ], [ -121.850651, 37.484437 ], [ -121.850609, 37.484437 ], [ -121.84624, 37.484436 ], [ -121.846197, 37.484435 ], [ -121.837876, 37.484373 ], [ -121.833049, 37.484337 ], [ -121.832866, 37.484336 ], [ -121.832727, 37.484326 ], [ -121.831764, 37.484262 ], [ -121.831444, 37.484241 ], [ -121.831366, 37.484236 ], [ -121.830388, 37.484236 ], [ -121.827221, 37.484236 ], [ -121.827017, 37.484236 ], [ -121.826592, 37.484236 ], [ -121.826166, 37.484236 ], [ -121.82566, 37.484236 ], [ -121.824142, 37.484236 ], [ -121.823866, 37.484236 ], [ -121.823637, 37.484234 ], [ -121.822834, 37.484225 ], [ -121.820426, 37.484199 ], [ -121.819624, 37.484191 ], [ -121.815845, 37.484151 ], [ -121.80451, 37.484031 ], [ -121.801834, 37.484003 ], [ -121.800732, 37.483991 ], [ -121.79967, 37.483992 ], [ -121.796487, 37.483994 ], [ -121.795427, 37.483996 ], [ -121.786235, 37.484236 ], [ -121.769829, 37.484076 ], [ -121.769747, 37.484075 ], [ -121.769718, 37.484074 ], [ -121.769631, 37.484074 ], [ -121.769602, 37.484074 ], [ -121.769423, 37.484072 ], [ -121.768889, 37.484066 ], [ -121.768711, 37.484065 ], [ -121.76806, 37.484058 ], [ -121.766108, 37.48404 ], [ -121.765458, 37.484034 ], [ -121.760632, 37.484015 ], [ -121.759098, 37.484009 ], [ -121.746154, 37.483958 ], [ -121.741328, 37.48394 ], [ -121.741281, 37.48394 ], [ -121.741257, 37.483938 ], [ -121.741186, 37.483935 ], [ -121.741163, 37.483935 ], [ -121.736866, 37.483885 ], [ -121.736814, 37.483884 ], [ -121.735765, 37.483873 ], [ -121.734593, 37.48386 ], [ -121.725008, 37.48375 ], [ -121.719574, 37.483687 ], [ -121.714961, 37.483635 ], [ -121.714178, 37.48361 ], [ -121.712556, 37.483558 ], [ -121.690941, 37.482862 ], [ -121.690929, 37.482855 ], [ -121.690138, 37.482837 ], [ -121.69006, 37.482834 ], [ -121.689079, 37.482828 ], [ -121.688887, 37.482827 ], [ -121.681799, 37.482791 ], [ -121.679401, 37.482779 ], [ -121.670858, 37.482734 ], [ -121.670399, 37.48274 ], [ -121.661737, 37.482833 ], [ -121.661052, 37.482831 ], [ -121.660997, 37.482831 ], [ -121.660944, 37.482831 ], [ -121.656624, 37.482815 ], [ -121.655897, 37.482812 ], [ -121.650444, 37.482791 ], [ -121.6406, 37.482754 ], [ -121.635501, 37.482735 ], [ -121.635416, 37.482734 ], [ -121.635163, 37.482733 ], [ -121.635083, 37.482733 ], [ -121.635027, 37.482733 ], [ -121.628964, 37.482668 ], [ -121.628223, 37.482659 ], [ -121.626001, 37.482635 ], [ -121.625261, 37.482628 ], [ -121.62509, 37.482628 ], [ -121.624579, 37.482631 ], [ -121.624409, 37.482633 ], [ -121.624358, 37.482633 ], [ -121.624208, 37.482633 ], [ -121.624158, 37.482634 ], [ -121.623455, 37.482634 ], [ -121.623179, 37.482634 ], [ -121.620644, 37.482634 ], [ -121.620557, 37.482634 ], [ -121.620321, 37.482634 ], [ -121.608635, 37.482634 ], [ -121.608364, 37.482633 ], [ -121.608284, 37.482633 ], [ -121.598883, 37.48259 ], [ -121.586199, 37.482533 ], [ -121.564355, 37.482433 ], [ -121.559755, 37.482533 ], [ -121.53304, 37.482433 ], [ -121.532233, 37.482432 ], [ -121.532216, 37.482432 ], [ -121.527242, 37.482422 ], [ -121.526863, 37.482422 ], [ -121.526687, 37.482421 ], [ -121.526388, 37.482421 ], [ -121.525765, 37.48242 ], [ -121.525733, 37.48242 ], [ -121.525419, 37.482419 ], [ -121.525028, 37.48242 ], [ -121.519289, 37.482409 ], [ -121.518427, 37.482407 ], [ -121.517773, 37.482408 ], [ -121.516922, 37.482405 ], [ -121.516767, 37.482405 ], [ -121.516611, 37.482406 ], [ -121.516426, 37.482406 ], [ -121.516241, 37.482404 ], [ -121.516218, 37.482404 ], [ -121.501067, 37.48238 ], [ -121.487635, 37.482356 ], [ -121.487515, 37.482357 ], [ -121.487423, 37.482357 ], [ -121.48733, 37.482357 ], [ -121.485829, 37.482354 ], [ -121.48418, 37.482351 ], [ -121.483253, 37.482349 ], [ -121.475527, 37.482337 ], [ -121.472952, 37.482333 ], [ -121.472891, 37.4823 ], [ -121.472708, 37.482202 ], [ -121.472648, 37.48217 ], [ -121.472975, 37.480676 ], [ -121.473721, 37.480078 ], [ -121.474527, 37.479344 ], [ -121.475323, 37.479528 ], [ -121.476342, 37.480294 ], [ -121.4777, 37.480279 ], [ -121.478432, 37.479942 ], [ -121.478885, 37.479714 ], [ -121.479308, 37.479301 ], [ -121.47972, 37.478985 ], [ -121.480143, 37.478607 ], [ -121.480596, 37.478212 ], [ -121.480968, 37.477869 ], [ -121.481236, 37.47735 ], [ -121.481732, 37.476782 ], [ -121.482041, 37.476429 ], [ -121.482584, 37.475907 ], [ -121.48341, 37.475423 ], [ -121.484268, 37.475526 ], [ -121.485205, 37.475557 ], [ -121.485929, 37.475533 ], [ -121.486775, 37.475652 ], [ -121.486463, 37.474926 ], [ -121.486252, 37.474333 ], [ -121.486207, 37.474146 ], [ -121.484252, 37.466032 ], [ -121.483102, 37.46516 ], [ -121.479674, 37.464073 ], [ -121.477714, 37.463419 ], [ -121.477198, 37.463248 ], [ -121.475849, 37.462602 ], [ -121.475033, 37.462054 ], [ -121.474509, 37.461526 ], [ -121.474016, 37.46093 ], [ -121.473452, 37.460169 ], [ -121.473371, 37.45981 ], [ -121.473371, 37.458977 ], [ -121.473163, 37.45726 ], [ -121.473089, 37.456764 ], [ -121.472676, 37.456381 ], [ -121.472534, 37.456397 ], [ -121.472054, 37.456297 ], [ -121.469554, 37.455743 ], [ -121.468933, 37.453875 ], [ -121.468347, 37.453697 ], [ -121.467228, 37.453356 ], [ -121.467179, 37.453341 ], [ -121.465332, 37.454549 ], [ -121.464687, 37.454483 ], [ -121.464022, 37.453838 ], [ -121.464052, 37.452477 ], [ -121.463652, 37.45194 ], [ -121.462917, 37.451489 ], [ -121.462791, 37.450033 ], [ -121.474779, 37.449119 ], [ -121.474743, 37.446642 ], [ -121.479813, 37.446639 ], [ -121.486793, 37.446638 ], [ -121.516961, 37.446304 ], [ -121.51816, 37.4463 ], [ -121.525845, 37.446206 ], [ -121.545199, 37.446064 ], [ -121.545426, 37.446048 ], [ -121.545723, 37.44585 ], [ -121.545929, 37.445751 ], [ -121.546122, 37.445746 ], [ -121.546212, 37.445768 ], [ -121.546309, 37.445841 ], [ -121.546343, 37.445867 ], [ -121.546577, 37.445993 ], [ -121.546627, 37.446053 ], [ -121.56369, 37.446125 ], [ -121.591911, 37.445721 ], [ -121.591749, 37.444013 ], [ -121.591731, 37.439569 ], [ -121.591669, 37.423969 ], [ -121.591487, 37.413135 ], [ -121.591345, 37.404561 ], [ -121.594364, 37.404496 ], [ -121.597046, 37.40444 ], [ -121.603832, 37.404509 ], [ -121.612896, 37.404602 ], [ -121.621356, 37.404653 ], [ -121.63016, 37.404723 ], [ -121.636346, 37.404763 ], [ -121.6386, 37.40475 ], [ -121.640642, 37.404705 ], [ -121.645403, 37.404642 ], [ -121.651832, 37.404359 ], [ -121.65849, 37.40393 ], [ -121.666791, 37.403348 ], [ -121.669344, 37.403272 ], [ -121.676697, 37.403146 ], [ -121.679938, 37.403122 ], [ -121.700754, 37.402742 ], [ -121.700797, 37.399449 ], [ -121.700872, 37.387355 ], [ -121.700835, 37.386529 ], [ -121.699033, 37.377957 ], [ -121.700596, 37.379365 ], [ -121.701874, 37.380538 ], [ -121.703293, 37.381822 ], [ -121.705182, 37.38354 ], [ -121.706986, 37.385137 ], [ -121.708463, 37.386511 ], [ -121.710326, 37.388166 ], [ -121.712019, 37.389758 ], [ -121.715335, 37.392661 ], [ -121.717482, 37.394585 ], [ -121.718495, 37.39553 ], [ -121.722446, 37.396835 ], [ -121.725401, 37.397849 ], [ -121.727703, 37.398639 ], [ -121.729507, 37.399257 ], [ -121.733629, 37.400649 ], [ -121.737185, 37.401834 ], [ -121.741291, 37.40326 ], [ -121.74407, 37.404204 ], [ -121.747251, 37.405287 ], [ -121.749485, 37.406043 ], [ -121.750739, 37.406455 ], [ -121.752731, 37.405493 ], [ -121.755205, 37.404256 ], [ -121.759367, 37.402174 ], [ -121.764653, 37.40551 ], [ -121.766749, 37.406799 ], [ -121.768621, 37.407967 ], [ -121.768643, 37.407939 ], [ -121.769025, 37.408146 ], [ -121.771016, 37.409421 ], [ -121.771053, 37.409364 ], [ -121.771614, 37.409794 ], [ -121.774681, 37.411733 ], [ -121.775243, 37.412061 ], [ -121.777767, 37.41116 ], [ -121.778168, 37.411144 ], [ -121.778827, 37.411124 ], [ -121.780673, 37.412247 ], [ -121.780945, 37.412236 ], [ -121.781256, 37.412404 ], [ -121.78169, 37.412263 ], [ -121.782685, 37.412769 ], [ -121.783872, 37.412661 ], [ -121.784289, 37.412961 ], [ -121.784918, 37.413097 ], [ -121.785093, 37.413097 ], [ -121.785275, 37.413085 ], [ -121.78538, 37.413068 ], [ -121.785474, 37.413037 ], [ -121.785825, 37.412423 ], [ -121.787007, 37.413283 ], [ -121.787922, 37.413657 ], [ -121.788594, 37.413616 ], [ -121.788992, 37.414144 ], [ -121.78907, 37.41416 ], [ -121.78914, 37.414161 ], [ -121.78922, 37.414146 ], [ -121.789234, 37.41414 ], [ -121.789319, 37.414111 ], [ -121.789403, 37.41406 ], [ -121.789442, 37.414037 ], [ -121.789496, 37.414009 ], [ -121.789867, 37.413881 ], [ -121.789974, 37.413861 ], [ -121.790175, 37.413824 ], [ -121.790225, 37.413815 ], [ -121.790332, 37.413788 ], [ -121.790385, 37.413766 ], [ -121.790429, 37.413749 ], [ -121.79052, 37.413697 ], [ -121.790562, 37.413657 ], [ -121.790627, 37.413571 ], [ -121.790773, 37.413289 ], [ -121.790785, 37.413273 ], [ -121.790835, 37.413211 ], [ -121.790882, 37.413168 ], [ -121.790949, 37.413136 ], [ -121.791006, 37.413121 ], [ -121.791089, 37.413121 ], [ -121.791143, 37.413134 ], [ -121.791504, 37.413224 ], [ -121.791541, 37.413234 ], [ -121.791626, 37.413249 ], [ -121.791644, 37.413252 ], [ -121.791668, 37.413256 ], [ -121.791713, 37.413258 ], [ -121.791794, 37.413263 ], [ -121.791813, 37.413262 ], [ -121.791923, 37.413255 ], [ -121.791993, 37.413251 ], [ -121.791948, 37.413285 ], [ -121.791814, 37.413389 ], [ -121.79177, 37.413424 ], [ -121.791576, 37.413609 ], [ -121.791558, 37.413625 ], [ -121.791828, 37.413685 ], [ -121.791962, 37.413719 ], [ -121.793089, 37.413803 ], [ -121.793237, 37.413814 ], [ -121.793342, 37.413822 ], [ -121.796092, 37.413684 ], [ -121.797346, 37.414124 ], [ -121.799179, 37.414773 ], [ -121.800854, 37.415116 ], [ -121.80088, 37.415071 ], [ -121.801773, 37.41546 ], [ -121.803194, 37.41642 ], [ -121.805081, 37.417855 ], [ -121.806713, 37.419218 ], [ -121.809185, 37.419448 ], [ -121.809264, 37.419527 ], [ -121.809476, 37.419472 ], [ -121.809652, 37.419489 ], [ -121.809705, 37.419476 ], [ -121.810083, 37.419534 ], [ -121.810255, 37.41953 ], [ -121.81053, 37.419566 ], [ -121.810661, 37.419571 ], [ -121.810934, 37.419612 ], [ -121.811013, 37.419624 ], [ -121.811531, 37.419725 ], [ -121.811565, 37.419732 ], [ -121.811791, 37.419764 ], [ -121.812074, 37.419835 ], [ -121.812246, 37.419875 ], [ -121.812493, 37.419874 ], [ -121.812601, 37.419888 ], [ -121.81303, 37.41997 ], [ -121.813367, 37.420045 ], [ -121.813818, 37.420091 ], [ -121.813857, 37.420112 ], [ -121.814153, 37.420151 ], [ -121.814385, 37.420264 ], [ -121.81465, 37.420338 ], [ -121.814776, 37.420393 ], [ -121.814815, 37.420395 ], [ -121.81517, 37.420344 ], [ -121.815442, 37.420254 ], [ -121.815679, 37.420166 ], [ -121.815913, 37.420026 ], [ -121.815975, 37.420016 ], [ -121.816282, 37.419901 ], [ -121.816572, 37.420126 ], [ -121.816638, 37.420171 ], [ -121.816796, 37.420308 ], [ -121.81701, 37.420511 ], [ -121.817189, 37.420737 ], [ -121.817333, 37.420841 ], [ -121.817389, 37.42086 ], [ -121.817523, 37.420986 ], [ -121.81791, 37.421063 ], [ -121.818484, 37.420977 ], [ -121.818591, 37.42093 ], [ -121.818684, 37.420872 ], [ -121.819214, 37.420312 ], [ -121.819317, 37.420149 ], [ -121.819472, 37.41996 ], [ -121.819534, 37.419904 ], [ -121.819583, 37.419807 ], [ -121.819824, 37.419552 ], [ -121.819949, 37.41942 ], [ -121.820019, 37.419429 ], [ -121.820067, 37.419412 ], [ -121.820093, 37.419367 ], [ -121.82011, 37.419319 ], [ -121.820761, 37.419221 ], [ -121.820818, 37.419205 ], [ -121.820988, 37.419191 ], [ -121.821083, 37.419182 ], [ -121.821328, 37.419242 ], [ -121.822084, 37.419311 ], [ -121.822296, 37.419324 ], [ -121.82256, 37.419336 ], [ -121.822687, 37.419392 ], [ -121.822844, 37.419423 ], [ -121.823026, 37.419377 ], [ -121.82313, 37.419341 ], [ -121.823544, 37.419283 ], [ -121.823849, 37.419235 ], [ -121.824132, 37.419506 ], [ -121.824235, 37.419625 ], [ -121.824348, 37.419715 ], [ -121.824447, 37.419858 ], [ -121.824566, 37.419896 ], [ -121.824795, 37.419975 ], [ -121.82486, 37.420048 ], [ -121.824873, 37.420127 ], [ -121.824837, 37.420267 ], [ -121.82487, 37.420471 ], [ -121.824888, 37.420569 ], [ -121.824939, 37.420623 ], [ -121.825163, 37.420634 ], [ -121.825218, 37.420621 ], [ -121.825372, 37.42072 ], [ -121.825614, 37.42083 ], [ -121.826165, 37.421038 ], [ -121.826282, 37.421097 ], [ -121.826338, 37.421209 ], [ -121.826526, 37.421392 ], [ -121.826703, 37.421364 ], [ -121.826771, 37.421412 ], [ -121.826923, 37.421489 ], [ -121.827296, 37.421504 ], [ -121.827935, 37.421708 ], [ -121.828128, 37.421752 ], [ -121.828266, 37.42178 ], [ -121.828397, 37.421818 ], [ -121.828548, 37.421912 ], [ -121.828789, 37.422049 ], [ -121.828882, 37.422107 ], [ -121.828982, 37.42217 ], [ -121.829299, 37.422423 ], [ -121.829458, 37.422527 ], [ -121.829596, 37.422593 ], [ -121.82983, 37.422675 ], [ -121.830071, 37.422736 ], [ -121.830333, 37.422818 ], [ -121.830863, 37.423049 ], [ -121.830946, 37.423093 ], [ -121.831149, 37.422998 ], [ -121.831778, 37.422946 ], [ -121.832117, 37.423065 ], [ -121.832639, 37.422894 ], [ -121.833005, 37.422864 ], [ -121.833237, 37.422714 ], [ -121.833926, 37.422295 ], [ -121.834188, 37.422347 ], [ -121.83436, 37.422153 ], [ -121.834787, 37.421883 ], [ -121.835123, 37.421928 ], [ -121.835198, 37.421644 ], [ -121.835573, 37.421681 ], [ -121.835849, 37.421554 ], [ -121.835864, 37.421479 ], [ -121.836007, 37.421374 ], [ -121.837449, 37.421423 ], [ -121.8378, 37.421339 ], [ -121.837951, 37.421311 ], [ -121.838158, 37.421311 ], [ -121.838371, 37.4213 ], [ -121.83857, 37.421318 ], [ -121.838785, 37.421339 ], [ -121.838931, 37.421339 ], [ -121.838879, 37.421214 ], [ -121.838996, 37.42107 ], [ -121.840293, 37.420564 ], [ -121.841715, 37.419845 ], [ -121.841843, 37.419329 ], [ -121.842278, 37.419064 ], [ -121.842484, 37.419091 ], [ -121.842722, 37.419123 ], [ -121.843059, 37.419359 ], [ -121.843273, 37.419494 ], [ -121.843358, 37.419453 ], [ -121.843482, 37.419404 ], [ -121.84364, 37.419382 ], [ -121.843708, 37.4194 ], [ -121.843785, 37.41942 ], [ -121.843911, 37.41942 ], [ -121.843973, 37.41977 ], [ -121.844096, 37.419759 ], [ -121.84417, 37.419516 ], [ -121.844229, 37.419486 ], [ -121.844295, 37.419404 ], [ -121.844445, 37.419364 ], [ -121.844812, 37.419332 ], [ -121.84497, 37.419431 ], [ -121.845037, 37.419452 ], [ -121.845113, 37.419655 ], [ -121.84531, 37.419736 ], [ -121.845515, 37.419689 ], [ -121.845771, 37.419444 ], [ -121.845959, 37.419419 ], [ -121.84628, 37.419353 ], [ -121.84639, 37.418979 ], [ -121.846686, 37.419125 ], [ -121.84702, 37.419214 ], [ -121.847346, 37.419391 ], [ -121.847236, 37.420301 ], [ -121.845661, 37.42108 ], [ -121.844396, 37.421637 ], [ -121.838443, 37.42449 ], [ -121.837086, 37.425202 ], [ -121.837656, 37.425911 ], [ -121.857981, 37.421525 ], [ -121.858183, 37.421482 ], [ -121.858463, 37.421598 ], [ -121.858734, 37.421727 ], [ -121.858803, 37.421765 ], [ -121.858972, 37.421857 ], [ -121.859284, 37.422038 ], [ -121.859369, 37.422109 ], [ -121.859842, 37.42238 ], [ -121.860033, 37.422487 ], [ -121.861088, 37.42202 ], [ -121.861596, 37.421796 ], [ -121.86208, 37.421583 ], [ -121.862963, 37.421194 ], [ -121.863425, 37.42099 ], [ -121.863637, 37.420896 ], [ -121.863822, 37.420815 ], [ -121.865151, 37.420226 ], [ -121.865319, 37.420152 ], [ -121.865826, 37.41993 ], [ -121.865995, 37.419857 ], [ -121.866159, 37.419783 ], [ -121.866653, 37.419565 ], [ -121.866798, 37.419502 ], [ -121.866818, 37.419493 ], [ -121.866985, 37.419419 ], [ -121.867488, 37.419199 ], [ -121.867656, 37.419126 ], [ -121.867871, 37.419031 ], [ -121.868194, 37.41889 ], [ -121.868516, 37.418749 ], [ -121.868732, 37.418655 ], [ -121.868934, 37.418567 ], [ -121.869007, 37.418534 ], [ -121.86942, 37.418354 ], [ -121.869832, 37.418173 ], [ -121.870108, 37.418053 ], [ -121.870433, 37.41791 ], [ -121.870983, 37.417671 ], [ -121.87141, 37.417484 ], [ -121.871736, 37.417342 ], [ -121.87239, 37.417056 ], [ -121.872411, 37.417048 ], [ -121.873085, 37.416753 ], [ -121.873286, 37.416671 ], [ -121.874037, 37.416366 ], [ -121.874374, 37.416252 ], [ -121.874568, 37.416188 ], [ -121.87485, 37.416081 ], [ -121.875045, 37.416007 ], [ -121.875273, 37.415958 ], [ -121.87533, 37.415946 ], [ -121.875567, 37.415875 ], [ -121.876346, 37.415645 ], [ -121.877121, 37.415425 ], [ -121.87714, 37.41542 ], [ -121.877636, 37.415263 ], [ -121.877813, 37.415213 ], [ -121.879872, 37.414616 ], [ -121.880097, 37.414569 ], [ -121.880261, 37.414516 ], [ -121.880561, 37.414433 ], [ -121.880745, 37.414379 ], [ -121.880979, 37.414309 ], [ -121.882601, 37.413787 ], [ -121.883871, 37.413435 ], [ -121.883937, 37.413412 ], [ -121.883983, 37.413396 ], [ -121.885412, 37.412963 ], [ -121.886566, 37.412532 ], [ -121.886701, 37.412492 ], [ -121.886799, 37.412464 ], [ -121.887729, 37.412174 ], [ -121.88866, 37.411885 ], [ -121.89138, 37.411149 ], [ -121.891548, 37.41112 ], [ -121.891465, 37.410964 ], [ -121.892033, 37.410841 ], [ -121.892527, 37.410735 ], [ -121.892999, 37.410635 ], [ -121.893263, 37.410553 ], [ -121.893413, 37.410495 ], [ -121.893697, 37.410346 ], [ -121.894089, 37.410174 ], [ -121.894153, 37.410209 ], [ -121.894278, 37.410265 ], [ -121.894379, 37.410194 ], [ -121.894413, 37.410158 ], [ -121.894796, 37.410337 ], [ -121.894809, 37.410227 ], [ -121.895042, 37.409456 ], [ -121.894996, 37.409513 ], [ -121.895043, 37.409056 ], [ -121.895152, 37.40797 ], [ -121.895193, 37.407518 ], [ -121.893327, 37.407362 ], [ -121.892639, 37.407306 ], [ -121.892463, 37.4055 ], [ -121.892265, 37.403464 ], [ -121.89226, 37.403411 ], [ -121.892337, 37.403416 ], [ -121.89244, 37.403425 ], [ -121.893117, 37.403478 ], [ -121.893729, 37.403527 ], [ -121.894412, 37.403586 ], [ -121.894819, 37.403636 ], [ -121.895144, 37.403676 ], [ -121.895344, 37.403701 ], [ -121.895821, 37.403741 ], [ -121.896231, 37.403773 ], [ -121.897181, 37.403848 ], [ -121.897285, 37.403865 ], [ -121.897428, 37.403902 ], [ -121.897457, 37.403913 ], [ -121.897559, 37.403952 ], [ -121.897615, 37.403991 ], [ -121.897746, 37.404132 ], [ -121.897818, 37.404271 ], [ -121.898176, 37.404167 ], [ -121.898389, 37.404122 ], [ -121.898682, 37.404091 ], [ -121.899002, 37.404097 ], [ -121.899372, 37.404115 ], [ -121.899981, 37.404151 ], [ -121.900603, 37.404208 ], [ -121.900857, 37.404232 ], [ -121.901661, 37.404297 ], [ -121.902863, 37.404407 ], [ -121.904626, 37.404491 ], [ -121.904804, 37.404483 ], [ -121.904969, 37.404466 ], [ -121.905105, 37.404435 ], [ -121.905279, 37.404412 ], [ -121.905505, 37.404359 ], [ -121.905633, 37.404322 ], [ -121.905956, 37.404164 ], [ -121.906122, 37.404073 ], [ -121.906303, 37.403945 ], [ -121.906497, 37.403786 ], [ -121.906634, 37.403689 ], [ -121.906823, 37.403516 ], [ -121.908562, 37.402017 ], [ -121.908777, 37.401839 ], [ -121.908901, 37.401725 ], [ -121.909146, 37.401491 ], [ -121.909321, 37.401331 ], [ -121.909428, 37.401234 ], [ -121.909843, 37.400895 ], [ -121.911356, 37.399607 ], [ -121.91153, 37.399457 ], [ -121.912878, 37.398252 ], [ -121.912928, 37.398103 ], [ -121.913246, 37.397826 ], [ -121.913382, 37.397704 ], [ -121.914724, 37.396512 ], [ -121.914737, 37.396501 ], [ -121.914864, 37.396401 ], [ -121.915198, 37.39611 ], [ -121.915238, 37.396192 ], [ -121.915293, 37.396335 ], [ -121.915307, 37.396362 ], [ -121.915321, 37.396494 ], [ -121.915279, 37.397055 ], [ -121.915257, 37.397216 ], [ -121.915176, 37.397813 ], [ -121.915189, 37.398362 ], [ -121.91521, 37.39862 ], [ -121.915293, 37.398917 ], [ -121.915416, 37.399192 ], [ -121.915733, 37.399659 ], [ -121.915919, 37.39995 ], [ -121.916153, 37.400214 ], [ -121.916237, 37.400297 ], [ -121.916325, 37.400384 ], [ -121.916587, 37.400653 ], [ -121.916766, 37.400818 ], [ -121.916903, 37.400956 ], [ -121.91702, 37.401114 ], [ -121.917041, 37.401142 ], [ -121.917137, 37.401313 ], [ -121.91742, 37.402214 ], [ -121.91753, 37.402648 ], [ -121.917592, 37.402829 ], [ -121.917722, 37.403123 ], [ -121.917757, 37.403203 ], [ -121.917922, 37.403483 ], [ -121.918053, 37.40373 ], [ -121.918101, 37.403786 ], [ -121.918225, 37.403928 ], [ -121.918383, 37.404044 ], [ -121.918521, 37.404099 ], [ -121.918996, 37.404258 ], [ -121.91952, 37.404395 ], [ -121.920243, 37.404566 ], [ -121.920594, 37.404665 ], [ -121.920801, 37.404736 ], [ -121.920945, 37.404835 ], [ -121.92109, 37.405 ], [ -121.921241, 37.405193 ], [ -121.921675, 37.405627 ], [ -121.921854, 37.405715 ], [ -121.921985, 37.405748 ], [ -121.922171, 37.405748 ], [ -121.922309, 37.405709 ], [ -121.92288, 37.405467 ], [ -121.923135, 37.405489 ], [ -121.9233, 37.405561 ], [ -121.923493, 37.405693 ], [ -121.923803, 37.406001 ], [ -121.923906, 37.406248 ], [ -121.923934, 37.406517 ], [ -121.923948, 37.406896 ], [ -121.923899, 37.407391 ], [ -121.923851, 37.407715 ], [ -121.923747, 37.40812 ], [ -121.923665, 37.408445 ], [ -121.923534, 37.408819 ], [ -121.923307, 37.409423 ], [ -121.923141, 37.409742 ], [ -121.922983, 37.410006 ], [ -121.922873, 37.410242 ], [ -121.922804, 37.41044 ], [ -121.922804, 37.410621 ], [ -121.922866, 37.410819 ], [ -121.922929, 37.410945 ], [ -121.922974, 37.411035 ], [ -121.923134, 37.411253 ], [ -121.923788, 37.412011 ], [ -121.924112, 37.412346 ], [ -121.92444, 37.412626 ], [ -121.924608, 37.41277 ], [ -121.924849, 37.412879 ], [ -121.925317, 37.413017 ], [ -121.925606, 37.413138 ], [ -121.925675, 37.413237 ], [ -121.925751, 37.413385 ], [ -121.925785, 37.413539 ], [ -121.925813, 37.413808 ], [ -121.925834, 37.414182 ], [ -121.925902, 37.414429 ], [ -121.926026, 37.414616 ], [ -121.926144, 37.414698 ], [ -121.926405, 37.41483 ], [ -121.926577, 37.414923 ], [ -121.926722, 37.415028 ], [ -121.926818, 37.415127 ], [ -121.926908, 37.415259 ], [ -121.926984, 37.415352 ], [ -121.927163, 37.41544 ], [ -121.927363, 37.415462 ], [ -121.927528, 37.415446 ], [ -121.927783, 37.415446 ], [ -121.927982, 37.415479 ], [ -121.928113, 37.415539 ], [ -121.929446, 37.417005 ], [ -121.930131, 37.417759 ], [ -121.930262, 37.417973 ], [ -121.930262, 37.418138 ], [ -121.930221, 37.418264 ], [ -121.930014, 37.418643 ], [ -121.929883, 37.418814 ], [ -121.929787, 37.418962 ], [ -121.929788, 37.418983 ], [ -121.929794, 37.419193 ], [ -121.929842, 37.419281 ], [ -121.929959, 37.419363 ], [ -121.930062, 37.419407 ], [ -121.930179, 37.419446 ], [ -121.930386, 37.419495 ], [ -121.930848, 37.419621 ], [ -121.931013, 37.419759 ], [ -121.931082, 37.419847 ], [ -121.931096, 37.419984 ] ] ] } },
{ "type": "Feature", "properties": { "STATEFP": "06", "UNSDLEA": "30030", "GEOID": "0630030", "GEOIDFQ": "9700000US0630030", "NAME": "Patterson Joint Unified School District", "LSAD": "00", "LOGRADE": "KG", "HIGRADE": "12", "MTFCC": "G5420", "SDTYP": null, "FUNCSTAT": "E", "ALAND": 930796701, "AWATER": 2630067, "INTPTLAT": "+37.4975422", "INTPTLON": "-121.3425676" }, "geometry": { "type": "Polygon", "coordinates": [ [ [ -121.700872, 37.387355 ], [ -121.700797, 37.399449 ], [ -121.700754, 37.402742 ], [ -121.679938, 37.403122 ], [ -121.676697, 37.403146 ], [ -121.669344, 37.403272 ], [ -121.666791, 37.403348 ], [ -121.65849, 37.40393 ], [ -121.651832, 37.404359 ], [ -121.645403, 37.404642 ], [ -121.640642, 37.404705 ], [ -121.6386, 37.40475 ], [ -121.636346, 37.404763 ], [ -121.63016, 37.404723 ], [ -121.621356, 37.404653 ], [ -121.612896, 37.404602 ], [ -121.603832, 37.404509 ], [ -121.597046, 37.40444 ], [ -121.594364, 37.404496 ], [ -121.591345, 37.404561 ], [ -121.591487, 37.413135 ], [ -121.591669, 37.423969 ], [ -121.591731, 37.439569 ], [ -121.591749, 37.444013 ], [ -121.591911, 37.445721 ], [ -121.56369, 37.446125 ], [ -121.546627, 37.446053 ], [ -121.546577, 37.445993 ], [ -121.546343, 37.445867 ], [ -121.546309, 37.445841 ], [ -121.546212, 37.445768 ], [ -121.546122, 37.445746 ], [ -121.545929, 37.445751 ], [ -121.545723, 37.44585 ], [ -121.545426, 37.446048 ], [ -121.545199, 37.446064 ], [ -121.525845, 37.446206 ], [ -121.51816, 37.4463 ], [ -121.516961, 37.446304 ], [ -121.486793, 37.446638 ], [ -121.479813, 37.446639 ], [ -121.474743, 37.446642 ], [ -121.474779, 37.449119 ], [ -121.462791, 37.450033 ], [ -121.462917, 37.451489 ], [ -121.463652, 37.45194 ], [ -121.464052, 37.452477 ], [ -121.464022, 37.453838 ], [ -121.464687, 37.454483 ], [ -121.465332, 37.454549 ], [ -121.467179, 37.453341 ], [ -121.467228, 37.453356 ], [ -121.468347, 37.453697 ], [ -121.468933, 37.453875 ], [ -121.469554, 37.455743 ], [ -121.472054, 37.456297 ], [ -121.472534, 37.456397 ], [ -121.472676, 37.456381 ], [ -121.473089, 37.456764 ], [ -121.473163, 37.45726 ], [ -121.473371, 37.458977 ], [ -121.473371, 37.45981 ], [ -121.473452, 37.460169 ], [ -121.474016, 37.46093 ], [ -121.474509, 37.461526 ], [ -121.475033, 37.462054 ], [ -121.475849, 37.462602 ], [ -121.477198, 37.463248 ], [ -121.477714, 37.463419 ], [ -121.479674, 37.464073 ], [ -121.483102, 37.46516 ], [ -121.484252, 37.466032 ], [ -121.486207, 37.474146 ], [ -121.486252, 37.474333 ], [ -121.486463, 37.474926 ], [ -121.486775, 37.475652 ], [ -121.485929, 37.475533 ], [ -121.485205, 37.475557 ], [ -121.484268, 37.475526 ], [ -121.48341, 37.475423 ], [ -121.482584, 37.475907 ], [ -121.482041, 37.476429 ], [ -121.481732, 37.476782 ], [ -121.481236, 37.47735 ], [ -121.480968, 37.477869 ], [ -121.480596, 37.478212 ], [ -121.480143, 37.478607 ], [ -121.47972, 37.478985 ], [ -121.479308, 37.479301 ], [ -121.478885, 37.479714 ], [ -121.478432, 37.479942 ], [ -121.4777, 37.480279 ], [ -121.476342, 37.480294 ], [ -121.475323, 37.479528 ], [ -121.474527, 37.479344 ], [ -121.473721, 37.480078 ], [ -121.472975, 37.480676 ], [ -121.472648, 37.48217 ], [ -121.471925, 37.481783 ], [ -121.467249, 37.485501 ], [ -121.449098, 37.499932 ], [ -121.448449, 37.50045 ], [ -121.447986, 37.500821 ], [ -121.447889, 37.500898 ], [ -121.447375, 37.501309 ], [ -121.446819, 37.501753 ], [ -121.446636, 37.501899 ], [ -121.446464, 37.502037 ], [ -121.444648, 37.503488 ], [ -121.443648, 37.504287 ], [ -121.44303, 37.50478 ], [ -121.442956, 37.504839 ], [ -121.442944, 37.504849 ], [ -121.442897, 37.504886 ], [ -121.442849, 37.504924 ], [ -121.442769, 37.504988 ], [ -121.442302, 37.505361 ], [ -121.442032, 37.505577 ], [ -121.44202, 37.505587 ], [ -121.441989, 37.505612 ], [ -121.441966, 37.50563 ], [ -121.441906, 37.505678 ], [ -121.441094, 37.506327 ], [ -121.440841, 37.506529 ], [ -121.440808, 37.506555 ], [ -121.436307, 37.510151 ], [ -121.435687, 37.510645 ], [ -121.430337, 37.51492 ], [ -121.42209, 37.52151 ], [ -121.412182, 37.529427 ], [ -121.412138, 37.529462 ], [ -121.412088, 37.529502 ], [ -121.412051, 37.529532 ], [ -121.410564, 37.530706 ], [ -121.410549, 37.530718 ], [ -121.410371, 37.530859 ], [ -121.409449, 37.531587 ], [ -121.403119, 37.536584 ], [ -121.400286, 37.53882 ], [ -121.399647, 37.539324 ], [ -121.399633, 37.539335 ], [ -121.387504, 37.548912 ], [ -121.380485, 37.554455 ], [ -121.37988, 37.554933 ], [ -121.379841, 37.554964 ], [ -121.379465, 37.555261 ], [ -121.378007, 37.556412 ], [ -121.376862, 37.557316 ], [ -121.376695, 37.557448 ], [ -121.376622, 37.557506 ], [ -121.376573, 37.557544 ], [ -121.376564, 37.557551 ], [ -121.375479, 37.558408 ], [ -121.375451, 37.558431 ], [ -121.37478, 37.558878 ], [ -121.374668, 37.558953 ], [ -121.374549, 37.559032 ], [ -121.374532, 37.559044 ], [ -121.374516, 37.559055 ], [ -121.374483, 37.559077 ], [ -121.374457, 37.559094 ], [ -121.374251, 37.559231 ], [ -121.37385, 37.559712 ], [ -121.373751, 37.559831 ], [ -121.373608, 37.559945 ], [ -121.373251, 37.560231 ], [ -121.360916, 37.569762 ], [ -121.360537, 37.570054 ], [ -121.334201, 37.590405 ], [ -121.334184, 37.590415 ], [ -121.334175, 37.590425 ], [ -121.333807, 37.59071 ], [ -121.333787, 37.590726 ], [ -121.3337, 37.590793 ], [ -121.333388, 37.59105 ], [ -121.330051, 37.59383 ], [ -121.329015, 37.594757 ], [ -121.328981, 37.594788 ], [ -121.324778, 37.598234 ], [ -121.324706, 37.598293 ], [ -121.324676, 37.598317 ], [ -121.324471, 37.598485 ], [ -121.32443, 37.598519 ], [ -121.32405, 37.598831 ], [ -121.321951, 37.60043 ], [ -121.321725, 37.600607 ], [ -121.315951, 37.60513 ], [ -121.315932, 37.605145 ], [ -121.301458, 37.616551 ], [ -121.292359, 37.623724 ], [ -121.292341, 37.623738 ], [ -121.289201, 37.626223 ], [ -121.287542, 37.627536 ], [ -121.287495, 37.62757 ], [ -121.286772, 37.628094 ], [ -121.286732, 37.628123 ], [ -121.28672, 37.628132 ], [ -121.285732, 37.628849 ], [ -121.28572, 37.628857 ], [ -121.285566, 37.629014 ], [ -121.285559, 37.629022 ], [ -121.28555, 37.629031 ], [ -121.285527, 37.629049 ], [ -121.285245, 37.629271 ], [ -121.273808, 37.638285 ], [ -121.271449, 37.640041 ], [ -121.269447, 37.641628 ], [ -121.269448, 37.641604 ], [ -121.269379, 37.641683 ], [ -121.256956, 37.651534 ], [ -121.256825, 37.651638 ], [ -121.256755, 37.651694 ], [ -121.245074, 37.660954 ], [ -121.244429, 37.661469 ], [ -121.243867, 37.661913 ], [ -121.242954, 37.662635 ], [ -121.24195, 37.66343 ], [ -121.241397, 37.663868 ], [ -121.241219, 37.664009 ], [ -121.241231, 37.664088 ], [ -121.241233, 37.664185 ], [ -121.241229, 37.66425 ], [ -121.240947, 37.664253 ], [ -121.240847, 37.664082 ], [ -121.240749, 37.663815 ], [ -121.240599, 37.663326 ], [ -121.240508, 37.66304 ], [ -121.2404, 37.662699 ], [ -121.240367, 37.662484 ], [ -121.240367, 37.662136 ], [ -121.240532, 37.661639 ], [ -121.240632, 37.66101 ], [ -121.240715, 37.660148 ], [ -121.240682, 37.659287 ], [ -121.240499, 37.658177 ], [ -121.240334, 37.656687 ], [ -121.240036, 37.655627 ], [ -121.239522, 37.654782 ], [ -121.23886, 37.654153 ], [ -121.238127, 37.653654 ], [ -121.236307, 37.652895 ], [ -121.235407, 37.652645 ], [ -121.23442, 37.65257 ], [ -121.23332, 37.652458 ], [ -121.232645, 37.652382 ], [ -121.231795, 37.652258 ], [ -121.230582, 37.651882 ], [ -121.229957, 37.651433 ], [ -121.229382, 37.651057 ], [ -121.22812, 37.65057 ], [ -121.226982, 37.65042 ], [ -121.226445, 37.650408 ], [ -121.22522, 37.65032 ], [ -121.224545, 37.650045 ], [ -121.223595, 37.64962 ], [ -121.223032, 37.648908 ], [ -121.222895, 37.648295 ], [ -121.223032, 37.647758 ], [ -121.223732, 37.646908 ], [ -121.22497, 37.645958 ], [ -121.227432, 37.644083 ], [ -121.227932, 37.643558 ], [ -121.228307, 37.642808 ], [ -121.228557, 37.641608 ], [ -121.228655, 37.641277 ], [ -121.228818, 37.640299 ], [ -121.22872, 37.640058 ], [ -121.228608, 37.63982 ], [ -121.227887, 37.639006 ], [ -121.227245, 37.638207 ], [ -121.226795, 37.637845 ], [ -121.226145, 37.63747 ], [ -121.225533, 37.637407 ], [ -121.224233, 37.637733 ], [ -121.222445, 37.63827 ], [ -121.220944, 37.638722 ], [ -121.220095, 37.63887 ], [ -121.219508, 37.638833 ], [ -121.218795, 37.638633 ], [ -121.218233, 37.638258 ], [ -121.217745, 37.637808 ], [ -121.217283, 37.63712 ], [ -121.216858, 37.636645 ], [ -121.216183, 37.63612 ], [ -121.215908, 37.635783 ], [ -121.21572, 37.635583 ], [ -121.215108, 37.634845 ], [ -121.21462, 37.633833 ], [ -121.21437, 37.632958 ], [ -121.21417, 37.631857 ], [ -121.21412, 37.631445 ], [ -121.21417, 37.631058 ], [ -121.214433, 37.630345 ], [ -121.214508, 37.629682 ], [ -121.214387, 37.628614 ], [ -121.21422, 37.628145 ], [ -121.214008, 37.627895 ], [ -121.21362, 37.627557 ], [ -121.21312, 37.627257 ], [ -121.212658, 37.62707 ], [ -121.212008, 37.62702 ], [ -121.21157, 37.627107 ], [ -121.210895, 37.627507 ], [ -121.209883, 37.62872 ], [ -121.209458, 37.629333 ], [ -121.20942, 37.629545 ], [ -121.209445, 37.629895 ], [ -121.209545, 37.630083 ], [ -121.210045, 37.630808 ], [ -121.210458, 37.63132 ], [ -121.210708, 37.63162 ], [ -121.210845, 37.631895 ], [ -121.21087, 37.632208 ], [ -121.210758, 37.63252 ], [ -121.210508, 37.632858 ], [ -121.210045, 37.633308 ], [ -121.209708, 37.63352 ], [ -121.209308, 37.633758 ], [ -121.20877, 37.634158 ], [ -121.208483, 37.634458 ], [ -121.20737, 37.635333 ], [ -121.206313, 37.636403 ], [ -121.205382, 37.637033 ], [ -121.204382, 37.63742 ], [ -121.203132, 37.63777 ], [ -121.202057, 37.637745 ], [ -121.200545, 37.637683 ], [ -121.198995, 37.637758 ], [ -121.195707, 37.637883 ], [ -121.194604, 37.637801 ], [ -121.193757, 37.63747 ], [ -121.19342, 37.637233 ], [ -121.192932, 37.63662 ], [ -121.19257, 37.63597 ], [ -121.192232, 37.635258 ], [ -121.191932, 37.634583 ], [ -121.191895, 37.63422 ], [ -121.192026, 37.633799 ], [ -121.192312, 37.633322 ], [ -121.19241, 37.633158 ], [ -121.192492, 37.632904 ], [ -121.192427, 37.632633 ], [ -121.192131, 37.632272 ], [ -121.191697, 37.631993 ], [ -121.190594, 37.631576 ], [ -121.189945, 37.631258 ], [ -121.18982, 37.631108 ], [ -121.189707, 37.630933 ], [ -121.18977, 37.630733 ], [ -121.189871, 37.630454 ], [ -121.190253, 37.630253 ], [ -121.19041, 37.630195 ], [ -121.190709, 37.630112 ], [ -121.191172, 37.629988 ], [ -121.191595, 37.629756 ], [ -121.191835, 37.629532 ], [ -121.191976, 37.629035 ], [ -121.191827, 37.628497 ], [ -121.191595, 37.627934 ], [ -121.191181, 37.627263 ], [ -121.190808, 37.626965 ], [ -121.190154, 37.626708 ], [ -121.18964, 37.626567 ], [ -121.189243, 37.626509 ], [ -121.188406, 37.626559 ], [ -121.187504, 37.62678 ], [ -121.186626, 37.626932 ], [ -121.186279, 37.62696 ], [ -121.18567, 37.626829 ], [ -121.185473, 37.626604 ], [ -121.185248, 37.626154 ], [ -121.18506, 37.625648 ], [ -121.184976, 37.625207 ], [ -121.184901, 37.624907 ], [ -121.184854, 37.624682 ], [ -121.184723, 37.624326 ], [ -121.184657, 37.623942 ], [ -121.184666, 37.62367 ], [ -121.184723, 37.623313 ], [ -121.184751, 37.623032 ], [ -121.184704, 37.622892 ], [ -121.184488, 37.622498 ], [ -121.184216, 37.622329 ], [ -121.183682, 37.621813 ], [ -121.183588, 37.621457 ], [ -121.183523, 37.621026 ], [ -121.183513, 37.620726 ], [ -121.18357, 37.620407 ], [ -121.183645, 37.620088 ], [ -121.183626, 37.61976 ], [ -121.183616, 37.619376 ], [ -121.183729, 37.619029 ], [ -121.183973, 37.618495 ], [ -121.184216, 37.617942 ], [ -121.184235, 37.617351 ], [ -121.184085, 37.616807 ], [ -121.183936, 37.616317 ], [ -121.183683, 37.615518 ], [ -121.183626, 37.615258 ], [ -121.183618, 37.615047 ], [ -121.183545, 37.614747 ], [ -121.183293, 37.614405 ], [ -121.18287, 37.613958 ], [ -121.182269, 37.613422 ], [ -121.181627, 37.613065 ], [ -121.18066, 37.612894 ], [ -121.179377, 37.612834 ], [ -121.178679, 37.61295 ], [ -121.178141, 37.613138 ], [ -121.176922, 37.613375 ], [ -121.175373, 37.613494 ], [ -121.174429, 37.613363 ], [ -121.173666, 37.612982 ], [ -121.173035, 37.612557 ], [ -121.172523, 37.612094 ], [ -121.172041, 37.611525 ], [ -121.17186, 37.611175 ], [ -121.171772, 37.610975 ], [ -121.17161, 37.610544 ], [ -121.171679, 37.610194 ], [ -121.171954, 37.609732 ], [ -121.172035, 37.609194 ], [ -121.172066, 37.608675 ], [ -121.172116, 37.6083 ], [ -121.172229, 37.607982 ], [ -121.172447, 37.607713 ], [ -121.172697, 37.607332 ], [ -121.172991, 37.606944 ], [ -121.173254, 37.606763 ], [ -121.173535, 37.606707 ], [ -121.173754, 37.606669 ], [ -121.173972, 37.606525 ], [ -121.174154, 37.606194 ], [ -121.174305, 37.605738 ], [ -121.174598, 37.605847 ], [ -121.174738, 37.605954 ], [ -121.175152, 37.606154 ], [ -121.175673, 37.606268 ], [ -121.176582, 37.606382 ], [ -121.177651, 37.606488 ], [ -121.177998, 37.606363 ], [ -121.178198, 37.606222 ], [ -121.178226, 37.606141 ], [ -121.17819, 37.605951 ], [ -121.17803, 37.605763 ], [ -121.177624, 37.605283 ], [ -121.176927, 37.604645 ], [ -121.176783, 37.604416 ], [ -121.176496, 37.604004 ], [ -121.176353, 37.603746 ], [ -121.1762, 37.603296 ], [ -121.17619, 37.603181 ], [ -121.176219, 37.603066 ], [ -121.176238, 37.602942 ], [ -121.1762, 37.602731 ], [ -121.17618, 37.602435 ], [ -121.176286, 37.602186 ], [ -121.176515, 37.601899 ], [ -121.177042, 37.601535 ], [ -121.177817, 37.601257 ], [ -121.178267, 37.601114 ], [ -121.178608, 37.600964 ], [ -121.178748, 37.600873 ], [ -121.179084, 37.600642 ], [ -121.179259, 37.600425 ], [ -121.179422, 37.600146 ], [ -121.179462, 37.599726 ], [ -121.17942, 37.599195 ], [ -121.179252, 37.598677 ], [ -121.179065, 37.598266 ], [ -121.179016, 37.59815 ], [ -121.178936, 37.597984 ], [ -121.178876, 37.59785 ], [ -121.178724, 37.597737 ], [ -121.178545, 37.597615 ], [ -121.178454, 37.59758 ], [ -121.178343, 37.597559 ], [ -121.178212, 37.597566 ], [ -121.17799, 37.597642 ], [ -121.177539, 37.597746 ], [ -121.177061, 37.597899 ], [ -121.176506, 37.598162 ], [ -121.175861, 37.598516 ], [ -121.17532, 37.59896 ], [ -121.174572, 37.599494 ], [ -121.174188, 37.599655 ], [ -121.173495, 37.599925 ], [ -121.172941, 37.60006 ], [ -121.17224, 37.600035 ], [ -121.171777, 37.599968 ], [ -121.171307, 37.599834 ], [ -121.171009, 37.59967 ], [ -121.170704, 37.59945 ], [ -121.170473, 37.599243 ], [ -121.170302, 37.599072 ], [ -121.170229, 37.598975 ], [ -121.170137, 37.598841 ], [ -121.170003, 37.598682 ], [ -121.169827, 37.598524 ], [ -121.169693, 37.598347 ], [ -121.16965, 37.598122 ], [ -121.169674, 37.597896 ], [ -121.169747, 37.597701 ], [ -121.169906, 37.597567 ], [ -121.170198, 37.597415 ], [ -121.170716, 37.597287 ], [ -121.171466, 37.597305 ], [ -121.172215, 37.597397 ], [ -121.172874, 37.597451 ], [ -121.173207, 37.597488 ], [ -121.173813, 37.597585 ], [ -121.174547, 37.597605 ], [ -121.175209, 37.597552 ], [ -121.175823, 37.597325 ], [ -121.176605, 37.596884 ], [ -121.177079, 37.596443 ], [ -121.177293, 37.596029 ], [ -121.177348, 37.595694 ], [ -121.177246, 37.594907 ], [ -121.17708, 37.594328 ], [ -121.176903, 37.593893 ], [ -121.176752, 37.593639 ], [ -121.176425, 37.59338 ], [ -121.175897, 37.593199 ], [ -121.175302, 37.59316 ], [ -121.174834, 37.593177 ], [ -121.174061, 37.593233 ], [ -121.173626, 37.593339 ], [ -121.17319, 37.593328 ], [ -121.172813, 37.593316 ], [ -121.172577, 37.593245 ], [ -121.172436, 37.593151 ], [ -121.172212, 37.592833 ], [ -121.172036, 37.592303 ], [ -121.171694, 37.591125 ], [ -121.171588, 37.590548 ], [ -121.171494, 37.590077 ], [ -121.171529, 37.589677 ], [ -121.171824, 37.588581 ], [ -121.171942, 37.588016 ], [ -121.171965, 37.587651 ], [ -121.171918, 37.58738 ], [ -121.171595, 37.586947 ], [ -121.17112, 37.586652 ], [ -121.170987, 37.586614 ], [ -121.17071, 37.586557 ], [ -121.17048, 37.586557 ], [ -121.170203, 37.586604 ], [ -121.169869, 37.586681 ], [ -121.169535, 37.586786 ], [ -121.169296, 37.586891 ], [ -121.169105, 37.586901 ], [ -121.168847, 37.586901 ], [ -121.168475, 37.586805 ], [ -121.168169, 37.586662 ], [ -121.167768, 37.586366 ], [ -121.166784, 37.585181 ], [ -121.166689, 37.584943 ], [ -121.166698, 37.584771 ], [ -121.166775, 37.584637 ], [ -121.166985, 37.584465 ], [ -121.167386, 37.584035 ], [ -121.167644, 37.583529 ], [ -121.167739, 37.582955 ], [ -121.167748, 37.582656 ], [ -121.167733, 37.582564 ], [ -121.167672, 37.582364 ], [ -121.167549, 37.582149 ], [ -121.167437, 37.582011 ], [ -121.167324, 37.581909 ], [ -121.167114, 37.581812 ], [ -121.166951, 37.58172 ], [ -121.166828, 37.581643 ], [ -121.166629, 37.58147 ], [ -121.166537, 37.581337 ], [ -121.166307, 37.581066 ], [ -121.166138, 37.580912 ], [ -121.165811, 37.580815 ], [ -121.165673, 37.580759 ], [ -121.165463, 37.580667 ], [ -121.165118, 37.580586 ], [ -121.165211, 37.58037 ], [ -121.165699, 37.579414 ], [ -121.166336, 37.578683 ], [ -121.16688, 37.578214 ], [ -121.167368, 37.577952 ], [ -121.167949, 37.577783 ], [ -121.168868, 37.577558 ], [ -121.169468, 37.577352 ], [ -121.170105, 37.57707 ], [ -121.170855, 37.576789 ], [ -121.171071, 37.576686 ], [ -121.171211, 37.576583 ], [ -121.171324, 37.576499 ], [ -121.17138, 37.576442 ], [ -121.171408, 37.576405 ], [ -121.171398, 37.576267 ], [ -121.171436, 37.575974 ], [ -121.171408, 37.57558 ], [ -121.171236, 37.575112 ], [ -121.170996, 37.57467 ], [ -121.170621, 37.574286 ], [ -121.170349, 37.574014 ], [ -121.170124, 37.573836 ], [ -121.170115, 37.573817 ], [ -121.170049, 37.573733 ], [ -121.169818, 37.573514 ], [ -121.16959, 37.573377 ], [ -121.169336, 37.573395 ], [ -121.16914, 37.57347 ], [ -121.16898, 37.57347 ], [ -121.168727, 37.573405 ], [ -121.168343, 37.57332 ], [ -121.16808, 37.573255 ], [ -121.167833, 37.573153 ], [ -121.167668, 37.573086 ], [ -121.167265, 37.572852 ], [ -121.166927, 37.572655 ], [ -121.166561, 37.572505 ], [ -121.16614, 37.572374 ], [ -121.165849, 37.572308 ], [ -121.165661, 37.572261 ], [ -121.165352, 37.572092 ], [ -121.165183, 37.571914 ], [ -121.165155, 37.571839 ], [ -121.164986, 37.57137 ], [ -121.164977, 37.571099 ], [ -121.164808, 37.57063 ], [ -121.164743, 37.57032 ], [ -121.16478, 37.570086 ], [ -121.164874, 37.569861 ], [ -121.165071, 37.569664 ], [ -121.165286, 37.569486 ], [ -121.165549, 37.569299 ], [ -121.165877, 37.569027 ], [ -121.166158, 37.568914 ], [ -121.166402, 37.568877 ], [ -121.166805, 37.568867 ], [ -121.167086, 37.568886 ], [ -121.167461, 37.569008 ], [ -121.167911, 37.569186 ], [ -121.168277, 37.569252 ], [ -121.168746, 37.569317 ], [ -121.168933, 37.569392 ], [ -121.169327, 37.569627 ], [ -121.16959, 37.569861 ], [ -121.169777, 37.570161 ], [ -121.169852, 37.570452 ], [ -121.169861, 37.570649 ], [ -121.16989, 37.57078 ], [ -121.169899, 37.570808 ], [ -121.169974, 37.57107 ], [ -121.170143, 37.571399 ], [ -121.170227, 37.57153 ], [ -121.170349, 37.571652 ], [ -121.170799, 37.57182 ], [ -121.171205, 37.571914 ], [ -121.171693, 37.571954 ], [ -121.172632, 37.571756 ], [ -121.172975, 37.571571 ], [ -121.173477, 37.571267 ], [ -121.173966, 37.570897 ], [ -121.174336, 37.57054 ], [ -121.174426, 37.570457 ], [ -121.174812, 37.570104 ], [ -121.175274, 37.569681 ], [ -121.175684, 37.569219 ], [ -121.176014, 37.568796 ], [ -121.176199, 37.568505 ], [ -121.176358, 37.568281 ], [ -121.176476, 37.567977 ], [ -121.176635, 37.567647 ], [ -121.176714, 37.567435 ], [ -121.176767, 37.56721 ], [ -121.176767, 37.567026 ], [ -121.17678, 37.566827 ], [ -121.176555, 37.565811 ], [ -121.175868, 37.564411 ], [ -121.175599, 37.564191 ], [ -121.17479, 37.563563 ], [ -121.174662, 37.563467 ], [ -121.174466, 37.563322 ], [ -121.173855, 37.563102 ], [ -121.173218, 37.563364 ], [ -121.172693, 37.563889 ], [ -121.172093, 37.564283 ], [ -121.171549, 37.564527 ], [ -121.170611, 37.564639 ], [ -121.170124, 37.564583 ], [ -121.169074, 37.564114 ], [ -121.168399, 37.563439 ], [ -121.168193, 37.562802 ], [ -121.168286, 37.562277 ], [ -121.16838, 37.561639 ], [ -121.16838, 37.561283 ], [ -121.168061, 37.560683 ], [ -121.167236, 37.560139 ], [ -121.166486, 37.55997 ], [ -121.165948, 37.55992 ], [ -121.165399, 37.560064 ], [ -121.165043, 37.560308 ], [ -121.164818, 37.560758 ], [ -121.164855, 37.561508 ], [ -121.164836, 37.562445 ], [ -121.164199, 37.563402 ], [ -121.163224, 37.564095 ], [ -121.162418, 37.56432 ], [ -121.161255, 37.564508 ], [ -121.160243, 37.564245 ], [ -121.159436, 37.563927 ], [ -121.158893, 37.56357 ], [ -121.158499, 37.563177 ], [ -121.15803, 37.562108 ], [ -121.157955, 37.561077 ], [ -121.158199, 37.560327 ], [ -121.158668, 37.559483 ], [ -121.159043, 37.558677 ], [ -121.159268, 37.558095 ], [ -121.159324, 37.557814 ], [ -121.159343, 37.557758 ], [ -121.159241, 37.557417 ], [ -121.159005, 37.557083 ], [ -121.158649, 37.557027 ], [ -121.15803, 37.557308 ], [ -121.157318, 37.557927 ], [ -121.157074, 37.558358 ], [ -121.156718, 37.558958 ], [ -121.156474, 37.559558 ], [ -121.156418, 37.55997 ], [ -121.156061, 37.560439 ], [ -121.155461, 37.560758 ], [ -121.154861, 37.561245 ], [ -121.154674, 37.56147 ], [ -121.154355, 37.561658 ], [ -121.153886, 37.561733 ], [ -121.153493, 37.56177 ], [ -121.152662, 37.561531 ], [ -121.152376, 37.561347 ], [ -121.152467, 37.5611 ], [ -121.152865, 37.560832 ], [ -121.153148, 37.560749 ], [ -121.153496, 37.560682 ], [ -121.153624, 37.560595 ], [ -121.153802, 37.560339 ], [ -121.153961, 37.559941 ], [ -121.153986, 37.559323 ], [ -121.153924, 37.5589 ], [ -121.153661, 37.558234 ], [ -121.153323, 37.557779 ], [ -121.151432, 37.556403 ], [ -121.150433, 37.55577 ], [ -121.15014, 37.555534 ], [ -121.149713, 37.555107 ], [ -121.14933, 37.554792 ], [ -121.149004, 37.554645 ], [ -121.14888, 37.554645 ], [ -121.14852, 37.554803 ], [ -121.14825, 37.55505 ], [ -121.148126, 37.555512 ], [ -121.14825, 37.556052 ], [ -121.148678, 37.556715 ], [ -121.149089, 37.557165 ], [ -121.149589, 37.557807 ], [ -121.149656, 37.557998 ], [ -121.149724, 37.558358 ], [ -121.14969, 37.558752 ], [ -121.149566, 37.559134 ], [ -121.149285, 37.559674 ], [ -121.149049, 37.56018 ], [ -121.148801, 37.560462 ], [ -121.148426, 37.560728 ], [ -121.148233, 37.560743 ], [ -121.148111, 37.560668 ], [ -121.147999, 37.560603 ], [ -121.147905, 37.560518 ], [ -121.147811, 37.560397 ], [ -121.147699, 37.560275 ], [ -121.147539, 37.560181 ], [ -121.147155, 37.560068 ], [ -121.146339, 37.559797 ], [ -121.144736, 37.559478 ], [ -121.143517, 37.559272 ], [ -121.142927, 37.559309 ], [ -121.141999, 37.559478 ], [ -121.140667, 37.559993 ], [ -121.139683, 37.5605 ], [ -121.139252, 37.560781 ], [ -121.138896, 37.560959 ], [ -121.138277, 37.561053 ], [ -121.137789, 37.560922 ], [ -121.137264, 37.560659 ], [ -121.13673, 37.560387 ], [ -121.136477, 37.560097 ], [ -121.136224, 37.559628 ], [ -121.136083, 37.559347 ], [ -121.135849, 37.559103 ], [ -121.135511, 37.558934 ], [ -121.135099, 37.558803 ], [ -121.134696, 37.558737 ], [ -121.134161, 37.558897 ], [ -121.133289, 37.559215 ], [ -121.132896, 37.559356 ], [ -121.132624, 37.559403 ], [ -121.13208, 37.559347 ], [ -121.13151, 37.559222 ], [ -121.13103, 37.559127 ], [ -121.130846, 37.559055 ], [ -121.130671, 37.558984 ], [ -121.130456, 37.55882 ], [ -121.130261, 37.558686 ], [ -121.129984, 37.558543 ], [ -121.129779, 37.558481 ], [ -121.129533, 37.55844 ], [ -121.129072, 37.558327 ], [ -121.128354, 37.558225 ], [ -121.128108, 37.558143 ], [ -121.127995, 37.558061 ], [ -121.127872, 37.557866 ], [ -121.127841, 37.557794 ], [ -121.127769, 37.55762 ], [ -121.127739, 37.557302 ], [ -121.127821, 37.556994 ], [ -121.127954, 37.556584 ], [ -121.128026, 37.556154 ], [ -121.128015, 37.555713 ], [ -121.127944, 37.555313 ], [ -121.127603, 37.554426 ], [ -121.127477, 37.554219 ], [ -121.127438, 37.55418 ], [ -121.12736, 37.554137 ], [ -121.127261, 37.554113 ], [ -121.127167, 37.554094 ], [ -121.12701, 37.55409 ], [ -121.126834, 37.554106 ], [ -121.126559, 37.554192 ], [ -121.126372, 37.554272 ], [ -121.12579, 37.554416 ], [ -121.125203, 37.554509 ], [ -121.124615, 37.554558 ], [ -121.123731, 37.554633 ], [ -121.123447, 37.554565 ], [ -121.123021, 37.554379 ], [ -121.122792, 37.554126 ], [ -121.122631, 37.553946 ], [ -121.122569, 37.553588 ], [ -121.122545, 37.553322 ], [ -121.122569, 37.55292 ], [ -121.1226, 37.552488 ], [ -121.122619, 37.552018 ], [ -121.122563, 37.551208 ], [ -121.122594, 37.551047 ], [ -121.1226, 37.550676 ], [ -121.122588, 37.550417 ], [ -121.122538, 37.550077 ], [ -121.122495, 37.549564 ], [ -121.122458, 37.549032 ], [ -121.122477, 37.548655 ], [ -121.122514, 37.548303 ], [ -121.122637, 37.547926 ], [ -121.122749, 37.54774 ], [ -121.122816, 37.547536 ], [ -121.122901, 37.547245 ], [ -121.122897, 37.547106 ], [ -121.12286, 37.54695 ], [ -121.122803, 37.546843 ], [ -121.122692, 37.546671 ], [ -121.122495, 37.546507 ], [ -121.122302, 37.546396 ], [ -121.122101, 37.546289 ], [ -121.121933, 37.54624 ], [ -121.12163, 37.546162 ], [ -121.121314, 37.546129 ], [ -121.121117, 37.546088 ], [ -121.121084, 37.546076 ], [ -121.120965, 37.546027 ], [ -121.120859, 37.546015 ], [ -121.12074, 37.545978 ], [ -121.120571, 37.545974 ], [ -121.120477, 37.545978 ], [ -121.12026, 37.545945 ], [ -121.120145, 37.545855 ], [ -121.120108, 37.545818 ], [ -121.119964, 37.545662 ], [ -121.119845, 37.545588 ], [ -121.119579, 37.545408 ], [ -121.119505, 37.545342 ], [ -121.119439, 37.545276 ], [ -121.119353, 37.545207 ], [ -121.119263, 37.545166 ], [ -121.119107, 37.545137 ], [ -121.119009, 37.545059 ], [ -121.118955, 37.544977 ], [ -121.118902, 37.544874 ], [ -121.118886, 37.544772 ], [ -121.118878, 37.544647 ], [ -121.1188, 37.544526 ], [ -121.118631, 37.544403 ], [ -121.118347, 37.544205 ], [ -121.117811, 37.543892 ], [ -121.117337, 37.543643 ], [ -121.116831, 37.54345 ], [ -121.116309, 37.543282 ], [ -121.115956, 37.543137 ], [ -121.115371, 37.542928 ], [ -121.115017, 37.542776 ], [ -121.114776, 37.542559 ], [ -121.114712, 37.542455 ], [ -121.114688, 37.542335 ], [ -121.114664, 37.542142 ], [ -121.114696, 37.541957 ], [ -121.114752, 37.541789 ], [ -121.114937, 37.54162 ], [ -121.115081, 37.541327 ], [ -121.115216, 37.5412 ], [ -121.115301, 37.541177 ], [ -121.115409, 37.541154 ], [ -121.115548, 37.541123 ], [ -121.115634, 37.541092 ], [ -121.115695, 37.541045 ], [ -121.11578, 37.540929 ], [ -121.11585, 37.540813 ], [ -121.115866, 37.54062 ], [ -121.115827, 37.540396 ], [ -121.115734, 37.54021 ], [ -121.115634, 37.540017 ], [ -121.115479, 37.539762 ], [ -121.115347, 37.539522 ], [ -121.115262, 37.53939 ], [ -121.115208, 37.539259 ], [ -121.115185, 37.539127 ], [ -121.115162, 37.538973 ], [ -121.115169, 37.538849 ], [ -121.115185, 37.538702 ], [ -121.115146, 37.538594 ], [ -121.115069, 37.538454 ], [ -121.114976, 37.538354 ], [ -121.114883, 37.53823 ], [ -121.114814, 37.538145 ], [ -121.114713, 37.538045 ], [ -121.114574, 37.537882 ], [ -121.114481, 37.537789 ], [ -121.114342, 37.537743 ], [ -121.114156, 37.537727 ], [ -121.114071, 37.537735 ], [ -121.113731, 37.537836 ], [ -121.113282, 37.538021 ], [ -121.112903, 37.538168 ], [ -121.112542, 37.538271 ], [ -121.112056, 37.538338 ], [ -121.111742, 37.538318 ], [ -121.111437, 37.538257 ], [ -121.111154, 37.538105 ], [ -121.1109, 37.537953 ], [ -121.110728, 37.537791 ], [ -121.110566, 37.537456 ], [ -121.11046, 37.536983 ], [ -121.110454, 37.536747 ], [ -121.110515, 37.536574 ], [ -121.110616, 37.536402 ], [ -121.110789, 37.536098 ], [ -121.110991, 37.535753 ], [ -121.111285, 37.5355 ], [ -121.111569, 37.535307 ], [ -121.111833, 37.535175 ], [ -121.112096, 37.535023 ], [ -121.112289, 37.534861 ], [ -121.112421, 37.53475 ], [ -121.112654, 37.534567 ], [ -121.112796, 37.534456 ], [ -121.113049, 37.534243 ], [ -121.113181, 37.534141 ], [ -121.113303, 37.533999 ], [ -121.113323, 37.533858 ], [ -121.113276, 37.533683 ], [ -121.113233, 37.533504 ], [ -121.11317, 37.533391 ], [ -121.113085, 37.533283 ], [ -121.112886, 37.533118 ], [ -121.11263, 37.53297 ], [ -121.11221, 37.5328 ], [ -121.111982, 37.532731 ], [ -121.111181, 37.532652 ], [ -121.110608, 37.532659 ], [ -121.11012, 37.532614 ], [ -121.109979, 37.532603 ], [ -121.109728, 37.532559 ], [ -121.109281, 37.53257 ], [ -121.108322, 37.532548 ], [ -121.108017, 37.532472 ], [ -121.107832, 37.532319 ], [ -121.107657, 37.53196 ], [ -121.10757, 37.531644 ], [ -121.107581, 37.531197 ], [ -121.10769, 37.530968 ], [ -121.108028, 37.530597 ], [ -121.109128, 37.529617 ], [ -121.110055, 37.528854 ], [ -121.11036, 37.528548 ], [ -121.110523, 37.528134 ], [ -121.110567, 37.527698 ], [ -121.110534, 37.527197 ], [ -121.110407, 37.526798 ], [ -121.110173, 37.526254 ], [ -121.109976, 37.526014 ], [ -121.109662, 37.525774 ], [ -121.10912, 37.525584 ], [ -121.108388, 37.52546 ], [ -121.107687, 37.525417 ], [ -121.10709, 37.525504 ], [ -121.106506, 37.525725 ], [ -121.106098, 37.525992 ], [ -121.105423, 37.526333 ], [ -121.105079, 37.526474 ], [ -121.104641, 37.526656 ], [ -121.104405, 37.52671 ], [ -121.104089, 37.526764 ], [ -121.103745, 37.52675 ], [ -121.103341, 37.526676 ], [ -121.102984, 37.526521 ], [ -121.102593, 37.526211 ], [ -121.102418, 37.525874 ], [ -121.102293, 37.525626 ], [ -121.102045, 37.525238 ], [ -121.10198, 37.525117 ], [ -121.101945, 37.525057 ], [ -121.101869, 37.524966 ], [ -121.101748, 37.524875 ], [ -121.101632, 37.524845 ], [ -121.101597, 37.52485 ], [ -121.101511, 37.5249 ], [ -121.101471, 37.524961 ], [ -121.101416, 37.525036 ], [ -121.101315, 37.525167 ], [ -121.101189, 37.525268 ], [ -121.101093, 37.525339 ], [ -121.100927, 37.525409 ], [ -121.100781, 37.525419 ], [ -121.100423, 37.525409 ], [ -121.100025, 37.525339 ], [ -121.099617, 37.525233 ], [ -121.099154, 37.525094 ], [ -121.098309, 37.524847 ], [ -121.097929, 37.524677 ], [ -121.097728, 37.524487 ], [ -121.097658, 37.524276 ], [ -121.097628, 37.523956 ], [ -121.097708, 37.523745 ], [ -121.097918, 37.523535 ], [ -121.098309, 37.523194 ], [ -121.09858, 37.522793 ], [ -121.09874, 37.522513 ], [ -121.099191, 37.521851 ], [ -121.099762, 37.52125 ], [ -121.100233, 37.520318 ], [ -121.100271, 37.51973 ], [ -121.100228, 37.519135 ], [ -121.10006, 37.518833 ], [ -121.099937, 37.518588 ], [ -121.099781, 37.518409 ], [ -121.099647, 37.518376 ], [ -121.099469, 37.518398 ], [ -121.099167, 37.518443 ], [ -121.098687, 37.518498 ], [ -121.09833, 37.518443 ], [ -121.098006, 37.518342 ], [ -121.097542, 37.518344 ], [ -121.097337, 37.518275 ], [ -121.097325, 37.518242 ], [ -121.097035, 37.518108 ], [ -121.096868, 37.518097 ], [ -121.0966, 37.518097 ], [ -121.096287, 37.518175 ], [ -121.095484, 37.518331 ], [ -121.094747, 37.518621 ], [ -121.094582, 37.518699 ], [ -121.094256, 37.518856 ], [ -121.093832, 37.519001 ], [ -121.093357, 37.519141 ], [ -121.092641, 37.519281 ], [ -121.091856, 37.519313 ], [ -121.09141, 37.519324 ], [ -121.090954, 37.519198 ], [ -121.090627, 37.519026 ], [ -121.090349, 37.518791 ], [ -121.090025, 37.518387 ], [ -121.089936, 37.517114 ], [ -121.090104, 37.516902 ], [ -121.090327, 37.516791 ], [ -121.09055, 37.516713 ], [ -121.090863, 37.516657 ], [ -121.09113, 37.516646 ], [ -121.091432, 37.516701 ], [ -121.092068, 37.516858 ], [ -121.092548, 37.516992 ], [ -121.093207, 37.517192 ], [ -121.09401, 37.517293 ], [ -121.095171, 37.517326 ], [ -121.095748, 37.517281 ], [ -121.096298, 37.517094 ], [ -121.096756, 37.516746 ], [ -121.096957, 37.516411 ], [ -121.097024, 37.516043 ], [ -121.096979, 37.515686 ], [ -121.096973, 37.515325 ], [ -121.096946, 37.514933 ], [ -121.096168, 37.513988 ], [ -121.095752, 37.513591 ], [ -121.094826, 37.512929 ], [ -121.094485, 37.512816 ], [ -121.094088, 37.512759 ], [ -121.093105, 37.51273 ], [ -121.092065, 37.512627 ], [ -121.090373, 37.512258 ], [ -121.089878, 37.512089 ], [ -121.089579, 37.511889 ], [ -121.08956, 37.51188 ], [ -121.089428, 37.5117 ], [ -121.089352, 37.511454 ], [ -121.089315, 37.51119 ], [ -121.089233, 37.510762 ], [ -121.089063, 37.510285 ], [ -121.088991, 37.510083 ], [ -121.088886, 37.509923 ], [ -121.088745, 37.50956 ], [ -121.088463, 37.508603 ], [ -121.08811, 37.507787 ], [ -121.08804, 37.507585 ], [ -121.088009, 37.507444 ], [ -121.088009, 37.507232 ], [ -121.088019, 37.50699 ], [ -121.087898, 37.506849 ], [ -121.087687, 37.506779 ], [ -121.087247, 37.50668 ], [ -121.086363, 37.506588 ], [ -121.08626, 37.506562 ], [ -121.085936, 37.506368 ], [ -121.085651, 37.506148 ], [ -121.085314, 37.505863 ], [ -121.084887, 37.505526 ], [ -121.084524, 37.505164 ], [ -121.084343, 37.504918 ], [ -121.084162, 37.5044 ], [ -121.084123, 37.503998 ], [ -121.084136, 37.503701 ], [ -121.084214, 37.503001 ], [ -121.084317, 37.501719 ], [ -121.084291, 37.50102 ], [ -121.08414, 37.500295 ], [ -121.084006, 37.499943 ], [ -121.083931, 37.499861 ], [ -121.083835, 37.499745 ], [ -121.083704, 37.499637 ], [ -121.083562, 37.499534 ], [ -121.083398, 37.499431 ], [ -121.083364, 37.499083 ], [ -121.083337, 37.49881 ], [ -121.083269, 37.498523 ], [ -121.083194, 37.49838 ], [ -121.083166, 37.498319 ], [ -121.083084, 37.498257 ], [ -121.082941, 37.498243 ], [ -121.082846, 37.498216 ], [ -121.082689, 37.498105 ], [ -121.082314, 37.497832 ], [ -121.082182, 37.497664 ], [ -121.081955, 37.497246 ], [ -121.081692, 37.496636 ], [ -121.081357, 37.495728 ], [ -121.081214, 37.494724 ], [ -121.080711, 37.493764 ], [ -121.080411, 37.493272 ], [ -121.080017, 37.492886 ], [ -121.079156, 37.492459 ], [ -121.077777, 37.491735 ], [ -121.076113, 37.490994 ], [ -121.074946, 37.490452 ], [ -121.074126, 37.490286 ], [ -121.07339, 37.490036 ], [ -121.072515, 37.489633 ], [ -121.072043, 37.489439 ], [ -121.071738, 37.489258 ], [ -121.071279, 37.488897 ], [ -121.070904, 37.488439 ], [ -121.070751, 37.488133 ], [ -121.070404, 37.487647 ], [ -121.070085, 37.487175 ], [ -121.069529, 37.486633 ], [ -121.06889, 37.486147 ], [ -121.068432, 37.485939 ], [ -121.06796, 37.48573 ], [ -121.067626, 37.485564 ], [ -121.06746, 37.485369 ], [ -121.067335, 37.485091 ], [ -121.067251, 37.4848 ], [ -121.067279, 37.484425 ], [ -121.067335, 37.483952 ], [ -121.067501, 37.483591 ], [ -121.067821, 37.483119 ], [ -121.068488, 37.48255 ], [ -121.069113, 37.482216 ], [ -121.06966, 37.481967 ], [ -121.069996, 37.481795 ], [ -121.070181, 37.481528 ], [ -121.07025, 37.48117 ], [ -121.070186, 37.48077 ], [ -121.069962, 37.480468 ], [ -121.069716, 37.480257 ], [ -121.069473, 37.480208 ], [ -121.069224, 37.480091 ], [ -121.06896, 37.480189 ], [ -121.068751, 37.480286 ], [ -121.068293, 37.480466 ], [ -121.067751, 37.480591 ], [ -121.067293, 37.480591 ], [ -121.066974, 37.480494 ], [ -121.066654, 37.480244 ], [ -121.066418, 37.480091 ], [ -121.065932, 37.479869 ], [ -121.065543, 37.479869 ], [ -121.065196, 37.479911 ], [ -121.064876, 37.47998 ], [ -121.064571, 37.480105 ], [ -121.064404, 37.480286 ], [ -121.064501, 37.480536 ], [ -121.064765, 37.480814 ], [ -121.065057, 37.481258 ], [ -121.065182, 37.48155 ], [ -121.065182, 37.481911 ], [ -121.065029, 37.482314 ], [ -121.064571, 37.482786 ], [ -121.064279, 37.48298 ], [ -121.064001, 37.483008 ], [ -121.063793, 37.482966 ], [ -121.063666, 37.482918 ], [ -121.06346, 37.482841 ], [ -121.062974, 37.482577 ], [ -121.062765, 37.482487 ], [ -121.062522, 37.482348 ], [ -121.062189, 37.482258 ], [ -121.061675, 37.482112 ], [ -121.061239, 37.481939 ], [ -121.060734, 37.481742 ], [ -121.060161, 37.481572 ], [ -121.059381, 37.481403 ], [ -121.05894, 37.481355 ], [ -121.058643, 37.481331 ], [ -121.058154, 37.481331 ], [ -121.057592, 37.481222 ], [ -121.057247, 37.481167 ], [ -121.05686, 37.481022 ], [ -121.056582, 37.480805 ], [ -121.056335, 37.480569 ], [ -121.056244, 37.480376 ], [ -121.056244, 37.480146 ], [ -121.056372, 37.479646 ], [ -121.056425, 37.479514 ], [ -121.056425, 37.479392 ], [ -121.056389, 37.479235 ], [ -121.056281, 37.478937 ], [ -121.056164, 37.478613 ], [ -121.05602, 37.478325 ], [ -121.055781, 37.478082 ], [ -121.055615, 37.477988 ], [ -121.055412, 37.477929 ], [ -121.055169, 37.477929 ], [ -121.054823, 37.477974 ], [ -121.054661, 37.477983 ], [ -121.054503, 37.47797 ], [ -121.054418, 37.477943 ], [ -121.054301, 37.477911 ], [ -121.053986, 37.477952 ], [ -121.053756, 37.477997 ], [ -121.053366, 37.4781 ], [ -121.052994, 37.47822 ], [ -121.052802, 37.47822 ], [ -121.052498, 37.478164 ], [ -121.052169, 37.478044 ], [ -121.051689, 37.477852 ], [ -121.051377, 37.477684 ], [ -121.051049, 37.477444 ], [ -121.050865, 37.477308 ], [ -121.050744, 37.477132 ], [ -121.050712, 37.476995 ], [ -121.050568, 37.476763 ], [ -121.05048, 37.476659 ], [ -121.0502, 37.476491 ], [ -121.049672, 37.476179 ], [ -121.049159, 37.475571 ], [ -121.048399, 37.474578 ], [ -121.048287, 37.474138 ], [ -121.048319, 37.473545 ], [ -121.048663, 37.473145 ], [ -121.049209, 37.472886 ], [ -121.04975, 37.472621 ], [ -121.050121, 37.472297 ], [ -121.050232, 37.471687 ], [ -121.050057, 37.471172 ], [ -121.049712, 37.470759 ], [ -121.049309, 37.470562 ], [ -121.04865, 37.47032 ], [ -121.048108, 37.470262 ], [ -121.047582, 37.470249 ], [ -121.046725, 37.470249 ], [ -121.045577, 37.469972 ], [ -121.044153, 37.469412 ], [ -121.042039, 37.468583 ], [ -121.041524, 37.468395 ], [ -121.041192, 37.468144 ], [ -121.040486, 37.467599 ], [ -121.040212, 37.467171 ], [ -121.040163, 37.466969 ], [ -121.040163, 37.466783 ], [ -121.040058, 37.466242 ], [ -121.039743, 37.465546 ], [ -121.039444, 37.465336 ], [ -121.039274, 37.465304 ], [ -121.038482, 37.46515 ], [ -121.037139, 37.464891 ], [ -121.03536, 37.464657 ], [ -121.034623, 37.464527 ], [ -121.033929, 37.464304 ], [ -121.033729, 37.464164 ], [ -121.033458, 37.46392 ], [ -121.033152, 37.463571 ], [ -121.032786, 37.463126 ], [ -121.032698, 37.462916 ], [ -121.03269, 37.462567 ], [ -121.032794, 37.46234 ], [ -121.032917, 37.462183 ], [ -121.03317, 37.462008 ], [ -121.03358, 37.461851 ], [ -121.033868, 37.46179 ], [ -121.034575, 37.461737 ], [ -121.035012, 37.461729 ], [ -121.035361, 37.461668 ], [ -121.035798, 37.461519 ], [ -121.036252, 37.461336 ], [ -121.036784, 37.460978 ], [ -121.037325, 37.460576 ], [ -121.037849, 37.460384 ], [ -121.038312, 37.460297 ], [ -121.038574, 37.460341 ], [ -121.038775, 37.460341 ], [ -121.039176, 37.460419 ], [ -121.039569, 37.460533 ], [ -121.040073, 37.460552 ], [ -121.040651, 37.460472 ], [ -121.041209, 37.460279 ], [ -121.042045, 37.459786 ], [ -121.042675, 37.459351 ], [ -121.042681, 37.45915 ], [ -121.042531, 37.4589 ], [ -121.042374, 37.458621 ], [ -121.042245, 37.458464 ], [ -121.042017, 37.458092 ], [ -121.042024, 37.457742 ], [ -121.042113, 37.457443 ], [ -121.042265, 37.45725 ], [ -121.042406, 37.457123 ], [ -121.042559, 37.456957 ], [ -121.042719, 37.456746 ], [ -121.04277, 37.456439 ], [ -121.042763, 37.456088 ], [ -121.042693, 37.455852 ], [ -121.042546, 37.455647 ], [ -121.042284, 37.455469 ], [ -121.041793, 37.455283 ], [ -121.041001, 37.455079 ], [ -121.040273, 37.454995 ], [ -121.039839, 37.45491 ], [ -121.039684, 37.454835 ], [ -121.039485, 37.45473 ], [ -121.039311, 37.454612 ], [ -121.03892, 37.454456 ], [ -121.03851, 37.454245 ], [ -121.038373, 37.454071 ], [ -121.038193, 37.453798 ], [ -121.038125, 37.453438 ], [ -121.038224, 37.452953 ], [ -121.038459, 37.452582 ], [ -121.038709, 37.452133 ], [ -121.038785, 37.451547 ], [ -121.038675, 37.451224 ], [ -121.038437, 37.450842 ], [ -121.037987, 37.450171 ], [ -121.037536, 37.449771 ], [ -121.036967, 37.449372 ], [ -121.036687, 37.449211 ], [ -121.036415, 37.449143 ], [ -121.035931, 37.449117 ], [ -121.035243, 37.449177 ], [ -121.034716, 37.449346 ], [ -121.034036, 37.449831 ], [ -121.033934, 37.449712 ], [ -121.033855, 37.449492 ], [ -121.033842, 37.449237 ], [ -121.033804, 37.449085 ], [ -121.033715, 37.448919 ], [ -121.033613, 37.448614 ], [ -121.033588, 37.448436 ], [ -121.033486, 37.448245 ], [ -121.033308, 37.44808 ], [ -121.033041, 37.447928 ], [ -121.032761, 37.447813 ], [ -121.032507, 37.447699 ], [ -121.032176, 37.44747 ], [ -121.031973, 37.447305 ], [ -121.031668, 37.446961 ], [ -121.031299, 37.446593 ], [ -121.031134, 37.446351 ], [ -121.030956, 37.445982 ], [ -121.030829, 37.445728 ], [ -121.03079, 37.445435 ], [ -121.030778, 37.445181 ], [ -121.030841, 37.44499 ], [ -121.03093, 37.444838 ], [ -121.031032, 37.444698 ], [ -121.031146, 37.444609 ], [ -121.031388, 37.444456 ], [ -121.031426, 37.444444 ], [ -121.03163, 37.444342 ], [ -121.031795, 37.444266 ], [ -121.032011, 37.444202 ], [ -121.032214, 37.444126 ], [ -121.032303, 37.444088 ], [ -121.033035, 37.443542 ], [ -121.033717, 37.442945 ], [ -121.034229, 37.442323 ], [ -121.034534, 37.441677 ], [ -121.03468, 37.441141 ], [ -121.034729, 37.440593 ], [ -121.034656, 37.439703 ], [ -121.03451, 37.43913 ], [ -121.034327, 37.438521 ], [ -121.034113, 37.438111 ], [ -121.034246, 37.437987 ], [ -121.037262, 37.435163 ], [ -121.038671, 37.435146 ], [ -121.044515, 37.435075 ], [ -121.058211, 37.434942 ], [ -121.059327, 37.434931 ], [ -121.059472, 37.434929 ], [ -121.067255, 37.434855 ], [ -121.069923, 37.434881 ], [ -121.070986, 37.434891 ], [ -121.076151, 37.43494 ], [ -121.080327, 37.43498 ], [ -121.083047, 37.435001 ], [ -121.09684, 37.435107 ], [ -121.100012, 37.435131 ], [ -121.101604, 37.435129 ], [ -121.101641, 37.435129 ], [ -121.101941, 37.435127 ], [ -121.102281, 37.435129 ], [ -121.112142, 37.435212 ], [ -121.121003, 37.435286 ], [ -121.133445, 37.435357 ], [ -121.13381, 37.435359 ], [ -121.141281, 37.435405 ], [ -121.141273, 37.436115 ], [ -121.142467, 37.436331 ], [ -121.142919, 37.436309 ], [ -121.143294, 37.436211 ], [ -121.143743, 37.436172 ], [ -121.144115, 37.436102 ], [ -121.14455, 37.436045 ], [ -121.144566, 37.435402 ], [ -121.152661, 37.435395 ], [ -121.1545, 37.435394 ], [ -121.158194, 37.435391 ], [ -121.158409, 37.435391 ], [ -121.159966, 37.43539 ], [ -121.160804, 37.437053 ], [ -121.161411, 37.438123 ], [ -121.162221, 37.43944 ], [ -121.162605, 37.439331 ], [ -121.163156, 37.439177 ], [ -121.164588, 37.439177 ], [ -121.175681, 37.43921 ], [ -121.186907, 37.43921 ], [ -121.186841, 37.442808 ], [ -121.194213, 37.442834 ], [ -121.196035, 37.442841 ], [ -121.196069, 37.435365 ], [ -121.204673, 37.43536 ], [ -121.215364, 37.435353 ], [ -121.224408, 37.43538 ], [ -121.234224, 37.43534 ], [ -121.238, 37.435338 ], [ -121.245869, 37.435333 ], [ -121.271264, 37.435315 ], [ -121.283443, 37.435307 ], [ -121.295009, 37.435299 ], [ -121.315453, 37.435286 ], [ -121.315446, 37.435109 ], [ -121.315392, 37.433729 ], [ -121.315386, 37.433381 ], [ -121.315426, 37.427176 ], [ -121.315573, 37.40432 ], [ -121.315689, 37.396173 ], [ -121.315633, 37.392005 ], [ -121.324638, 37.391923 ], [ -121.330567, 37.391907 ], [ -121.33354, 37.391907 ], [ -121.342168, 37.391016 ], [ -121.342982, 37.390963 ], [ -121.343188, 37.390924 ], [ -121.343346, 37.390908 ], [ -121.346899, 37.390543 ], [ -121.352579, 37.389975 ], [ -121.354994, 37.389966 ], [ -121.363797, 37.389925 ], [ -121.364703, 37.389919 ], [ -121.366745, 37.389908 ], [ -121.371925, 37.389866 ], [ -121.376472, 37.38985 ], [ -121.380236, 37.389841 ], [ -121.389497, 37.389791 ], [ -121.390596, 37.3898 ], [ -121.398691, 37.389766 ], [ -121.400827, 37.38975 ], [ -121.40308, 37.389733 ], [ -121.405862, 37.389725 ], [ -121.40822, 37.389718 ], [ -121.408868, 37.389716 ], [ -121.414055, 37.389708 ], [ -121.413949, 37.389635 ], [ -121.412549, 37.389435 ], [ -121.412156, 37.387272 ], [ -121.412114, 37.38724 ], [ -121.410629, 37.386108 ], [ -121.410566, 37.385834 ], [ -121.410141, 37.38398 ], [ -121.410025, 37.383472 ], [ -121.409954, 37.383162 ], [ -121.410073, 37.382893 ], [ -121.410083, 37.382628 ], [ -121.410073, 37.382398 ], [ -121.409841, 37.382106 ], [ -121.409693, 37.382013 ], [ -121.409741, 37.382223 ], [ -121.409346, 37.38132 ], [ -121.409075, 37.380672 ], [ -121.409717, 37.379891 ], [ -121.410319, 37.379092 ], [ -121.411051, 37.378379 ], [ -121.411386, 37.378361 ], [ -121.411594, 37.3781 ], [ -121.412367, 37.377879 ], [ -121.412806, 37.377616 ], [ -121.413071, 37.377458 ], [ -121.413685, 37.376993 ], [ -121.414078, 37.37665 ], [ -121.41449, 37.376317 ], [ -121.415033, 37.376142 ], [ -121.415476, 37.376012 ], [ -121.415849, 37.375916 ], [ -121.415798, 37.375687 ], [ -121.415698, 37.375404 ], [ -121.415989, 37.374858 ], [ -121.41614, 37.374717 ], [ -121.416311, 37.374453 ], [ -121.416362, 37.374179 ], [ -121.416129, 37.373709 ], [ -121.41765, 37.369836 ], [ -121.418213, 37.36741 ], [ -121.418696, 37.366932 ], [ -121.419018, 37.366316 ], [ -121.41921, 37.365601 ], [ -121.41925, 37.365081 ], [ -121.41929, 37.364719 ], [ -121.41929, 37.364445 ], [ -121.419652, 37.364332 ], [ -121.420427, 37.364229 ], [ -121.421172, 37.364065 ], [ -121.421655, 37.363828 ], [ -121.422128, 37.363469 ], [ -121.4225, 37.363091 ], [ -121.422631, 37.362668 ], [ -121.422681, 37.362103 ], [ -121.422742, 37.360955 ], [ -121.42365, 37.358837 ], [ -121.422153, 37.356025 ], [ -121.421044, 37.355382 ], [ -121.421024, 37.355127 ], [ -121.421228, 37.354287 ], [ -121.420899, 37.353669 ], [ -121.41981, 37.352807 ], [ -121.419409, 37.351989 ], [ -121.419549, 37.35112 ], [ -121.42046, 37.350467 ], [ -121.420487, 37.349937 ], [ -121.420498, 37.349717 ], [ -121.420596, 37.347765 ], [ -121.420142, 37.347273 ], [ -121.419821, 37.34654 ], [ -121.419952, 37.346063 ], [ -121.420703, 37.345679 ], [ -121.420734, 37.345062 ], [ -121.42075, 37.344737 ], [ -121.420288, 37.344176 ], [ -121.411759, 37.333808 ], [ -121.40915, 37.330637 ], [ -121.41115, 37.327537 ], [ -121.410357, 37.325431 ], [ -121.410218, 37.325061 ], [ -121.411939, 37.324445 ], [ -121.409398, 37.321464 ], [ -121.408333, 37.31762 ], [ -121.408142, 37.315809 ], [ -121.4077, 37.314059 ], [ -121.40748, 37.313114 ], [ -121.407098, 37.312769 ], [ -121.406747, 37.312684 ], [ -121.406772, 37.312803 ], [ -121.406334, 37.312762 ], [ -121.406204, 37.311826 ], [ -121.405753, 37.31099 ], [ -121.406204, 37.310531 ], [ -121.406395, 37.31043 ], [ -121.407519, 37.309837 ], [ -121.408942, 37.309877 ], [ -121.411315, 37.308031 ], [ -121.412772, 37.307434 ], [ -121.413545, 37.306985 ], [ -121.413604, 37.306957 ], [ -121.414007, 37.306765 ], [ -121.414258, 37.306509 ], [ -121.414748, 37.30536 ], [ -121.414892, 37.305248 ], [ -121.416731, 37.303818 ], [ -121.417744, 37.303539 ], [ -121.418115, 37.303416 ], [ -121.418251, 37.30334 ], [ -121.418366, 37.303275 ], [ -121.418678, 37.302913 ], [ -121.418838, 37.30256 ], [ -121.419062, 37.302006 ], [ -121.42275, 37.299138 ], [ -121.42305, 37.296638 ], [ -121.423041, 37.295865 ], [ -121.423452, 37.295287 ], [ -121.424666, 37.295138 ], [ -121.426063, 37.295936 ], [ -121.425846, 37.295986 ], [ -121.42565, 37.296032 ], [ -121.424589, 37.296279 ], [ -121.425376, 37.296309 ], [ -121.425767, 37.296336 ], [ -121.426008, 37.296327 ], [ -121.426332, 37.296208 ], [ -121.426631, 37.296099 ], [ -121.427244, 37.295914 ], [ -121.428529, 37.295669 ], [ -121.430357, 37.295249 ], [ -121.431391, 37.294994 ], [ -121.432032, 37.294544 ], [ -121.432744, 37.294378 ], [ -121.432779, 37.29437 ], [ -121.433666, 37.29358 ], [ -121.434017, 37.292934 ], [ -121.435472, 37.292359 ], [ -121.43609, 37.29218 ], [ -121.436816, 37.291971 ], [ -121.437538, 37.292365 ], [ -121.438502, 37.293168 ], [ -121.439756, 37.293461 ], [ -121.44112, 37.293857 ], [ -121.441973, 37.294796 ], [ -121.442786, 37.296309 ], [ -121.443551, 37.296638 ], [ -121.446543, 37.295314 ], [ -121.446835, 37.295185 ], [ -121.44965, 37.293939 ], [ -121.449563, 37.293619 ], [ -121.449371, 37.292913 ], [ -121.449351, 37.292848 ], [ -121.449105, 37.291942 ], [ -121.449069, 37.29181 ], [ -121.449041, 37.291707 ], [ -121.448658, 37.2903 ], [ -121.448918, 37.290094 ], [ -121.449279, 37.289703 ], [ -121.449461, 37.289355 ], [ -121.449875, 37.289028 ], [ -121.450908, 37.28845 ], [ -121.451347, 37.288264 ], [ -121.451658, 37.288079 ], [ -121.452973, 37.286735 ], [ -121.453156, 37.286332 ], [ -121.453311, 37.285777 ], [ -121.453544, 37.285202 ], [ -121.453699, 37.284708 ], [ -121.454009, 37.28405 ], [ -121.45515, 37.283839 ], [ -121.455891, 37.283916 ], [ -121.457096, 37.284041 ], [ -121.457264, 37.284058 ], [ -121.45739, 37.284071 ], [ -121.458051, 37.284139 ], [ -121.458373, 37.283687 ], [ -121.45854, 37.283453 ], [ -121.459019, 37.282784 ], [ -121.459051, 37.282739 ], [ -121.459068, 37.282319 ], [ -121.458566, 37.28166 ], [ -121.458154, 37.28136 ], [ -121.45762, 37.281084 ], [ -121.457504, 37.280949 ], [ -121.456579, 37.27988 ], [ -121.455886, 37.279078 ], [ -121.455722, 37.278889 ], [ -121.455526, 37.278662 ], [ -121.455446, 37.27857 ], [ -121.455, 37.278493 ], [ -121.453966, 37.277184 ], [ -121.45395, 37.276839 ], [ -121.453977, 37.276427 ], [ -121.453997, 37.276127 ], [ -121.454064, 37.275098 ], [ -121.454604, 37.275099 ], [ -121.456102, 37.275104 ], [ -121.47435, 37.27516 ], [ -121.479352, 37.27516 ], [ -121.48369, 37.27511 ], [ -121.483474, 37.275007 ], [ -121.483501, 37.274918 ], [ -121.483718, 37.275005 ], [ -121.483865, 37.27501 ], [ -121.484111, 37.274894 ], [ -121.484283, 37.274903 ], [ -121.484405, 37.275002 ], [ -121.484461, 37.275109 ], [ -121.489856, 37.275214 ], [ -121.490008, 37.275204 ], [ -121.4928, 37.27521 ], [ -121.49292, 37.27518 ], [ -121.49331, 37.27515 ], [ -121.49351, 37.27516 ], [ -121.49372, 37.27521 ], [ -121.49395, 37.27525 ], [ -121.49402, 37.27524 ], [ -121.4941, 37.27522 ], [ -121.49425, 37.27519 ], [ -121.494351, 37.275182 ], [ -121.497564, 37.275189 ], [ -121.518563, 37.27524 ], [ -121.53177, 37.275273 ], [ -121.534281, 37.275275 ], [ -121.53445, 37.275275 ], [ -121.554438, 37.275292 ], [ -121.555772, 37.275293 ], [ -121.564456, 37.275299 ], [ -121.586675, 37.275317 ], [ -121.58667, 37.276116 ], [ -121.586641, 37.278423 ], [ -121.586559, 37.28506 ], [ -121.586565, 37.285344 ], [ -121.586602, 37.286891 ], [ -121.58662, 37.287651 ], [ -121.586701, 37.291094 ], [ -121.586827, 37.296387 ], [ -121.586946, 37.301425 ], [ -121.587028, 37.304869 ], [ -121.587178, 37.311176 ], [ -121.587189, 37.311646 ], [ -121.5873, 37.316348 ], [ -121.587312, 37.316833 ], [ -121.587331, 37.317657 ], [ -121.587401, 37.320591 ], [ -121.587483, 37.324038 ], [ -121.587557, 37.327162 ], [ -121.587671, 37.33198 ], [ -121.587716, 37.33385 ], [ -121.587814, 37.33803 ], [ -121.586806, 37.338391 ], [ -121.586798, 37.340313 ], [ -121.586773, 37.34407 ], [ -121.586769, 37.345987 ], [ -121.586761, 37.347615 ], [ -121.586748, 37.349235 ], [ -121.58673, 37.350822 ], [ -121.586711, 37.352372 ], [ -121.586709, 37.352576 ], [ -121.586708, 37.352834 ], [ -121.586697, 37.354016 ], [ -121.586679, 37.355597 ], [ -121.586666, 37.356827 ], [ -121.586639, 37.357334 ], [ -121.586646, 37.358414 ], [ -121.586625, 37.359949 ], [ -121.586605, 37.361465 ], [ -121.588369, 37.361448 ], [ -121.591098, 37.361449 ], [ -121.594988, 37.361449 ], [ -121.59613, 37.36146 ], [ -121.597017, 37.361402 ], [ -121.598599, 37.361438 ], [ -121.604134, 37.361432 ], [ -121.612277, 37.361414 ], [ -121.616062, 37.361426 ], [ -121.621166, 37.361455 ], [ -121.62168, 37.36144 ], [ -121.62178, 37.3615 ], [ -121.62185, 37.36152 ], [ -121.62191, 37.36153 ], [ -121.62198, 37.36152 ], [ -121.622128, 37.361461 ], [ -121.62266, 37.36147 ], [ -121.623061, 37.361467 ], [ -121.623697, 37.361473 ], [ -121.62395, 37.36146 ], [ -121.624887, 37.361484 ], [ -121.630487, 37.361583 ], [ -121.631647, 37.361601 ], [ -121.634056, 37.361624 ], [ -121.635456, 37.361659 ], [ -121.638851, 37.361694 ], [ -121.643091, 37.361712 ], [ -121.649093, 37.361642 ], [ -121.649455, 37.361636 ], [ -121.658635, 37.361495 ], [ -121.659341, 37.361487 ], [ -121.659328, 37.357353 ], [ -121.659306, 37.352383 ], [ -121.663738, 37.35228 ], [ -121.663783, 37.341927 ], [ -121.663721, 37.341466 ], [ -121.670979, 37.341492 ], [ -121.671795, 37.342699 ], [ -121.67555, 37.34829 ], [ -121.6757, 37.34833 ], [ -121.67579, 37.34836 ], [ -121.67586, 37.34842 ], [ -121.67635, 37.34926 ], [ -121.67648, 37.34944 ], [ -121.67662, 37.34949 ], [ -121.67657, 37.34989 ], [ -121.678952, 37.353426 ], [ -121.679579, 37.354288 ], [ -121.681322, 37.356673 ], [ -121.684122, 37.360401 ], [ -121.684387, 37.360782 ], [ -121.689688, 37.368285 ], [ -121.691663, 37.371223 ], [ -121.693622, 37.373044 ], [ -121.69649, 37.375689 ], [ -121.699033, 37.377957 ], [ -121.700835, 37.386529 ], [ -121.700872, 37.387355 ] ] ] } },
{ "type": "Feature", "properties": { "STATEFP": "06", "UNSDLEA": "16323", "GEOID": "0616323", "GEOIDFQ": "9700000US0616323", "NAME": "Gustine Unified School District", "LSAD": "00", "LOGRADE": "KG", "HIGRADE": "12", "MTFCC": "G5420", "SDTYP": null, "FUNCSTAT": "E", "ALAND": 490629203, "AWATER": 19598311, "INTPTLAT": "+37.1950410", "INTPTLON": "-121.0216677" }, "geometry": { "type": "Polygon", "coordinates": [ [ [ -121.230526, 37.10477 ], [ -121.230351, 37.104971 ], [ -121.23002, 37.10512 ], [ -121.22954, 37.105256 ], [ -121.229087, 37.105361 ], [ -121.228529, 37.10545 ], [ -121.22765, 37.105635 ], [ -121.225538, 37.106842 ], [ -121.225705, 37.107629 ], [ -121.225798, 37.108093 ], [ -121.225828, 37.108115 ], [ -121.225984, 37.108802 ], [ -121.226207, 37.109066 ], [ -121.226248, 37.109396 ], [ -121.226304, 37.109708 ], [ -121.226134, 37.11002 ], [ -121.225936, 37.110246 ], [ -121.22555, 37.11064 ], [ -121.225469, 37.110687 ], [ -121.22538, 37.11074 ], [ -121.225235, 37.110843 ], [ -121.225159, 37.110898 ], [ -121.224758, 37.112184 ], [ -121.224383, 37.113392 ], [ -121.224098, 37.114286 ], [ -121.223788, 37.115081 ], [ -121.223307, 37.115495 ], [ -121.222987, 37.115639 ], [ -121.222705, 37.115767 ], [ -121.221713, 37.116068 ], [ -121.221638, 37.116142 ], [ -121.221413, 37.116367 ], [ -121.221339, 37.116442 ], [ -121.221043, 37.116928 ], [ -121.220158, 37.11839 ], [ -121.219863, 37.118877 ], [ -121.219804, 37.11925 ], [ -121.219769, 37.119478 ], [ -121.219498, 37.120008 ], [ -121.219244, 37.120187 ], [ -121.218936, 37.120406 ], [ -121.218665, 37.120851 ], [ -121.217856, 37.122187 ], [ -121.217587, 37.122633 ], [ -121.217537, 37.122714 ], [ -121.217388, 37.12296 ], [ -121.217339, 37.123042 ], [ -121.217559, 37.123162 ], [ -121.218219, 37.123522 ], [ -121.218439, 37.123642 ], [ -121.218898, 37.123781 ], [ -121.219077, 37.123836 ], [ -121.219939, 37.124174 ], [ -121.220212, 37.124357 ], [ -121.220611, 37.124625 ], [ -121.220707, 37.124689 ], [ -121.220909, 37.124945 ], [ -121.221253, 37.125381 ], [ -121.221754, 37.125904 ], [ -121.221769, 37.125948 ], [ -121.221913, 37.126366 ], [ -121.221925, 37.1264 ], [ -121.221919, 37.126431 ], [ -121.221882, 37.126632 ], [ -121.22187, 37.126699 ], [ -121.221885, 37.126805 ], [ -121.221906, 37.126938 ], [ -121.221975, 37.127112 ], [ -121.222015, 37.127212 ], [ -121.222164, 37.127586 ], [ -121.222371, 37.127896 ], [ -121.2224, 37.12794 ], [ -121.223141, 37.128568 ], [ -121.223282, 37.129062 ], [ -121.223264, 37.129248 ], [ -121.223113, 37.129496 ], [ -121.222961, 37.129771 ], [ -121.222848, 37.129977 ], [ -121.222717, 37.130426 ], [ -121.222711, 37.130499 ], [ -121.2227, 37.130622 ], [ -121.222683, 37.130828 ], [ -121.222738, 37.130984 ], [ -121.22278, 37.131101 ], [ -121.222823, 37.131223 ], [ -121.222863, 37.131337 ], [ -121.223047, 37.131534 ], [ -121.223136, 37.131629 ], [ -121.223524, 37.13175 ], [ -121.223676, 37.131821 ], [ -121.223913, 37.131933 ], [ -121.224128, 37.132148 ], [ -121.224402, 37.132471 ], [ -121.224803, 37.133085 ], [ -121.22484, 37.133142 ], [ -121.22523, 37.133466 ], [ -121.225393, 37.133601 ], [ -121.225883, 37.134009 ], [ -121.226047, 37.134145 ], [ -121.226198, 37.13427 ], [ -121.226652, 37.134648 ], [ -121.226804, 37.134774 ], [ -121.225062, 37.136253 ], [ -121.222708, 37.138217 ], [ -121.222507, 37.138378 ], [ -121.220947, 37.139622 ], [ -121.216024, 37.143547 ], [ -121.21546, 37.143997 ], [ -121.215452, 37.144015 ], [ -121.215317, 37.144111 ], [ -121.214335, 37.144907 ], [ -121.21187, 37.146903 ], [ -121.208482, 37.149645 ], [ -121.208247, 37.149862 ], [ -121.207776, 37.150297 ], [ -121.207756, 37.150315 ], [ -121.205572, 37.151984 ], [ -121.204616, 37.15281 ], [ -121.204525, 37.152881 ], [ -121.204451, 37.15294 ], [ -121.204397, 37.152982 ], [ -121.200632, 37.155928 ], [ -121.196651, 37.159232 ], [ -121.189796, 37.164705 ], [ -121.18974, 37.164749 ], [ -121.18973, 37.164758 ], [ -121.186197, 37.16762 ], [ -121.180319, 37.172298 ], [ -121.180294, 37.172317 ], [ -121.180165, 37.172417 ], [ -121.180104, 37.172464 ], [ -121.18003, 37.172522 ], [ -121.179988, 37.172555 ], [ -121.17996, 37.172576 ], [ -121.179622, 37.172838 ], [ -121.178886, 37.173432 ], [ -121.17289, 37.178269 ], [ -121.172879, 37.178278 ], [ -121.161501, 37.187466 ], [ -121.161478, 37.187485 ], [ -121.161467, 37.187494 ], [ -121.161454, 37.187504 ], [ -121.161418, 37.187533 ], [ -121.16133, 37.187604 ], [ -121.160989, 37.18788 ], [ -121.160258, 37.188369 ], [ -121.150131, 37.196583 ], [ -121.150107, 37.196603 ], [ -121.139982, 37.204661 ], [ -121.139958, 37.20468 ], [ -121.130674, 37.212225 ], [ -121.130366, 37.212382 ], [ -121.130316, 37.212422 ], [ -121.130286, 37.212446 ], [ -121.130126, 37.212572 ], [ -121.130072, 37.212615 ], [ -121.130024, 37.212653 ], [ -121.129287, 37.213236 ], [ -121.126146, 37.21572 ], [ -121.126039, 37.215807 ], [ -121.11364, 37.225922 ], [ -121.109532, 37.22917 ], [ -121.106162, 37.231835 ], [ -121.098814, 37.237944 ], [ -121.098464, 37.238166 ], [ -121.098406, 37.238203 ], [ -121.098283, 37.238281 ], [ -121.098171, 37.238352 ], [ -121.098154, 37.238363 ], [ -121.098137, 37.238374 ], [ -121.09693, 37.239511 ], [ -121.096054, 37.240221 ], [ -121.092926, 37.242756 ], [ -121.092632, 37.242994 ], [ -121.092354, 37.243219 ], [ -121.09114, 37.244204 ], [ -121.090759, 37.244513 ], [ -121.090624, 37.244622 ], [ -121.090597, 37.244644 ], [ -121.09056, 37.244674 ], [ -121.090292, 37.244891 ], [ -121.09007, 37.245071 ], [ -121.089935, 37.245181 ], [ -121.089841, 37.245257 ], [ -121.089757, 37.245318 ], [ -121.089577, 37.24545 ], [ -121.089397, 37.245582 ], [ -121.089387, 37.245591 ], [ -121.089126, 37.245827 ], [ -121.089107, 37.245839 ], [ -121.088994, 37.245912 ], [ -121.088775, 37.246053 ], [ -121.088656, 37.24613 ], [ -121.088508, 37.246225 ], [ -121.087511, 37.246867 ], [ -121.087427, 37.246923 ], [ -121.087412, 37.246933 ], [ -121.087369, 37.246962 ], [ -121.087318, 37.246995 ], [ -121.086551, 37.2475 ], [ -121.086434, 37.247598 ], [ -121.086174, 37.247815 ], [ -121.084901, 37.248877 ], [ -121.08487, 37.248903 ], [ -121.084821, 37.248944 ], [ -121.084693, 37.249051 ], [ -121.083237, 37.250267 ], [ -121.080383, 37.25265 ], [ -121.080264, 37.252749 ], [ -121.080161, 37.252835 ], [ -121.080047, 37.25293 ], [ -121.079941, 37.253019 ], [ -121.079869, 37.253079 ], [ -121.079795, 37.253141 ], [ -121.079747, 37.253181 ], [ -121.079669, 37.253238 ], [ -121.079578, 37.253304 ], [ -121.079454, 37.253394 ], [ -121.079419, 37.253419 ], [ -121.067637, 37.261995 ], [ -121.067402, 37.262166 ], [ -121.066498, 37.262824 ], [ -121.06634, 37.262939 ], [ -121.065483, 37.26381 ], [ -121.062986, 37.266346 ], [ -121.062777, 37.266558 ], [ -121.062305, 37.267037 ], [ -121.061089, 37.267998 ], [ -121.061076, 37.268008 ], [ -121.061029, 37.268046 ], [ -121.060757, 37.268261 ], [ -121.059347, 37.269375 ], [ -121.058706, 37.269881 ], [ -121.057704, 37.270674 ], [ -121.057405, 37.270909 ], [ -121.056059, 37.271973 ], [ -121.055342, 37.27254 ], [ -121.054184, 37.273454 ], [ -121.053961, 37.273631 ], [ -121.05392, 37.273662 ], [ -121.052954, 37.274395 ], [ -121.051049, 37.275839 ], [ -121.050323, 37.276389 ], [ -121.050132, 37.276534 ], [ -121.050063, 37.276586 ], [ -121.04894, 37.277439 ], [ -121.048012, 37.278108 ], [ -121.047978, 37.278133 ], [ -121.047958, 37.278147 ], [ -121.04792, 37.278175 ], [ -121.047893, 37.278195 ], [ -121.047879, 37.278205 ], [ -121.047802, 37.27826 ], [ -121.047726, 37.278315 ], [ -121.0477, 37.278334 ], [ -121.04714, 37.278739 ], [ -121.04354, 37.281839 ], [ -121.043504, 37.281868 ], [ -121.043362, 37.28198 ], [ -121.043274, 37.28205 ], [ -121.041309, 37.283613 ], [ -121.036473, 37.287462 ], [ -121.035721, 37.288065 ], [ -121.0351, 37.288563 ], [ -121.031451, 37.29149 ], [ -121.031022, 37.291833 ], [ -121.030139, 37.292539 ], [ -121.029782, 37.292844 ], [ -121.029508, 37.29305 ], [ -121.029339, 37.293188 ], [ -121.029312, 37.29321 ], [ -121.029268, 37.293247 ], [ -121.029249, 37.293262 ], [ -121.029186, 37.293313 ], [ -121.029034, 37.293436 ], [ -121.028016, 37.294263 ], [ -121.025261, 37.296503 ], [ -121.022271, 37.298936 ], [ -121.022039, 37.299125 ], [ -121.02166, 37.299431 ], [ -121.021036, 37.299935 ], [ -121.020786, 37.300137 ], [ -121.019366, 37.301247 ], [ -121.016211, 37.303714 ], [ -121.016116, 37.303788 ], [ -121.015916, 37.303944 ], [ -121.015814, 37.304024 ], [ -121.015539, 37.304239 ], [ -121.015039, 37.304539 ], [ -121.013918, 37.305574 ], [ -121.013884, 37.305605 ], [ -121.013739, 37.305738 ], [ -121.013562, 37.305899 ], [ -121.013545, 37.305914 ], [ -121.013029, 37.306379 ], [ -121.011941, 37.307361 ], [ -121.011868, 37.307427 ], [ -121.01179, 37.307498 ], [ -121.011778, 37.307508 ], [ -121.011324, 37.307918 ], [ -121.008775, 37.310221 ], [ -121.008478, 37.310529 ], [ -121.008469, 37.310538 ], [ -121.008304, 37.31071 ], [ -121.008032, 37.310992 ], [ -121.007954, 37.311073 ], [ -121.00788, 37.31115 ], [ -121.006484, 37.312325 ], [ -121.004996, 37.313577 ], [ -121.00387, 37.314525 ], [ -121.003692, 37.314675 ], [ -121.003618, 37.314737 ], [ -121.003604, 37.314749 ], [ -121.00357, 37.314777 ], [ -121.002876, 37.315361 ], [ -121.001091, 37.316863 ], [ -121.001038, 37.316908 ], [ -121.000836, 37.317063 ], [ -121.000409, 37.317391 ], [ -120.999862, 37.317811 ], [ -120.999776, 37.317877 ], [ -120.99913, 37.318373 ], [ -120.998941, 37.318518 ], [ -120.998918, 37.318536 ], [ -120.998742, 37.318671 ], [ -120.993557, 37.322653 ], [ -120.988784, 37.326318 ], [ -120.987959, 37.326951 ], [ -120.987755, 37.327106 ], [ -120.986245, 37.328267 ], [ -120.985289, 37.329001 ], [ -120.984785, 37.329388 ], [ -120.984478, 37.329633 ], [ -120.982326, 37.331293 ], [ -120.980176, 37.332951 ], [ -120.978757, 37.334036 ], [ -120.973444, 37.338099 ], [ -120.973387, 37.338142 ], [ -120.973291, 37.338069 ], [ -120.973132, 37.338016 ], [ -120.972967, 37.337998 ], [ -120.972781, 37.338012 ], [ -120.972535, 37.338107 ], [ -120.972289, 37.338301 ], [ -120.972176, 37.338508 ], [ -120.972136, 37.338729 ], [ -120.972063, 37.338862 ], [ -120.971944, 37.338941 ], [ -120.971777, 37.338971 ], [ -120.971644, 37.338936 ], [ -120.971383, 37.338828 ], [ -120.971206, 37.338754 ], [ -120.971054, 37.338636 ], [ -120.970685, 37.338304 ], [ -120.970419, 37.337878 ], [ -120.969988, 37.337142 ], [ -120.969648, 37.336658 ], [ -120.969265, 37.336301 ], [ -120.968938, 37.336162 ], [ -120.968511, 37.336092 ], [ -120.968167, 37.336166 ], [ -120.967941, 37.336245 ], [ -120.967801, 37.336306 ], [ -120.967433, 37.336443 ], [ -120.967218, 37.336597 ], [ -120.966917, 37.336803 ], [ -120.966563, 37.336939 ], [ -120.966391, 37.336994 ], [ -120.966234, 37.337006 ], [ -120.966019, 37.336979 ], [ -120.965874, 37.336911 ], [ -120.965806, 37.336868 ], [ -120.965788, 37.336846 ], [ -120.96571, 37.336711 ], [ -120.965592, 37.336413 ], [ -120.96526, 37.33598 ], [ -120.965116, 37.335879 ], [ -120.964899, 37.335705 ], [ -120.964624, 37.335604 ], [ -120.964306, 37.335496 ], [ -120.964053, 37.335394 ], [ -120.963757, 37.335279 ], [ -120.963504, 37.335163 ], [ -120.963186, 37.33499 ], [ -120.962948, 37.33486 ], [ -120.962272, 37.334614 ], [ -120.962026, 37.334525 ], [ -120.961835, 37.334451 ], [ -120.961658, 37.334343 ], [ -120.961528, 37.33422 ], [ -120.961426, 37.334072 ], [ -120.961416, 37.334032 ], [ -120.961412, 37.333956 ], [ -120.961416, 37.333898 ], [ -120.96139, 37.333837 ], [ -120.96134, 37.333808 ], [ -120.961145, 37.333848 ], [ -120.960888, 37.333953 ], [ -120.960624, 37.334119 ], [ -120.960509, 37.334253 ], [ -120.960324, 37.334502 ], [ -120.960127, 37.334917 ], [ -120.959995, 37.335198 ], [ -120.959962, 37.335603 ], [ -120.959808, 37.336024 ], [ -120.959534, 37.336435 ], [ -120.959394, 37.336595 ], [ -120.959267, 37.336692 ], [ -120.959109, 37.336929 ], [ -120.959056, 37.33707 ], [ -120.958963, 37.33715 ], [ -120.958849, 37.337183 ], [ -120.958775, 37.3372 ], [ -120.958725, 37.337202 ], [ -120.958556, 37.3371 ], [ -120.958506, 37.33702 ], [ -120.958442, 37.336928 ], [ -120.958194, 37.336643 ], [ -120.957675, 37.33606 ], [ -120.95707, 37.335491 ], [ -120.956573, 37.334987 ], [ -120.956239, 37.334681 ], [ -120.955919, 37.334653 ], [ -120.955528, 37.334709 ], [ -120.955272, 37.334816 ], [ -120.954997, 37.334995 ], [ -120.954865, 37.335159 ], [ -120.954487, 37.33536 ], [ -120.954043, 37.335488 ], [ -120.953634, 37.335573 ], [ -120.95336, 37.335597 ], [ -120.953147, 37.335555 ], [ -120.952994, 37.335488 ], [ -120.952611, 37.335146 ], [ -120.952452, 37.33489 ], [ -120.952324, 37.334567 ], [ -120.952269, 37.334305 ], [ -120.952239, 37.333976 ], [ -120.952221, 37.333733 ], [ -120.952269, 37.333513 ], [ -120.952373, 37.333221 ], [ -120.952631, 37.332879 ], [ -120.952769, 37.332708 ], [ -120.952875, 37.332602 ], [ -120.953026, 37.332502 ], [ -120.953122, 37.332431 ], [ -120.953193, 37.33235 ], [ -120.953208, 37.332189 ], [ -120.953127, 37.331983 ], [ -120.952921, 37.331736 ], [ -120.952779, 37.331605 ], [ -120.952643, 37.331524 ], [ -120.952548, 37.331453 ], [ -120.952422, 37.331403 ], [ -120.952356, 37.331393 ], [ -120.951955, 37.331422 ], [ -120.951731, 37.331476 ], [ -120.950931, 37.331719 ], [ -120.950483, 37.3318 ], [ -120.949747, 37.331854 ], [ -120.948979, 37.331962 ], [ -120.948815, 37.331989 ], [ -120.948367, 37.332016 ], [ -120.948047, 37.331962 ], [ -120.947471, 37.3318 ], [ -120.946831, 37.331692 ], [ -120.946575, 37.331692 ], [ -120.946255, 37.331719 ], [ -120.94611, 37.33175 ], [ -120.945871, 37.3318 ], [ -120.945748, 37.331847 ], [ -120.945519, 37.331935 ], [ -120.945039, 37.332124 ], [ -120.944559, 37.332124 ], [ -120.944007, 37.332171 ], [ -120.943919, 37.332178 ], [ -120.943535, 37.332259 ], [ -120.943375, 37.332259 ], [ -120.943151, 37.33207 ], [ -120.943151, 37.331962 ], [ -120.943119, 37.331746 ], [ -120.943151, 37.331638 ], [ -120.943247, 37.331422 ], [ -120.943567, 37.330934 ], [ -120.943631, 37.33088 ], [ -120.943791, 37.330853 ], [ -120.943873, 37.33083 ], [ -120.943887, 37.330826 ], [ -120.944015, 37.330826 ], [ -120.944367, 37.330853 ], [ -120.945007, 37.330853 ], [ -120.945263, 37.330826 ], [ -120.945711, 37.330718 ], [ -120.945871, 37.33061 ], [ -120.946095, 37.330286 ], [ -120.946127, 37.330191 ], [ -120.946191, 37.329894 ], [ -120.946159, 37.32976 ], [ -120.946063, 37.329328 ], [ -120.945999, 37.329193 ], [ -120.945935, 37.329139 ], [ -120.945711, 37.328599 ], [ -120.945583, 37.328437 ], [ -120.945423, 37.328275 ], [ -120.945167, 37.32814 ], [ -120.944943, 37.328032 ], [ -120.944591, 37.327924 ], [ -120.943791, 37.327627 ], [ -120.943535, 37.327492 ], [ -120.943119, 37.327195 ], [ -120.942946, 37.327016 ], [ -120.942831, 37.326897 ], [ -120.942639, 37.326627 ], [ -120.942479, 37.326167 ], [ -120.942447, 37.325951 ], [ -120.942639, 37.325519 ], [ -120.943119, 37.324817 ], [ -120.943695, 37.324195 ], [ -120.943791, 37.324107 ], [ -120.944367, 37.323593 ], [ -120.944943, 37.323134 ], [ -120.945112, 37.323012 ], [ -120.945167, 37.322972 ], [ -120.945199, 37.322783 ], [ -120.945199, 37.322458 ], [ -120.945071, 37.322323 ], [ -120.944783, 37.322161 ], [ -120.944463, 37.322053 ], [ -120.944047, 37.321999 ], [ -120.943887, 37.322053 ], [ -120.943247, 37.322486 ], [ -120.943023, 37.322648 ], [ -120.942479, 37.322891 ], [ -120.941807, 37.323161 ], [ -120.941637, 37.323188 ], [ -120.940613, 37.323512 ], [ -120.939332, 37.323836 ], [ -120.93866, 37.323917 ], [ -120.937892, 37.323944 ], [ -120.937476, 37.323917 ], [ -120.937252, 37.323809 ], [ -120.936708, 37.323539 ], [ -120.935972, 37.322916 ], [ -120.935588, 37.322538 ], [ -120.935509, 37.322352 ], [ -120.9353, 37.321861 ], [ -120.935211, 37.321432 ], [ -120.935204, 37.3214 ], [ -120.935236, 37.320668 ], [ -120.935332, 37.320452 ], [ -120.935332, 37.319694 ], [ -120.93482, 37.318827 ], [ -120.934683, 37.318614 ], [ -120.934524, 37.318386 ], [ -120.934267, 37.318017 ], [ -120.934171, 37.317665 ], [ -120.934171, 37.317313 ], [ -120.934331, 37.317178 ], [ -120.934427, 37.317124 ], [ -120.935099, 37.31707 ], [ -120.935233, 37.317089 ], [ -120.935483, 37.317124 ], [ -120.935835, 37.317205 ], [ -120.936338, 37.317479 ], [ -120.936379, 37.317502 ], [ -120.936731, 37.31761 ], [ -120.936955, 37.317637 ], [ -120.937173, 37.317637 ], [ -120.937765, 37.317577 ], [ -120.937973, 37.317556 ], [ -120.938293, 37.317502 ], [ -120.938741, 37.317313 ], [ -120.938901, 37.317124 ], [ -120.939029, 37.316854 ], [ -120.939125, 37.316582 ], [ -120.939125, 37.316204 ], [ -120.939061, 37.316042 ], [ -120.939034, 37.315929 ], [ -120.939029, 37.315906 ], [ -120.938772, 37.315716 ], [ -120.938226, 37.315333 ], [ -120.93813, 37.315198 ], [ -120.938033, 37.314926 ], [ -120.938001, 37.314627 ], [ -120.938, 37.314491 ], [ -120.938286, 37.313836 ], [ -120.938714, 37.313472 ], [ -120.938893, 37.313319 ], [ -120.93934, 37.312966 ], [ -120.939468, 37.312695 ], [ -120.939563, 37.312369 ], [ -120.939626, 37.312071 ], [ -120.939561, 37.311854 ], [ -120.939465, 37.311609 ], [ -120.939304, 37.311392 ], [ -120.938855, 37.311038 ], [ -120.938502, 37.310928 ], [ -120.938245, 37.310819 ], [ -120.937797, 37.310899 ], [ -120.936963, 37.311191 ], [ -120.936097, 37.311565 ], [ -120.935025, 37.311862 ], [ -120.933755, 37.312042 ], [ -120.933274, 37.312067 ], [ -120.933046, 37.312093 ], [ -120.932405, 37.312118 ], [ -120.932052, 37.312117 ], [ -120.931828, 37.312035 ], [ -120.931571, 37.311899 ], [ -120.931482, 37.311772 ], [ -120.93148, 37.311754 ], [ -120.931346, 37.311546 ], [ -120.931172, 37.311332 ], [ -120.930994, 37.311113 ], [ -120.930896, 37.310757 ], [ -120.930863, 37.310567 ], [ -120.930373, 37.309934 ], [ -120.930223, 37.30981 ], [ -120.929872, 37.309595 ], [ -120.92952, 37.309408 ], [ -120.928435, 37.308601 ], [ -120.927612, 37.308006 ], [ -120.927542, 37.307956 ], [ -120.92735, 37.307903 ], [ -120.926775, 37.307824 ], [ -120.926135, 37.307745 ], [ -120.926008, 37.307611 ], [ -120.925912, 37.307369 ], [ -120.925912, 37.307257 ], [ -120.925914, 37.306884 ], [ -120.925946, 37.306696 ], [ -120.92601, 37.306508 ], [ -120.926107, 37.30632 ], [ -120.926139, 37.306132 ], [ -120.926076, 37.305944 ], [ -120.925916, 37.305809 ], [ -120.925597, 37.305676 ], [ -120.925541, 37.305657 ], [ -120.925278, 37.305569 ], [ -120.924767, 37.305517 ], [ -120.924746, 37.305514 ], [ -120.924351, 37.305465 ], [ -120.923331, 37.306743 ], [ -120.923199, 37.306906 ], [ -120.92288, 37.307313 ], [ -120.922592, 37.307341 ], [ -120.922401, 37.307234 ], [ -120.922305, 37.3071 ], [ -120.92253, 37.306535 ], [ -120.922531, 37.306293 ], [ -120.922435, 37.306051 ], [ -120.922244, 37.305648 ], [ -120.921925, 37.305272 ], [ -120.921766, 37.30495 ], [ -120.921734, 37.304863 ], [ -120.92167, 37.304595 ], [ -120.921703, 37.30446 ], [ -120.921928, 37.304192 ], [ -120.922184, 37.304139 ], [ -120.922954, 37.304249 ], [ -120.923082, 37.304304 ], [ -120.923306, 37.304413 ], [ -120.923403, 37.304521 ], [ -120.923467, 37.30463 ], [ -120.923467, 37.304662 ], [ -120.923487, 37.304708 ], [ -120.923647, 37.304735 ], [ -120.923807, 37.304735 ], [ -120.923967, 37.304762 ], [ -120.924094, 37.304786 ], [ -120.924351, 37.304787 ], [ -120.924433, 37.304791 ], [ -120.924466, 37.304715 ], [ -120.924397, 37.304262 ], [ -120.924333, 37.304181 ], [ -120.924173, 37.304019 ], [ -120.923885, 37.303776 ], [ -120.923703, 37.303673 ], [ -120.923501, 37.30356 ], [ -120.923213, 37.303425 ], [ -120.922701, 37.303236 ], [ -120.922477, 37.30302 ], [ -120.922189, 37.302669 ], [ -120.922087, 37.302483 ], [ -120.921985, 37.302206 ], [ -120.921965, 37.302019 ], [ -120.921933, 37.301857 ], [ -120.921849, 37.301548 ], [ -120.921828, 37.301506 ], [ -120.921709, 37.300989 ], [ -120.921741, 37.300258 ], [ -120.921773, 37.300069 ], [ -120.921829, 37.29994 ], [ -120.921847, 37.299924 ], [ -120.922157, 37.299346 ], [ -120.922317, 37.298913 ], [ -120.922509, 37.298398 ], [ -120.92257, 37.298295 ], [ -120.922669, 37.298128 ], [ -120.922861, 37.298047 ], [ -120.923117, 37.297912 ], [ -120.923149, 37.297777 ], [ -120.923213, 37.297371 ], [ -120.923053, 37.29702 ], [ -120.922637, 37.296641 ], [ -120.922189, 37.296317 ], [ -120.921805, 37.296074 ], [ -120.921165, 37.295831 ], [ -120.920493, 37.295696 ], [ -120.91982, 37.295669 ], [ -120.919397, 37.295714 ], [ -120.919308, 37.295723 ], [ -120.918668, 37.295777 ], [ -120.918316, 37.295723 ], [ -120.91806, 37.295615 ], [ -120.917836, 37.295396 ], [ -120.917484, 37.295152 ], [ -120.91726, 37.295017 ], [ -120.916716, 37.294963 ], [ -120.915948, 37.295044 ], [ -120.915564, 37.295179 ], [ -120.91486, 37.295776 ], [ -120.913516, 37.297319 ], [ -120.913068, 37.297888 ], [ -120.912524, 37.298482 ], [ -120.912044, 37.298833 ], [ -120.911952, 37.298844 ], [ -120.911782, 37.298687 ], [ -120.911601, 37.298461 ], [ -120.911556, 37.298314 ], [ -120.911533, 37.298055 ], [ -120.911488, 37.29766 ], [ -120.911296, 37.297287 ], [ -120.911037, 37.297061 ], [ -120.910235, 37.296858 ], [ -120.908655, 37.296621 ], [ -120.907921, 37.296418 ], [ -120.907356, 37.296169 ], [ -120.906905, 37.295887 ], [ -120.906295, 37.295402 ], [ -120.905663, 37.294916 ], [ -120.905144, 37.294397 ], [ -120.904963, 37.294013 ], [ -120.904929, 37.293708 ], [ -120.904974, 37.29337 ], [ -120.905013, 37.292723 ], [ -120.904998, 37.292647 ], [ -120.904701, 37.292072 ], [ -120.90438, 37.291881 ], [ -120.903792, 37.291883 ], [ -120.903589, 37.291904 ], [ -120.903569, 37.291913 ], [ -120.903339, 37.292098 ], [ -120.90326, 37.292333 ], [ -120.903154, 37.292526 ], [ -120.903077, 37.292782 ], [ -120.902702, 37.292783 ], [ -120.902542, 37.292762 ], [ -120.902194, 37.292572 ], [ -120.901337, 37.29202 ], [ -120.900748, 37.291958 ], [ -120.900295, 37.291959 ], [ -120.899895, 37.29211 ], [ -120.899496, 37.29241 ], [ -120.899231, 37.292667 ], [ -120.899072, 37.293052 ], [ -120.899074, 37.293521 ], [ -120.899023, 37.293884 ], [ -120.899105, 37.294161 ], [ -120.899346, 37.294288 ], [ -120.899854, 37.294478 ], [ -120.900096, 37.294733 ], [ -120.900071, 37.295054 ], [ -120.899832, 37.295353 ], [ -120.899646, 37.295439 ], [ -120.899166, 37.295569 ], [ -120.898684, 37.295485 ], [ -120.898363, 37.29523 ], [ -120.898362, 37.295081 ], [ -120.897826, 37.29472 ], [ -120.897424, 37.294508 ], [ -120.897023, 37.294445 ], [ -120.896488, 37.294695 ], [ -120.896437, 37.294996 ], [ -120.896455, 37.295225 ], [ -120.896833, 37.295568 ], [ -120.897087, 37.295768 ], [ -120.89725, 37.295983 ], [ -120.897196, 37.296299 ], [ -120.897018, 37.296414 ], [ -120.896713, 37.296501 ], [ -120.896283, 37.29656 ], [ -120.895852, 37.296561 ], [ -120.895779, 37.296461 ], [ -120.895563, 37.296232 ], [ -120.895634, 37.295988 ], [ -120.895631, 37.2955 ], [ -120.89545, 37.295301 ], [ -120.895198, 37.295086 ], [ -120.895125, 37.295 ], [ -120.89491, 37.294944 ], [ -120.894766, 37.294944 ], [ -120.894587, 37.295016 ], [ -120.89439, 37.295189 ], [ -120.894283, 37.29539 ], [ -120.894176, 37.295563 ], [ -120.89407, 37.29575 ], [ -120.893622, 37.29578 ], [ -120.893352, 37.295767 ], [ -120.892992, 37.29561 ], [ -120.892434, 37.295425 ], [ -120.891806, 37.29527 ], [ -120.890836, 37.295273 ], [ -120.890513, 37.29536 ], [ -120.890245, 37.295634 ], [ -120.890066, 37.295964 ], [ -120.889926, 37.296352 ], [ -120.889927, 37.29671 ], [ -120.889946, 37.296997 ], [ -120.889697, 37.297299 ], [ -120.889482, 37.2974 ], [ -120.889051, 37.297488 ], [ -120.888639, 37.297432 ], [ -120.888404, 37.297289 ], [ -120.888385, 37.297002 ], [ -120.888579, 37.296614 ], [ -120.888561, 37.296428 ], [ -120.888362, 37.296213 ], [ -120.888128, 37.296128 ], [ -120.88786, 37.296086 ], [ -120.887537, 37.296102 ], [ -120.887178, 37.296189 ], [ -120.886855, 37.296319 ], [ -120.885627, 37.296796 ], [ -120.885604, 37.296799 ], [ -120.883386, 37.29748 ], [ -120.882082, 37.297607 ], [ -120.880753, 37.297601 ], [ -120.879671, 37.297194 ], [ -120.879166, 37.29618 ], [ -120.878863, 37.294734 ], [ -120.878564, 37.293986 ], [ -120.877932, 37.293567 ], [ -120.876814, 37.293334 ], [ -120.876426, 37.293048 ], [ -120.876008, 37.292291 ], [ -120.875869, 37.292039 ], [ -120.875405, 37.29136 ], [ -120.875363, 37.291137 ], [ -120.875277, 37.290848 ], [ -120.87536, 37.290602 ], [ -120.875609, 37.290211 ], [ -120.875552, 37.289809 ], [ -120.875187, 37.28942 ], [ -120.874305, 37.28901 ], [ -120.873954, 37.288643 ], [ -120.873784, 37.288231 ], [ -120.873796, 37.287818 ], [ -120.873962, 37.287483 ], [ -120.873934, 37.287215 ], [ -120.873597, 37.286948 ], [ -120.8734, 37.286737 ], [ -120.873174, 37.286191 ], [ -120.872921, 37.285824 ], [ -120.8725, 37.285457 ], [ -120.872109, 37.285224 ], [ -120.871801, 37.285203 ], [ -120.871522, 37.285438 ], [ -120.871287, 37.285907 ], [ -120.871053, 37.286477 ], [ -120.870775, 37.286701 ], [ -120.869874, 37.286622 ], [ -120.869029, 37.286663 ], [ -120.868658, 37.28675 ], [ -120.868244, 37.286818 ], [ -120.867413, 37.28685 ], [ -120.867131, 37.286918 ], [ -120.866736, 37.286909 ], [ -120.866369, 37.286829 ], [ -120.866261, 37.28683 ], [ -120.866184, 37.286892 ], [ -120.86594, 37.287209 ], [ -120.865928, 37.287281 ], [ -120.866013, 37.287448 ], [ -120.866152, 37.287634 ], [ -120.866225, 37.287897 ], [ -120.866197, 37.288108 ], [ -120.865897, 37.288305 ], [ -120.865765, 37.288335 ], [ -120.865336, 37.288431 ], [ -120.864963, 37.288456 ], [ -120.864413, 37.288518 ], [ -120.863991, 37.288641 ], [ -120.863417, 37.288954 ], [ -120.862944, 37.289402 ], [ -120.862036, 37.29069 ], [ -120.861549, 37.291138 ], [ -120.860889, 37.291478 ], [ -120.860147, 37.292076 ], [ -120.859625, 37.292564 ], [ -120.859372, 37.292782 ], [ -120.859101, 37.292904 ], [ -120.858661, 37.293013 ], [ -120.857646, 37.293111 ], [ -120.857189, 37.293059 ], [ -120.856901, 37.292911 ], [ -120.856425, 37.292628 ], [ -120.855951, 37.292589 ], [ -120.855494, 37.292685 ], [ -120.854919, 37.292863 ], [ -120.854784, 37.29312 ], [ -120.854668, 37.293621 ], [ -120.853981, 37.295219 ], [ -120.853827, 37.295321 ], [ -120.853712, 37.295396 ], [ -120.853407, 37.295505 ], [ -120.852984, 37.295547 ], [ -120.852443, 37.295562 ], [ -120.851325, 37.295373 ], [ -120.850571, 37.295245 ], [ -120.84974, 37.29511 ], [ -120.848335, 37.294565 ], [ -120.847546, 37.294179 ], [ -120.84703, 37.294009 ], [ -120.846742, 37.293964 ], [ -120.846471, 37.294011 ], [ -120.8462, 37.29416 ], [ -120.845802, 37.294665 ], [ -120.845529, 37.294791 ], [ -120.844986, 37.294827 ], [ -120.842325, 37.295075 ], [ -120.84201, 37.294939 ], [ -120.84175, 37.294608 ], [ -120.841131, 37.293855 ], [ -120.840872, 37.293604 ], [ -120.840455, 37.293331 ], [ -120.840269, 37.293091 ], [ -120.840211, 37.292851 ], [ -120.840395, 37.292485 ], [ -120.840423, 37.292187 ], [ -120.840521, 37.292015 ], [ -120.840707, 37.291923 ], [ -120.841466, 37.291853 ], [ -120.842468, 37.291861 ], [ -120.842839, 37.291769 ], [ -120.843082, 37.291505 ], [ -120.843564, 37.290543 ], [ -120.843762, 37.290245 ], [ -120.844047, 37.289855 ], [ -120.844102, 37.289409 ], [ -120.843971, 37.288906 ], [ -120.843495, 37.287821 ], [ -120.843086, 37.286862 ], [ -120.842775, 37.285743 ], [ -120.842673, 37.285524 ], [ -120.842412, 37.285155 ], [ -120.842333, 37.284968 ], [ -120.842308, 37.284642 ], [ -120.842315, 37.284298 ], [ -120.842354, 37.284198 ], [ -120.842525, 37.284084 ], [ -120.842728, 37.284028 ], [ -120.84308, 37.284058 ], [ -120.843379, 37.284063 ], [ -120.843629, 37.283849 ], [ -120.843743, 37.283167 ], [ -120.843631, 37.282604 ], [ -120.843426, 37.282298 ], [ -120.843135, 37.282167 ], [ -120.842798, 37.282112 ], [ -120.842415, 37.282113 ], [ -120.841991, 37.282202 ], [ -120.841523, 37.28241 ], [ -120.840875, 37.282781 ], [ -120.840156, 37.283359 ], [ -120.839672, 37.283698 ], [ -120.839288, 37.283906 ], [ -120.838569, 37.28399 ], [ -120.838223, 37.284034 ], [ -120.837699, 37.283953 ], [ -120.837346, 37.28386 ], [ -120.836525, 37.28347 ], [ -120.834928, 37.28264 ], [ -120.8345, 37.282367 ], [ -120.83413, 37.28228 ], [ -120.833704, 37.282281 ], [ -120.832699, 37.281977 ], [ -120.83248, 37.281747 ], [ -120.83176, 37.280652 ], [ -120.831539, 37.280433 ], [ -120.83125, 37.280324 ], [ -120.83081, 37.280347 ], [ -120.830057, 37.280624 ], [ -120.829467, 37.280966 ], [ -120.828989, 37.281208 ], [ -120.828563, 37.281308 ], [ -120.827958, 37.28131 ], [ -120.827394, 37.281125 ], [ -120.827147, 37.28084 ], [ -120.827268, 37.280269 ], [ -120.827435, 37.279864 ], [ -120.827702, 37.279368 ], [ -120.827921, 37.279137 ], [ -120.82836, 37.278916 ], [ -120.828607, 37.278817 ], [ -120.82891, 37.278926 ], [ -120.829417, 37.278968 ], [ -120.829829, 37.278715 ], [ -120.830158, 37.278593 ], [ -120.830762, 37.278514 ], [ -120.83098, 37.278448 ], [ -120.83142, 37.278458 ], [ -120.831764, 37.278369 ], [ -120.831956, 37.278292 ], [ -120.832038, 37.278116 ], [ -120.832078, 37.277863 ], [ -120.831911, 37.277458 ], [ -120.831552, 37.277085 ], [ -120.830835, 37.276703 ], [ -120.830105, 37.275992 ], [ -120.82998, 37.275751 ], [ -120.829719, 37.275609 ], [ -120.828578, 37.275217 ], [ -120.828054, 37.275043 ], [ -120.827792, 37.27489 ], [ -120.827502, 37.274582 ], [ -120.827167, 37.274414 ], [ -120.826671, 37.273538 ], [ -120.826661, 37.273095 ], [ -120.826561, 37.272217 ], [ -120.826688, 37.271522 ], [ -120.82695, 37.270896 ], [ -120.827448, 37.270375 ], [ -120.828123, 37.269846 ], [ -120.828702, 37.269409 ], [ -120.82915, 37.269302 ], [ -120.829596, 37.269336 ], [ -120.829782, 37.269434 ], [ -120.829836, 37.269581 ], [ -120.829696, 37.269778 ], [ -120.829653, 37.269989 ], [ -120.829602, 37.270671 ], [ -120.82964, 37.271036 ], [ -120.8298, 37.271393 ], [ -120.8301, 37.271624 ], [ -120.83054, 37.271743 ], [ -120.83097, 37.271769 ], [ -120.831226, 37.271706 ], [ -120.831435, 37.2716 ], [ -120.831786, 37.271276 ], [ -120.832021, 37.270875 ], [ -120.832037, 37.270544 ], [ -120.831991, 37.270003 ], [ -120.832077, 37.26947 ], [ -120.832172, 37.269273 ], [ -120.832338, 37.269061 ], [ -120.832416, 37.268815 ], [ -120.832512, 37.268555 ], [ -120.832852, 37.268041 ], [ -120.832868, 37.267809 ], [ -120.832982, 37.267584 ], [ -120.832982, 37.267437 ], [ -120.832893, 37.267163 ], [ -120.8329, 37.266967 ], [ -120.832829, 37.266833 ], [ -120.832706, 37.266791 ], [ -120.832398, 37.266764 ], [ -120.832319, 37.266715 ], [ -120.832168, 37.266575 ], [ -120.832038, 37.266519 ], [ -120.831869, 37.266499 ], [ -120.831491, 37.266535 ], [ -120.831254, 37.266521 ], [ -120.831087, 37.266445 ], [ -120.83092, 37.266445 ], [ -120.830509, 37.266552 ], [ -120.830219, 37.2667 ], [ -120.830008, 37.266918 ], [ -120.829763, 37.267088 ], [ -120.829499, 37.267187 ], [ -120.829122, 37.267237 ], [ -120.828762, 37.267238 ], [ -120.828445, 37.267246 ], [ -120.828173, 37.267226 ], [ -120.827724, 37.267142 ], [ -120.827478, 37.266947 ], [ -120.82737, 37.266666 ], [ -120.827335, 37.266512 ], [ -120.827466, 37.266202 ], [ -120.827666, 37.265949 ], [ -120.827797, 37.265815 ], [ -120.828025, 37.265646 ], [ -120.828166, 37.265561 ], [ -120.82827, 37.265526 ], [ -120.828493, 37.265425 ], [ -120.82885, 37.265362 ], [ -120.829857, 37.264629 ], [ -120.829958, 37.264438 ], [ -120.829935, 37.264247 ], [ -120.83004, 37.263996 ], [ -120.830088, 37.26392 ], [ -120.830101, 37.263825 ], [ -120.83002, 37.263737 ], [ -120.830073, 37.263547 ], [ -120.830208, 37.263414 ], [ -120.830396, 37.263316 ], [ -120.830602, 37.263263 ], [ -120.830702, 37.263004 ], [ -120.830921, 37.262603 ], [ -120.830911, 37.262477 ], [ -120.830858, 37.262364 ], [ -120.830797, 37.262266 ], [ -120.830673, 37.26221 ], [ -120.830532, 37.26219 ], [ -120.830391, 37.262064 ], [ -120.830189, 37.261861 ], [ -120.829535, 37.261244 ], [ -120.829244, 37.260999 ], [ -120.829112, 37.260859 ], [ -120.829111, 37.260655 ], [ -120.8291, 37.260403 ], [ -120.829136, 37.260262 ], [ -120.829206, 37.260206 ], [ -120.829319, 37.26017 ], [ -120.829463, 37.260032 ], [ -120.829599, 37.259888 ], [ -120.829683, 37.259824 ], [ -120.829805, 37.259778 ], [ -120.829851, 37.259697 ], [ -120.829846, 37.259626 ], [ -120.829714, 37.259474 ], [ -120.829544, 37.259394 ], [ -120.829455, 37.259369 ], [ -120.82938, 37.259319 ], [ -120.829353, 37.25926 ], [ -120.829364, 37.259158 ], [ -120.829415, 37.259052 ], [ -120.829489, 37.258955 ], [ -120.829526, 37.258799 ], [ -120.829515, 37.258681 ], [ -120.829387, 37.258411 ], [ -120.829318, 37.258318 ], [ -120.829206, 37.258272 ], [ -120.8289, 37.258269 ], [ -120.828747, 37.25824 ], [ -120.828481, 37.258037 ], [ -120.828159, 37.257764 ], [ -120.827661, 37.257377 ], [ -120.827485, 37.257183 ], [ -120.827326, 37.257095 ], [ -120.827151, 37.257083 ], [ -120.826957, 37.257113 ], [ -120.826766, 37.257101 ], [ -120.826522, 37.257063 ], [ -120.826369, 37.257 ], [ -120.826048, 37.256989 ], [ -120.825946, 37.256976 ], [ -120.825883, 37.256981 ], [ -120.825768, 37.257087 ], [ -120.825689, 37.257099 ], [ -120.82562, 37.257091 ], [ -120.825302, 37.256966 ], [ -120.825222, 37.256885 ], [ -120.825159, 37.256801 ], [ -120.825105, 37.256772 ], [ -120.82498, 37.256717 ], [ -120.824945, 37.256663 ], [ -120.824936, 37.256607 ], [ -120.824936, 37.256502 ], [ -120.825023, 37.256333 ], [ -120.82505, 37.256235 ], [ -120.824987, 37.256123 ], [ -120.824882, 37.256046 ], [ -120.824679, 37.256025 ], [ -120.8246, 37.255934 ], [ -120.824599, 37.255653 ], [ -120.824641, 37.255456 ], [ -120.824596, 37.255049 ], [ -120.824463, 37.254831 ], [ -120.8244, 37.254691 ], [ -120.824287, 37.254642 ], [ -120.824172, 37.254671 ], [ -120.823901, 37.25484 ], [ -120.823716, 37.254869 ], [ -120.823391, 37.254855 ], [ -120.823066, 37.254758 ], [ -120.822872, 37.254752 ], [ -120.822671, 37.254801 ], [ -120.82253, 37.254788 ], [ -120.822424, 37.254851 ], [ -120.822127, 37.25488 ], [ -120.821871, 37.254965 ], [ -120.82166, 37.254951 ], [ -120.821352, 37.254826 ], [ -120.821176, 37.2547 ], [ -120.82115, 37.254588 ], [ -120.821228, 37.254538 ], [ -120.821536, 37.254523 ], [ -120.821676, 37.254446 ], [ -120.821684, 37.254284 ], [ -120.821588, 37.254207 ], [ -120.821377, 37.254229 ], [ -120.821235, 37.254152 ], [ -120.821198, 37.253955 ], [ -120.821208, 37.253724 ], [ -120.821154, 37.253612 ], [ -120.820933, 37.253394 ], [ -120.820871, 37.25324 ], [ -120.82058, 37.253065 ], [ -120.820325, 37.253003 ], [ -120.819842, 37.252828 ], [ -120.819771, 37.252849 ], [ -120.819456, 37.253005 ], [ -120.819208, 37.25297 ], [ -120.819051, 37.253133 ], [ -120.818946, 37.253147 ], [ -120.818805, 37.253147 ], [ -120.818692, 37.253112 ], [ -120.818542, 37.25312 ], [ -120.818393, 37.253177 ], [ -120.818041, 37.25317 ], [ -120.817708, 37.253143 ], [ -120.817462, 37.253074 ], [ -120.817275, 37.252941 ], [ -120.817187, 37.252772 ], [ -120.817125, 37.252618 ], [ -120.817073, 37.25252 ], [ -120.816974, 37.252422 ], [ -120.816736, 37.252233 ], [ -120.816648, 37.252092 ], [ -120.816667, 37.251967 ], [ -120.816712, 37.251752 ], [ -120.816943, 37.251603 ], [ -120.81711, 37.251543 ], [ -120.817342, 37.251543 ], [ -120.817565, 37.251594 ], [ -120.817703, 37.251571 ], [ -120.81799, 37.251319 ], [ -120.818156, 37.251118 ], [ -120.818182, 37.250881 ], [ -120.818051, 37.250578 ], [ -120.818088, 37.250451 ], [ -120.818161, 37.250348 ], [ -120.818179, 37.250051 ], [ -120.818132, 37.250022 ], [ -120.818012, 37.249992 ], [ -120.817955, 37.249933 ], [ -120.817899, 37.249607 ], [ -120.817898, 37.249437 ], [ -120.817935, 37.249296 ], [ -120.818194, 37.249103 ], [ -120.81836, 37.24908 ], [ -120.81848, 37.248976 ], [ -120.818501, 37.248918 ], [ -120.818534, 37.248828 ], [ -120.818637, 37.248828 ], [ -120.818978, 37.248619 ], [ -120.819294, 37.248581 ], [ -120.819636, 37.24861 ], [ -120.819832, 37.248528 ], [ -120.81997, 37.248357 ], [ -120.819997, 37.248231 ], [ -120.819885, 37.248106 ], [ -120.8198, 37.247987 ], [ -120.819707, 37.247795 ], [ -120.819744, 37.247676 ], [ -120.819845, 37.247639 ], [ -120.820022, 37.247527 ], [ -120.820076, 37.247372 ], [ -120.820067, 37.247261 ], [ -120.819936, 37.247142 ], [ -120.819899, 37.246972 ], [ -120.819833, 37.246779 ], [ -120.819721, 37.246647 ], [ -120.819518, 37.246558 ], [ -120.819433, 37.246396 ], [ -120.819137, 37.246002 ], [ -120.818937, 37.245418 ], [ -120.818859, 37.245078 ], [ -120.819055, 37.244516 ], [ -120.819358, 37.244297 ], [ -120.819768, 37.243698 ], [ -120.819735, 37.243175 ], [ -120.819793, 37.242699 ], [ -120.819701, 37.242395 ], [ -120.819365, 37.242165 ], [ -120.819059, 37.241763 ], [ -120.818814, 37.241569 ], [ -120.818188, 37.241254 ], [ -120.817668, 37.240927 ], [ -120.8175, 37.240757 ], [ -120.817484, 37.24055 ], [ -120.81768, 37.240257 ], [ -120.817892, 37.240037 ], [ -120.817907, 37.239805 ], [ -120.817739, 37.23944 ], [ -120.817478, 37.239039 ], [ -120.816988, 37.238553 ], [ -120.816696, 37.238249 ], [ -120.816466, 37.237909 ], [ -120.816374, 37.237543 ], [ -120.816372, 37.237105 ], [ -120.816065, 37.236485 ], [ -120.815713, 37.235938 ], [ -120.815499, 37.235865 ], [ -120.815134, 37.23589 ], [ -120.814935, 37.235952 ], [ -120.814859, 37.235976 ], [ -120.814662, 37.236184 ], [ -120.814541, 37.236367 ], [ -120.814252, 37.236551 ], [ -120.813963, 37.236563 ], [ -120.813704, 37.236515 ], [ -120.813551, 37.236528 ], [ -120.813414, 37.236662 ], [ -120.813339, 37.236857 ], [ -120.81308, 37.236956 ], [ -120.812761, 37.23692 ], [ -120.813023, 37.235804 ], [ -120.81303, 37.232184 ], [ -120.812437, 37.231732 ], [ -120.812299, 37.231553 ], [ -120.812582, 37.231396 ], [ -120.813391, 37.230947 ], [ -120.814922, 37.23009 ], [ -120.81486, 37.225697 ], [ -120.81484, 37.224274 ], [ -120.814766, 37.21873 ], [ -120.814756, 37.218343 ], [ -120.814724, 37.216062 ], [ -120.814718, 37.215656 ], [ -120.814704, 37.214629 ], [ -120.814591, 37.206733 ], [ -120.814579, 37.205885 ], [ -120.814571, 37.205293 ], [ -120.81456, 37.204646 ], [ -120.814525, 37.202146 ], [ -120.814422, 37.193554 ], [ -120.814381, 37.19009 ], [ -120.814319, 37.186681 ], [ -120.817478, 37.186681 ], [ -120.826853, 37.186725 ], [ -120.833615, 37.186757 ], [ -120.836787, 37.186741 ], [ -120.837112, 37.186704 ], [ -120.837248, 37.18701 ], [ -120.838135, 37.189087 ], [ -120.838895, 37.190799 ], [ -120.839346, 37.191838 ], [ -120.84036, 37.194228 ], [ -120.840925, 37.195546 ], [ -120.841468, 37.196776 ], [ -120.841633, 37.197188 ], [ -120.841852, 37.197687 ], [ -120.842603, 37.199431 ], [ -120.84275, 37.199762 ], [ -120.84291, 37.200144 ], [ -120.843217, 37.200844 ], [ -120.843697, 37.201976 ], [ -120.84386, 37.202325 ], [ -120.844184, 37.203092 ], [ -120.844415, 37.203613 ], [ -120.84475, 37.204405 ], [ -120.844867, 37.204667 ], [ -120.844974, 37.204924 ], [ -120.845075, 37.205146 ], [ -120.845266, 37.205597 ], [ -120.845482, 37.206041 ], [ -120.845644, 37.206325 ], [ -120.845924, 37.206778 ], [ -120.84615, 37.207121 ], [ -120.84811, 37.210218 ], [ -120.848264, 37.210451 ], [ -120.848403, 37.210673 ], [ -120.848877, 37.211434 ], [ -120.849103, 37.211783 ], [ -120.849301, 37.212095 ], [ -120.849301, 37.212612 ], [ -120.849299, 37.21647 ], [ -120.851043, 37.216491 ], [ -120.851854, 37.216501 ], [ -120.853236, 37.216519 ], [ -120.853976, 37.216528 ], [ -120.854035, 37.216529 ], [ -120.854313, 37.216532 ], [ -120.858176, 37.21658 ], [ -120.865282, 37.216666 ], [ -120.879292, 37.216839 ], [ -120.879445, 37.216839 ], [ -120.882719, 37.216834 ], [ -120.885059, 37.216829 ], [ -120.893618, 37.216816 ], [ -120.896353, 37.216811 ], [ -120.89751, 37.216808 ], [ -120.897924, 37.216807 ], [ -120.900317, 37.216804 ], [ -120.900711, 37.216803 ], [ -120.901971, 37.216801 ], [ -120.902495, 37.216801 ], [ -120.903725, 37.216797 ], [ -120.904176, 37.216797 ], [ -120.904287, 37.216796 ], [ -120.904907, 37.216795 ], [ -120.905378, 37.216795 ], [ -120.907182, 37.216792 ], [ -120.912642, 37.216783 ], [ -120.914056, 37.216781 ], [ -120.918902, 37.216795 ], [ -120.920086, 37.216771 ], [ -120.9201, 37.215306 ], [ -120.920134, 37.211832 ], [ -120.920812, 37.211681 ], [ -120.921394, 37.211552 ], [ -120.921959, 37.211427 ], [ -120.921818, 37.210995 ], [ -120.921676, 37.210555 ], [ -120.921344, 37.209532 ], [ -120.921371, 37.20256 ], [ -120.92138, 37.200668 ], [ -120.921382, 37.200118 ], [ -120.921382, 37.199985 ], [ -120.921391, 37.197913 ], [ -120.921412, 37.192302 ], [ -120.921413, 37.192059 ], [ -120.921416, 37.191408 ], [ -120.921432, 37.18733 ], [ -120.925379, 37.187348 ], [ -120.930974, 37.187373 ], [ -120.936587, 37.187398 ], [ -120.937118, 37.1874 ], [ -120.942234, 37.187423 ], [ -120.94335, 37.187444 ], [ -120.952048, 37.187607 ], [ -120.967179, 37.187837 ], [ -120.96718, 37.187749 ], [ -120.967189, 37.187703 ], [ -120.967236, 37.187645 ], [ -120.967258, 37.187629 ], [ -120.967283, 37.187618 ], [ -120.967341, 37.187603 ], [ -120.971267, 37.187583 ], [ -120.971504, 37.187582 ], [ -120.971746, 37.187588 ], [ -120.976286, 37.187602 ], [ -120.97641, 37.183829 ], [ -120.976426, 37.183234 ], [ -120.976562, 37.180749 ], [ -120.97666, 37.178547 ], [ -120.976786, 37.176167 ], [ -120.976924, 37.173075 ], [ -120.978952, 37.173124 ], [ -120.979241, 37.173122 ], [ -120.984957, 37.173186 ], [ -120.987322, 37.173199 ], [ -120.988181, 37.173219 ], [ -120.990333, 37.173239 ], [ -120.990567, 37.17324 ], [ -120.990888, 37.163861 ], [ -120.991023, 37.158687 ], [ -120.98927, 37.158672 ], [ -120.986618, 37.158662 ], [ -120.984009, 37.158639 ], [ -120.979626, 37.15862 ], [ -120.977866, 37.158627 ], [ -120.977596, 37.158638 ], [ -120.976958, 37.158676 ], [ -120.976798, 37.158678 ], [ -120.9738, 37.158663 ], [ -120.972101, 37.15866 ], [ -120.96842, 37.158632 ], [ -120.968711, 37.149939 ], [ -120.968727, 37.149185 ], [ -120.968728, 37.149125 ], [ -120.968756, 37.148518 ], [ -120.96875, 37.148169 ], [ -120.968725, 37.147931 ], [ -120.968679, 37.147672 ], [ -120.968647, 37.147537 ], [ -120.968599, 37.147366 ], [ -120.968786, 37.147007 ], [ -120.969334, 37.13721 ], [ -120.969363, 37.136866 ], [ -120.969594, 37.133245 ], [ -120.969789, 37.129795 ], [ -120.969806, 37.129518 ], [ -120.978644, 37.129578 ], [ -120.979137, 37.123137 ], [ -120.979172, 37.122685 ], [ -120.979214, 37.122135 ], [ -120.979308, 37.120923 ], [ -120.979444, 37.119049 ], [ -120.979755, 37.114819 ], [ -120.9796, 37.114801 ], [ -120.979435, 37.114782 ], [ -120.979466, 37.114731 ], [ -120.979517, 37.114635 ], [ -120.979581, 37.114499 ], [ -120.979642, 37.114345 ], [ -120.979773, 37.11396 ], [ -120.979801, 37.113819 ], [ -120.979814, 37.113646 ], [ -120.979809, 37.11352 ], [ -120.979782, 37.11324 ], [ -120.979752, 37.113066 ], [ -120.979717, 37.112906 ], [ -120.979657, 37.112724 ], [ -120.979704, 37.106404 ], [ -120.979703, 37.101188 ], [ -120.979703, 37.100431 ], [ -120.980488, 37.100436 ], [ -120.981308, 37.100441 ], [ -120.982181, 37.100451 ], [ -120.982494, 37.100454 ], [ -120.983068, 37.100456 ], [ -120.983342, 37.100457 ], [ -120.988663, 37.100491 ], [ -120.990549, 37.100499 ], [ -120.992212, 37.100513 ], [ -120.993351, 37.100515 ], [ -120.997731, 37.100541 ], [ -121.000993, 37.100565 ], [ -121.001922, 37.100567 ], [ -121.003581, 37.100583 ], [ -121.006468, 37.100598 ], [ -121.006211, 37.099676 ], [ -121.001416, 37.095887 ], [ -121.001031, 37.095816 ], [ -120.997834, 37.093209 ], [ -120.997845, 37.092762 ], [ -120.997975, 37.087603 ], [ -120.998046, 37.086322 ], [ -120.998025, 37.086068 ], [ -120.99809, 37.085653 ], [ -120.998107, 37.081291 ], [ -120.998108, 37.081235 ], [ -120.998117, 37.080622 ], [ -120.998133, 37.07953 ], [ -120.998142, 37.078508 ], [ -120.998168, 37.075925 ], [ -120.998169, 37.075634 ], [ -120.99818, 37.072366 ], [ -120.998191, 37.072092 ], [ -120.998198, 37.0719 ], [ -120.998205, 37.071683 ], [ -120.998206, 37.071589 ], [ -120.998208, 37.071517 ], [ -120.998212, 37.071346 ], [ -120.998213, 37.071187 ], [ -120.998213, 37.071049 ], [ -120.998217, 37.070707 ], [ -120.998581, 37.070576 ], [ -121.000046, 37.071403 ], [ -121.016225, 37.071423 ], [ -121.016196, 37.07362 ], [ -121.016195, 37.073813 ], [ -121.016193, 37.074119 ], [ -121.016179, 37.074451 ], [ -121.016169, 37.07497 ], [ -121.017051, 37.075108 ], [ -121.017315, 37.075153 ], [ -121.026232, 37.075245 ], [ -121.026484, 37.075248 ], [ -121.032026, 37.075432 ], [ -121.033111, 37.075684 ], [ -121.033299, 37.075766 ], [ -121.033737, 37.07577 ], [ -121.056968, 37.07597 ], [ -121.057243, 37.075969 ], [ -121.059295, 37.075961 ], [ -121.059774, 37.075959 ], [ -121.060249, 37.075957 ], [ -121.064426, 37.07594 ], [ -121.065232, 37.075937 ], [ -121.067472, 37.075928 ], [ -121.069283, 37.075923 ], [ -121.071001, 37.075919 ], [ -121.071417, 37.075918 ], [ -121.082827, 37.075862 ], [ -121.083216, 37.075861 ], [ -121.088522, 37.075843 ], [ -121.088642, 37.079032 ], [ -121.088625, 37.079248 ], [ -121.088649, 37.080045 ], [ -121.088649, 37.080818 ], [ -121.088719, 37.096771 ], [ -121.08872, 37.097226 ], [ -121.088725, 37.098769 ], [ -121.088689, 37.101022 ], [ -121.107566, 37.101065 ], [ -121.120167, 37.101037 ], [ -121.122602, 37.100984 ], [ -121.12285, 37.10098 ], [ -121.124963, 37.100945 ], [ -121.126036, 37.100943 ], [ -121.136599, 37.100921 ], [ -121.14114, 37.100909 ], [ -121.141661, 37.100908 ], [ -121.185254, 37.100856 ], [ -121.189456, 37.100855 ], [ -121.216541, 37.100846 ], [ -121.230052, 37.100842 ], [ -121.230139, 37.101342 ], [ -121.230139, 37.102377 ], [ -121.230139, 37.102442 ], [ -121.230068, 37.102798 ], [ -121.230458, 37.104162 ], [ -121.230584, 37.104505 ], [ -121.230526, 37.10477 ] ] ] } },
{ "type": "Feature", "properties": { "STATEFP": "06", "UNSDLEA": "15180", "GEOID": "0615180", "GEOIDFQ": "9700000US0615180", "NAME": "Gilroy Unified School District", "LSAD": "00", "LOGRADE": "KG", "HIGRADE": "12", "MTFCC": "G5420", "SDTYP": null, "FUNCSTAT": "E", "ALAND": 781519971, "AWATER": 2943012, "INTPTLAT": "+37.0536054", "INTPTLON": "-121.4491420" }, "geometry": { "type": "Polygon", "coordinates": [ [ [ -121.752339, 37.044086 ], [ -121.750954, 37.044076 ], [ -121.748488, 37.042721 ], [ -121.748094, 37.042691 ], [ -121.748134, 37.045572 ], [ -121.748215, 37.051222 ], [ -121.748345, 37.060553 ], [ -121.748347, 37.06138 ], [ -121.743687, 37.061572 ], [ -121.740594, 37.061674 ], [ -121.736065, 37.061876 ], [ -121.731679, 37.062068 ], [ -121.728717, 37.062139 ], [ -121.720873, 37.062179 ], [ -121.718235, 37.062219 ], [ -121.710209, 37.06232 ], [ -121.707652, 37.062331 ], [ -121.703558, 37.062361 ], [ -121.699373, 37.062371 ], [ -121.695229, 37.062351 ], [ -121.695239, 37.058985 ], [ -121.695189, 37.055376 ], [ -121.690802, 37.055417 ], [ -121.68783, 37.055427 ], [ -121.685182, 37.055477 ], [ -121.681988, 37.055487 ], [ -121.681812, 37.055489 ], [ -121.672985, 37.055599 ], [ -121.668418, 37.05564 ], [ -121.666772, 37.053876 ], [ -121.664326, 37.055736 ], [ -121.664436, 37.055814 ], [ -121.664747, 37.056035 ], [ -121.664829, 37.05609 ], [ -121.664952, 37.056232 ], [ -121.664966, 37.056265 ], [ -121.665042, 37.056348 ], [ -121.665124, 37.056463 ], [ -121.665131, 37.056557 ], [ -121.665165, 37.056656 ], [ -121.665178, 37.056727 ], [ -121.665247, 37.056919 ], [ -121.665274, 37.056952 ], [ -121.665309, 37.057051 ], [ -121.665343, 37.05709 ], [ -121.665413, 37.057237 ], [ -121.665459, 37.057331 ], [ -121.665494, 37.057375 ], [ -121.6655, 37.057425 ], [ -121.665583, 37.057502 ], [ -121.665603, 37.057551 ], [ -121.665706, 37.057623 ], [ -121.665777, 37.057687 ], [ -121.665195, 37.058039 ], [ -121.664363, 37.058545 ], [ -121.663451, 37.059097 ], [ -121.66287, 37.05945 ], [ -121.662862, 37.059702 ], [ -121.66286, 37.05981 ], [ -121.66283, 37.06033 ], [ -121.662823, 37.060458 ], [ -121.66281, 37.06071 ], [ -121.66273, 37.060728 ], [ -121.66252, 37.061997 ], [ -121.662504, 37.06206 ], [ -121.660177, 37.062373 ], [ -121.659692, 37.062439 ], [ -121.659519, 37.062496 ], [ -121.65895, 37.063095 ], [ -121.658625, 37.063429 ], [ -121.658312, 37.063751 ], [ -121.656925, 37.064224 ], [ -121.656094, 37.064499 ], [ -121.65575, 37.064612 ], [ -121.655461, 37.065365 ], [ -121.65027, 37.065498 ], [ -121.649835, 37.064164 ], [ -121.649289, 37.063942 ], [ -121.648966, 37.063618 ], [ -121.64841, 37.063456 ], [ -121.648006, 37.063416 ], [ -121.647632, 37.063537 ], [ -121.647199, 37.065549 ], [ -121.647129, 37.066152 ], [ -121.646136, 37.066489 ], [ -121.645876, 37.06692 ], [ -121.644248, 37.066974 ], [ -121.643826, 37.066759 ], [ -121.639202, 37.063921 ], [ -121.638896, 37.063734 ], [ -121.630808, 37.0637 ], [ -121.62913, 37.063693 ], [ -121.626197, 37.063639 ], [ -121.625304, 37.063624 ], [ -121.625183, 37.063632 ], [ -121.624368, 37.063133 ], [ -121.624036, 37.062849 ], [ -121.623938, 37.062105 ], [ -121.62138, 37.060095 ], [ -121.62053, 37.0604 ], [ -121.62022, 37.06054 ], [ -121.61892, 37.06104 ], [ -121.61797, 37.06141 ], [ -121.61698, 37.06177 ], [ -121.61621, 37.06206 ], [ -121.61522, 37.06245 ], [ -121.61506, 37.0625 ], [ -121.61401, 37.0629 ], [ -121.614196, 37.063211 ], [ -121.613771, 37.063348 ], [ -121.612497, 37.063759 ], [ -121.612073, 37.063897 ], [ -121.611865, 37.063632 ], [ -121.608734, 37.064703 ], [ -121.607897, 37.065022 ], [ -121.603413, 37.066679 ], [ -121.601731, 37.067218 ], [ -121.600158, 37.067722 ], [ -121.600096, 37.067747 ], [ -121.60004, 37.06777 ], [ -121.599911, 37.067824 ], [ -121.59985, 37.06785 ], [ -121.59975, 37.06789 ], [ -121.599364, 37.068018 ], [ -121.5993, 37.06804 ], [ -121.597913, 37.068536 ], [ -121.59743, 37.06871 ], [ -121.597098, 37.068826 ], [ -121.596103, 37.069176 ], [ -121.595873, 37.069258 ], [ -121.59584, 37.06927 ], [ -121.595772, 37.069294 ], [ -121.595178, 37.069506 ], [ -121.59405, 37.06991 ], [ -121.593395, 37.07014 ], [ -121.5928, 37.07035 ], [ -121.59227, 37.07054 ], [ -121.592169, 37.070575 ], [ -121.590273, 37.071241 ], [ -121.59002, 37.07133 ], [ -121.58964, 37.07146 ], [ -121.58957, 37.07148 ], [ -121.58923, 37.0716 ], [ -121.588007, 37.072034 ], [ -121.5876, 37.07218 ], [ -121.58741, 37.07224 ], [ -121.587086, 37.072357 ], [ -121.585554, 37.072912 ], [ -121.585044, 37.073098 ], [ -121.584975, 37.073122 ], [ -121.58479, 37.07319 ], [ -121.584769, 37.073196 ], [ -121.5847, 37.07322 ], [ -121.584247, 37.073368 ], [ -121.58418, 37.07339 ], [ -121.582899, 37.073841 ], [ -121.58245, 37.074 ], [ -121.581926, 37.074187 ], [ -121.58058, 37.07467 ], [ -121.580355, 37.074747 ], [ -121.57983, 37.07493 ], [ -121.579318, 37.075113 ], [ -121.5793, 37.07512 ], [ -121.579099, 37.075192 ], [ -121.57877, 37.07531 ], [ -121.57873, 37.07532 ], [ -121.577781, 37.075657 ], [ -121.57727, 37.07584 ], [ -121.576229, 37.076199 ], [ -121.57617, 37.07622 ], [ -121.57446, 37.07682 ], [ -121.574272, 37.076879 ], [ -121.57408, 37.07695 ], [ -121.573115, 37.077297 ], [ -121.57208, 37.07767 ], [ -121.57142, 37.07791 ], [ -121.571316, 37.077945 ], [ -121.569723, 37.078496 ], [ -121.56951, 37.07857 ], [ -121.569015, 37.078749 ], [ -121.56882, 37.07882 ], [ -121.56825, 37.07902 ], [ -121.568142, 37.079058 ], [ -121.567818, 37.079172 ], [ -121.56771, 37.07921 ], [ -121.56756, 37.07927 ], [ -121.56747, 37.079301 ], [ -121.566742, 37.079555 ], [ -121.5665, 37.07964 ], [ -121.565879, 37.079862 ], [ -121.56572, 37.07992 ], [ -121.564008, 37.080511 ], [ -121.56384, 37.08057 ], [ -121.56339, 37.08074 ], [ -121.562712, 37.080977 ], [ -121.56262, 37.08101 ], [ -121.562503, 37.081059 ], [ -121.56248, 37.08106 ], [ -121.56155, 37.08138 ], [ -121.56089, 37.0816 ], [ -121.56084, 37.08162 ], [ -121.560675, 37.081677 ], [ -121.56021, 37.08184 ], [ -121.56, 37.08192 ], [ -121.559445, 37.082117 ], [ -121.55941, 37.08213 ], [ -121.559179, 37.082213 ], [ -121.557783, 37.082711 ], [ -121.55751, 37.08281 ], [ -121.55723, 37.08291 ], [ -121.557041, 37.082971 ], [ -121.55668, 37.08309 ], [ -121.556477, 37.083157 ], [ -121.55629, 37.08322 ], [ -121.556133, 37.083279 ], [ -121.55582, 37.0834 ], [ -121.55569, 37.08343 ], [ -121.555657, 37.08343 ], [ -121.55549, 37.08343 ], [ -121.553153, 37.084248 ], [ -121.546717, 37.086502 ], [ -121.555588, 37.099982 ], [ -121.556151, 37.10075 ], [ -121.556155, 37.100844 ], [ -121.557684, 37.103168 ], [ -121.558526, 37.104447 ], [ -121.562959, 37.110977 ], [ -121.564636, 37.113476 ], [ -121.566258, 37.115891 ], [ -121.563956, 37.115902 ], [ -121.561941, 37.115933 ], [ -121.561376, 37.115535 ], [ -121.56097, 37.115444 ], [ -121.560833, 37.11545 ], [ -121.560431, 37.115492 ], [ -121.560217, 37.115495 ], [ -121.560466, 37.115921 ], [ -121.55099, 37.11597 ], [ -121.5503, 37.115973 ], [ -121.549347, 37.115978 ], [ -121.547293, 37.115987 ], [ -121.539384, 37.116029 ], [ -121.508352, 37.116338 ], [ -121.495719, 37.116215 ], [ -121.490619, 37.116166 ], [ -121.478727, 37.116049 ], [ -121.471649, 37.115994 ], [ -121.471786, 37.116888 ], [ -121.436942, 37.116997 ], [ -121.422574, 37.117043 ], [ -121.411775, 37.117118 ], [ -121.4079, 37.117146 ], [ -121.385665, 37.117249 ], [ -121.373568, 37.117421 ], [ -121.373562, 37.11825 ], [ -121.3735, 37.126665 ], [ -121.373468, 37.127126 ], [ -121.373442, 37.129481 ], [ -121.373435, 37.1301 ], [ -121.373394, 37.134017 ], [ -121.373065, 37.144256 ], [ -121.373028, 37.153106 ], [ -121.372955, 37.160383 ], [ -121.373062, 37.169699 ], [ -121.373106, 37.169137 ], [ -121.373259, 37.172404 ], [ -121.373332, 37.173963 ], [ -121.372209, 37.176962 ], [ -121.366715, 37.179539 ], [ -121.365656, 37.179953 ], [ -121.365035, 37.179998 ], [ -121.364535, 37.180318 ], [ -121.364313, 37.180813 ], [ -121.364245, 37.181359 ], [ -121.364113, 37.182079 ], [ -121.363674, 37.182647 ], [ -121.36317, 37.183509 ], [ -121.362437, 37.183831 ], [ -121.360942, 37.184321 ], [ -121.359558, 37.184453 ], [ -121.358876, 37.183906 ], [ -121.35708, 37.18339 ], [ -121.354561, 37.183893 ], [ -121.353859, 37.18304 ], [ -121.352816, 37.182713 ], [ -121.35176, 37.181951 ], [ -121.35161, 37.181962 ], [ -121.350155, 37.181703 ], [ -121.348703, 37.181121 ], [ -121.347499, 37.180417 ], [ -121.346666, 37.179914 ], [ -121.345963, 37.178915 ], [ -121.345688, 37.178565 ], [ -121.345196, 37.178089 ], [ -121.344671, 37.177886 ], [ -121.34424, 37.177535 ], [ -121.343759, 37.17704 ], [ -121.343657, 37.176935 ], [ -121.343293, 37.176087 ], [ -121.343209, 37.175267 ], [ -121.34306, 37.174669 ], [ -121.342382, 37.174192 ], [ -121.340245, 37.173879 ], [ -121.338294, 37.173517 ], [ -121.337214, 37.172962 ], [ -121.336287, 37.172508 ], [ -121.335212, 37.171481 ], [ -121.334566, 37.170955 ], [ -121.334349, 37.170803 ], [ -121.333772, 37.171213 ], [ -121.332548, 37.171277 ], [ -121.332107, 37.170986 ], [ -121.331878, 37.170011 ], [ -121.328409, 37.16595 ], [ -121.327728, 37.166035 ], [ -121.326919, 37.166278 ], [ -121.326015, 37.166718 ], [ -121.325238, 37.166837 ], [ -121.324493, 37.166782 ], [ -121.323844, 37.166578 ], [ -121.323233, 37.16643 ], [ -121.321516, 37.167227 ], [ -121.32026, 37.167574 ], [ -121.319102, 37.167651 ], [ -121.318908, 37.167684 ], [ -121.318153, 37.167303 ], [ -121.318071, 37.167261 ], [ -121.317871, 37.167293 ], [ -121.317641, 37.16733 ], [ -121.316249, 37.167554 ], [ -121.314034, 37.16791 ], [ -121.314066, 37.168958 ], [ -121.314066, 37.169401 ], [ -121.313765, 37.169758 ], [ -121.312882, 37.170147 ], [ -121.312524, 37.170116 ], [ -121.311644, 37.170041 ], [ -121.30833, 37.168029 ], [ -121.306044, 37.166641 ], [ -121.305582, 37.16661 ], [ -121.302619, 37.16816 ], [ -121.300672, 37.166273 ], [ -121.300308, 37.166248 ], [ -121.299655, 37.166003 ], [ -121.299384, 37.16586 ], [ -121.299133, 37.165789 ], [ -121.298552, 37.165963 ], [ -121.29773, 37.166429 ], [ -121.297079, 37.166913 ], [ -121.296538, 37.167308 ], [ -121.29636, 37.167498 ], [ -121.297096, 37.167079 ], [ -121.295586, 37.168905 ], [ -121.294452, 37.169515 ], [ -121.292525, 37.17048 ], [ -121.29152, 37.170337 ], [ -121.29142, 37.170745 ], [ -121.291006, 37.171143 ], [ -121.290785, 37.171558 ], [ -121.290655, 37.172132 ], [ -121.290615, 37.173007 ], [ -121.290744, 37.173507 ], [ -121.290821, 37.173193 ], [ -121.29109, 37.174867 ], [ -121.290959, 37.175427 ], [ -121.290207, 37.175986 ], [ -121.289073, 37.176577 ], [ -121.287728, 37.177367 ], [ -121.287478, 37.179189 ], [ -121.287177, 37.179732 ], [ -121.286816, 37.180309 ], [ -121.286063, 37.181139 ], [ -121.285401, 37.180984 ], [ -121.284297, 37.180895 ], [ -121.284287, 37.181898 ], [ -121.284097, 37.182509 ], [ -121.283404, 37.183169 ], [ -121.282271, 37.183675 ], [ -121.281107, 37.183603 ], [ -121.280194, 37.183072 ], [ -121.279361, 37.181983 ], [ -121.278498, 37.180858 ], [ -121.277776, 37.179631 ], [ -121.276542, 37.179372 ], [ -121.275378, 37.178739 ], [ -121.275061, 37.178096 ], [ -121.274656, 37.177275 ], [ -121.273853, 37.175606 ], [ -121.273625, 37.174381 ], [ -121.273562, 37.174041 ], [ -121.273101, 37.173325 ], [ -121.271734, 37.172454 ], [ -121.27063, 37.171974 ], [ -121.269507, 37.171171 ], [ -121.268442, 37.169496 ], [ -121.268283, 37.169246 ], [ -121.267159, 37.167134 ], [ -121.266015, 37.165668 ], [ -121.264601, 37.163895 ], [ -121.263457, 37.161987 ], [ -121.262545, 37.160212 ], [ -121.262498, 37.160167 ], [ -121.262443, 37.15988 ], [ -121.262293, 37.159473 ], [ -121.262093, 37.159323 ], [ -121.261872, 37.15925 ], [ -121.261461, 37.159328 ], [ -121.26092, 37.159335 ], [ -121.260749, 37.159193 ], [ -121.259858, 37.158845 ], [ -121.258775, 37.158867 ], [ -121.257713, 37.158969 ], [ -121.256861, 37.158921 ], [ -121.255638, 37.158872 ], [ -121.254967, 37.158481 ], [ -121.254505, 37.158673 ], [ -121.253733, 37.158582 ], [ -121.25216, 37.158417 ], [ -121.250687, 37.158225 ], [ -121.249524, 37.157911 ], [ -121.248763, 37.157661 ], [ -121.24754, 37.157753 ], [ -121.247127, 37.157988 ], [ -121.245722, 37.157831 ], [ -121.244906, 37.158421 ], [ -121.243842, 37.15857 ], [ -121.24316, 37.158262 ], [ -121.24248, 37.157469 ], [ -121.241916, 37.157406 ], [ -121.240336, 37.15723 ], [ -121.239307, 37.157739 ], [ -121.238495, 37.15777 ], [ -121.237712, 37.15758 ], [ -121.23711, 37.157204 ], [ -121.236629, 37.156675 ], [ -121.236378, 37.156079 ], [ -121.236438, 37.155281 ], [ -121.236619, 37.15455 ], [ -121.236558, 37.15404 ], [ -121.235986, 37.153528 ], [ -121.235495, 37.152898 ], [ -121.235585, 37.152116 ], [ -121.236008, 37.150372 ], [ -121.236078, 37.150549 ], [ -121.236168, 37.150778 ], [ -121.236175, 37.150609 ], [ -121.236175, 37.150273 ], [ -121.236145, 37.149724 ], [ -121.235985, 37.149087 ], [ -121.235805, 37.14852 ], [ -121.235514, 37.148165 ], [ -121.234979, 37.147763 ], [ -121.233316, 37.143549 ], [ -121.233309, 37.143001 ], [ -121.233099, 37.142231 ], [ -121.232788, 37.141442 ], [ -121.23244, 37.140354 ], [ -121.232297, 37.139893 ], [ -121.232237, 37.139859 ], [ -121.231748, 37.139576 ], [ -121.23134, 37.138542 ], [ -121.229605, 37.1371 ], [ -121.228324, 37.136037 ], [ -121.22738, 37.135223 ], [ -121.226804, 37.134774 ], [ -121.226652, 37.134648 ], [ -121.226198, 37.13427 ], [ -121.226047, 37.134145 ], [ -121.225883, 37.134009 ], [ -121.225393, 37.133601 ], [ -121.22523, 37.133466 ], [ -121.22484, 37.133142 ], [ -121.224803, 37.133085 ], [ -121.224402, 37.132471 ], [ -121.224128, 37.132148 ], [ -121.223913, 37.131933 ], [ -121.223676, 37.131821 ], [ -121.223524, 37.13175 ], [ -121.223136, 37.131629 ], [ -121.223047, 37.131534 ], [ -121.222863, 37.131337 ], [ -121.222823, 37.131223 ], [ -121.22278, 37.131101 ], [ -121.222738, 37.130984 ], [ -121.222683, 37.130828 ], [ -121.2227, 37.130622 ], [ -121.222711, 37.130499 ], [ -121.222717, 37.130426 ], [ -121.222848, 37.129977 ], [ -121.222961, 37.129771 ], [ -121.223113, 37.129496 ], [ -121.223264, 37.129248 ], [ -121.223282, 37.129062 ], [ -121.223141, 37.128568 ], [ -121.2224, 37.12794 ], [ -121.222371, 37.127896 ], [ -121.222164, 37.127586 ], [ -121.222015, 37.127212 ], [ -121.221975, 37.127112 ], [ -121.221906, 37.126938 ], [ -121.221885, 37.126805 ], [ -121.22187, 37.126699 ], [ -121.221882, 37.126632 ], [ -121.221919, 37.126431 ], [ -121.221925, 37.1264 ], [ -121.221913, 37.126366 ], [ -121.221769, 37.125948 ], [ -121.221754, 37.125904 ], [ -121.221253, 37.125381 ], [ -121.220909, 37.124945 ], [ -121.220707, 37.124689 ], [ -121.220611, 37.124625 ], [ -121.220212, 37.124357 ], [ -121.219939, 37.124174 ], [ -121.219077, 37.123836 ], [ -121.218898, 37.123781 ], [ -121.218439, 37.123642 ], [ -121.218219, 37.123522 ], [ -121.217559, 37.123162 ], [ -121.217339, 37.123042 ], [ -121.217388, 37.12296 ], [ -121.217537, 37.122714 ], [ -121.217587, 37.122633 ], [ -121.217856, 37.122187 ], [ -121.218665, 37.120851 ], [ -121.218936, 37.120406 ], [ -121.219244, 37.120187 ], [ -121.219498, 37.120008 ], [ -121.219769, 37.119478 ], [ -121.219804, 37.11925 ], [ -121.219863, 37.118877 ], [ -121.220158, 37.11839 ], [ -121.221043, 37.116928 ], [ -121.221339, 37.116442 ], [ -121.221413, 37.116367 ], [ -121.221638, 37.116142 ], [ -121.221713, 37.116068 ], [ -121.222705, 37.115767 ], [ -121.222987, 37.115639 ], [ -121.223307, 37.115495 ], [ -121.223788, 37.115081 ], [ -121.224098, 37.114286 ], [ -121.224383, 37.113392 ], [ -121.224758, 37.112184 ], [ -121.225159, 37.110898 ], [ -121.225235, 37.110843 ], [ -121.22538, 37.11074 ], [ -121.225469, 37.110687 ], [ -121.22555, 37.11064 ], [ -121.225936, 37.110246 ], [ -121.226134, 37.11002 ], [ -121.226304, 37.109708 ], [ -121.226248, 37.109396 ], [ -121.226207, 37.109066 ], [ -121.225984, 37.108802 ], [ -121.225828, 37.108115 ], [ -121.225798, 37.108093 ], [ -121.225705, 37.107629 ], [ -121.225538, 37.106842 ], [ -121.22765, 37.105635 ], [ -121.228529, 37.10545 ], [ -121.229087, 37.105361 ], [ -121.22954, 37.105256 ], [ -121.23002, 37.10512 ], [ -121.230351, 37.104971 ], [ -121.230526, 37.10477 ], [ -121.230584, 37.104505 ], [ -121.230458, 37.104162 ], [ -121.230068, 37.102798 ], [ -121.230139, 37.102442 ], [ -121.230139, 37.102377 ], [ -121.230139, 37.101342 ], [ -121.230052, 37.100842 ], [ -121.2299, 37.09997 ], [ -121.229739, 37.099042 ], [ -121.23028, 37.097418 ], [ -121.230439, 37.096942 ], [ -121.230788, 37.096787 ], [ -121.231204, 37.096989 ], [ -121.231421, 37.097043 ], [ -121.231635, 37.097097 ], [ -121.231975, 37.097125 ], [ -121.232266, 37.096913 ], [ -121.232717, 37.096553 ], [ -121.233076, 37.096119 ], [ -121.233098, 37.096094 ], [ -121.233504, 37.095581 ], [ -121.234478, 37.095147 ], [ -121.235132, 37.094857 ], [ -121.235414, 37.094732 ], [ -121.235695, 37.094607 ], [ -121.2374, 37.093848 ], [ -121.238375, 37.093416 ], [ -121.239, 37.093447 ], [ -121.239732, 37.093291 ], [ -121.240243, 37.093125 ], [ -121.240814, 37.093003 ], [ -121.241305, 37.093129 ], [ -121.242047, 37.093158 ], [ -121.242618, 37.093063 ], [ -121.243019, 37.092711 ], [ -121.2432, 37.092119 ], [ -121.243222, 37.092058 ], [ -121.24335, 37.091704 ], [ -121.243644, 37.090739 ], [ -121.243712, 37.090669 ], [ -121.243919, 37.090461 ], [ -121.243989, 37.090393 ], [ -121.244072, 37.090309 ], [ -121.244324, 37.090056 ], [ -121.244409, 37.089973 ], [ -121.244763, 37.089906 ], [ -121.244993, 37.089765 ], [ -121.245384, 37.089501 ], [ -121.245484, 37.089148 ], [ -121.245204, 37.088881 ], [ -121.244833, 37.088765 ], [ -121.243681, 37.08701 ], [ -121.243159, 37.086088 ], [ -121.242428, 37.085457 ], [ -121.241977, 37.085128 ], [ -121.241481, 37.085101 ], [ -121.241255, 37.08509 ], [ -121.240674, 37.085256 ], [ -121.240472, 37.085607 ], [ -121.240163, 37.086144 ], [ -121.239283, 37.086161 ], [ -121.239229, 37.086162 ], [ -121.236426, 37.086215 ], [ -121.235493, 37.086234 ], [ -121.235188, 37.085901 ], [ -121.235107, 37.085813 ], [ -121.235071, 37.085773 ], [ -121.23458, 37.085453 ], [ -121.234289, 37.085089 ], [ -121.234136, 37.085005 ], [ -121.233868, 37.084858 ], [ -121.233744, 37.084855 ], [ -121.233174, 37.084845 ], [ -121.232716, 37.084501 ], [ -121.231343, 37.083472 ], [ -121.231038, 37.083243 ], [ -121.23088, 37.083137 ], [ -121.230501, 37.082616 ], [ -121.230362, 37.082511 ], [ -121.23017, 37.082367 ], [ -121.2298, 37.082109 ], [ -121.229509, 37.081816 ], [ -121.229369, 37.081625 ], [ -121.229288, 37.081515 ], [ -121.229192, 37.081465 ], [ -121.228727, 37.081221 ], [ -121.228408, 37.0811 ], [ -121.228156, 37.081006 ], [ -121.227612, 37.080941 ], [ -121.226387, 37.080118 ], [ -121.224638, 37.078943 ], [ -121.224514, 37.078571 ], [ -121.223904, 37.076742 ], [ -121.223438, 37.075343 ], [ -121.223326, 37.074746 ], [ -121.223245, 37.07431 ], [ -121.222925, 37.073814 ], [ -121.222404, 37.073432 ], [ -121.222287, 37.073351 ], [ -121.221862, 37.073058 ], [ -121.221775, 37.073034 ], [ -121.221335, 37.072913 ], [ -121.221081, 37.072843 ], [ -121.219997, 37.072632 ], [ -121.21955, 37.072546 ], [ -121.219007, 37.072155 ], [ -121.21738, 37.070983 ], [ -121.216838, 37.070593 ], [ -121.216541, 37.070022 ], [ -121.216329, 37.069794 ], [ -121.215799, 37.069223 ], [ -121.214115, 37.068898 ], [ -121.213748, 37.068853 ], [ -121.213223, 37.068789 ], [ -121.21282, 37.068925 ], [ -121.21277, 37.068914 ], [ -121.21262, 37.068882 ], [ -121.212571, 37.068872 ], [ -121.212521, 37.068861 ], [ -121.212372, 37.068828 ], [ -121.212323, 37.068818 ], [ -121.211785, 37.068703 ], [ -121.210174, 37.068358 ], [ -121.209637, 37.068243 ], [ -121.20994, 37.067954 ], [ -121.210116, 37.067787 ], [ -121.210347, 37.067461 ], [ -121.210477, 37.067099 ], [ -121.210373, 37.066892 ], [ -121.210186, 37.066518 ], [ -121.210212, 37.066434 ], [ -121.210292, 37.066184 ], [ -121.210319, 37.066101 ], [ -121.210322, 37.066089 ], [ -121.210333, 37.066055 ], [ -121.210337, 37.066044 ], [ -121.209608, 37.064877 ], [ -121.209588, 37.064848 ], [ -121.209426, 37.064588 ], [ -121.209337, 37.064444 ], [ -121.209309, 37.063743 ], [ -121.209049, 37.063337 ], [ -121.208228, 37.062013 ], [ -121.208178, 37.061665 ], [ -121.208198, 37.061289 ], [ -121.208209, 37.061265 ], [ -121.208378, 37.060932 ], [ -121.208669, 37.060546 ], [ -121.208829, 37.060151 ], [ -121.208959, 37.058683 ], [ -121.209859, 37.058019 ], [ -121.21057, 37.057315 ], [ -121.21083, 37.056562 ], [ -121.21096, 37.056234 ], [ -121.21162, 37.055955 ], [ -121.211723, 37.055788 ], [ -121.2118, 37.055666 ], [ -121.21212, 37.055299 ], [ -121.212591, 37.055068 ], [ -121.213061, 37.055098 ], [ -121.213714, 37.055307 ], [ -121.214422, 37.055534 ], [ -121.214682, 37.055805 ], [ -121.214912, 37.055931 ], [ -121.215147, 37.055945 ], [ -121.215517, 37.05609 ], [ -121.217184, 37.056745 ], [ -121.218735, 37.057139 ], [ -121.21939, 37.057192 ], [ -121.220716, 37.057299 ], [ -121.22138, 37.057327 ], [ -121.221826, 37.057347 ], [ -121.223387, 37.057507 ], [ -121.223613, 37.057253 ], [ -121.224291, 37.05649 ], [ -121.224518, 37.056237 ], [ -121.223571, 37.055537 ], [ -121.223156, 37.05523 ], [ -121.223778, 37.054866 ], [ -121.224438, 37.054147 ], [ -121.224918, 37.053527 ], [ -121.225225, 37.053092 ], [ -121.225358, 37.052905 ], [ -121.225808, 37.052071 ], [ -121.225668, 37.050531 ], [ -121.22525, 37.045911 ], [ -121.225111, 37.044372 ], [ -121.225034, 37.043835 ], [ -121.224803, 37.042225 ], [ -121.224727, 37.041689 ], [ -121.224695, 37.041384 ], [ -121.224599, 37.04047 ], [ -121.224567, 37.040166 ], [ -121.224555, 37.040081 ], [ -121.224519, 37.039827 ], [ -121.224507, 37.039743 ], [ -121.225731, 37.039449 ], [ -121.229405, 37.038567 ], [ -121.23063, 37.038274 ], [ -121.230761, 37.038261 ], [ -121.230937, 37.038245 ], [ -121.231144, 37.038166 ], [ -121.231268, 37.03812 ], [ -121.232242, 37.037885 ], [ -121.234821, 37.037263 ], [ -121.235164, 37.03718 ], [ -121.236138, 37.036945 ], [ -121.236597, 37.036424 ], [ -121.237128, 37.035825 ], [ -121.237294, 37.035638 ], [ -121.237461, 37.03545 ], [ -121.237978, 37.034865 ], [ -121.238438, 37.034345 ], [ -121.238498, 37.034345 ], [ -121.23868, 37.034345 ], [ -121.238741, 37.034345 ], [ -121.238851, 37.034033 ], [ -121.238621, 37.033255 ], [ -121.238721, 37.032901 ], [ -121.238937, 37.032633 ], [ -121.238971, 37.032593 ], [ -121.239512, 37.032253 ], [ -121.240313, 37.031906 ], [ -121.240634, 37.031777 ], [ -121.241104, 37.031714 ], [ -121.242246, 37.03194 ], [ -121.242777, 37.032075 ], [ -121.242997, 37.032151 ], [ -121.243538, 37.031908 ], [ -121.244174, 37.031963 ], [ -121.24454, 37.031995 ], [ -121.245201, 37.03224 ], [ -121.245884, 37.032621 ], [ -121.246416, 37.032888 ], [ -121.247389, 37.033379 ], [ -121.248067, 37.033541 ], [ -121.248647, 37.03368 ], [ -121.248609, 37.033641 ], [ -121.248498, 37.033526 ], [ -121.248461, 37.033488 ], [ -121.248089, 37.032576 ], [ -121.247679, 37.031727 ], [ -121.247499, 37.0311 ], [ -121.247592, 37.030779 ], [ -121.247799, 37.030075 ], [ -121.247779, 37.029801 ], [ -121.247229, 37.02927 ], [ -121.246929, 37.028881 ], [ -121.246799, 37.028545 ], [ -121.246969, 37.028253 ], [ -121.247129, 37.027865 ], [ -121.246999, 37.027476 ], [ -121.246509, 37.02653 ], [ -121.245989, 37.025575 ], [ -121.245148, 37.024566 ], [ -121.244368, 37.02339 ], [ -121.244303, 37.023354 ], [ -121.243718, 37.023027 ], [ -121.243548, 37.022939 ], [ -121.243378, 37.022205 ], [ -121.242967, 37.021648 ], [ -121.242409, 37.021411 ], [ -121.242263, 37.021366 ], [ -121.241827, 37.021234 ], [ -121.241682, 37.02119 ], [ -121.24151, 37.020995 ], [ -121.240994, 37.02041 ], [ -121.240822, 37.020216 ], [ -121.240759, 37.019649 ], [ -121.240757, 37.019631 ], [ -121.240427, 37.01903 ], [ -121.240237, 37.018667 ], [ -121.239977, 37.018437 ], [ -121.23973, 37.018407 ], [ -121.239165, 37.018341 ], [ -121.238884, 37.018024 ], [ -121.238044, 37.017073 ], [ -121.237764, 37.016756 ], [ -121.237446, 37.015836 ], [ -121.237426, 37.015809 ], [ -121.236926, 37.015111 ], [ -121.236456, 37.014474 ], [ -121.235676, 37.013616 ], [ -121.235523, 37.013473 ], [ -121.235356, 37.013316 ], [ -121.234594, 37.013169 ], [ -121.234342, 37.012884 ], [ -121.233588, 37.01203 ], [ -121.233337, 37.011746 ], [ -121.233751, 37.011509 ], [ -121.234996, 37.010797 ], [ -121.235411, 37.010561 ], [ -121.235511, 37.010541 ], [ -121.235812, 37.010483 ], [ -121.235913, 37.010464 ], [ -121.236686, 37.01049 ], [ -121.23682, 37.010434 ], [ -121.237216, 37.01027 ], [ -121.237826, 37.009961 ], [ -121.238066, 37.009599 ], [ -121.238186, 37.009254 ], [ -121.238166, 37.009086 ], [ -121.237866, 37.008989 ], [ -121.237521, 37.008887 ], [ -121.237446, 37.008865 ], [ -121.236622, 37.008702 ], [ -121.236565, 37.00863 ], [ -121.236394, 37.008417 ], [ -121.236337, 37.008346 ], [ -121.23658, 37.007674 ], [ -121.236976, 37.006584 ], [ -121.236526, 37.006213 ], [ -121.236159, 37.006054 ], [ -121.235504, 37.005771 ], [ -121.235372, 37.005365 ], [ -121.235237, 37.004946 ], [ -121.234943, 37.004162 ], [ -121.234794, 37.003764 ], [ -121.234816, 37.003699 ], [ -121.234884, 37.003506 ], [ -121.234908, 37.003442 ], [ -121.235036, 37.003083 ], [ -121.235087, 37.002919 ], [ -121.235176, 37.002641 ], [ -121.234946, 37.002155 ], [ -121.234626, 37.001598 ], [ -121.234447, 37.001552 ], [ -121.233913, 37.001415 ], [ -121.233251, 36.99965 ], [ -121.233137, 36.999346 ], [ -121.234221, 36.99893 ], [ -121.235737, 36.998346 ], [ -121.238264, 36.998058 ], [ -121.240137, 36.997846 ], [ -121.240853, 36.997646 ], [ -121.241237, 36.99754 ], [ -121.241517, 36.997381 ], [ -121.241677, 36.997036 ], [ -121.241977, 36.996454 ], [ -121.242099, 36.995995 ], [ -121.242147, 36.995817 ], [ -121.242154, 36.995258 ], [ -121.242306, 36.995062 ], [ -121.242762, 36.994477 ], [ -121.242915, 36.994282 ], [ -121.243721, 36.994039 ], [ -121.244387, 36.99384 ], [ -121.244727, 36.993478 ], [ -121.245137, 36.992922 ], [ -121.245134, 36.992278 ], [ -121.245132, 36.991437 ], [ -121.245193, 36.991358 ], [ -121.245375, 36.991124 ], [ -121.245437, 36.991046 ], [ -121.246008, 36.989751 ], [ -121.246429, 36.987944 ], [ -121.246638, 36.987048 ], [ -121.246568, 36.985228 ], [ -121.245887, 36.983036 ], [ -121.244807, 36.981612 ], [ -121.243877, 36.980091 ], [ -121.242891, 36.979397 ], [ -121.242657, 36.979233 ], [ -121.241977, 36.978614 ], [ -121.240967, 36.97749 ], [ -121.240564, 36.97711 ], [ -121.240406, 36.976961 ], [ -121.239933, 36.976517 ], [ -121.239776, 36.976369 ], [ -121.23955, 36.976156 ], [ -121.239209, 36.975261 ], [ -121.237358, 36.973121 ], [ -121.236328, 36.972333 ], [ -121.234088, 36.970882 ], [ -121.233618, 36.970466 ], [ -121.232878, 36.969574 ], [ -121.232128, 36.968892 ], [ -121.231148, 36.968467 ], [ -121.230247, 36.968289 ], [ -121.229342, 36.967649 ], [ -121.228437, 36.967563 ], [ -121.227287, 36.96742 ], [ -121.226087, 36.967434 ], [ -121.224833, 36.967433 ], [ -121.224722, 36.967297 ], [ -121.224603, 36.967188 ], [ -121.224342, 36.966983 ], [ -121.224244, 36.966884 ], [ -121.22397, 36.966523 ], [ -121.223882, 36.966432 ], [ -121.223535, 36.966174 ], [ -121.22333, 36.96598 ], [ -121.222877, 36.965568 ], [ -121.222721, 36.965405 ], [ -121.222689, 36.965363 ], [ -121.221495, 36.964615 ], [ -121.220775, 36.963628 ], [ -121.22059, 36.963513 ], [ -121.219713, 36.962971 ], [ -121.217949, 36.96234 ], [ -121.216561, 36.962078 ], [ -121.216526, 36.962072 ], [ -121.215945, 36.961761 ], [ -121.215406, 36.961248 ], [ -121.216532, 36.961248 ], [ -121.21991, 36.961248 ], [ -121.221036, 36.961248 ], [ -121.230368, 36.961188 ], [ -121.236476, 36.961149 ], [ -121.244196, 36.9611 ], [ -121.25058, 36.961059 ], [ -121.253198, 36.961043 ], [ -121.258364, 36.961009 ], [ -121.262032, 36.960986 ], [ -121.267697, 36.96095 ], [ -121.267755, 36.960949 ], [ -121.267931, 36.960947 ], [ -121.26799, 36.960947 ], [ -121.282125, 36.960867 ], [ -121.282658, 36.960864 ], [ -121.301919, 36.960756 ], [ -121.310745, 36.960706 ], [ -121.314972, 36.960682 ], [ -121.32453, 36.960628 ], [ -121.3286, 36.960606 ], [ -121.338666, 36.960549 ], [ -121.338688, 36.960548 ], [ -121.338756, 36.960548 ], [ -121.338779, 36.960548 ], [ -121.3399, 36.960548 ], [ -121.339951, 36.960548 ], [ -121.341264, 36.960548 ], [ -121.343469, 36.960548 ], [ -121.344642, 36.960548 ], [ -121.344674, 36.960548 ], [ -121.34477, 36.960548 ], [ -121.344803, 36.960548 ], [ -121.344853, 36.960548 ], [ -121.3449, 36.960548 ], [ -121.344944, 36.960548 ], [ -121.345043, 36.960543 ], [ -121.345091, 36.960542 ], [ -121.346351, 36.960488 ], [ -121.350134, 36.960325 ], [ -121.351395, 36.960272 ], [ -121.352847, 36.96019 ], [ -121.353099, 36.960194 ], [ -121.353217, 36.960152 ], [ -121.353298, 36.960127 ], [ -121.353353, 36.960111 ], [ -121.353513, 36.960041 ], [ -121.353587, 36.959992 ], [ -121.363046, 36.960306 ], [ -121.364471, 36.960353 ], [ -121.370011, 36.960538 ], [ -121.37007, 36.960539 ], [ -121.37025, 36.960544 ], [ -121.37031, 36.960546 ], [ -121.370343, 36.960549 ], [ -121.370392, 36.960549 ], [ -121.370744, 36.960549 ], [ -121.372047, 36.960549 ], [ -121.372482, 36.960549 ], [ -121.372518, 36.960549 ], [ -121.372629, 36.960549 ], [ -121.372965, 36.960549 ], [ -121.373077, 36.960549 ], [ -121.374005, 36.960549 ], [ -121.376792, 36.960549 ], [ -121.377721, 36.960549 ], [ -121.377779, 36.960549 ], [ -121.377956, 36.960549 ], [ -121.378015, 36.960549 ], [ -121.378105, 36.960549 ], [ -121.378376, 36.960549 ], [ -121.378467, 36.96055 ], [ -121.378534, 36.960549 ], [ -121.378738, 36.960549 ], [ -121.378806, 36.960549 ], [ -121.379172, 36.960549 ], [ -121.380273, 36.960549 ], [ -121.38064, 36.96055 ], [ -121.380731, 36.960549 ], [ -121.381007, 36.960549 ], [ -121.381099, 36.960549 ], [ -121.381568, 36.960549 ], [ -121.382975, 36.960549 ], [ -121.383444, 36.960549 ], [ -121.383465, 36.960573 ], [ -121.383532, 36.960639 ], [ -121.383565, 36.960639 ], [ -121.386742, 36.960644 ], [ -121.396274, 36.960659 ], [ -121.399452, 36.960664 ], [ -121.402773, 36.960669 ], [ -121.412737, 36.960686 ], [ -121.415741, 36.960691 ], [ -121.416059, 36.960692 ], [ -121.416497, 36.960681 ], [ -121.417814, 36.96065 ], [ -121.418253, 36.96064 ], [ -121.418251, 36.960621 ], [ -121.418247, 36.960567 ], [ -121.418246, 36.960549 ], [ -121.418277, 36.960576 ], [ -121.418286, 36.960583 ], [ -121.418336, 36.960625 ], [ -121.418487, 36.960754 ], [ -121.418538, 36.960797 ], [ -121.418997, 36.961185 ], [ -121.420374, 36.962352 ], [ -121.420833, 36.962741 ], [ -121.421543, 36.963343 ], [ -121.422863, 36.964461 ], [ -121.423072, 36.964638 ], [ -121.424697, 36.966015 ], [ -121.428953, 36.969622 ], [ -121.430984, 36.971343 ], [ -121.431021, 36.971374 ], [ -121.431132, 36.971468 ], [ -121.43117, 36.9715 ], [ -121.431189, 36.971516 ], [ -121.431432, 36.971715 ], [ -121.431829, 36.972023 ], [ -121.432015, 36.972167 ], [ -121.432759, 36.972744 ], [ -121.433462, 36.973288 ], [ -121.433851, 36.973533 ], [ -121.434563, 36.973983 ], [ -121.43462, 36.97405 ], [ -121.43479, 36.97431 ], [ -121.435122, 36.974861 ], [ -121.43514, 36.97489 ], [ -121.43566, 36.97587 ], [ -121.43582, 36.97615 ], [ -121.43618, 36.97677 ], [ -121.43629, 36.97698 ], [ -121.4364, 36.97713 ], [ -121.43661, 36.97736 ], [ -121.436755, 36.97751 ], [ -121.43748, 36.97826 ], [ -121.437525, 36.978308 ], [ -121.43761, 36.9784 ], [ -121.437656, 36.978457 ], [ -121.43769, 36.9785 ], [ -121.437697, 36.97851 ], [ -121.437717, 36.978516 ], [ -121.437765, 36.978546 ], [ -121.437783, 36.978556 ], [ -121.437795, 36.978561 ], [ -121.437815, 36.978579 ], [ -121.437832, 36.978579 ], [ -121.439059, 36.979163 ], [ -121.440428, 36.979816 ], [ -121.442738, 36.980922 ], [ -121.443964, 36.98151 ], [ -121.444018, 36.981535 ], [ -121.44426, 36.981638 ], [ -121.444612, 36.981788 ], [ -121.445208, 36.982042 ], [ -121.4459, 36.982338 ], [ -121.447346, 36.982955 ], [ -121.44823, 36.984452 ], [ -121.448919, 36.985618 ], [ -121.449084, 36.985724 ], [ -121.449581, 36.986042 ], [ -121.449747, 36.986148 ], [ -121.449675, 36.986255 ], [ -121.44946, 36.986577 ], [ -121.449389, 36.986685 ], [ -121.449334, 36.98699 ], [ -121.449173, 36.987905 ], [ -121.449119, 36.988211 ], [ -121.450607, 36.988944 ], [ -121.451972, 36.98884 ], [ -121.45207, 36.98881 ], [ -121.452182, 36.988759 ], [ -121.452547, 36.987848 ], [ -121.452565, 36.987856 ], [ -121.452591, 36.987856 ], [ -121.452654, 36.987849 ], [ -121.452655, 36.98787 ], [ -121.452669, 36.987877 ], [ -121.452722, 36.987858 ], [ -121.453347, 36.987947 ], [ -121.454009, 36.987749 ], [ -121.454347, 36.987648 ], [ -121.456647, 36.986648 ], [ -121.456947, 36.987448 ], [ -121.457547, 36.987548 ], [ -121.459624, 36.986051 ], [ -121.460046, 36.985748 ], [ -121.460794, 36.985637 ], [ -121.461938, 36.985469 ], [ -121.463656, 36.984877 ], [ -121.463916, 36.984533 ], [ -121.463959, 36.984483 ], [ -121.464018, 36.984413 ], [ -121.464196, 36.984202 ], [ -121.464256, 36.984133 ], [ -121.464594, 36.983736 ], [ -121.465609, 36.982544 ], [ -121.465948, 36.982148 ], [ -121.464862, 36.980394 ], [ -121.464587, 36.97995 ], [ -121.463978, 36.978967 ], [ -121.463945, 36.978915 ], [ -121.463906, 36.978851 ], [ -121.463561, 36.978294 ], [ -121.467071, 36.977073 ], [ -121.467939, 36.976772 ], [ -121.468952, 36.977304 ], [ -121.469021, 36.97734 ], [ -121.469229, 36.97745 ], [ -121.469299, 36.977487 ], [ -121.469609, 36.977582 ], [ -121.469993, 36.977701 ], [ -121.470148, 36.977748 ], [ -121.470459, 36.97781 ], [ -121.470551, 36.977828 ], [ -121.470647, 36.977848 ], [ -121.470868, 36.977903 ], [ -121.470905, 36.977912 ], [ -121.471018, 36.97794 ], [ -121.471056, 36.97795 ], [ -121.471075, 36.977954 ], [ -121.471132, 36.977969 ], [ -121.471151, 36.977974 ], [ -121.47121, 36.977988 ], [ -121.471388, 36.978033 ], [ -121.471448, 36.978048 ], [ -121.471462, 36.978052 ], [ -121.471504, 36.978064 ], [ -121.471519, 36.978069 ], [ -121.471623, 36.978099 ], [ -121.471935, 36.978189 ], [ -121.472039, 36.97822 ], [ -121.472063, 36.978227 ], [ -121.472085, 36.978233 ], [ -121.472154, 36.978246 ], [ -121.472176, 36.97826 ], [ -121.472801, 36.978442 ], [ -121.473426, 36.978624 ], [ -121.473495, 36.978644 ], [ -121.473521, 36.978652 ], [ -121.4756, 36.979257 ], [ -121.485873, 36.982251 ], [ -121.487687, 36.98278 ], [ -121.488949, 36.983148 ], [ -121.489206, 36.982891 ], [ -121.489345, 36.982751 ], [ -121.489449, 36.982648 ], [ -121.489783, 36.982349 ], [ -121.489931, 36.982218 ], [ -121.491887, 36.980471 ], [ -121.497755, 36.975232 ], [ -121.499193, 36.973949 ], [ -121.499712, 36.973486 ], [ -121.501488, 36.971895 ], [ -121.50175, 36.97165 ], [ -121.501972, 36.971186 ], [ -121.501956, 36.971165 ], [ -121.501982, 36.971135 ], [ -121.501991, 36.971111 ], [ -121.502034, 36.971077 ], [ -121.502043, 36.971049 ], [ -121.502087, 36.971002 ], [ -121.50223, 36.970672 ], [ -121.502284, 36.970528 ], [ -121.502303, 36.97046 ], [ -121.502373, 36.970378 ], [ -121.502451, 36.970296 ], [ -121.502495, 36.970259 ], [ -121.502547, 36.970194 ], [ -121.502678, 36.970068 ], [ -121.502759, 36.969972 ], [ -121.502774, 36.969955 ], [ -121.502923, 36.969805 ], [ -121.502941, 36.969757 ], [ -121.502984, 36.969717 ], [ -121.503002, 36.969675 ], [ -121.503028, 36.969655 ], [ -121.503064, 36.969573 ], [ -121.503108, 36.969525 ], [ -121.503228, 36.969285 ], [ -121.503241, 36.969251 ], [ -121.503268, 36.969217 ], [ -121.503277, 36.969189 ], [ -121.503303, 36.969155 ], [ -121.503348, 36.969045 ], [ -121.503383, 36.969004 ], [ -121.503419, 36.968929 ], [ -121.503448, 36.968835 ], [ -121.503526, 36.968675 ], [ -121.503561, 36.968634 ], [ -121.503607, 36.968463 ], [ -121.503739, 36.968299 ], [ -121.503913, 36.968149 ], [ -121.503974, 36.968102 ], [ -121.504043, 36.968061 ], [ -121.504318, 36.967996 ], [ -121.504352, 36.967975 ], [ -121.504378, 36.967976 ], [ -121.504404, 36.967962 ], [ -121.504552, 36.967847 ], [ -121.504579, 36.967778 ], [ -121.504573, 36.967634 ], [ -121.504557, 36.967571 ], [ -121.504532, 36.967543 ], [ -121.504471, 36.96735 ], [ -121.504446, 36.967122 ], [ -121.504473, 36.96706 ], [ -121.5045, 36.966957 ], [ -121.504615, 36.966807 ], [ -121.504728, 36.96667 ], [ -121.504772, 36.966629 ], [ -121.504844, 36.966458 ], [ -121.504893, 36.966093 ], [ -121.504897, 36.965921 ], [ -121.504921, 36.965793 ], [ -121.504934, 36.96577 ], [ -121.504955, 36.965556 ], [ -121.504982, 36.965501 ], [ -121.504983, 36.96546 ], [ -121.505041, 36.965074 ], [ -121.505068, 36.96504 ], [ -121.50513, 36.964903 ], [ -121.505174, 36.964862 ], [ -121.505183, 36.964828 ], [ -121.505253, 36.964746 ], [ -121.505289, 36.96465 ], [ -121.505291, 36.964554 ], [ -121.505268, 36.964436 ], [ -121.505242, 36.964408 ], [ -121.50528, 36.964216 ], [ -121.50535, 36.964151 ], [ -121.505377, 36.964113 ], [ -121.505533, 36.963977 ], [ -121.505616, 36.963916 ], [ -121.505715, 36.963869 ], [ -121.505775, 36.963836 ], [ -121.505913, 36.963803 ], [ -121.506717, 36.963779 ], [ -121.506786, 36.96378 ], [ -121.50682, 36.963801 ], [ -121.50694, 36.963775 ], [ -121.507239, 36.963765 ], [ -121.507692, 36.96372 ], [ -121.50784, 36.963689 ], [ -121.507874, 36.963669 ], [ -121.507917, 36.963663 ], [ -121.507962, 36.963656 ], [ -121.508007, 36.963657 ], [ -121.508145, 36.963649 ], [ -121.508155, 36.963615 ], [ -121.508155, 36.963544 ], [ -121.508162, 36.963509 ], [ -121.508178, 36.963475 ], [ -121.508246, 36.963411 ], [ -121.508324, 36.96334 ], [ -121.508397, 36.963252 ], [ -121.508458, 36.963157 ], [ -121.508562, 36.963042 ], [ -121.508663, 36.962885 ], [ -121.50869, 36.962819 ], [ -121.508722, 36.962753 ], [ -121.508804, 36.962592 ], [ -121.508832, 36.962504 ], [ -121.508847, 36.962454 ], [ -121.508863, 36.962421 ], [ -121.508894, 36.962317 ], [ -121.508945, 36.961977 ], [ -121.509, 36.961618 ], [ -121.509005, 36.961548 ], [ -121.509118, 36.96092 ], [ -121.509127, 36.960851 ], [ -121.509248, 36.9604 ], [ -121.50925, 36.960387 ], [ -121.509271, 36.960296 ], [ -121.509306, 36.960233 ], [ -121.509335, 36.960168 ], [ -121.509359, 36.9601 ], [ -121.509377, 36.960068 ], [ -121.509401, 36.960039 ], [ -121.509518, 36.959935 ], [ -121.509554, 36.959902 ], [ -121.509665, 36.959803 ], [ -121.509702, 36.959771 ], [ -121.50982, 36.959666 ], [ -121.509889, 36.959623 ], [ -121.509919, 36.959597 ], [ -121.50999, 36.959553 ], [ -121.510111, 36.959507 ], [ -121.510155, 36.959502 ], [ -121.51028, 36.959463 ], [ -121.510368, 36.959447 ], [ -121.510413, 36.959447 ], [ -121.51059, 36.959435 ], [ -121.510681, 36.959438 ], [ -121.510814, 36.959454 ], [ -121.511076, 36.959495 ], [ -121.511166, 36.959499 ], [ -121.511252, 36.959482 ], [ -121.51156, 36.959436 ], [ -121.511647, 36.959417 ], [ -121.511728, 36.959387 ], [ -121.511773, 36.959373 ], [ -121.511813, 36.959362 ], [ -121.511889, 36.959324 ], [ -121.512033, 36.959239 ], [ -121.512091, 36.959186 ], [ -121.512218, 36.959088 ], [ -121.512228, 36.959079 ], [ -121.512275, 36.959036 ], [ -121.512321, 36.958974 ], [ -121.512393, 36.958886 ], [ -121.51243, 36.958835 ], [ -121.512421, 36.9588 ], [ -121.512419, 36.95873 ], [ -121.512391, 36.958519 ], [ -121.512353, 36.958344 ], [ -121.51232, 36.958169 ], [ -121.512263, 36.957997 ], [ -121.512184, 36.957874 ], [ -121.512139, 36.957814 ], [ -121.512064, 36.957727 ], [ -121.511817, 36.95752 ], [ -121.511713, 36.957455 ], [ -121.511602, 36.957397 ], [ -121.51145, 36.957326 ], [ -121.511417, 36.957303 ], [ -121.51134, 36.957269 ], [ -121.511268, 36.957229 ], [ -121.511132, 36.95716 ], [ -121.511046, 36.957117 ], [ -121.510868, 36.957016 ], [ -121.510719, 36.956942 ], [ -121.510615, 36.956877 ], [ -121.510519, 36.956804 ], [ -121.510459, 36.956752 ], [ -121.51035, 36.9566 ], [ -121.510279, 36.95647 ], [ -121.510252, 36.956404 ], [ -121.510185, 36.956019 ], [ -121.510186, 36.955842 ], [ -121.51019, 36.955808 ], [ -121.510188, 36.955737 ], [ -121.510196, 36.955668 ], [ -121.510195, 36.955528 ], [ -121.510202, 36.955458 ], [ -121.510205, 36.955352 ], [ -121.510219, 36.955143 ], [ -121.51023, 36.955073 ], [ -121.510227, 36.954932 ], [ -121.510233, 36.954862 ], [ -121.510228, 36.954123 ], [ -121.510231, 36.954053 ], [ -121.510285, 36.953811 ], [ -121.510324, 36.953709 ], [ -121.510359, 36.953644 ], [ -121.510401, 36.953543 ], [ -121.510471, 36.953452 ], [ -121.510533, 36.953403 ], [ -121.510652, 36.953298 ], [ -121.510759, 36.953235 ], [ -121.510842, 36.953209 ], [ -121.511406, 36.952989 ], [ -121.51145, 36.952981 ], [ -121.511534, 36.952956 ], [ -121.511691, 36.952889 ], [ -121.511872, 36.952787 ], [ -121.511911, 36.95277 ], [ -121.512045, 36.952675 ], [ -121.512071, 36.952646 ], [ -121.512115, 36.952584 ], [ -121.512116, 36.952542 ], [ -121.512139, 36.952473 ], [ -121.512154, 36.952297 ], [ -121.512144, 36.952227 ], [ -121.512058, 36.951828 ], [ -121.512055, 36.951813 ], [ -121.512043, 36.951779 ], [ -121.512028, 36.951639 ], [ -121.512018, 36.951604 ], [ -121.511955, 36.951471 ], [ -121.511927, 36.951443 ], [ -121.511926, 36.951408 ], [ -121.511825, 36.951173 ], [ -121.511811, 36.951104 ], [ -121.511801, 36.951 ], [ -121.511802, 36.95093 ], [ -121.511791, 36.950757 ], [ -121.511781, 36.950688 ], [ -121.511781, 36.950619 ], [ -121.511771, 36.950481 ], [ -121.511776, 36.950446 ], [ -121.511743, 36.950067 ], [ -121.511729, 36.950034 ], [ -121.511725, 36.949966 ], [ -121.51168, 36.949726 ], [ -121.511675, 36.949622 ], [ -121.511676, 36.949602 ], [ -121.511679, 36.949534 ], [ -121.511683, 36.949481 ], [ -121.51168, 36.949447 ], [ -121.511685, 36.949377 ], [ -121.511681, 36.949343 ], [ -121.511684, 36.949332 ], [ -121.511693, 36.949308 ], [ -121.511692, 36.949266 ], [ -121.511709, 36.949234 ], [ -121.511721, 36.949189 ], [ -121.511736, 36.94913 ], [ -121.511756, 36.949025 ], [ -121.511773, 36.948993 ], [ -121.511777, 36.948941 ], [ -121.51178, 36.948906 ], [ -121.511834, 36.948771 ], [ -121.511836, 36.948762 ], [ -121.511888, 36.948598 ], [ -121.511951, 36.948428 ], [ -121.511968, 36.948359 ], [ -121.512012, 36.948221 ], [ -121.512039, 36.948117 ], [ -121.512065, 36.94804 ], [ -121.512073, 36.948016 ], [ -121.512109, 36.947952 ], [ -121.512149, 36.947814 ], [ -121.512194, 36.947715 ], [ -121.512232, 36.947652 ], [ -121.51231, 36.947451 ], [ -121.512357, 36.947315 ], [ -121.512429, 36.947226 ], [ -121.512806, 36.946798 ], [ -121.512942, 36.946645 ], [ -121.512978, 36.946581 ], [ -121.513027, 36.946521 ], [ -121.513069, 36.946459 ], [ -121.513268, 36.946107 ], [ -121.513276, 36.946072 ], [ -121.513296, 36.946041 ], [ -121.513323, 36.946012 ], [ -121.513353, 36.945947 ], [ -121.513376, 36.945881 ], [ -121.513446, 36.945752 ], [ -121.513456, 36.945718 ], [ -121.513575, 36.945492 ], [ -121.513647, 36.945403 ], [ -121.513683, 36.94534 ], [ -121.513779, 36.94522 ], [ -121.513813, 36.945155 ], [ -121.51387, 36.9451 ], [ -121.513962, 36.945024 ], [ -121.514061, 36.944953 ], [ -121.514213, 36.944877 ], [ -121.514291, 36.944842 ], [ -121.514327, 36.94482 ], [ -121.514446, 36.944771 ], [ -121.514695, 36.944693 ], [ -121.51474, 36.944688 ], [ -121.514782, 36.944677 ], [ -121.514904, 36.944632 ], [ -121.514988, 36.944607 ], [ -121.51515, 36.944547 ], [ -121.515314, 36.944493 ], [ -121.515356, 36.944484 ], [ -121.515437, 36.944454 ], [ -121.515603, 36.944405 ], [ -121.51564, 36.944383 ], [ -121.51568, 36.94437 ], [ -121.515724, 36.944362 ], [ -121.515805, 36.944331 ], [ -121.515876, 36.944288 ], [ -121.515975, 36.944219 ], [ -121.516003, 36.944191 ], [ -121.51604, 36.944165 ], [ -121.516069, 36.944146 ], [ -121.516159, 36.944068 ], [ -121.516183, 36.944038 ], [ -121.516201, 36.944006 ], [ -121.516257, 36.94395 ], [ -121.516323, 36.943859 ], [ -121.516424, 36.943701 ], [ -121.516439, 36.943668 ], [ -121.516482, 36.943533 ], [ -121.516618, 36.943161 ], [ -121.516649, 36.943058 ], [ -121.516666, 36.942952 ], [ -121.516677, 36.942917 ], [ -121.516679, 36.942881 ], [ -121.516698, 36.942849 ], [ -121.51672, 36.94278 ], [ -121.516749, 36.942713 ], [ -121.516857, 36.942558 ], [ -121.516947, 36.94248 ], [ -121.517106, 36.942357 ], [ -121.517248, 36.94227 ], [ -121.517324, 36.942233 ], [ -121.517406, 36.942204 ], [ -121.517451, 36.942201 ], [ -121.517534, 36.942179 ], [ -121.517664, 36.942157 ], [ -121.518062, 36.942103 ], [ -121.51833, 36.942074 ], [ -121.518418, 36.942061 ], [ -121.51864, 36.942058 ], [ -121.518729, 36.942063 ], [ -121.518907, 36.942056 ], [ -121.518949, 36.942046 ], [ -121.519105, 36.941992 ], [ -121.519152, 36.941972 ], [ -121.519333, 36.941868 ], [ -121.519398, 36.94182 ], [ -121.519506, 36.941759 ], [ -121.519546, 36.941742 ], [ -121.51969, 36.941659 ], [ -121.519865, 36.941546 ], [ -121.520034, 36.941429 ], [ -121.520257, 36.941256 ], [ -121.520586, 36.941019 ], [ -121.520648, 36.940969 ], [ -121.520747, 36.940898 ], [ -121.52084, 36.940824 ], [ -121.521259, 36.94051 ], [ -121.521381, 36.940407 ], [ -121.521446, 36.940359 ], [ -121.521602, 36.940233 ], [ -121.521721, 36.940128 ], [ -121.521785, 36.940079 ], [ -121.521842, 36.940026 ], [ -121.521906, 36.939977 ], [ -121.522088, 36.939825 ], [ -121.522151, 36.939777 ], [ -121.522226, 36.939691 ], [ -121.522271, 36.939593 ], [ -121.52229, 36.939561 ], [ -121.522316, 36.939532 ], [ -121.522329, 36.939463 ], [ -121.52269, 36.938663 ], [ -121.522726, 36.938561 ], [ -121.52275, 36.938422 ], [ -121.522781, 36.938319 ], [ -121.522796, 36.938285 ], [ -121.52284, 36.938076 ], [ -121.522861, 36.938045 ], [ -121.522911, 36.937946 ], [ -121.523031, 36.937678 ], [ -121.523082, 36.937621 ], [ -121.5232, 36.937471 ], [ -121.523312, 36.937319 ], [ -121.523402, 36.937241 ], [ -121.523531, 36.937142 ], [ -121.523591, 36.93709 ], [ -121.52385, 36.936951 ], [ -121.524004, 36.93688 ], [ -121.524038, 36.936857 ], [ -121.524242, 36.936783 ], [ -121.524438, 36.936702 ], [ -121.524678, 36.936609 ], [ -121.524795, 36.936557 ], [ -121.524838, 36.936546 ], [ -121.524874, 36.936526 ], [ -121.524992, 36.936475 ], [ -121.52512, 36.936443 ], [ -121.525228, 36.936406 ], [ -121.525272, 36.936398 ], [ -121.525311, 36.936379 ], [ -121.525484, 36.93634 ], [ -121.525815, 36.936228 ], [ -121.526129, 36.936087 ], [ -121.526557, 36.935885 ], [ -121.526819, 36.935747 ], [ -121.52702, 36.935605 ], [ -121.527297, 36.935424 ], [ -121.52732, 36.935407 ], [ -121.527396, 36.935351 ], [ -121.527421, 36.935322 ], [ -121.528075, 36.934782 ], [ -121.528318, 36.934569 ], [ -121.528538, 36.934392 ], [ -121.528559, 36.934361 ], [ -121.528812, 36.934109 ], [ -121.528858, 36.934048 ], [ -121.529166, 36.933697 ], [ -121.529326, 36.933526 ], [ -121.529384, 36.933471 ], [ -121.529603, 36.933292 ], [ -121.529713, 36.933229 ], [ -121.529857, 36.933132 ], [ -121.530022, 36.933022 ], [ -121.530164, 36.932934 ], [ -121.530495, 36.932748 ], [ -121.530684, 36.932651 ], [ -121.530908, 36.93253 ], [ -121.530992, 36.932504 ], [ -121.531465, 36.932302 ], [ -121.531507, 36.932288 ], [ -121.531785, 36.932172 ], [ -121.531895, 36.93211 ], [ -121.531938, 36.9321 ], [ -121.532103, 36.93204 ], [ -121.532187, 36.932016 ], [ -121.532386, 36.931932 ], [ -121.532776, 36.931752 ], [ -121.53286, 36.931727 ], [ -121.533053, 36.931635 ], [ -121.533234, 36.931529 ], [ -121.533347, 36.931469 ], [ -121.533424, 36.931433 ], [ -121.533534, 36.93137 ], [ -121.533573, 36.931352 ], [ -121.533655, 36.931323 ], [ -121.533768, 36.931264 ], [ -121.533849, 36.931232 ], [ -121.534161, 36.931089 ], [ -121.534352, 36.930995 ], [ -121.534463, 36.930933 ], [ -121.534525, 36.930881 ], [ -121.534549, 36.930851 ], [ -121.534588, 36.930787 ], [ -121.534601, 36.930752 ], [ -121.534616, 36.930682 ], [ -121.534691, 36.930553 ], [ -121.534752, 36.930418 ], [ -121.534956, 36.930061 ], [ -121.534988, 36.929994 ], [ -121.53501, 36.929925 ], [ -121.535027, 36.929892 ], [ -121.535076, 36.929832 ], [ -121.535115, 36.929767 ], [ -121.535145, 36.9297 ], [ -121.535309, 36.92953 ], [ -121.535436, 36.929428 ], [ -121.535511, 36.929389 ], [ -121.535629, 36.929335 ], [ -121.535717, 36.92932 ], [ -121.53576, 36.929309 ], [ -121.535958, 36.929222 ], [ -121.53611, 36.929145 ], [ -121.53648, 36.92894 ], [ -121.536816, 36.928702 ], [ -121.536924, 36.928638 ], [ -121.5377, 36.928039 ], [ -121.537907, 36.927905 ], [ -121.538096, 36.927807 ], [ -121.538174, 36.927771 ], [ -121.538269, 36.927721 ], [ -121.538515, 36.927595 ], [ -121.538737, 36.927472 ], [ -121.538898, 36.927406 ], [ -121.539063, 36.927347 ], [ -121.539148, 36.927322 ], [ -121.539234, 36.927302 ], [ -121.539257, 36.927233 ], [ -121.539273, 36.927162 ], [ -121.539276, 36.92702 ], [ -121.539298, 36.926842 ], [ -121.539314, 36.926772 ], [ -121.539345, 36.926705 ], [ -121.539435, 36.926581 ], [ -121.539583, 36.926447 ], [ -121.539651, 36.926203 ], [ -121.539684, 36.926136 ], [ -121.539809, 36.925988 ], [ -121.539867, 36.925933 ], [ -121.539931, 36.925883 ], [ -121.540104, 36.925769 ], [ -121.540144, 36.925752 ], [ -121.540235, 36.925752 ], [ -121.540279, 36.925747 ], [ -121.540323, 36.925737 ], [ -121.540444, 36.92569 ], [ -121.540515, 36.925646 ], [ -121.540582, 36.925617 ], [ -121.54068, 36.925542 ], [ -121.540736, 36.925487 ], [ -121.540782, 36.925426 ], [ -121.540846, 36.925292 ], [ -121.540874, 36.925152 ], [ -121.540872, 36.925117 ], [ -121.540857, 36.925046 ], [ -121.540844, 36.92494 ], [ -121.540802, 36.924765 ], [ -121.540754, 36.924628 ], [ -121.540738, 36.924594 ], [ -121.540712, 36.924565 ], [ -121.540644, 36.924472 ], [ -121.540591, 36.924415 ], [ -121.540546, 36.924377 ], [ -121.540425, 36.924227 ], [ -121.539998, 36.92381 ], [ -121.539977, 36.923779 ], [ -121.539923, 36.923734 ], [ -121.539761, 36.923597 ], [ -121.539631, 36.923499 ], [ -121.539576, 36.923443 ], [ -121.539265, 36.923185 ], [ -121.539238, 36.923156 ], [ -121.539197, 36.923093 ], [ -121.539127, 36.922962 ], [ -121.53912, 36.922926 ], [ -121.539152, 36.922573 ], [ -121.539186, 36.922434 ], [ -121.539238, 36.922261 ], [ -121.539301, 36.922128 ], [ -121.539392, 36.92189 ], [ -121.539403, 36.921819 ], [ -121.539446, 36.921718 ], [ -121.539478, 36.921615 ], [ -121.539542, 36.921482 ], [ -121.539578, 36.921417 ], [ -121.539638, 36.921323 ], [ -121.53975, 36.92117 ], [ -121.539811, 36.921076 ], [ -121.539827, 36.921043 ], [ -121.539914, 36.920921 ], [ -121.540016, 36.920765 ], [ -121.540096, 36.92068 ], [ -121.540224, 36.920583 ], [ -121.540283, 36.92053 ], [ -121.540381, 36.920458 ], [ -121.540524, 36.920371 ], [ -121.540758, 36.920266 ], [ -121.541076, 36.920136 ], [ -121.541271, 36.920048 ], [ -121.541509, 36.91995 ], [ -121.541771, 36.919811 ], [ -121.541909, 36.919719 ], [ -121.542206, 36.919501 ], [ -121.542356, 36.919368 ], [ -121.54239, 36.919344 ], [ -121.542499, 36.919282 ], [ -121.542539, 36.919265 ], [ -121.542667, 36.919229 ], [ -121.542832, 36.919171 ], [ -121.543005, 36.919132 ], [ -121.543027, 36.919124 ], [ -121.543047, 36.919117 ], [ -121.543135, 36.919103 ], [ -121.543225, 36.919098 ], [ -121.54335, 36.919078 ], [ -121.543439, 36.919087 ], [ -121.543529, 36.919083 ], [ -121.543843, 36.919084 ], [ -121.543978, 36.919079 ], [ -121.544199, 36.919045 ], [ -121.544369, 36.918999 ], [ -121.544413, 36.918991 ], [ -121.54454, 36.918955 ], [ -121.544748, 36.918888 ], [ -121.544792, 36.918881 ], [ -121.544875, 36.918854 ], [ -121.544989, 36.918799 ], [ -121.545128, 36.918713 ], [ -121.545167, 36.918696 ], [ -121.545271, 36.918637 ], [ -121.545388, 36.918582 ], [ -121.545419, 36.918559 ], [ -121.54568, 36.918426 ], [ -121.545737, 36.918381 ], [ -121.546033, 36.918153 ], [ -121.546391, 36.917886 ], [ -121.546677, 36.917659 ], [ -121.546778, 36.917588 ], [ -121.546852, 36.917548 ], [ -121.546985, 36.917452 ], [ -121.547025, 36.917429 ], [ -121.547096, 36.917391 ], [ -121.547136, 36.917375 ], [ -121.547546, 36.917377 ], [ -121.547586, 36.917377 ], [ -121.547635, 36.917378 ], [ -121.547902, 36.917387 ], [ -121.547991, 36.917391 ], [ -121.548009, 36.917391 ], [ -121.548065, 36.917391 ], [ -121.548084, 36.917391 ], [ -121.548109, 36.917391 ], [ -121.548126, 36.917391 ], [ -121.548169, 36.9174 ], [ -121.548305, 36.917411 ], [ -121.548394, 36.917414 ], [ -121.548522, 36.917407 ], [ -121.548614, 36.917385 ], [ -121.54877, 36.917315 ], [ -121.548837, 36.917268 ], [ -121.548908, 36.917225 ], [ -121.548989, 36.917192 ], [ -121.549019, 36.917167 ], [ -121.549089, 36.917124 ], [ -121.549566, 36.916806 ], [ -121.549631, 36.916757 ], [ -121.549654, 36.916743 ], [ -121.549702, 36.916715 ], [ -121.549785, 36.916687 ], [ -121.549817, 36.916663 ], [ -121.549925, 36.916599 ], [ -121.549991, 36.916551 ], [ -121.550029, 36.916519 ], [ -121.550142, 36.916422 ], [ -121.550395, 36.916222 ], [ -121.550547, 36.916125 ], [ -121.550607, 36.916088 ], [ -121.550644, 36.916068 ], [ -121.550782, 36.915976 ], [ -121.55082, 36.915957 ], [ -121.55126, 36.91565 ], [ -121.551337, 36.915614 ], [ -121.55138, 36.915603 ], [ -121.551512, 36.915589 ], [ -121.551601, 36.915586 ], [ -121.55169, 36.915588 ], [ -121.551956, 36.915579 ], [ -121.552045, 36.915572 ], [ -121.552176, 36.915547 ], [ -121.55222, 36.915542 ], [ -121.552307, 36.915523 ], [ -121.552342, 36.915513 ], [ -121.552975, 36.915354 ], [ -121.553079, 36.915328 ], [ -121.553167, 36.91531 ], [ -121.553208, 36.915296 ], [ -121.553246, 36.915277 ], [ -121.553415, 36.915233 ], [ -121.553493, 36.915199 ], [ -121.553559, 36.915151 ], [ -121.553617, 36.915098 ], [ -121.553653, 36.915076 ], [ -121.553681, 36.915048 ], [ -121.553728, 36.914988 ], [ -121.553777, 36.914888 ], [ -121.553831, 36.914791 ], [ -121.553977, 36.914658 ], [ -121.554499, 36.914221 ], [ -121.554615, 36.914113 ], [ -121.55468, 36.914045 ], [ -121.554739, 36.913991 ], [ -121.554838, 36.913873 ], [ -121.554859, 36.913841 ], [ -121.55489, 36.913775 ], [ -121.554934, 36.913712 ], [ -121.554946, 36.913678 ], [ -121.55503, 36.913552 ], [ -121.555099, 36.913461 ], [ -121.555112, 36.913438 ], [ -121.555156, 36.913364 ], [ -121.5555, 36.912904 ], [ -121.555556, 36.912849 ], [ -121.55558, 36.912819 ], [ -121.555613, 36.912753 ], [ -121.555732, 36.912602 ], [ -121.555784, 36.912544 ], [ -121.555841, 36.91249 ], [ -121.555917, 36.912403 ], [ -121.556013, 36.912283 ], [ -121.556069, 36.912228 ], [ -121.556116, 36.912169 ], [ -121.55618, 36.912076 ], [ -121.55632, 36.911938 ], [ -121.556804, 36.911563 ], [ -121.557075, 36.911375 ], [ -121.557168, 36.911298 ], [ -121.557331, 36.911174 ], [ -121.557366, 36.911152 ], [ -121.557556, 36.911057 ], [ -121.557703, 36.910975 ], [ -121.557966, 36.910838 ], [ -121.557997, 36.910812 ], [ -121.558066, 36.910766 ], [ -121.558328, 36.910571 ], [ -121.558452, 36.910468 ], [ -121.558522, 36.910376 ], [ -121.558577, 36.91032 ], [ -121.558662, 36.910156 ], [ -121.558764, 36.909922 ], [ -121.558857, 36.909501 ], [ -121.558926, 36.909223 ], [ -121.558961, 36.90912 ], [ -121.558965, 36.909049 ], [ -121.559017, 36.908591 ], [ -121.559022, 36.908486 ], [ -121.559021, 36.90838 ], [ -121.558966, 36.907856 ], [ -121.558953, 36.907291 ], [ -121.558945, 36.907231 ], [ -121.558956, 36.907196 ], [ -121.558966, 36.907019 ], [ -121.558997, 36.906701 ], [ -121.559099, 36.906242 ], [ -121.559106, 36.906211 ], [ -121.559128, 36.906142 ], [ -121.559171, 36.905967 ], [ -121.559186, 36.905933 ], [ -121.559207, 36.905865 ], [ -121.559227, 36.905759 ], [ -121.559269, 36.905659 ], [ -121.559302, 36.905593 ], [ -121.559339, 36.905491 ], [ -121.559371, 36.905425 ], [ -121.559425, 36.90529 ], [ -121.5595, 36.905049 ], [ -121.559535, 36.904946 ], [ -121.559554, 36.904914 ], [ -121.559593, 36.904812 ], [ -121.559625, 36.904709 ], [ -121.559709, 36.904626 ], [ -121.559799, 36.904547 ], [ -121.559821, 36.904516 ], [ -121.559895, 36.904312 ], [ -121.559928, 36.904245 ], [ -121.559992, 36.904002 ], [ -121.560009, 36.903896 ], [ -121.56003, 36.903827 ], [ -121.560063, 36.90365 ], [ -121.5601, 36.903495 ], [ -121.560114, 36.903462 ], [ -121.56014, 36.903285 ], [ -121.560159, 36.903072 ], [ -121.56017, 36.902754 ], [ -121.560173, 36.902365 ], [ -121.560169, 36.902295 ], [ -121.560186, 36.902047 ], [ -121.560185, 36.901906 ], [ -121.560138, 36.900919 ], [ -121.560121, 36.900707 ], [ -121.560072, 36.900248 ], [ -121.560059, 36.900213 ], [ -121.559987, 36.899612 ], [ -121.55997, 36.899364 ], [ -121.559959, 36.898866 ], [ -121.559964, 36.898724 ], [ -121.559963, 36.898546 ], [ -121.559992, 36.897941 ], [ -121.560022, 36.897801 ], [ -121.560032, 36.89773 ], [ -121.56006, 36.897588 ], [ -121.560088, 36.897448 ], [ -121.560108, 36.897379 ], [ -121.560172, 36.897246 ], [ -121.560259, 36.897121 ], [ -121.560272, 36.897111 ], [ -121.562901, 36.896252 ], [ -121.562943, 36.896265 ], [ -121.563077, 36.896283 ], [ -121.563122, 36.896285 ], [ -121.563257, 36.896275 ], [ -121.563392, 36.896273 ], [ -121.563794, 36.896323 ], [ -121.563837, 36.896335 ], [ -121.563881, 36.89634 ], [ -121.564106, 36.896345 ], [ -121.564284, 36.89637 ], [ -121.564597, 36.896386 ], [ -121.565046, 36.896431 ], [ -121.565219, 36.896467 ], [ -121.56564, 36.896585 ], [ -121.565815, 36.896613 ], [ -121.565898, 36.896641 ], [ -121.566141, 36.896734 ], [ -121.566219, 36.89677 ], [ -121.566293, 36.89681 ], [ -121.566362, 36.896855 ], [ -121.566394, 36.896881 ], [ -121.566469, 36.89692 ], [ -121.566554, 36.896942 ], [ -121.566923, 36.897073 ], [ -121.56751, 36.897107 ], [ -121.56769, 36.897112 ], [ -121.567868, 36.897133 ], [ -121.567955, 36.897151 ], [ -121.568043, 36.897163 ], [ -121.568356, 36.897178 ], [ -121.568489, 36.897191 ], [ -121.568576, 36.897206 ], [ -121.568707, 36.897222 ], [ -121.568794, 36.897226 ], [ -121.569105, 36.89723 ], [ -121.569192, 36.897237 ], [ -121.569281, 36.897237 ], [ -121.569505, 36.897218 ], [ -121.569775, 36.897207 ], [ -121.569864, 36.897215 ], [ -121.569998, 36.897219 ], [ -121.570515, 36.897218 ], [ -121.570601, 36.8972 ], [ -121.571132, 36.897125 ], [ -121.571304, 36.897092 ], [ -121.571394, 36.897075 ], [ -121.571479, 36.897052 ], [ -121.571519, 36.897036 ], [ -121.571595, 36.896997 ], [ -121.571635, 36.896982 ], [ -121.57171, 36.896943 ], [ -121.571778, 36.896897 ], [ -121.571853, 36.896859 ], [ -121.572097, 36.8967 ], [ -121.572204, 36.896636 ], [ -121.572282, 36.896601 ], [ -121.572315, 36.896577 ], [ -121.57239, 36.896538 ], [ -121.572434, 36.89653 ], [ -121.572559, 36.896492 ], [ -121.572635, 36.896453 ], [ -121.572826, 36.896303 ], [ -121.572949, 36.8962 ], [ -121.573153, 36.896011 ], [ -121.573188, 36.895989 ], [ -121.573415, 36.89582 ], [ -121.573484, 36.895775 ], [ -121.573681, 36.895631 ], [ -121.573741, 36.89558 ], [ -121.573777, 36.895559 ], [ -121.573807, 36.895532 ], [ -121.573831, 36.895502 ], [ -121.573912, 36.895418 ], [ -121.573943, 36.895392 ], [ -121.573997, 36.895336 ], [ -121.574082, 36.895211 ], [ -121.574172, 36.89505 ], [ -121.574196, 36.894982 ], [ -121.574241, 36.894808 ], [ -121.574272, 36.894743 ], [ -121.574352, 36.894616 ], [ -121.574385, 36.89455 ], [ -121.574392, 36.894515 ], [ -121.574468, 36.894387 ], [ -121.574493, 36.89432 ], [ -121.574512, 36.894288 ], [ -121.574517, 36.894253 ], [ -121.574554, 36.894114 ], [ -121.574615, 36.893945 ], [ -121.574646, 36.893879 ], [ -121.57467, 36.893811 ], [ -121.574782, 36.893581 ], [ -121.57483, 36.893521 ], [ -121.57494, 36.893409 ], [ -121.575014, 36.893322 ], [ -121.575047, 36.893299 ], [ -121.575106, 36.893246 ], [ -121.575265, 36.893124 ], [ -121.575402, 36.893033 ], [ -121.575444, 36.893019 ], [ -121.575596, 36.892983 ], [ -121.57564, 36.892976 ], [ -121.575725, 36.893 ], [ -121.575763, 36.893019 ], [ -121.575797, 36.893043 ], [ -121.575918, 36.893147 ], [ -121.576115, 36.893339 ], [ -121.576146, 36.893365 ], [ -121.576229, 36.893389 ], [ -121.576359, 36.893418 ], [ -121.576446, 36.893433 ], [ -121.576529, 36.893461 ], [ -121.576711, 36.893563 ], [ -121.576742, 36.893589 ], [ -121.576817, 36.893677 ], [ -121.576862, 36.893739 ], [ -121.576907, 36.893838 ], [ -121.576917, 36.893872 ], [ -121.576961, 36.893972 ], [ -121.577018, 36.894068 ], [ -121.577043, 36.894097 ], [ -121.577071, 36.894165 ], [ -121.57724, 36.894373 ], [ -121.577321, 36.894458 ], [ -121.577601, 36.894689 ], [ -121.577737, 36.894782 ], [ -121.577811, 36.894822 ], [ -121.577917, 36.894888 ], [ -121.57805, 36.894984 ], [ -121.578196, 36.895119 ], [ -121.578405, 36.895302 ], [ -121.578458, 36.895359 ], [ -121.578667, 36.895542 ], [ -121.578753, 36.895623 ], [ -121.578805, 36.895681 ], [ -121.578889, 36.895763 ], [ -121.57892, 36.895788 ], [ -121.578995, 36.895877 ], [ -121.579083, 36.896002 ], [ -121.579113, 36.896068 ], [ -121.579137, 36.896098 ], [ -121.57926, 36.896288 ], [ -121.57929, 36.896354 ], [ -121.579314, 36.896385 ], [ -121.579368, 36.89644 ], [ -121.579387, 36.896472 ], [ -121.579495, 36.896584 ], [ -121.579619, 36.896731 ], [ -121.57966, 36.896832 ], [ -121.579685, 36.896936 ], [ -121.579689, 36.896972 ], [ -121.579709, 36.89704 ], [ -121.579828, 36.897378 ], [ -121.579859, 36.897444 ], [ -121.579898, 36.897544 ], [ -121.579918, 36.897612 ], [ -121.57994, 36.897752 ], [ -121.579994, 36.897995 ], [ -121.580079, 36.898159 ], [ -121.580104, 36.898188 ], [ -121.580153, 36.898286 ], [ -121.58032, 36.898495 ], [ -121.580349, 36.898522 ], [ -121.580618, 36.898711 ], [ -121.580903, 36.898939 ], [ -121.581354, 36.899152 ], [ -121.581455, 36.900252 ], [ -121.581453, 36.900401 ], [ -121.581449, 36.900554 ], [ -121.581438, 36.901227 ], [ -121.581426, 36.901976 ], [ -121.581243, 36.913611 ], [ -121.58116, 36.91889 ], [ -121.581154, 36.919252 ], [ -121.583529, 36.919252 ], [ -121.590154, 36.919252 ], [ -121.590321, 36.925022 ], [ -121.590354, 36.926151 ], [ -121.596419, 36.926114 ], [ -121.607155, 36.926051 ], [ -121.609918, 36.928311 ], [ -121.615356, 36.932761 ], [ -121.615551, 36.93292 ], [ -121.62112, 36.937477 ], [ -121.624755, 36.940451 ], [ -121.624738, 36.940207 ], [ -121.62473, 36.940094 ], [ -121.624411, 36.939615 ], [ -121.624235, 36.939072 ], [ -121.624048, 36.938494 ], [ -121.624686, 36.938927 ], [ -121.626055, 36.939845 ], [ -121.626055, 36.939797 ], [ -121.626924, 36.939944 ], [ -121.629532, 36.940385 ], [ -121.630402, 36.940532 ], [ -121.63046, 36.940544 ], [ -121.631701, 36.939461 ], [ -121.631856, 36.939253 ], [ -121.637055, 36.939053 ], [ -121.637756, 36.938551 ], [ -121.63807, 36.938293 ], [ -121.638856, 36.937651 ], [ -121.639055, 36.937684 ], [ -121.639456, 36.937751 ], [ -121.639656, 36.937851 ], [ -121.640356, 36.937551 ], [ -121.642256, 36.936351 ], [ -121.641856, 36.934951 ], [ -121.641968, 36.934934 ], [ -121.641344, 36.933141 ], [ -121.641025, 36.932224 ], [ -121.641414, 36.932232 ], [ -121.642876, 36.932264 ], [ -121.645744, 36.932328 ], [ -121.645791, 36.93233 ], [ -121.646809, 36.933876 ], [ -121.647218, 36.934551 ], [ -121.648446, 36.936576 ], [ -121.648856, 36.937251 ], [ -121.649998, 36.938474 ], [ -121.653056, 36.941751 ], [ -121.653226, 36.942263 ], [ -121.653756, 36.943851 ], [ -121.654056, 36.944751 ], [ -121.652856, 36.945751 ], [ -121.652271, 36.947628 ], [ -121.653675, 36.947717 ], [ -121.654038, 36.950584 ], [ -121.655119, 36.95105 ], [ -121.657557, 36.950651 ], [ -121.658357, 36.950551 ], [ -121.658957, 36.950651 ], [ -121.660095, 36.951132 ], [ -121.661557, 36.951751 ], [ -121.663257, 36.951851 ], [ -121.663269, 36.952271 ], [ -121.663307, 36.953507 ], [ -121.663763, 36.954234 ], [ -121.66433, 36.95514 ], [ -121.663646, 36.956485 ], [ -121.663257, 36.957251 ], [ -121.662996, 36.958487 ], [ -121.662857, 36.959151 ], [ -121.663957, 36.960651 ], [ -121.664106, 36.961896 ], [ -121.664257, 36.963151 ], [ -121.664363, 36.963263 ], [ -121.664681, 36.963601 ], [ -121.664787, 36.963714 ], [ -121.666118, 36.964334 ], [ -121.66613, 36.96434 ], [ -121.66993, 36.963641 ], [ -121.670414, 36.963855 ], [ -121.671757, 36.964451 ], [ -121.671962, 36.964409 ], [ -121.672257, 36.964351 ], [ -121.672379, 36.964656 ], [ -121.672457, 36.964851 ], [ -121.672579, 36.965218 ], [ -121.672657, 36.965451 ], [ -121.67357, 36.96538 ], [ -121.673957, 36.965351 ], [ -121.674411, 36.965351 ], [ -121.674757, 36.965351 ], [ -121.67568, 36.965777 ], [ -121.676093, 36.965968 ], [ -121.676493, 36.96582 ], [ -121.677235, 36.965547 ], [ -121.677195, 36.966035 ], [ -121.677162, 36.966461 ], [ -121.677255, 36.966504 ], [ -121.677357, 36.966551 ], [ -121.677357, 36.966748 ], [ -121.677357, 36.966851 ], [ -121.678062, 36.967633 ], [ -121.678258, 36.96785 ], [ -121.68111, 36.967558 ], [ -121.682158, 36.967451 ], [ -121.682846, 36.967267 ], [ -121.683658, 36.967051 ], [ -121.684949, 36.96718 ], [ -121.685658, 36.967251 ], [ -121.686456, 36.96741 ], [ -121.686658, 36.967451 ], [ -121.687758, 36.966951 ], [ -121.688762, 36.967174 ], [ -121.689558, 36.967351 ], [ -121.689715, 36.967351 ], [ -121.690158, 36.967351 ], [ -121.690178, 36.967371 ], [ -121.69029, 36.967483 ], [ -121.691774, 36.967843 ], [ -121.692353, 36.967998 ], [ -121.693303, 36.96823 ], [ -121.693578, 36.968504 ], [ -121.694032, 36.968957 ], [ -121.694721, 36.969437 ], [ -121.695211, 36.969917 ], [ -121.695831, 36.97045 ], [ -121.69659, 36.971124 ], [ -121.697149, 36.971488 ], [ -121.697829, 36.972098 ], [ -121.698129, 36.972605 ], [ -121.698258, 36.973385 ], [ -121.698308, 36.974048 ], [ -121.698428, 36.974984 ], [ -121.698119, 36.975948 ], [ -121.697899, 36.976756 ], [ -121.697885, 36.976818 ], [ -121.697679, 36.977745 ], [ -121.697289, 36.978488 ], [ -121.69692, 36.9791 ], [ -121.696197, 36.979778 ], [ -121.696201, 36.979934 ], [ -121.696216, 36.980403 ], [ -121.696222, 36.98056 ], [ -121.696658, 36.98135 ], [ -121.695258, 36.98275 ], [ -121.695265, 36.98293 ], [ -121.695358, 36.98515 ], [ -121.699658, 36.98625 ], [ -121.701159, 36.98615 ], [ -121.702182, 36.986173 ], [ -121.705244, 36.986245 ], [ -121.705387, 36.987932 ], [ -121.705509, 36.98936 ], [ -121.707299, 36.989719 ], [ -121.708489, 36.990033 ], [ -121.70903, 36.990266 ], [ -121.70981, 36.990603 ], [ -121.70986, 36.98976 ], [ -121.710028, 36.989752 ], [ -121.710532, 36.989728 ], [ -121.7107, 36.98972 ], [ -121.711375, 36.990581 ], [ -121.711255, 36.99097 ], [ -121.710995, 36.991819 ], [ -121.710405, 36.992341 ], [ -121.710918, 36.993066 ], [ -121.712858, 36.993113 ], [ -121.71436, 36.99315 ], [ -121.71458, 36.99312 ], [ -121.71466, 36.99313 ], [ -121.71491, 36.99322 ], [ -121.71524, 36.99335 ], [ -121.7153, 36.99339 ], [ -121.71547, 36.99345 ], [ -121.715775, 36.993576 ], [ -121.71613, 36.99372 ], [ -121.71646, 36.99386 ], [ -121.71685, 36.994 ], [ -121.71709, 36.99407 ], [ -121.717191, 36.994158 ], [ -121.717329, 36.994299 ], [ -121.717519, 36.994522 ], [ -121.717613, 36.994607 ], [ -121.717521, 36.994906 ], [ -121.717626, 36.994971 ], [ -121.717699, 36.995043 ], [ -121.717784, 36.995158 ], [ -121.717819, 36.995272 ], [ -121.717855, 36.995417 ], [ -121.717858, 36.995504 ], [ -121.717878, 36.995561 ], [ -121.717925, 36.995544 ], [ -121.730471, 36.990822 ], [ -121.731612, 36.990056 ], [ -121.731876, 36.989868 ], [ -121.732312, 36.989664 ], [ -121.732629, 36.989715 ], [ -121.733231, 36.989809 ], [ -121.734014, 36.989423 ], [ -121.734138, 36.989361 ], [ -121.734291, 36.989368 ], [ -121.734689, 36.989336 ], [ -121.73567, 36.989641 ], [ -121.736385, 36.989367 ], [ -121.738642, 36.989976 ], [ -121.738697, 36.989991 ], [ -121.738657, 36.990044 ], [ -121.738627, 36.990085 ], [ -121.737205, 36.99039 ], [ -121.736198, 36.990605 ], [ -121.735349, 36.990919 ], [ -121.735042, 36.991 ], [ -121.734853, 36.99105 ], [ -121.734908, 36.991275 ], [ -121.735038, 36.991783 ], [ -121.734828, 36.99223 ], [ -121.734598, 36.99242 ], [ -121.734184, 36.992766 ], [ -121.733522, 36.992745 ], [ -121.733094, 36.992713 ], [ -121.732525, 36.992729 ], [ -121.732308, 36.992762 ], [ -121.732126, 36.992723 ], [ -121.731328, 36.992709 ], [ -121.730705, 36.992946 ], [ -121.730151, 36.993326 ], [ -121.729807, 36.993555 ], [ -121.729672, 36.993851 ], [ -121.729661, 36.99454 ], [ -121.729008, 36.995347 ], [ -121.728788, 36.995993 ], [ -121.728346, 36.99682 ], [ -121.72896, 36.99725 ], [ -121.729624, 36.997872 ], [ -121.72758, 36.999694 ], [ -121.719412, 37.006977 ], [ -121.718943, 37.007396 ], [ -121.718868, 37.007462 ], [ -121.718762, 37.007557 ], [ -121.718871, 37.007595 ], [ -121.721383, 37.008474 ], [ -121.721636, 37.008564 ], [ -121.722396, 37.008834 ], [ -121.72265, 37.008924 ], [ -121.723578, 37.009665 ], [ -121.726566, 37.012054 ], [ -121.72727, 37.010817 ], [ -121.727815, 37.009862 ], [ -121.736186, 37.015342 ], [ -121.73464, 37.017586 ], [ -121.731531, 37.0221 ], [ -121.731313, 37.022417 ], [ -121.730439, 37.022218 ], [ -121.730814, 37.020324 ], [ -121.72869, 37.019926 ], [ -121.728315, 37.020922 ], [ -121.727806, 37.020867 ], [ -121.726279, 37.020704 ], [ -121.725771, 37.02065 ], [ -121.725781, 37.020678 ], [ -121.725814, 37.020764 ], [ -121.72582, 37.02078 ], [ -121.725826, 37.020793 ], [ -121.72606, 37.02126 ], [ -121.72658, 37.02189 ], [ -121.72667, 37.02197 ], [ -121.72678, 37.02209 ], [ -121.726915, 37.022195 ], [ -121.72696, 37.02223 ], [ -121.72723, 37.02242 ], [ -121.72749, 37.02259 ], [ -121.72782, 37.02275 ], [ -121.72904, 37.02322 ], [ -121.72925, 37.02333 ], [ -121.72989, 37.02356 ], [ -121.73039, 37.02377 ], [ -121.73109, 37.02405 ], [ -121.731833, 37.024339 ], [ -121.73204, 37.02442 ], [ -121.73303, 37.02479 ], [ -121.73351, 37.02498 ], [ -121.733623, 37.025026 ], [ -121.733965, 37.025164 ], [ -121.73408, 37.02521 ], [ -121.73524, 37.025664 ], [ -121.73584, 37.0259 ], [ -121.73661, 37.02619 ], [ -121.73744, 37.02652 ], [ -121.73864, 37.02697 ], [ -121.73873, 37.027008 ], [ -121.739077, 37.027157 ], [ -121.73913, 37.02718 ], [ -121.73932, 37.02731 ], [ -121.739765, 37.027684 ], [ -121.740542, 37.028427 ], [ -121.740806, 37.028679 ], [ -121.74088, 37.02875 ], [ -121.74178, 37.02963 ], [ -121.74238, 37.03024 ], [ -121.74259, 37.03055 ], [ -121.74277, 37.03089 ], [ -121.74299, 37.03127 ], [ -121.74344, 37.03203 ], [ -121.743452, 37.032053 ], [ -121.743924, 37.032923 ], [ -121.74414, 37.03332 ], [ -121.744335, 37.033672 ], [ -121.746361, 37.034749 ], [ -121.746827, 37.035749 ], [ -121.747558, 37.037315 ], [ -121.747761, 37.037749 ], [ -121.752355, 37.0438 ], [ -121.752339, 37.044086 ] ] ] } },
{ "type": "Feature", "properties": { "STATEFP": "06", "UNSDLEA": "29610", "GEOID": "0629610", "GEOIDFQ": "9700000US0629610", "NAME": "Palo Alto Unified School District", "LSAD": "00", "LOGRADE": "KG", "HIGRADE": "12", "MTFCC": "G5420", "SDTYP": null, "FUNCSTAT": "E", "ALAND": 71456096, "AWATER": 1708240, "INTPTLAT": "+37.4105179", "INTPTLON": "-122.1515620" }, "geometry": { "type": "Polygon", "coordinates": [ [ [ -122.202598, 37.363217 ], [ -122.202267, 37.363821 ], [ -122.202233, 37.363947 ], [ -122.20224, 37.36409 ], [ -122.202288, 37.36425 ], [ -122.202294, 37.36442 ], [ -122.202295, 37.364431 ], [ -122.202212, 37.364645 ], [ -122.202102, 37.364788 ], [ -122.201889, 37.365002 ], [ -122.201634, 37.365387 ], [ -122.20149, 37.365783 ], [ -122.201476, 37.36592 ], [ -122.201442, 37.366041 ], [ -122.201421, 37.366502 ], [ -122.201332, 37.366761 ], [ -122.201318, 37.367013 ], [ -122.201469, 37.367393 ], [ -122.20149, 37.367486 ], [ -122.201545, 37.367585 ], [ -122.201586, 37.367783 ], [ -122.2016, 37.368008 ], [ -122.201566, 37.368151 ], [ -122.201476, 37.368233 ], [ -122.201366, 37.368508 ], [ -122.201208, 37.369393 ], [ -122.201236, 37.369458 ], [ -122.201236, 37.369969 ], [ -122.20127, 37.370404 ], [ -122.201201, 37.370805 ], [ -122.201112, 37.371057 ], [ -122.201057, 37.371156 ], [ -122.201007, 37.371215 ], [ -122.20094, 37.371294 ], [ -122.20083, 37.371508 ], [ -122.200807, 37.371589 ], [ -122.200706, 37.371964 ], [ -122.200644, 37.372074 ], [ -122.200472, 37.372233 ], [ -122.200128, 37.37242 ], [ -122.200031, 37.372448 ], [ -122.199984, 37.372451 ], [ -122.199832, 37.372464 ], [ -122.199563, 37.372525 ], [ -122.19951, 37.372548 ], [ -122.199357, 37.372618 ], [ -122.199328, 37.372671 ], [ -122.19926, 37.372794 ], [ -122.199208, 37.372972 ], [ -122.199198, 37.373008 ], [ -122.199219, 37.373167 ], [ -122.199288, 37.373288 ], [ -122.199288, 37.373563 ], [ -122.199357, 37.37375 ], [ -122.19936, 37.373916 ], [ -122.199361, 37.373932 ], [ -122.199364, 37.374047 ], [ -122.199346, 37.374242 ], [ -122.199329, 37.37442 ], [ -122.199185, 37.374669 ], [ -122.199157, 37.374717 ], [ -122.199077, 37.374824 ], [ -122.198979, 37.37494 ], [ -122.198732, 37.375198 ], [ -122.198581, 37.375324 ], [ -122.197892, 37.375593 ], [ -122.197376, 37.376077 ], [ -122.197052, 37.376335 ], [ -122.196901, 37.376544 ], [ -122.196749, 37.376846 ], [ -122.19672, 37.37687 ], [ -122.196708, 37.376929 ], [ -122.196701, 37.377108 ], [ -122.1967, 37.377369 ], [ -122.196676, 37.377535 ], [ -122.196598, 37.377639 ], [ -122.196454, 37.377739 ], [ -122.196349, 37.377791 ], [ -122.196234, 37.37788 ], [ -122.19612, 37.37814 ], [ -122.195966, 37.378733 ], [ -122.195767, 37.379091 ], [ -122.195509, 37.379461 ], [ -122.195128, 37.379859 ], [ -122.194989, 37.380078 ], [ -122.194892, 37.380465 ], [ -122.194846, 37.380665 ], [ -122.194754, 37.380872 ], [ -122.194545, 37.381122 ], [ -122.194229, 37.381371 ], [ -122.194059, 37.381577 ], [ -122.193894, 37.381881 ], [ -122.193817, 37.382031 ], [ -122.193726, 37.382239 ], [ -122.19372, 37.382253 ], [ -122.193571, 37.382401 ], [ -122.193099, 37.382737 ], [ -122.192213, 37.383561 ], [ -122.191985, 37.383747 ], [ -122.191503, 37.384099 ], [ -122.191276, 37.384214 ], [ -122.191008, 37.384401 ], [ -122.190904, 37.384511 ], [ -122.190815, 37.384681 ], [ -122.190773, 37.384868 ], [ -122.190622, 37.38511 ], [ -122.190505, 37.385253 ], [ -122.190498, 37.385429 ], [ -122.190581, 37.385588 ], [ -122.191001, 37.385918 ], [ -122.191076, 37.386039 ], [ -122.191063, 37.386176 ], [ -122.190973, 37.386412 ], [ -122.190842, 37.386692 ], [ -122.190774, 37.386896 ], [ -122.190794, 37.38739 ], [ -122.190829, 37.387489 ], [ -122.19096, 37.387681 ], [ -122.191111, 37.387973 ], [ -122.191125, 37.388148 ], [ -122.191022, 37.388489 ], [ -122.191015, 37.388583 ], [ -122.191042, 37.388648 ], [ -122.191022, 37.388764 ], [ -122.190973, 37.388813 ], [ -122.190622, 37.388907 ], [ -122.190422, 37.388984 ], [ -122.190354, 37.389039 ], [ -122.190319, 37.389121 ], [ -122.190278, 37.389412 ], [ -122.190305, 37.3895 ], [ -122.190608, 37.389885 ], [ -122.190636, 37.39 ], [ -122.190622, 37.390374 ], [ -122.190567, 37.390528 ], [ -122.190354, 37.390654 ], [ -122.190209, 37.390714 ], [ -122.190133, 37.390758 ], [ -122.190133, 37.390907 ], [ -122.190154, 37.390967 ], [ -122.19014, 37.391072 ], [ -122.190064, 37.391148 ], [ -122.189934, 37.391192 ], [ -122.189699, 37.391181 ], [ -122.18961, 37.391214 ], [ -122.189575, 37.39128 ], [ -122.189596, 37.391401 ], [ -122.189693, 37.391533 ], [ -122.189748, 37.391918 ], [ -122.18983, 37.392121 ], [ -122.189878, 37.392242 ], [ -122.190009, 37.392467 ], [ -122.190175, 37.392868 ], [ -122.190161, 37.393006 ], [ -122.190051, 37.393176 ], [ -122.190009, 37.393275 ], [ -122.190016, 37.393517 ], [ -122.190051, 37.393615 ], [ -122.190133, 37.393747 ], [ -122.190154, 37.393846 ], [ -122.190113, 37.394116 ], [ -122.190085, 37.394165 ], [ -122.190037, 37.394198 ], [ -122.190037, 37.394357 ], [ -122.190113, 37.394539 ], [ -122.190099, 37.394643 ], [ -122.190016, 37.394797 ], [ -122.190016, 37.394857 ], [ -122.19012, 37.395011 ], [ -122.190354, 37.395181 ], [ -122.191111, 37.395484 ], [ -122.191221, 37.395583 ], [ -122.191283, 37.395692 ], [ -122.19127, 37.396143 ], [ -122.191352, 37.396308 ], [ -122.191586, 37.396582 ], [ -122.19169, 37.396758 ], [ -122.191848, 37.397187 ], [ -122.191858, 37.397504 ], [ -122.191862, 37.397643 ], [ -122.191766, 37.398137 ], [ -122.191662, 37.398335 ], [ -122.191538, 37.398484 ], [ -122.191497, 37.398583 ], [ -122.19149, 37.398758 ], [ -122.191779, 37.399802 ], [ -122.191798, 37.399839 ], [ -122.191856, 37.399951 ], [ -122.191876, 37.399989 ], [ -122.192034, 37.40017 ], [ -122.192268, 37.400714 ], [ -122.192255, 37.400852 ], [ -122.192122, 37.401136 ], [ -122.192117, 37.401148 ], [ -122.192131, 37.401429 ], [ -122.192172, 37.401522 ], [ -122.192206, 37.401665 ], [ -122.192317, 37.401901 ], [ -122.192427, 37.402478 ], [ -122.192606, 37.404187 ], [ -122.192716, 37.404434 ], [ -122.19296, 37.404839 ], [ -122.193164, 37.405176 ], [ -122.193295, 37.405335 ], [ -122.193466, 37.405652 ], [ -122.193608, 37.405914 ], [ -122.19363, 37.40593 ], [ -122.193625, 37.405945 ], [ -122.193646, 37.406022 ], [ -122.193784, 37.406214 ], [ -122.193805, 37.406297 ], [ -122.193935, 37.406484 ], [ -122.194177, 37.406956 ], [ -122.194239, 37.407148 ], [ -122.194445, 37.40761 ], [ -122.194508, 37.407825 ], [ -122.19454, 37.407934 ], [ -122.194539, 37.407943 ], [ -122.194536, 37.40796 ], [ -122.19453, 37.407972 ], [ -122.194507, 37.407989 ], [ -122.194488, 37.408044 ], [ -122.194439, 37.408188 ], [ -122.194363, 37.408741 ], [ -122.194331, 37.408867 ], [ -122.194195, 37.409088 ], [ -122.194093, 37.40937 ], [ -122.193923, 37.410176 ], [ -122.193913, 37.41041 ], [ -122.193924, 37.410474 ], [ -122.193878, 37.411151 ], [ -122.193827, 37.411275 ], [ -122.193608, 37.41167 ], [ -122.193553, 37.411691 ], [ -122.193507, 37.41177 ], [ -122.19289, 37.412271 ], [ -122.192395, 37.4126 ], [ -122.192208, 37.412762 ], [ -122.192126, 37.412938 ], [ -122.192108, 37.413099 ], [ -122.192184, 37.413367 ], [ -122.192355, 37.41363 ], [ -122.192365, 37.413868 ], [ -122.192338, 37.413912 ], [ -122.192206, 37.413968 ], [ -122.192131, 37.414 ], [ -122.191608, 37.414154 ], [ -122.191387, 37.414192 ], [ -122.190595, 37.414187 ], [ -122.189555, 37.414445 ], [ -122.189135, 37.414517 ], [ -122.188853, 37.414537 ], [ -122.18883, 37.414466 ], [ -122.188129, 37.414621 ], [ -122.187647, 37.414747 ], [ -122.187557, 37.414841 ], [ -122.187553, 37.415293 ], [ -122.187464, 37.415633 ], [ -122.187214, 37.416105 ], [ -122.187159, 37.416335 ], [ -122.187194, 37.416547 ], [ -122.187345, 37.416721 ], [ -122.187411, 37.416816 ], [ -122.187556, 37.416965 ], [ -122.187787, 37.417101 ], [ -122.187967, 37.417165 ], [ -122.188801, 37.417133 ], [ -122.18906, 37.417166 ], [ -122.189302, 37.417258 ], [ -122.18959, 37.417471 ], [ -122.189711, 37.417634 ], [ -122.190032, 37.417983 ], [ -122.190094, 37.418068 ], [ -122.190163, 37.418196 ], [ -122.190267, 37.418477 ], [ -122.190249, 37.418636 ], [ -122.190166, 37.418812 ], [ -122.190118, 37.418853 ], [ -122.190005, 37.4189 ], [ -122.189891, 37.418919 ], [ -122.189658, 37.418907 ], [ -122.189162, 37.418923 ], [ -122.188976, 37.418962 ], [ -122.188783, 37.419038 ], [ -122.188563, 37.41917 ], [ -122.188205, 37.419478 ], [ -122.188184, 37.419512 ], [ -122.188122, 37.419616 ], [ -122.188102, 37.419651 ], [ -122.187998, 37.419824 ], [ -122.18798, 37.419865 ], [ -122.187915, 37.420016 ], [ -122.187915, 37.420187 ], [ -122.188, 37.420582 ], [ -122.188053, 37.420824 ], [ -122.188067, 37.421033 ], [ -122.188136, 37.421368 ], [ -122.188136, 37.421462 ], [ -122.188148, 37.421527 ], [ -122.188294, 37.422302 ], [ -122.188384, 37.422467 ], [ -122.18848, 37.422582 ], [ -122.188604, 37.42267 ], [ -122.188887, 37.422835 ], [ -122.189341, 37.423109 ], [ -122.189596, 37.423264 ], [ -122.189919, 37.423524 ], [ -122.190116, 37.423683 ], [ -122.19014, 37.423703 ], [ -122.190203, 37.42372 ], [ -122.190581, 37.424 ], [ -122.190707, 37.424149 ], [ -122.19074, 37.424187 ], [ -122.19084, 37.424365 ], [ -122.190857, 37.424396 ], [ -122.190881, 37.424428 ], [ -122.191021, 37.42461 ], [ -122.191068, 37.424671 ], [ -122.19114, 37.424764 ], [ -122.191305, 37.425187 ], [ -122.191325, 37.425302 ], [ -122.191312, 37.42545 ], [ -122.191287, 37.425497 ], [ -122.191229, 37.42561 ], [ -122.191084, 37.425808 ], [ -122.190423, 37.426335 ], [ -122.18981, 37.426912 ], [ -122.18961, 37.427137 ], [ -122.189493, 37.427341 ], [ -122.189464, 37.427413 ], [ -122.189445, 37.427461 ], [ -122.189479, 37.427736 ], [ -122.189548, 37.427852 ], [ -122.189734, 37.428038 ], [ -122.189803, 37.428187 ], [ -122.18982, 37.428315 ], [ -122.189868, 37.428658 ], [ -122.189874, 37.4287 ], [ -122.189879, 37.428736 ], [ -122.189879, 37.42883 ], [ -122.189879, 37.428846 ], [ -122.189934, 37.429132 ], [ -122.190099, 37.429522 ], [ -122.190092, 37.429566 ], [ -122.19012, 37.429593 ], [ -122.190299, 37.430324 ], [ -122.190416, 37.430604 ], [ -122.190488, 37.430889 ], [ -122.190506, 37.430956 ], [ -122.190526, 37.431286 ], [ -122.190402, 37.431472 ], [ -122.190306, 37.431538 ], [ -122.190072, 37.431659 ], [ -122.189831, 37.431731 ], [ -122.189448, 37.431759 ], [ -122.189169, 37.43178 ], [ -122.188776, 37.431884 ], [ -122.188556, 37.431972 ], [ -122.188411, 37.43206 ], [ -122.188122, 37.432357 ], [ -122.187943, 37.432654 ], [ -122.187825, 37.433115 ], [ -122.187756, 37.433225 ], [ -122.187653, 37.433313 ], [ -122.187357, 37.433362 ], [ -122.186785, 37.433478 ], [ -122.186482, 37.433516 ], [ -122.185924, 37.433648 ], [ -122.185432, 37.433723 ], [ -122.185131, 37.433769 ], [ -122.184828, 37.433923 ], [ -122.184559, 37.434093 ], [ -122.184422, 37.434225 ], [ -122.183834, 37.435048 ], [ -122.183798, 37.435097 ], [ -122.183692, 37.435246 ], [ -122.183657, 37.435296 ], [ -122.183586, 37.435419 ], [ -122.183422, 37.435708 ], [ -122.183391, 37.435796 ], [ -122.183346, 37.435931 ], [ -122.183298, 37.436071 ], [ -122.183278, 37.436258 ], [ -122.183285, 37.436434 ], [ -122.183347, 37.436593 ], [ -122.183484, 37.436714 ], [ -122.183505, 37.436758 ], [ -122.183491, 37.436923 ], [ -122.183345, 37.437092 ], [ -122.183133, 37.43734 ], [ -122.18283, 37.437802 ], [ -122.182781, 37.437967 ], [ -122.182706, 37.438511 ], [ -122.182492, 37.439104 ], [ -122.182299, 37.439362 ], [ -122.182175, 37.439478 ], [ -122.182009, 37.439571 ], [ -122.181782, 37.439637 ], [ -122.181644, 37.439626 ], [ -122.181486, 37.439571 ], [ -122.181279, 37.439401 ], [ -122.181105, 37.439328 ], [ -122.180976, 37.439274 ], [ -122.180576, 37.43923 ], [ -122.180135, 37.439313 ], [ -122.17986, 37.439461 ], [ -122.179694, 37.439604 ], [ -122.179543, 37.439785 ], [ -122.179488, 37.439897 ], [ -122.179425, 37.440027 ], [ -122.179412, 37.440368 ], [ -122.179549, 37.440554 ], [ -122.179804, 37.44084 ], [ -122.179839, 37.440906 ], [ -122.179832, 37.440994 ], [ -122.17979, 37.441021 ], [ -122.179653, 37.441054 ], [ -122.179368, 37.441057 ], [ -122.179212, 37.44106 ], [ -122.178791, 37.441016 ], [ -122.178429, 37.441022 ], [ -122.178137, 37.441027 ], [ -122.17784, 37.441082 ], [ -122.177369, 37.441222 ], [ -122.177179, 37.441279 ], [ -122.17703, 37.441344 ], [ -122.176894, 37.441475 ], [ -122.176629, 37.441734 ], [ -122.176431, 37.441731 ], [ -122.176242, 37.441729 ], [ -122.17621, 37.441731 ], [ -122.176114, 37.441738 ], [ -122.176083, 37.441741 ], [ -122.175993, 37.441767 ], [ -122.175856, 37.441807 ], [ -122.175733, 37.441869 ], [ -122.175704, 37.441884 ], [ -122.175672, 37.441936 ], [ -122.175644, 37.441982 ], [ -122.175628, 37.44201 ], [ -122.17561, 37.44214 ], [ -122.175603, 37.442194 ], [ -122.175587, 37.442312 ], [ -122.175483, 37.442576 ], [ -122.175468, 37.442653 ], [ -122.175463, 37.442686 ], [ -122.175421, 37.442763 ], [ -122.175393, 37.442786 ], [ -122.175312, 37.442857 ], [ -122.175285, 37.442882 ], [ -122.175255, 37.442908 ], [ -122.175165, 37.442987 ], [ -122.175136, 37.443014 ], [ -122.175065, 37.443068 ], [ -122.175015, 37.44312 ], [ -122.174911, 37.443235 ], [ -122.174893, 37.443269 ], [ -122.174853, 37.443348 ], [ -122.174753, 37.443543 ], [ -122.174753, 37.443647 ], [ -122.174773, 37.443664 ], [ -122.174787, 37.443861 ], [ -122.17467, 37.444246 ], [ -122.174525, 37.444471 ], [ -122.174146, 37.444779 ], [ -122.173491, 37.445141 ], [ -122.173216, 37.44535 ], [ -122.173057, 37.445526 ], [ -122.172492, 37.446037 ], [ -122.172196, 37.446257 ], [ -122.171927, 37.446597 ], [ -122.171816, 37.446702 ], [ -122.171706, 37.44678 ], [ -122.171692, 37.446789 ], [ -122.171565, 37.446844 ], [ -122.171541, 37.446854 ], [ -122.171469, 37.446875 ], [ -122.171356, 37.446908 ], [ -122.170944, 37.446925 ], [ -122.170787, 37.446946 ], [ -122.170553, 37.447023 ], [ -122.170303, 37.447185 ], [ -122.170142, 37.447289 ], [ -122.169441, 37.447804 ], [ -122.16929, 37.447836 ], [ -122.169241, 37.447847 ], [ -122.169142, 37.447807 ], [ -122.168983, 37.447545 ], [ -122.168903, 37.447414 ], [ -122.168868, 37.447526 ], [ -122.168747, 37.447435 ], [ -122.16846, 37.447881 ], [ -122.167954, 37.448357 ], [ -122.167798, 37.448569 ], [ -122.167633, 37.448904 ], [ -122.167577, 37.449102 ], [ -122.167577, 37.44919 ], [ -122.167639, 37.449294 ], [ -122.167709, 37.449356 ], [ -122.167812, 37.449448 ], [ -122.167874, 37.44958 ], [ -122.167887, 37.449674 ], [ -122.16788, 37.449948 ], [ -122.167763, 37.45047 ], [ -122.167625, 37.450783 ], [ -122.16746, 37.450921 ], [ -122.167246, 37.45097 ], [ -122.167047, 37.450941 ], [ -122.16684, 37.45091 ], [ -122.166757, 37.450849 ], [ -122.166654, 37.450805 ], [ -122.166495, 37.450701 ], [ -122.166371, 37.450662 ], [ -122.166137, 37.450662 ], [ -122.166102, 37.450672 ], [ -122.166068, 37.450684 ], [ -122.165951, 37.450767 ], [ -122.16582, 37.450926 ], [ -122.165744, 37.451151 ], [ -122.165668, 37.451294 ], [ -122.165613, 37.451629 ], [ -122.165502, 37.451931 ], [ -122.165488, 37.452047 ], [ -122.165418, 37.452251 ], [ -122.165302, 37.452843 ], [ -122.165226, 37.452942 ], [ -122.165164, 37.452981 ], [ -122.165068, 37.452981 ], [ -122.164868, 37.452931 ], [ -122.164737, 37.452849 ], [ -122.164661, 37.452766 ], [ -122.164523, 37.452678 ], [ -122.164303, 37.452469 ], [ -122.164227, 37.452447 ], [ -122.16411, 37.452464 ], [ -122.163972, 37.45253 ], [ -122.163926, 37.452606 ], [ -122.163869, 37.4527 ], [ -122.163861, 37.452733 ], [ -122.163848, 37.452794 ], [ -122.16371, 37.452991 ], [ -122.163599, 37.453059 ], [ -122.163586, 37.453068 ], [ -122.163463, 37.453103 ], [ -122.16309, 37.453211 ], [ -122.1629, 37.453542 ], [ -122.162789, 37.453797 ], [ -122.162769, 37.453839 ], [ -122.162716, 37.453843 ], [ -122.162695, 37.453844 ], [ -122.162457, 37.453859 ], [ -122.162378, 37.453884 ], [ -122.161503, 37.453709 ], [ -122.16114, 37.453721 ], [ -122.160926, 37.4538 ], [ -122.16079, 37.453885 ], [ -122.16075, 37.453932 ], [ -122.160707, 37.454063 ], [ -122.16074, 37.454284 ], [ -122.160738, 37.454392 ], [ -122.160732, 37.454474 ], [ -122.16067, 37.454573 ], [ -122.160532, 37.45465 ], [ -122.160436, 37.454677 ], [ -122.159519, 37.454721 ], [ -122.159271, 37.454672 ], [ -122.159188, 37.454639 ], [ -122.159071, 37.454534 ], [ -122.158982, 37.454413 ], [ -122.15892, 37.454051 ], [ -122.158803, 37.453792 ], [ -122.158679, 37.453693 ], [ -122.158499, 37.453611 ], [ -122.157686, 37.453495 ], [ -122.157245, 37.453589 ], [ -122.157183, 37.453643 ], [ -122.157176, 37.453929 ], [ -122.157135, 37.454023 ], [ -122.157059, 37.45411 ], [ -122.156852, 37.454215 ], [ -122.1567, 37.454226 ], [ -122.156266, 37.454149 ], [ -122.156142, 37.454138 ], [ -122.156039, 37.45411 ], [ -122.155791, 37.454127 ], [ -122.155708, 37.454176 ], [ -122.155664, 37.454242 ], [ -122.155611, 37.454324 ], [ -122.155591, 37.45439 ], [ -122.155625, 37.45466 ], [ -122.155654, 37.454742 ], [ -122.155715, 37.454907 ], [ -122.155727, 37.454926 ], [ -122.155764, 37.454986 ], [ -122.155777, 37.455006 ], [ -122.155804, 37.455138 ], [ -122.155812, 37.455153 ], [ -122.155894, 37.455302 ], [ -122.155928, 37.455418 ], [ -122.155914, 37.455533 ], [ -122.15588, 37.455569 ], [ -122.155838, 37.455616 ], [ -122.155762, 37.455661 ], [ -122.155712, 37.455689 ], [ -122.155613, 37.455722 ], [ -122.155548, 37.455741 ], [ -122.155493, 37.455758 ], [ -122.155064, 37.455775 ], [ -122.154825, 37.455786 ], [ -122.154425, 37.455884 ], [ -122.154046, 37.456154 ], [ -122.153922, 37.456272 ], [ -122.153646, 37.456538 ], [ -122.153614, 37.456571 ], [ -122.153593, 37.456592 ], [ -122.153533, 37.456655 ], [ -122.153513, 37.456677 ], [ -122.153446, 37.456747 ], [ -122.153404, 37.456784 ], [ -122.153122, 37.457043 ], [ -122.153075, 37.457102 ], [ -122.152981, 37.457223 ], [ -122.152701, 37.457582 ], [ -122.152543, 37.457681 ], [ -122.152342, 37.45767 ], [ -122.152212, 37.457631 ], [ -122.152143, 37.457571 ], [ -122.15206, 37.457439 ], [ -122.152012, 37.457257 ], [ -122.151957, 37.457169 ], [ -122.151867, 37.457087 ], [ -122.151799, 37.457065 ], [ -122.151109, 37.457197 ], [ -122.150861, 37.457207 ], [ -122.150158, 37.457129 ], [ -122.149958, 37.457108 ], [ -122.149317, 37.457099 ], [ -122.149051, 37.457095 ], [ -122.148738, 37.457091 ], [ -122.14849, 37.457031 ], [ -122.148353, 37.456954 ], [ -122.148285, 37.456927 ], [ -122.148118, 37.45686 ], [ -122.148051, 37.456807 ], [ -122.147859, 37.456654 ], [ -122.147815, 37.456619 ], [ -122.147615, 37.456525 ], [ -122.147477, 37.456498 ], [ -122.14716, 37.456521 ], [ -122.147112, 37.456525 ], [ -122.146918, 37.456558 ], [ -122.146761, 37.456585 ], [ -122.146457, 37.456679 ], [ -122.14635, 37.456726 ], [ -122.146202, 37.456794 ], [ -122.146009, 37.456937 ], [ -122.145913, 37.457134 ], [ -122.145906, 37.457316 ], [ -122.145961, 37.457475 ], [ -122.145954, 37.457728 ], [ -122.145898, 37.457816 ], [ -122.14574, 37.457926 ], [ -122.145497, 37.458017 ], [ -122.14514, 37.458151 ], [ -122.144933, 37.4582 ], [ -122.144874, 37.458201 ], [ -122.144544, 37.458262 ], [ -122.144407, 37.45827 ], [ -122.144214, 37.458248 ], [ -122.143995, 37.45814 ], [ -122.143787, 37.458038 ], [ -122.143638, 37.458002 ], [ -122.14349, 37.458006 ], [ -122.14316, 37.458071 ], [ -122.143034, 37.458113 ], [ -122.142793, 37.458094 ], [ -122.142471, 37.457991 ], [ -122.142324, 37.457949 ], [ -122.142086, 37.457885 ], [ -122.141989, 37.457872 ], [ -122.141907, 37.457831 ], [ -122.141618, 37.457676 ], [ -122.141329, 37.457523 ], [ -122.140922, 37.457393 ], [ -122.140703, 37.457268 ], [ -122.140725, 37.45726 ], [ -122.14075, 37.457251 ], [ -122.140796, 37.457233 ], [ -122.140854, 37.45721 ], [ -122.140911, 37.45719 ], [ -122.141065, 37.457133 ], [ -122.141051, 37.457121 ], [ -122.141, 37.457075 ], [ -122.140909, 37.456995 ], [ -122.140885, 37.456966 ], [ -122.140816, 37.456882 ], [ -122.140793, 37.456854 ], [ -122.140771, 37.456828 ], [ -122.140708, 37.456751 ], [ -122.140687, 37.456726 ], [ -122.140652, 37.456685 ], [ -122.140627, 37.456654 ], [ -122.140542, 37.45657 ], [ -122.140505, 37.456533 ], [ -122.140472, 37.4565 ], [ -122.140406, 37.456434 ], [ -122.140383, 37.456399 ], [ -122.140358, 37.456362 ], [ -122.140332, 37.456323 ], [ -122.140288, 37.456255 ], [ -122.140257, 37.456208 ], [ -122.140232, 37.45617 ], [ -122.140197, 37.456117 ], [ -122.140138, 37.456028 ], [ -122.140087, 37.455963 ], [ -122.140049, 37.455914 ], [ -122.139983, 37.455829 ], [ -122.139842, 37.455648 ], [ -122.139779, 37.455581 ], [ -122.139706, 37.455503 ], [ -122.139483, 37.455264 ], [ -122.139084, 37.454967 ], [ -122.138774, 37.454802 ], [ -122.138353, 37.454664 ], [ -122.138009, 37.454615 ], [ -122.136906, 37.454389 ], [ -122.136708, 37.454337 ], [ -122.136596, 37.454307 ], [ -122.136052, 37.454059 ], [ -122.135542, 37.454064 ], [ -122.135108, 37.454103 ], [ -122.134287, 37.454316 ], [ -122.133901, 37.454377 ], [ -122.133564, 37.454366 ], [ -122.133405, 37.454338 ], [ -122.132999, 37.454134 ], [ -122.132372, 37.454052 ], [ -122.132103, 37.45398 ], [ -122.131827, 37.453782 ], [ -122.131731, 37.453606 ], [ -122.131614, 37.453452 ], [ -122.131518, 37.453359 ], [ -122.130911, 37.453271 ], [ -122.130325, 37.453227 ], [ -122.130036, 37.453166 ], [ -122.129884, 37.453089 ], [ -122.129285, 37.452501 ], [ -122.129272, 37.452462 ], [ -122.12925, 37.452455 ], [ -122.129216, 37.452385 ], [ -122.129003, 37.452144 ], [ -122.128831, 37.451973 ], [ -122.128638, 37.451885 ], [ -122.128473, 37.451847 ], [ -122.128397, 37.451852 ], [ -122.128294, 37.451862 ], [ -122.128008, 37.452085 ], [ -122.127953, 37.452525 ], [ -122.127946, 37.45258 ], [ -122.127883, 37.45269 ], [ -122.127856, 37.452737 ], [ -122.127842, 37.452761 ], [ -122.127791, 37.452852 ], [ -122.127719, 37.452975 ], [ -122.127715, 37.452984 ], [ -122.12766, 37.453031 ], [ -122.127631, 37.453055 ], [ -122.127546, 37.453128 ], [ -122.127518, 37.453153 ], [ -122.127406, 37.453247 ], [ -122.127087, 37.45352 ], [ -122.127069, 37.45352 ], [ -122.126924, 37.453527 ], [ -122.126906, 37.453617 ], [ -122.126612, 37.453649 ], [ -122.126255, 37.45362 ], [ -122.125976, 37.453554 ], [ -122.125761, 37.453465 ], [ -122.125505, 37.453344 ], [ -122.125273, 37.453187 ], [ -122.125083, 37.453024 ], [ -122.124806, 37.45288 ], [ -122.124491, 37.4528 ], [ -122.124125, 37.4528 ], [ -122.123501, 37.453046 ], [ -122.123165, 37.453184 ], [ -122.123037, 37.453211 ], [ -122.122807, 37.45328 ], [ -122.122604, 37.453302 ], [ -122.122375, 37.453376 ], [ -122.122103, 37.45359 ], [ -122.121884, 37.45391 ], [ -122.121772, 37.454241 ], [ -122.121766, 37.454503 ], [ -122.12187, 37.454807 ], [ -122.121952, 37.454953 ], [ -122.122226, 37.455275 ], [ -122.122558, 37.45571 ], [ -122.122821, 37.456141 ], [ -122.122878, 37.456506 ], [ -122.122862, 37.456938 ], [ -122.122792, 37.457351 ], [ -122.122781, 37.457621 ], [ -122.12299, 37.458178 ], [ -122.123379, 37.459571 ], [ -122.12367, 37.460349 ], [ -122.123916, 37.461011 ], [ -122.123919, 37.461145 ], [ -122.123835, 37.461215 ], [ -122.123754, 37.461321 ], [ -122.123439, 37.461534 ], [ -122.119582, 37.463935 ], [ -122.117693, 37.465238 ], [ -122.117174, 37.465431 ], [ -122.116627, 37.465565 ], [ -122.115955, 37.465709 ], [ -122.115657, 37.465907 ], [ -122.115331, 37.466167 ], [ -122.113282, 37.467529 ], [ -122.113265, 37.46753 ], [ -122.113173, 37.467452 ], [ -122.112897, 37.467219 ], [ -122.112806, 37.467142 ], [ -122.111974, 37.466438 ], [ -122.111868, 37.466376 ], [ -122.111548, 37.466292 ], [ -122.111237, 37.466288 ], [ -122.108915, 37.466264 ], [ -122.096574, 37.466138 ], [ -122.096426, 37.466102 ], [ -122.096429, 37.466066 ], [ -122.096774, 37.462138 ], [ -122.096762, 37.461905 ], [ -122.096751, 37.459958 ], [ -122.09546, 37.459963 ], [ -122.093228, 37.456222 ], [ -122.091548, 37.456253 ], [ -122.091641, 37.455273 ], [ -122.087964, 37.451838 ], [ -122.087585, 37.451291 ], [ -122.087517, 37.451194 ], [ -122.087316, 37.450905 ], [ -122.087249, 37.450809 ], [ -122.087063, 37.450837 ], [ -122.086928, 37.450857 ], [ -122.086841, 37.450745 ], [ -122.08632, 37.450792 ], [ -122.086752, 37.450522 ], [ -122.088296, 37.449563 ], [ -122.088623, 37.449718 ], [ -122.089678, 37.449399 ], [ -122.090146, 37.449306 ], [ -122.090151, 37.449318 ], [ -122.090181, 37.449299 ], [ -122.090643, 37.449168 ], [ -122.091217, 37.449003 ], [ -122.091283, 37.448984 ], [ -122.091287, 37.448915 ], [ -122.091237, 37.44893 ], [ -122.090886, 37.448725 ], [ -122.090737, 37.448577 ], [ -122.090497, 37.448341 ], [ -122.090457, 37.448305 ], [ -122.09047, 37.448157 ], [ -122.090459, 37.448096 ], [ -122.090443, 37.448003 ], [ -122.090374, 37.447865 ], [ -122.090346, 37.447772 ], [ -122.09048, 37.447601 ], [ -122.090699, 37.447324 ], [ -122.090725, 37.447212 ], [ -122.091008, 37.446958 ], [ -122.091063, 37.446933 ], [ -122.091542, 37.446724 ], [ -122.093108, 37.446454 ], [ -122.093325, 37.446417 ], [ -122.093476, 37.44629 ], [ -122.093546, 37.446232 ], [ -122.09413, 37.445748 ], [ -122.094181, 37.445706 ], [ -122.094247, 37.445652 ], [ -122.094046, 37.445623 ], [ -122.094191, 37.44531 ], [ -122.094231, 37.445203 ], [ -122.094294, 37.445035 ], [ -122.094314, 37.444865 ], [ -122.094287, 37.444606 ], [ -122.094232, 37.444354 ], [ -122.094101, 37.444189 ], [ -122.093783, 37.443936 ], [ -122.093391, 37.443673 ], [ -122.092977, 37.443387 ], [ -122.092901, 37.443299 ], [ -122.092736, 37.443107 ], [ -122.092591, 37.442904 ], [ -122.092522, 37.442706 ], [ -122.092508, 37.442409 ], [ -122.092529, 37.442107 ], [ -122.092625, 37.441832 ], [ -122.092776, 37.441535 ], [ -122.092942, 37.441233 ], [ -122.093121, 37.441019 ], [ -122.093376, 37.44087 ], [ -122.093789, 37.440716 ], [ -122.094237, 37.44065 ], [ -122.094657, 37.44065 ], [ -122.095056, 37.440618 ], [ -122.095078, 37.440617 ], [ -122.09536, 37.440579 ], [ -122.095712, 37.440485 ], [ -122.096008, 37.440326 ], [ -122.096187, 37.440221 ], [ -122.096428, 37.440012 ], [ -122.096524, 37.439859 ], [ -122.096607, 37.439688 ], [ -122.096717, 37.439496 ], [ -122.096951, 37.439161 ], [ -122.097199, 37.438924 ], [ -122.097365, 37.438749 ], [ -122.097511, 37.438566 ], [ -122.097695, 37.438336 ], [ -122.097847, 37.438155 ], [ -122.097984, 37.437952 ], [ -122.098225, 37.437644 ], [ -122.098515, 37.437358 ], [ -122.098756, 37.437226 ], [ -122.099017, 37.436973 ], [ -122.099107, 37.436803 ], [ -122.099148, 37.436594 ], [ -122.099163, 37.436537 ], [ -122.099203, 37.436396 ], [ -122.099142, 37.436332 ], [ -122.099332, 37.436177 ], [ -122.09935, 37.43618 ], [ -122.09942, 37.43616 ], [ -122.09946, 37.43612 ], [ -122.099514, 37.435995 ], [ -122.09955, 37.43573 ], [ -122.099681, 37.435729 ], [ -122.099812, 37.435687 ], [ -122.099926, 37.435612 ], [ -122.10008, 37.435527 ], [ -122.100426, 37.435398 ], [ -122.100788, 37.435273 ], [ -122.101361, 37.435076 ], [ -122.101866, 37.434888 ], [ -122.102051, 37.434789 ], [ -122.102157, 37.434731 ], [ -122.102289, 37.434643 ], [ -122.102537, 37.434472 ], [ -122.102799, 37.434288 ], [ -122.1029, 37.434211 ], [ -122.103002, 37.434127 ], [ -122.103245, 37.433918 ], [ -122.103454, 37.43374 ], [ -122.103956, 37.433304 ], [ -122.10509, 37.43226 ], [ -122.105028, 37.432196 ], [ -122.105002, 37.432169 ], [ -122.105153, 37.432033 ], [ -122.105322, 37.43188 ], [ -122.10488, 37.43145 ], [ -122.104, 37.43064 ], [ -122.102985, 37.429667 ], [ -122.10257, 37.42927 ], [ -122.102536, 37.429236 ], [ -122.102434, 37.429137 ], [ -122.102401, 37.429104 ], [ -122.102304, 37.429009 ], [ -122.102014, 37.428724 ], [ -122.101915, 37.428632 ], [ -122.101824, 37.428547 ], [ -122.101551, 37.428294 ], [ -122.10146, 37.42821 ], [ -122.101568, 37.427999 ], [ -122.101671, 37.4278 ], [ -122.101797, 37.427476 ], [ -122.10182, 37.427342 ], [ -122.101825, 37.427318 ], [ -122.101836, 37.427108 ], [ -122.10174, 37.426939 ], [ -122.101716, 37.426893 ], [ -122.101686, 37.426834 ], [ -122.101591, 37.426739 ], [ -122.101506, 37.426676 ], [ -122.101389, 37.426634 ], [ -122.101177, 37.426593 ], [ -122.101087, 37.426601 ], [ -122.101061, 37.426604 ], [ -122.100966, 37.426636 ], [ -122.10086, 37.42669 ], [ -122.10077, 37.42657 ], [ -122.1005, 37.42621 ], [ -122.10041, 37.42609 ], [ -122.100232, 37.425923 ], [ -122.0997, 37.425422 ], [ -122.09955, 37.42528 ], [ -122.09953, 37.42525 ], [ -122.09979, 37.42506 ], [ -122.09985, 37.42497 ], [ -122.09989, 37.42482 ], [ -122.099904, 37.424674 ], [ -122.09997, 37.424 ], [ -122.100158, 37.422495 ], [ -122.10025, 37.42177 ], [ -122.100352, 37.421777 ], [ -122.10051, 37.42179 ], [ -122.10056, 37.42179 ], [ -122.100626, 37.421793 ], [ -122.100785, 37.421209 ], [ -122.100908, 37.420762 ], [ -122.100924, 37.420705 ], [ -122.101017, 37.420362 ], [ -122.101196, 37.419712 ], [ -122.101279, 37.419392 ], [ -122.10138, 37.4194 ], [ -122.101351, 37.41932 ], [ -122.101653, 37.418206 ], [ -122.101523, 37.418206 ], [ -122.101766, 37.417189 ], [ -122.101952, 37.416443 ], [ -122.102118, 37.415745 ], [ -122.102158, 37.415586 ], [ -122.102444, 37.415477 ], [ -122.10265, 37.414817 ], [ -122.102763, 37.41487 ], [ -122.10301, 37.414471 ], [ -122.102858, 37.414386 ], [ -122.103165, 37.414052 ], [ -122.103089, 37.413999 ], [ -122.103401, 37.413673 ], [ -122.103419, 37.413618 ], [ -122.103404, 37.413564 ], [ -122.10337, 37.413478 ], [ -122.103317, 37.413437 ], [ -122.10339, 37.413341 ], [ -122.103672, 37.413027 ], [ -122.104376, 37.412245 ], [ -122.104599, 37.411998 ], [ -122.10488, 37.411667 ], [ -122.105736, 37.410937 ], [ -122.10583, 37.41078 ], [ -122.1058, 37.41074 ], [ -122.1057, 37.41067 ], [ -122.105664, 37.410647 ], [ -122.105573, 37.410589 ], [ -122.105653, 37.410501 ], [ -122.10586, 37.41028 ], [ -122.106165, 37.409954 ], [ -122.106315, 37.409794 ], [ -122.106986, 37.409095 ], [ -122.1073, 37.40877 ], [ -122.107313, 37.408768 ], [ -122.107328, 37.408767 ], [ -122.107767, 37.408291 ], [ -122.107842, 37.408339 ], [ -122.10797, 37.40842 ], [ -122.108033, 37.408356 ], [ -122.1081, 37.40829 ], [ -122.108143, 37.408321 ], [ -122.10821, 37.40837 ], [ -122.108275, 37.408412 ], [ -122.10832, 37.408441 ], [ -122.108349, 37.40846 ], [ -122.108439, 37.408519 ], [ -122.108469, 37.408539 ], [ -122.108481, 37.408547 ], [ -122.10852, 37.408571 ], [ -122.108533, 37.40858 ], [ -122.108582, 37.408521 ], [ -122.109447, 37.409029 ], [ -122.109954, 37.409327 ], [ -122.111305, 37.410122 ], [ -122.114219, 37.41195 ], [ -122.115518, 37.412765 ], [ -122.115637, 37.412699 ], [ -122.115696, 37.412534 ], [ -122.115727, 37.412494 ], [ -122.115848, 37.412341 ], [ -122.115965, 37.412182 ], [ -122.115985, 37.412109 ], [ -122.11602, 37.41199 ], [ -122.116065, 37.411917 ], [ -122.116157, 37.411775 ], [ -122.116191, 37.41173 ], [ -122.116233, 37.411676 ], [ -122.11632, 37.411585 ], [ -122.11635, 37.411555 ], [ -122.116412, 37.411462 ], [ -122.116508, 37.411303 ], [ -122.116584, 37.411209 ], [ -122.116672, 37.411123 ], [ -122.116749, 37.41105 ], [ -122.116824, 37.411002 ], [ -122.116921, 37.41094 ], [ -122.116949, 37.410924 ], [ -122.1171, 37.410841 ], [ -122.117245, 37.41072 ], [ -122.117291, 37.410653 ], [ -122.117376, 37.410533 ], [ -122.117402, 37.410459 ], [ -122.117437, 37.410363 ], [ -122.117492, 37.410242 ], [ -122.117528, 37.410174 ], [ -122.117554, 37.410126 ], [ -122.11763, 37.41 ], [ -122.117663, 37.40996 ], [ -122.117775, 37.40983 ], [ -122.117823, 37.409698 ], [ -122.117905, 37.409599 ], [ -122.117967, 37.409384 ], [ -122.117986, 37.40929 ], [ -122.118015, 37.409154 ], [ -122.117995, 37.409042 ], [ -122.117975, 37.408931 ], [ -122.117939, 37.408731 ], [ -122.117907, 37.408603 ], [ -122.11788, 37.408495 ], [ -122.117849, 37.408373 ], [ -122.117856, 37.408269 ], [ -122.117925, 37.40817 ], [ -122.118042, 37.408077 ], [ -122.118161, 37.40799 ], [ -122.118262, 37.407917 ], [ -122.118675, 37.407642 ], [ -122.118724, 37.407587 ], [ -122.118847, 37.407521 ], [ -122.118978, 37.407417 ], [ -122.119192, 37.40717 ], [ -122.119419, 37.406889 ], [ -122.119616, 37.406728 ], [ -122.119825, 37.406559 ], [ -122.119941, 37.406425 ], [ -122.120004, 37.406351 ], [ -122.120053, 37.406258 ], [ -122.12005, 37.40609 ], [ -122.120047, 37.405942 ], [ -122.120439, 37.405635 ], [ -122.120548, 37.405599 ], [ -122.120589, 37.405586 ], [ -122.120784, 37.40552 ], [ -122.120922, 37.405515 ], [ -122.120967, 37.40548 ], [ -122.12108, 37.405391 ], [ -122.121139, 37.405377 ], [ -122.121338, 37.405414 ], [ -122.121499, 37.405189 ], [ -122.121614, 37.40502 ], [ -122.121662, 37.404961 ], [ -122.121718, 37.404932 ], [ -122.121983, 37.404787 ], [ -122.12199, 37.40449 ], [ -122.122047, 37.404406 ], [ -122.122123, 37.404376 ], [ -122.12241, 37.404261 ], [ -122.122554, 37.404055 ], [ -122.122719, 37.40399 ], [ -122.12273, 37.403981 ], [ -122.122819, 37.40385 ], [ -122.122751, 37.403676 ], [ -122.122711, 37.403573 ], [ -122.122806, 37.403457 ], [ -122.122988, 37.403353 ], [ -122.123058, 37.403314 ], [ -122.123134, 37.40327 ], [ -122.123185, 37.403289 ], [ -122.123311, 37.403334 ], [ -122.123357, 37.403244 ], [ -122.123494, 37.402991 ], [ -122.123574, 37.402844 ], [ -122.123574, 37.402584 ], [ -122.123574, 37.402474 ], [ -122.123654, 37.402423 ], [ -122.123715, 37.402385 ], [ -122.123805, 37.402328 ], [ -122.123963, 37.402228 ], [ -122.124119, 37.401883 ], [ -122.124177, 37.401755 ], [ -122.124192, 37.401745 ], [ -122.124339, 37.401453 ], [ -122.124415, 37.401346 ], [ -122.124471, 37.401268 ], [ -122.124526, 37.401241 ], [ -122.124783, 37.401081 ], [ -122.124856, 37.400986 ], [ -122.1249, 37.400838 ], [ -122.124928, 37.400501 ], [ -122.125012, 37.400319 ], [ -122.125131, 37.400131 ], [ -122.125104, 37.400042 ], [ -122.124964, 37.399922 ], [ -122.12488, 37.399671 ], [ -122.124886, 37.399615 ], [ -122.124895, 37.399528 ], [ -122.124913, 37.399364 ], [ -122.124828, 37.399206 ], [ -122.12505, 37.399041 ], [ -122.125201, 37.399007 ], [ -122.125344, 37.398975 ], [ -122.125504, 37.398843 ], [ -122.125535, 37.398753 ], [ -122.125413, 37.398496 ], [ -122.125519, 37.398403 ], [ -122.125632, 37.398369 ], [ -122.125791, 37.39832 ], [ -122.125931, 37.398277 ], [ -122.126029, 37.398246 ], [ -122.12609, 37.398226 ], [ -122.126209, 37.398187 ], [ -122.126417, 37.397988 ], [ -122.126567, 37.397887 ], [ -122.126703, 37.397794 ], [ -122.126967, 37.39757 ], [ -122.12708, 37.397413 ], [ -122.127089, 37.397361 ], [ -122.127101, 37.397136 ], [ -122.127384, 37.397018 ], [ -122.127437, 37.396927 ], [ -122.127626, 37.39683 ], [ -122.127698, 37.396893 ], [ -122.127682, 37.39712 ], [ -122.127771, 37.397148 ], [ -122.127839, 37.396914 ], [ -122.12793, 37.3968 ], [ -122.127946, 37.396709 ], [ -122.127965, 37.396614 ], [ -122.128074, 37.396611 ], [ -122.12824, 37.39661 ], [ -122.128493, 37.396454 ], [ -122.128276, 37.396362 ], [ -122.128238, 37.396132 ], [ -122.128104, 37.39604 ], [ -122.127986, 37.395953 ], [ -122.128103, 37.395771 ], [ -122.128177, 37.395779 ], [ -122.128335, 37.395797 ], [ -122.128572, 37.395926 ], [ -122.128712, 37.395902 ], [ -122.128748, 37.395897 ], [ -122.128803, 37.395888 ], [ -122.128961, 37.395982 ], [ -122.12903, 37.396024 ], [ -122.129103, 37.396067 ], [ -122.129132, 37.396257 ], [ -122.129237, 37.396258 ], [ -122.129366, 37.396203 ], [ -122.129492, 37.396151 ], [ -122.129417, 37.395996 ], [ -122.129565, 37.395848 ], [ -122.129497, 37.395704 ], [ -122.129479, 37.395559 ], [ -122.129627, 37.395291 ], [ -122.129654, 37.395115 ], [ -122.129441, 37.39516 ], [ -122.129255, 37.395299 ], [ -122.129131, 37.395391 ], [ -122.128911, 37.395367 ], [ -122.128845, 37.395193 ], [ -122.128648, 37.395157 ], [ -122.128502, 37.395138 ], [ -122.12845, 37.394985 ], [ -122.128415, 37.394864 ], [ -122.128662, 37.394614 ], [ -122.128642, 37.394505 ], [ -122.128524, 37.394416 ], [ -122.12841, 37.394519 ], [ -122.128307, 37.394528 ], [ -122.128212, 37.394585 ], [ -122.128151, 37.39462 ], [ -122.128017, 37.39466 ], [ -122.127682, 37.39454 ], [ -122.127643, 37.394526 ], [ -122.127575, 37.394501 ], [ -122.127559, 37.394422 ], [ -122.127527, 37.394358 ], [ -122.127531, 37.394274 ], [ -122.127564, 37.39423 ], [ -122.127622, 37.394155 ], [ -122.127702, 37.394051 ], [ -122.127822, 37.393939 ], [ -122.127895, 37.393842 ], [ -122.127886, 37.393781 ], [ -122.127838, 37.393711 ], [ -122.127713, 37.393656 ], [ -122.127682, 37.393649 ], [ -122.127549, 37.393624 ], [ -122.127433, 37.393544 ], [ -122.127418, 37.393534 ], [ -122.127398, 37.393484 ], [ -122.127471, 37.393279 ], [ -122.127611, 37.392862 ], [ -122.127615, 37.392851 ], [ -122.127885, 37.392716 ], [ -122.127926, 37.392675 ], [ -122.128029, 37.392576 ], [ -122.12816, 37.392409 ], [ -122.128339, 37.392209 ], [ -122.12835, 37.392157 ], [ -122.128373, 37.392084 ], [ -122.128333, 37.391944 ], [ -122.128281, 37.391862 ], [ -122.128202, 37.391811 ], [ -122.12805, 37.391796 ], [ -122.127978, 37.391822 ], [ -122.127902, 37.39179 ], [ -122.127883, 37.391711 ], [ -122.127805, 37.391688 ], [ -122.127681, 37.391677 ], [ -122.127632, 37.391687 ], [ -122.127454, 37.391726 ], [ -122.12733, 37.391638 ], [ -122.12731, 37.391593 ], [ -122.127355, 37.391508 ], [ -122.127394, 37.391435 ], [ -122.127429, 37.39137 ], [ -122.127307, 37.390983 ], [ -122.127286, 37.39083 ], [ -122.127167, 37.390507 ], [ -122.127091, 37.390407 ], [ -122.126801, 37.390159 ], [ -122.126977, 37.389829 ], [ -122.126972, 37.389672 ], [ -122.126808, 37.389605 ], [ -122.126705, 37.389627 ], [ -122.126594, 37.389583 ], [ -122.126458, 37.389528 ], [ -122.126278, 37.389456 ], [ -122.126216, 37.389407 ], [ -122.12621, 37.389377 ], [ -122.126263, 37.389283 ], [ -122.126307, 37.389202 ], [ -122.126436, 37.389103 ], [ -122.126604, 37.388977 ], [ -122.126799, 37.388886 ], [ -122.126929, 37.388826 ], [ -122.126964, 37.388812 ], [ -122.126989, 37.388804 ], [ -122.127072, 37.388773 ], [ -122.127108, 37.38876 ], [ -122.127221, 37.388935 ], [ -122.12727, 37.38901 ], [ -122.127551, 37.389471 ], [ -122.1276, 37.38955 ], [ -122.127667, 37.389646 ], [ -122.128118, 37.390297 ], [ -122.12839, 37.39069 ], [ -122.12874, 37.39126 ], [ -122.12919, 37.39192 ], [ -122.12942, 37.392285 ], [ -122.129581, 37.392539 ], [ -122.129774, 37.392453 ], [ -122.130075, 37.392319 ], [ -122.130565, 37.39234 ], [ -122.1306, 37.392016 ], [ -122.130324, 37.391605 ], [ -122.130608, 37.391611 ], [ -122.130656, 37.390741 ], [ -122.130926, 37.390749 ], [ -122.13068, 37.390113 ], [ -122.13087, 37.39006 ], [ -122.13095, 37.38998 ], [ -122.13104, 37.38986 ], [ -122.131051, 37.389839 ], [ -122.131165, 37.389644 ], [ -122.131176, 37.389625 ], [ -122.131208, 37.389568 ], [ -122.13122, 37.38955 ], [ -122.13134, 37.3896 ], [ -122.131375, 37.389608 ], [ -122.13171, 37.38969 ], [ -122.13186, 37.389737 ], [ -122.1319, 37.38975 ], [ -122.131991, 37.389836 ], [ -122.132143, 37.389791 ], [ -122.132326, 37.389761 ], [ -122.132464, 37.389744 ], [ -122.13259, 37.38973 ], [ -122.132882, 37.389718 ], [ -122.132903, 37.389721 ], [ -122.133043, 37.389744 ], [ -122.13304, 37.389638 ], [ -122.134535, 37.389492 ], [ -122.135078, 37.389532 ], [ -122.136351, 37.389591 ], [ -122.138216, 37.389671 ], [ -122.138252, 37.389176 ], [ -122.138251, 37.388405 ], [ -122.138252, 37.388219 ], [ -122.140915, 37.388337 ], [ -122.141392, 37.388315 ], [ -122.141018, 37.388138 ], [ -122.140936, 37.3881 ], [ -122.14083, 37.38805 ], [ -122.14054, 37.38787 ], [ -122.14036, 37.38772 ], [ -122.14017, 37.3875 ], [ -122.140075, 37.387365 ], [ -122.13991, 37.38713 ], [ -122.13985, 37.38702 ], [ -122.139766, 37.386858 ], [ -122.1397, 37.38673 ], [ -122.139525, 37.386368 ], [ -122.139446, 37.386204 ], [ -122.139412, 37.386135 ], [ -122.139313, 37.385928 ], [ -122.13928, 37.38586 ], [ -122.139267, 37.385839 ], [ -122.13925, 37.38581 ], [ -122.139237, 37.385773 ], [ -122.13923, 37.38575 ], [ -122.138904, 37.385132 ], [ -122.13873, 37.3848 ], [ -122.13838, 37.38409 ], [ -122.13829, 37.38391 ], [ -122.137993, 37.383248 ], [ -122.13794, 37.38313 ], [ -122.13771, 37.38266 ], [ -122.13769, 37.38262 ], [ -122.137684, 37.382557 ], [ -122.13768, 37.3825 ], [ -122.137686, 37.382369 ], [ -122.137689, 37.382307 ], [ -122.13769, 37.382257 ], [ -122.137697, 37.382109 ], [ -122.1377, 37.38206 ], [ -122.137709, 37.381873 ], [ -122.13771, 37.38186 ], [ -122.137735, 37.381721 ], [ -122.137397, 37.381727 ], [ -122.137223, 37.381737 ], [ -122.136268, 37.379785 ], [ -122.134468, 37.37611 ], [ -122.134489, 37.375959 ], [ -122.134584, 37.375375 ], [ -122.134243, 37.375471 ], [ -122.134173, 37.375493 ], [ -122.134034, 37.375205 ], [ -122.133725, 37.374583 ], [ -122.133663, 37.374457 ], [ -122.133689, 37.374373 ], [ -122.133633, 37.374241 ], [ -122.133243, 37.373315 ], [ -122.1328, 37.372262 ], [ -122.13269, 37.37216 ], [ -122.13262, 37.37211 ], [ -122.13254, 37.37208 ], [ -122.132188, 37.37141 ], [ -122.132005, 37.371049 ], [ -122.131689, 37.370419 ], [ -122.131981, 37.370319 ], [ -122.132133, 37.370264 ], [ -122.13248, 37.37013 ], [ -122.13266, 37.37022 ], [ -122.132806, 37.370268 ], [ -122.13284, 37.37028 ], [ -122.13292, 37.37029 ], [ -122.13301, 37.37028 ], [ -122.13321, 37.37028 ], [ -122.1333, 37.37024 ], [ -122.13338, 37.37024 ], [ -122.133391, 37.370228 ], [ -122.13365, 37.36996 ], [ -122.13384, 37.369932 ], [ -122.1341, 37.36993 ], [ -122.133969, 37.369798 ], [ -122.134845, 37.369269 ], [ -122.1352, 37.36902 ], [ -122.135474, 37.36887 ], [ -122.13553, 37.36884 ], [ -122.13609, 37.36851 ], [ -122.136282, 37.368392 ], [ -122.13655, 37.36823 ], [ -122.136422, 37.368102 ], [ -122.13616, 37.36784 ], [ -122.13733, 37.36703 ], [ -122.137596, 37.366878 ], [ -122.138963, 37.365904 ], [ -122.139018, 37.36592 ], [ -122.13905, 37.36593 ], [ -122.13918, 37.36599 ], [ -122.13925, 37.36603 ], [ -122.13936, 37.36608 ], [ -122.13969, 37.36634 ], [ -122.139744, 37.366387 ], [ -122.13977, 37.36641 ], [ -122.13985, 37.36644 ], [ -122.13995, 37.36645 ], [ -122.14002, 37.36644 ], [ -122.1401, 37.36644 ], [ -122.14028, 37.36642 ], [ -122.14041, 37.36643 ], [ -122.14047, 37.36644 ], [ -122.14055, 37.36648 ], [ -122.14067, 37.36655 ], [ -122.14117, 37.36691 ], [ -122.141263, 37.367003 ], [ -122.14158, 37.36732 ], [ -122.14173, 37.3674 ], [ -122.142, 37.36753 ], [ -122.14214, 37.36763 ], [ -122.14233, 37.3678 ], [ -122.14243, 37.36791 ], [ -122.14254, 37.36812 ], [ -122.14257, 37.36823 ], [ -122.14261, 37.36831 ], [ -122.14265, 37.36835 ], [ -122.14274, 37.36843 ], [ -122.1428, 37.36846 ], [ -122.14293, 37.36848 ], [ -122.14309, 37.36848 ], [ -122.14322, 37.36845 ], [ -122.14347, 37.36835 ], [ -122.14359, 37.36828 ], [ -122.14375, 37.36815 ], [ -122.14385, 37.36796 ], [ -122.14388, 37.36784 ], [ -122.14392, 37.36772 ], [ -122.14409, 37.36749 ], [ -122.144233, 37.367331 ], [ -122.144278, 37.367309 ], [ -122.144419, 37.367238 ], [ -122.14456, 37.367167 ], [ -122.14479, 37.367051 ], [ -122.144832, 37.367021 ], [ -122.144856, 37.367004 ], [ -122.14508, 37.36687 ], [ -122.145097, 37.366832 ], [ -122.145286, 37.366698 ], [ -122.145447, 37.366593 ], [ -122.145559, 37.366545 ], [ -122.145725, 37.36647 ], [ -122.145806, 37.366445 ], [ -122.145864, 37.36628 ], [ -122.145906, 37.366318 ], [ -122.146242, 37.366259 ], [ -122.146374, 37.366276 ], [ -122.146529, 37.366295 ], [ -122.146771, 37.366348 ], [ -122.147314, 37.366259 ], [ -122.147594, 37.366294 ], [ -122.147772, 37.366367 ], [ -122.147964, 37.366442 ], [ -122.148395, 37.36664 ], [ -122.148008, 37.365809 ], [ -122.147978, 37.365745 ], [ -122.147876, 37.365533 ], [ -122.147638, 37.365028 ], [ -122.147671, 37.364994 ], [ -122.14791, 37.364773 ], [ -122.148555, 37.364175 ], [ -122.148877, 37.363878 ], [ -122.149429, 37.363572 ], [ -122.1497, 37.363416 ], [ -122.149965, 37.363298 ], [ -122.150068, 37.363246 ], [ -122.150257, 37.363162 ], [ -122.150582, 37.363012 ], [ -122.150698, 37.362961 ], [ -122.150877, 37.362853 ], [ -122.151208, 37.36269 ], [ -122.151347, 37.362593 ], [ -122.151632, 37.362392 ], [ -122.151933, 37.362131 ], [ -122.152708, 37.361465 ], [ -122.15283, 37.36143 ], [ -122.153277, 37.36162 ], [ -122.1533, 37.36163 ], [ -122.15343, 37.36172 ], [ -122.1536, 37.36187 ], [ -122.153636, 37.361911 ], [ -122.15374, 37.36203 ], [ -122.15377, 37.36206 ], [ -122.15389, 37.36227 ], [ -122.15405, 37.36252 ], [ -122.154105, 37.362612 ], [ -122.15414, 37.36267 ], [ -122.15423, 37.3628 ], [ -122.15427, 37.36284 ], [ -122.15434, 37.36291 ], [ -122.1545, 37.36302 ], [ -122.154894, 37.363249 ], [ -122.15524, 37.36345 ], [ -122.15538, 37.36354 ], [ -122.15553, 37.36368 ], [ -122.15626, 37.3645 ], [ -122.15645, 37.36473 ], [ -122.156505, 37.364789 ], [ -122.15658, 37.36487 ], [ -122.15663, 37.36497 ], [ -122.15669, 37.36511 ], [ -122.15672, 37.36525 ], [ -122.15675, 37.36548 ], [ -122.15679, 37.36557 ], [ -122.15686, 37.36566 ], [ -122.156872, 37.365674 ], [ -122.15694, 37.36575 ], [ -122.15701, 37.36584 ], [ -122.15715, 37.36593 ], [ -122.15738, 37.36606 ], [ -122.157424, 37.366083 ], [ -122.15763, 37.36619 ], [ -122.157843, 37.36628 ], [ -122.15789, 37.3663 ], [ -122.15813, 37.36632 ], [ -122.15824, 37.3663 ], [ -122.1584, 37.36626 ], [ -122.158521, 37.366225 ], [ -122.15865, 37.36619 ], [ -122.15874, 37.36615 ], [ -122.158921, 37.366081 ], [ -122.15898, 37.36606 ], [ -122.15935, 37.36591 ], [ -122.159463, 37.365866 ], [ -122.15956, 37.36583 ], [ -122.159648, 37.365809 ], [ -122.159707, 37.365908 ], [ -122.159756, 37.366144 ], [ -122.159827, 37.366472 ], [ -122.159863, 37.36663 ], [ -122.159904, 37.366826 ], [ -122.15997, 37.367134 ], [ -122.160073, 37.367156 ], [ -122.160452, 37.367238 ], [ -122.160495, 37.367235 ], [ -122.163514, 37.36793 ], [ -122.164673, 37.368197 ], [ -122.165654, 37.368414 ], [ -122.168598, 37.369068 ], [ -122.16958, 37.369286 ], [ -122.169848, 37.36935 ], [ -122.170479, 37.369501 ], [ -122.170755, 37.368726 ], [ -122.171097, 37.367714 ], [ -122.171242, 37.367284 ], [ -122.171342, 37.366986 ], [ -122.171816, 37.365597 ], [ -122.172147, 37.364627 ], [ -122.172222, 37.364423 ], [ -122.172572, 37.363359 ], [ -122.17296, 37.362154 ], [ -122.173381, 37.360804 ], [ -122.173587, 37.360144 ], [ -122.17419, 37.35834 ], [ -122.176865, 37.350524 ], [ -122.178445, 37.346001 ], [ -122.178643, 37.345403 ], [ -122.17909, 37.34422 ], [ -122.180047, 37.341206 ], [ -122.182597, 37.333664 ], [ -122.182586, 37.333337 ], [ -122.182723, 37.332857 ], [ -122.182844, 37.33297 ], [ -122.182929, 37.333082 ], [ -122.183044, 37.333233 ], [ -122.183064, 37.333305 ], [ -122.183157, 37.333437 ], [ -122.183298, 37.333635 ], [ -122.183367, 37.333799 ], [ -122.183415, 37.333865 ], [ -122.183443, 37.333975 ], [ -122.183587, 37.334228 ], [ -122.183629, 37.334327 ], [ -122.1838, 37.334531 ], [ -122.183814, 37.334547 ], [ -122.183883, 37.33469 ], [ -122.184078, 37.334842 ], [ -122.184227, 37.334959 ], [ -122.184372, 37.335294 ], [ -122.184716, 37.335651 ], [ -122.185232, 37.336459 ], [ -122.185232, 37.336503 ], [ -122.185466, 37.336898 ], [ -122.1855, 37.337003 ], [ -122.185557, 37.337111 ], [ -122.18561, 37.337212 ], [ -122.185775, 37.337618 ], [ -122.185858, 37.338453 ], [ -122.185954, 37.338701 ], [ -122.186525, 37.339113 ], [ -122.186753, 37.339206 ], [ -122.187069, 37.339431 ], [ -122.187282, 37.339646 ], [ -122.187709, 37.339981 ], [ -122.187833, 37.340041 ], [ -122.188335, 37.340388 ], [ -122.189333, 37.341151 ], [ -122.189629, 37.341398 ], [ -122.189767, 37.341497 ], [ -122.190104, 37.341822 ], [ -122.19029, 37.34197 ], [ -122.19042, 37.342168 ], [ -122.19084, 37.342646 ], [ -122.190916, 37.342794 ], [ -122.190966, 37.342868 ], [ -122.191198, 37.343212 ], [ -122.191404, 37.343475 ], [ -122.191459, 37.343492 ], [ -122.191886, 37.343783 ], [ -122.192017, 37.343915 ], [ -122.192444, 37.344195 ], [ -122.193023, 37.344633 ], [ -122.193504, 37.344997 ], [ -122.193541, 37.34503 ], [ -122.193634, 37.345113 ], [ -122.193855, 37.345387 ], [ -122.194164, 37.345668 ], [ -122.194274, 37.345865 ], [ -122.194357, 37.345986 ], [ -122.194481, 37.346124 ], [ -122.194543, 37.346234 ], [ -122.194729, 37.346426 ], [ -122.194804, 37.346515 ], [ -122.194873, 37.346596 ], [ -122.194949, 37.346728 ], [ -122.19521, 37.347025 ], [ -122.195272, 37.347255 ], [ -122.195472, 37.347591 ], [ -122.195644, 37.347772 ], [ -122.195775, 37.347953 ], [ -122.195853, 37.348136 ], [ -122.195864, 37.348162 ], [ -122.195899, 37.348299 ], [ -122.195871, 37.349343 ], [ -122.195981, 37.349596 ], [ -122.195926, 37.349893 ], [ -122.19583, 37.350102 ], [ -122.195809, 37.350206 ], [ -122.195803, 37.35058 ], [ -122.195871, 37.350849 ], [ -122.196064, 37.35131 ], [ -122.196181, 37.351459 ], [ -122.196518, 37.351735 ], [ -122.196696, 37.35188 ], [ -122.196973, 37.352107 ], [ -122.197131, 37.352206 ], [ -122.197241, 37.352338 ], [ -122.197369, 37.35267 ], [ -122.197461, 37.352909 ], [ -122.197709, 37.353255 ], [ -122.19793, 37.353711 ], [ -122.197998, 37.353799 ], [ -122.198019, 37.353959 ], [ -122.198081, 37.354123 ], [ -122.198205, 37.354272 ], [ -122.198418, 37.354398 ], [ -122.198613, 37.354614 ], [ -122.198776, 37.354794 ], [ -122.199052, 37.355019 ], [ -122.199286, 37.355261 ], [ -122.199623, 37.355393 ], [ -122.199712, 37.355459 ], [ -122.199843, 37.355618 ], [ -122.200015, 37.355898 ], [ -122.200449, 37.356733 ], [ -122.201007, 37.357481 ], [ -122.201076, 37.357607 ], [ -122.201337, 37.357838 ], [ -122.201489, 37.358046 ], [ -122.201833, 37.358821 ], [ -122.202012, 37.359261 ], [ -122.202239, 37.359689 ], [ -122.20226, 37.359739 ], [ -122.202377, 37.359969 ], [ -122.202467, 37.360272 ], [ -122.202471, 37.360378 ], [ -122.202487, 37.360772 ], [ -122.202432, 37.360947 ], [ -122.202425, 37.361552 ], [ -122.202522, 37.361854 ], [ -122.202549, 37.362502 ], [ -122.202591, 37.36272 ], [ -122.202653, 37.363046 ], [ -122.202598, 37.363217 ] ] ] } },
{ "type": "Feature", "properties": { "STATEFP": "06", "UNSDLEA": "25830", "GEOID": "0625830", "GEOIDFQ": "9700000US0625830", "NAME": "Morgan Hill Unified School District", "LSAD": "00", "LOGRADE": "KG", "HIGRADE": "12", "MTFCC": "G5420", "SDTYP": null, "FUNCSTAT": "E", "ALAND": 736800605, "AWATER": 7406609, "INTPTLAT": "+37.1964559", "INTPTLON": "-121.6309300" }, "geometry": { "type": "Polygon", "coordinates": [ [ [ -121.842783, 37.094581 ], [ -121.842476, 37.099481 ], [ -121.834976, 37.099562 ], [ -121.832256, 37.099608 ], [ -121.827941, 37.099643 ], [ -121.81947, 37.099764 ], [ -121.815104, 37.099785 ], [ -121.803116, 37.099906 ], [ -121.803091, 37.098912 ], [ -121.79596, 37.09901 ], [ -121.79599, 37.10127 ], [ -121.795977, 37.102668 ], [ -121.79826, 37.10266 ], [ -121.79947, 37.102656 ], [ -121.799511, 37.109759 ], [ -121.803139, 37.109759 ], [ -121.803136, 37.110903 ], [ -121.803141, 37.111335 ], [ -121.803139, 37.111974 ], [ -121.803163, 37.115724 ], [ -121.802877, 37.116137 ], [ -121.80302, 37.116497 ], [ -121.803167, 37.116513 ], [ -121.803167, 37.116972 ], [ -121.803176, 37.119374 ], [ -121.803237, 37.12465 ], [ -121.803298, 37.13148 ], [ -121.803338, 37.131786 ], [ -121.803366, 37.136414 ], [ -121.803358, 37.136861 ], [ -121.808453, 37.139549 ], [ -121.816816, 37.143991 ], [ -121.817327, 37.14426 ], [ -121.822882, 37.147052 ], [ -121.826263, 37.148788 ], [ -121.832611, 37.151881 ], [ -121.840388, 37.155645 ], [ -121.840463, 37.156784 ], [ -121.840563, 37.158295 ], [ -121.841366, 37.16027 ], [ -121.841357, 37.160626 ], [ -121.841333, 37.160711 ], [ -121.841322, 37.160752 ], [ -121.841151, 37.161022 ], [ -121.840952, 37.16123 ], [ -121.840766, 37.16134 ], [ -121.839922, 37.161544 ], [ -121.839284, 37.161714 ], [ -121.838766, 37.161793 ], [ -121.838742, 37.161797 ], [ -121.838028, 37.161912 ], [ -121.837691, 37.161923 ], [ -121.837355, 37.161841 ], [ -121.837121, 37.161764 ], [ -121.836936, 37.161621 ], [ -121.836744, 37.161561 ], [ -121.836373, 37.161578 ], [ -121.836215, 37.16155 ], [ -121.836071, 37.161539 ], [ -121.835947, 37.161578 ], [ -121.835803, 37.161693 ], [ -121.835549, 37.161913 ], [ -121.835391, 37.162028 ], [ -121.835103, 37.162144 ], [ -121.834245, 37.162281 ], [ -121.834066, 37.162281 ], [ -121.833909, 37.162171 ], [ -121.833751, 37.162089 ], [ -121.833558, 37.161891 ], [ -121.833421, 37.161792 ], [ -121.833346, 37.161781 ], [ -121.833222, 37.161825 ], [ -121.83314, 37.16188 ], [ -121.833103, 37.161897 ], [ -121.832824, 37.162034 ], [ -121.832556, 37.162078 ], [ -121.832, 37.162177 ], [ -121.831451, 37.162177 ], [ -121.831135, 37.162013 ], [ -121.83118, 37.162099 ], [ -121.831317, 37.162358 ], [ -121.831363, 37.162445 ], [ -121.831259, 37.16251 ], [ -121.831155, 37.162575 ], [ -121.830688, 37.162867 ], [ -121.82908, 37.163871 ], [ -121.828948, 37.164147 ], [ -121.828904, 37.16452 ], [ -121.828066, 37.164548 ], [ -121.827961, 37.164552 ], [ -121.827607, 37.164573 ], [ -121.82265, 37.164662 ], [ -121.82265, 37.164487 ], [ -121.821713, 37.164522 ], [ -121.819967, 37.164548 ], [ -121.819967, 37.164696 ], [ -121.817818, 37.164736 ], [ -121.817715, 37.164761 ], [ -121.81761, 37.164771 ], [ -121.817489, 37.164767 ], [ -121.817195, 37.164758 ], [ -121.816902, 37.164758 ], [ -121.81675, 37.164767 ], [ -121.816672, 37.164787 ], [ -121.816606, 37.164818 ], [ -121.81617, 37.164794 ], [ -121.815155, 37.164824 ], [ -121.812721, 37.164788 ], [ -121.812451, 37.164841 ], [ -121.803008, 37.165005 ], [ -121.802583, 37.165013 ], [ -121.80264, 37.166248 ], [ -121.802647, 37.166432 ], [ -121.802673, 37.167103 ], [ -121.80266, 37.167349 ], [ -121.802779, 37.169896 ], [ -121.802823, 37.171045 ], [ -121.802819, 37.171173 ], [ -121.802852, 37.171815 ], [ -121.802455, 37.171828 ], [ -121.802041, 37.171828 ], [ -121.801444, 37.171926 ], [ -121.798947, 37.17207 ], [ -121.798683, 37.172077 ], [ -121.796643, 37.172134 ], [ -121.796588, 37.172276 ], [ -121.796485, 37.172342 ], [ -121.796251, 37.172358 ], [ -121.79597, 37.172248 ], [ -121.795565, 37.172166 ], [ -121.795386, 37.172089 ], [ -121.795315, 37.172039 ], [ -121.795215, 37.171968 ], [ -121.795057, 37.171924 ], [ -121.794823, 37.171869 ], [ -121.794686, 37.17188 ], [ -121.794507, 37.171913 ], [ -121.793786, 37.172171 ], [ -121.793333, 37.172182 ], [ -121.793038, 37.172242 ], [ -121.792839, 37.172242 ], [ -121.792749, 37.172264 ], [ -121.792386, 37.172379 ], [ -121.791932, 37.172451 ], [ -121.791857, 37.172478 ], [ -121.791596, 37.172533 ], [ -121.791349, 37.172604 ], [ -121.791115, 37.172604 ], [ -121.790614, 37.172483 ], [ -121.790113, 37.172329 ], [ -121.790031, 37.172318 ], [ -121.790017, 37.172274 ], [ -121.789955, 37.172241 ], [ -121.78977, 37.172203 ], [ -121.789577, 37.172186 ], [ -121.789323, 37.172076 ], [ -121.789234, 37.172087 ], [ -121.789124, 37.172113 ], [ -121.788973, 37.172104 ], [ -121.788637, 37.172049 ], [ -121.788266, 37.172021 ], [ -121.788081, 37.17195 ], [ -121.787992, 37.171906 ], [ -121.787902, 37.171911 ], [ -121.787847, 37.171983 ], [ -121.787779, 37.172158 ], [ -121.786393, 37.172229 ], [ -121.784655, 37.172319 ], [ -121.784709, 37.174117 ], [ -121.784777, 37.174812 ], [ -121.784695, 37.17518 ], [ -121.784786, 37.176178 ], [ -121.784947, 37.178998 ], [ -121.785071, 37.181275 ], [ -121.785237, 37.184324 ], [ -121.785247, 37.184509 ], [ -121.785237, 37.185113 ], [ -121.785225, 37.185901 ], [ -121.785242, 37.188086 ], [ -121.784988, 37.188094 ], [ -121.784988, 37.189249 ], [ -121.784968, 37.189346 ], [ -121.784932, 37.189433 ], [ -121.784871, 37.189539 ], [ -121.784845, 37.189623 ], [ -121.784839, 37.189706 ], [ -121.784849, 37.189802 ], [ -121.784877, 37.189889 ], [ -121.784922, 37.189971 ], [ -121.784981, 37.190044 ], [ -121.785053, 37.190109 ], [ -121.785142, 37.190166 ], [ -121.785234, 37.190209 ], [ -121.785346, 37.190242 ], [ -121.785455, 37.190258 ], [ -121.78554, 37.190261 ], [ -121.786257, 37.19026 ], [ -121.786393, 37.190243 ], [ -121.786521, 37.190213 ], [ -121.786697, 37.190157 ], [ -121.786824, 37.190131 ], [ -121.786951, 37.190118 ], [ -121.787033, 37.190118 ], [ -121.787103, 37.190118 ], [ -121.787233, 37.190133 ], [ -121.787359, 37.190161 ], [ -121.787475, 37.190199 ], [ -121.787663, 37.190285 ], [ -121.787816, 37.190366 ], [ -121.78796, 37.190451 ], [ -121.788108, 37.19055 ], [ -121.788206, 37.190621 ], [ -121.788369, 37.190751 ], [ -121.788465, 37.190834 ], [ -121.788594, 37.190962 ], [ -121.788686, 37.191063 ], [ -121.788885, 37.191324 ], [ -121.788994, 37.191478 ], [ -121.789052, 37.191594 ], [ -121.789071, 37.191651 ], [ -121.789182, 37.191558 ], [ -121.793721, 37.197608 ], [ -121.794422, 37.198525 ], [ -121.79634, 37.201032 ], [ -121.79522, 37.20146 ], [ -121.792634, 37.202369 ], [ -121.789843, 37.201556 ], [ -121.787685, 37.202056 ], [ -121.785957, 37.201947 ], [ -121.779335, 37.202353 ], [ -121.778957, 37.202827 ], [ -121.778574, 37.202815 ], [ -121.778465, 37.202811 ], [ -121.778138, 37.2028 ], [ -121.77803, 37.202797 ], [ -121.77741, 37.203611 ], [ -121.775552, 37.206056 ], [ -121.774933, 37.206872 ], [ -121.775591, 37.207135 ], [ -121.777566, 37.207924 ], [ -121.778225, 37.208188 ], [ -121.778772, 37.208412 ], [ -121.779424, 37.208678 ], [ -121.780242, 37.210648 ], [ -121.780659, 37.211712 ], [ -121.781207, 37.212085 ], [ -121.781223, 37.212199 ], [ -121.781254, 37.212433 ], [ -121.780119, 37.214476 ], [ -121.780718, 37.215286 ], [ -121.78088, 37.215291 ], [ -121.780835, 37.216533 ], [ -121.780798, 37.216809 ], [ -121.780769, 37.217333 ], [ -121.780723, 37.218955 ], [ -121.78227, 37.218909 ], [ -121.782295, 37.218995 ], [ -121.782914, 37.220365 ], [ -121.782865, 37.220447 ], [ -121.782832, 37.220482 ], [ -121.782734, 37.220589 ], [ -121.782726, 37.220599 ], [ -121.782703, 37.220627 ], [ -121.782679, 37.220655 ], [ -121.782611, 37.22074 ], [ -121.782588, 37.220769 ], [ -121.782542, 37.220825 ], [ -121.782381, 37.220984 ], [ -121.782176, 37.221188 ], [ -121.781956, 37.22143 ], [ -121.781925, 37.221465 ], [ -121.781273, 37.222152 ], [ -121.780093, 37.223425 ], [ -121.780081, 37.223437 ], [ -121.779456, 37.224106 ], [ -121.779399, 37.224165 ], [ -121.77923, 37.224346 ], [ -121.779174, 37.224406 ], [ -121.779138, 37.224443 ], [ -121.779076, 37.22451 ], [ -121.779026, 37.224551 ], [ -121.778987, 37.224585 ], [ -121.778891, 37.224667 ], [ -121.778846, 37.224714 ], [ -121.778454, 37.225136 ], [ -121.778324, 37.225277 ], [ -121.778264, 37.225341 ], [ -121.778085, 37.225533 ], [ -121.778026, 37.225598 ], [ -121.777965, 37.225663 ], [ -121.777782, 37.225859 ], [ -121.777722, 37.225925 ], [ -121.777629, 37.226023 ], [ -121.777353, 37.226321 ], [ -121.777262, 37.226421 ], [ -121.777179, 37.22651 ], [ -121.776965, 37.226741 ], [ -121.776929, 37.226777 ], [ -121.776844, 37.226864 ], [ -121.776668, 37.227054 ], [ -121.776539, 37.227197 ], [ -121.775891, 37.227927 ], [ -121.775638, 37.228209 ], [ -121.775338, 37.228546 ], [ -121.775111, 37.228798 ], [ -121.774504, 37.229478 ], [ -121.774432, 37.229555 ], [ -121.774203, 37.229805 ], [ -121.773891, 37.230141 ], [ -121.772956, 37.231149 ], [ -121.772907, 37.231202 ], [ -121.772805, 37.231314 ], [ -121.772677, 37.23147 ], [ -121.772658, 37.231497 ], [ -121.772454, 37.231669 ], [ -121.77205, 37.232013 ], [ -121.772027, 37.23202 ], [ -121.771978, 37.232046 ], [ -121.771848, 37.232183 ], [ -121.771666, 37.232378 ], [ -121.77162, 37.232425 ], [ -121.771504, 37.232556 ], [ -121.771027, 37.2331 ], [ -121.771006, 37.233125 ], [ -121.770866, 37.233279 ], [ -121.770827, 37.233317 ], [ -121.770763, 37.233385 ], [ -121.77046, 37.233709 ], [ -121.77036, 37.233818 ], [ -121.770255, 37.233927 ], [ -121.770074, 37.234119 ], [ -121.769937, 37.23425 ], [ -121.769829, 37.234355 ], [ -121.76962, 37.234557 ], [ -121.769483, 37.234703 ], [ -121.7693, 37.234901 ], [ -121.76926, 37.235043 ], [ -121.768961, 37.235248 ], [ -121.768706, 37.235438 ], [ -121.768882, 37.235536 ], [ -121.768767, 37.235665 ], [ -121.768178, 37.236324 ], [ -121.767463, 37.237101 ], [ -121.767294, 37.237306 ], [ -121.766691, 37.237875 ], [ -121.766245, 37.23839 ], [ -121.766194, 37.23844 ], [ -121.765889, 37.238803 ], [ -121.765647, 37.239009 ], [ -121.765468, 37.239267 ], [ -121.765251, 37.239151 ], [ -121.765168, 37.238957 ], [ -121.764936, 37.239181 ], [ -121.764936, 37.239009 ], [ -121.764937, 37.238493 ], [ -121.764938, 37.238322 ], [ -121.764939, 37.23801 ], [ -121.764974, 37.237872 ], [ -121.764947, 37.237563 ], [ -121.764892, 37.2369 ], [ -121.764873, 37.236758 ], [ -121.764682, 37.236441 ], [ -121.76463, 37.236215 ], [ -121.764602, 37.236169 ], [ -121.76452, 37.236034 ], [ -121.76424, 37.23579 ], [ -121.764123, 37.235707 ], [ -121.763984, 37.235636 ], [ -121.763361, 37.235322 ], [ -121.763296, 37.235309 ], [ -121.762753, 37.235054 ], [ -121.761349, 37.234394 ], [ -121.761218, 37.234332 ], [ -121.760818, 37.234145 ], [ -121.760122, 37.233819 ], [ -121.757944, 37.232768 ], [ -121.756923, 37.232461 ], [ -121.75615, 37.232222 ], [ -121.754808, 37.231802 ], [ -121.754674, 37.231768 ], [ -121.753532, 37.231414 ], [ -121.753207, 37.230726 ], [ -121.752384, 37.228957 ], [ -121.751705, 37.227512 ], [ -121.751699, 37.227389 ], [ -121.751498, 37.227046 ], [ -121.751409, 37.226855 ], [ -121.751015, 37.226663 ], [ -121.750861, 37.226752 ], [ -121.750803, 37.226686 ], [ -121.750693, 37.226751 ], [ -121.750591, 37.226812 ], [ -121.750524, 37.22686 ], [ -121.750473, 37.226898 ], [ -121.750375, 37.226965 ], [ -121.75027, 37.227038 ], [ -121.750234, 37.227062 ], [ -121.750126, 37.227137 ], [ -121.750091, 37.227162 ], [ -121.749486, 37.227576 ], [ -121.749185, 37.227783 ], [ -121.749062, 37.227872 ], [ -121.748502, 37.228151 ], [ -121.74827, 37.228088 ], [ -121.74727, 37.228662 ], [ -121.747507, 37.2287 ], [ -121.74679, 37.229087 ], [ -121.746458, 37.229265 ], [ -121.745991, 37.229577 ], [ -121.742858, 37.231207 ], [ -121.738689, 37.233381 ], [ -121.735238, 37.235178 ], [ -121.734266, 37.235513 ], [ -121.724578, 37.241898 ], [ -121.723719, 37.241225 ], [ -121.720273, 37.238527 ], [ -121.719881, 37.238155 ], [ -121.719478, 37.237801 ], [ -121.718394, 37.236918 ], [ -121.718467, 37.236899 ], [ -121.71929, 37.236537 ], [ -121.718538, 37.235765 ], [ -121.717947, 37.236358 ], [ -121.717687, 37.23657 ], [ -121.717352, 37.236918 ], [ -121.713019, 37.241061 ], [ -121.713261, 37.241044 ], [ -121.713148, 37.241151 ], [ -121.704884, 37.24906 ], [ -121.695967, 37.257572 ], [ -121.696317, 37.257598 ], [ -121.695889, 37.25797 ], [ -121.692055, 37.2613 ], [ -121.690682, 37.262492 ], [ -121.686564, 37.266068 ], [ -121.685709, 37.266812 ], [ -121.685192, 37.267261 ], [ -121.683154, 37.269031 ], [ -121.685762, 37.271756 ], [ -121.686929, 37.272976 ], [ -121.689416, 37.275575 ], [ -121.691907, 37.278808 ], [ -121.692545, 37.279664 ], [ -121.696862, 37.285358 ], [ -121.697698, 37.286464 ], [ -121.697925, 37.286767 ], [ -121.698618, 37.287679 ], [ -121.699598, 37.288969 ], [ -121.703376, 37.293899 ], [ -121.703448, 37.293896 ], [ -121.703559, 37.293898 ], [ -121.703636, 37.293913 ], [ -121.703621, 37.293971 ], [ -121.703622, 37.294052 ], [ -121.703645, 37.294127 ], [ -121.703706, 37.294226 ], [ -121.703743, 37.294311 ], [ -121.703763, 37.294402 ], [ -121.708358, 37.300395 ], [ -121.711142, 37.304021 ], [ -121.709514, 37.304026 ], [ -121.708061, 37.304043 ], [ -121.706154, 37.304047 ], [ -121.703292, 37.304069 ], [ -121.701703, 37.304077 ], [ -121.699683, 37.30409 ], [ -121.699469, 37.304089 ], [ -121.697514, 37.304103 ], [ -121.69595, 37.30412 ], [ -121.693909, 37.30412 ], [ -121.691546, 37.304142 ], [ -121.69039, 37.304142 ], [ -121.689381, 37.304159 ], [ -121.687705, 37.304159 ], [ -121.687273, 37.304164 ], [ -121.685406, 37.304185 ], [ -121.680745, 37.304197 ], [ -121.680023, 37.304202 ], [ -121.677372, 37.304223 ], [ -121.676771, 37.30446 ], [ -121.674605, 37.305284 ], [ -121.673875, 37.305555 ], [ -121.672951, 37.305899 ], [ -121.67192, 37.306298 ], [ -121.670777, 37.306719 ], [ -121.668577, 37.307557 ], [ -121.667344, 37.308017 ], [ -121.665768, 37.308614 ], [ -121.663533, 37.309456 ], [ -121.660255, 37.310702 ], [ -121.658847, 37.31123 ], [ -121.65766, 37.311678 ], [ -121.655336, 37.312545 ], [ -121.65244, 37.313632 ], [ -121.649445, 37.314773 ], [ -121.649181, 37.31487 ], [ -121.648545, 37.315115 ], [ -121.648607, 37.315147 ], [ -121.633189, 37.320816 ], [ -121.617516, 37.326728 ], [ -121.607273, 37.330578 ], [ -121.603365, 37.332072 ], [ -121.603341, 37.332079 ], [ -121.601702, 37.332711 ], [ -121.587814, 37.33803 ], [ -121.587716, 37.33385 ], [ -121.587671, 37.33198 ], [ -121.587557, 37.327162 ], [ -121.587483, 37.324038 ], [ -121.587401, 37.320591 ], [ -121.587331, 37.317657 ], [ -121.587312, 37.316833 ], [ -121.5873, 37.316348 ], [ -121.587189, 37.311646 ], [ -121.587178, 37.311176 ], [ -121.587028, 37.304869 ], [ -121.586946, 37.301425 ], [ -121.586827, 37.296387 ], [ -121.586701, 37.291094 ], [ -121.58662, 37.287651 ], [ -121.586602, 37.286891 ], [ -121.586565, 37.285344 ], [ -121.586559, 37.28506 ], [ -121.586641, 37.278423 ], [ -121.58667, 37.276116 ], [ -121.586675, 37.275317 ], [ -121.564456, 37.275299 ], [ -121.555772, 37.275293 ], [ -121.554438, 37.275292 ], [ -121.53445, 37.275275 ], [ -121.534281, 37.275275 ], [ -121.53177, 37.275273 ], [ -121.518563, 37.27524 ], [ -121.497564, 37.275189 ], [ -121.494351, 37.275182 ], [ -121.49425, 37.27519 ], [ -121.4941, 37.27522 ], [ -121.49402, 37.27524 ], [ -121.49395, 37.27525 ], [ -121.49372, 37.27521 ], [ -121.49351, 37.27516 ], [ -121.49331, 37.27515 ], [ -121.49292, 37.27518 ], [ -121.4928, 37.27521 ], [ -121.490008, 37.275204 ], [ -121.489856, 37.275214 ], [ -121.484461, 37.275109 ], [ -121.484405, 37.275002 ], [ -121.484283, 37.274903 ], [ -121.484111, 37.274894 ], [ -121.483865, 37.27501 ], [ -121.483718, 37.275005 ], [ -121.483501, 37.274918 ], [ -121.483474, 37.275007 ], [ -121.48369, 37.27511 ], [ -121.479352, 37.27516 ], [ -121.47435, 37.27516 ], [ -121.456102, 37.275104 ], [ -121.454604, 37.275099 ], [ -121.454064, 37.275098 ], [ -121.454122, 37.274224 ], [ -121.454127, 37.274146 ], [ -121.454138, 37.273979 ], [ -121.454186, 37.273243 ], [ -121.454263, 37.272063 ], [ -121.454271, 37.271948 ], [ -121.45429, 37.271654 ], [ -121.454477, 37.268795 ], [ -121.454503, 37.268402 ], [ -121.45454, 37.26784 ], [ -121.454606, 37.26684 ], [ -121.454662, 37.265991 ], [ -121.454743, 37.264759 ], [ -121.454768, 37.264377 ], [ -121.454849, 37.263141 ], [ -121.455237, 37.263048 ], [ -121.455928, 37.262883 ], [ -121.456637, 37.262114 ], [ -121.457255, 37.260943 ], [ -121.456326, 37.259241 ], [ -121.456183, 37.258357 ], [ -121.456195, 37.258133 ], [ -121.455954, 37.25754 ], [ -121.455274, 37.256666 ], [ -121.455297, 37.256318 ], [ -121.455131, 37.255914 ], [ -121.45502, 37.25555 ], [ -121.455404, 37.254692 ], [ -121.455388, 37.254935 ], [ -121.455834, 37.25413 ], [ -121.455974, 37.253919 ], [ -121.456024, 37.253486 ], [ -121.455526, 37.252847 ], [ -121.455601, 37.251711 ], [ -121.455619, 37.251437 ], [ -121.455662, 37.250783 ], [ -121.45575, 37.24944 ], [ -121.455168, 37.248984 ], [ -121.454738, 37.248534 ], [ -121.453952, 37.248048 ], [ -121.45262, 37.246378 ], [ -121.452633, 37.245364 ], [ -121.452163, 37.244749 ], [ -121.451831, 37.244315 ], [ -121.451395, 37.244113 ], [ -121.451114, 37.243841 ], [ -121.451003, 37.24355 ], [ -121.45099, 37.243215 ], [ -121.450482, 37.24255 ], [ -121.449397, 37.241132 ], [ -121.449074, 37.24071 ], [ -121.448797, 37.240347 ], [ -121.448711, 37.240234 ], [ -121.448145, 37.239494 ], [ -121.448236, 37.239265 ], [ -121.448355, 37.238964 ], [ -121.448593, 37.238359 ], [ -121.448794, 37.237912 ], [ -121.448806, 37.23782 ], [ -121.448834, 37.237616 ], [ -121.448744, 37.237277 ], [ -121.448493, 37.23702 ], [ -121.44794, 37.236769 ], [ -121.447569, 37.236478 ], [ -121.446705, 37.236174 ], [ -121.446647, 37.236103 ], [ -121.446484, 37.236068 ], [ -121.446083, 37.235967 ], [ -121.445751, 37.23541 ], [ -121.445199, 37.234508 ], [ -121.444697, 37.234092 ], [ -121.443954, 37.233671 ], [ -121.443452, 37.233358 ], [ -121.442412, 37.231998 ], [ -121.442262, 37.231802 ], [ -121.441746, 37.231127 ], [ -121.439754, 37.230651 ], [ -121.439476, 37.230359 ], [ -121.439014, 37.230033 ], [ -121.437713, 37.22975 ], [ -121.436567, 37.229567 ], [ -121.436104, 37.229365 ], [ -121.435739, 37.228692 ], [ -121.435432, 37.228317 ], [ -121.434938, 37.228115 ], [ -121.434741, 37.227512 ], [ -121.434676, 37.22748 ], [ -121.434074, 37.226449 ], [ -121.43388, 37.226329 ], [ -121.43295, 37.22665 ], [ -121.432902, 37.227075 ], [ -121.432872, 37.227343 ], [ -121.43265, 37.227377 ], [ -121.431559, 37.227816 ], [ -121.430975, 37.227559 ], [ -121.430756, 37.227463 ], [ -121.430019, 37.226712 ], [ -121.429787, 37.226333 ], [ -121.42947, 37.225813 ], [ -121.428947, 37.225387 ], [ -121.428451, 37.225334 ], [ -121.427832, 37.225205 ], [ -121.427589, 37.224657 ], [ -121.426398, 37.223496 ], [ -121.425925, 37.223601 ], [ -121.425088, 37.223545 ], [ -121.424223, 37.223166 ], [ -121.423421, 37.222738 ], [ -121.422711, 37.22236 ], [ -121.422219, 37.221934 ], [ -121.421822, 37.22131 ], [ -121.421672, 37.220837 ], [ -121.421495, 37.219966 ], [ -121.421594, 37.219395 ], [ -121.421723, 37.218899 ], [ -121.421894, 37.218208 ], [ -121.421362, 37.216012 ], [ -121.421075, 37.214826 ], [ -121.419047, 37.213761 ], [ -121.418369, 37.213211 ], [ -121.417818, 37.212511 ], [ -121.417235, 37.211885 ], [ -121.416869, 37.211262 ], [ -121.416792, 37.209795 ], [ -121.416929, 37.208554 ], [ -121.416849, 37.207261 ], [ -121.416862, 37.206044 ], [ -121.416502, 37.204923 ], [ -121.416233, 37.203902 ], [ -121.416207, 37.20343 ], [ -121.415721, 37.202408 ], [ -121.41586, 37.201017 ], [ -121.415775, 37.200296 ], [ -121.415657, 37.199649 ], [ -121.415323, 37.199001 ], [ -121.414586, 37.19825 ], [ -121.413755, 37.197648 ], [ -121.413142, 37.196873 ], [ -121.412593, 37.19595 ], [ -121.412009, 37.195448 ], [ -121.411704, 37.194924 ], [ -121.411618, 37.194278 ], [ -121.411718, 37.193608 ], [ -121.411413, 37.193084 ], [ -121.410892, 37.192508 ], [ -121.410463, 37.192008 ], [ -121.410316, 37.191262 ], [ -121.410356, 37.190368 ], [ -121.410209, 37.189596 ], [ -121.410402, 37.188952 ], [ -121.410812, 37.188334 ], [ -121.411194, 37.187392 ], [ -121.411481, 37.186649 ], [ -121.411582, 37.185954 ], [ -121.411525, 37.185407 ], [ -121.411003, 37.184956 ], [ -121.410357, 37.18438 ], [ -121.40946, 37.18415 ], [ -121.409031, 37.1836 ], [ -121.408794, 37.182505 ], [ -121.408867, 37.181512 ], [ -121.408905, 37.180842 ], [ -121.409404, 37.180622 ], [ -121.409874, 37.180128 ], [ -121.410229, 37.178914 ], [ -121.410448, 37.178741 ], [ -121.410887, 37.178247 ], [ -121.41114, 37.177852 ], [ -121.411174, 37.177529 ], [ -121.411087, 37.176957 ], [ -121.410688, 37.176532 ], [ -121.410351, 37.176107 ], [ -121.410076, 37.175757 ], [ -121.410206, 37.175186 ], [ -121.410431, 37.174467 ], [ -121.411025, 37.173975 ], [ -121.411652, 37.173358 ], [ -121.412524, 37.173091 ], [ -121.413084, 37.172946 ], [ -121.413395, 37.172899 ], [ -121.413397, 37.172675 ], [ -121.413401, 37.172328 ], [ -121.413157, 37.171953 ], [ -121.412201, 37.171325 ], [ -121.410655, 37.170842 ], [ -121.408863, 37.170108 ], [ -121.407727, 37.169006 ], [ -121.40765, 37.167465 ], [ -121.407766, 37.16523 ], [ -121.407601, 37.163241 ], [ -121.40749, 37.162818 ], [ -121.407184, 37.161648 ], [ -121.406859, 37.159981 ], [ -121.40653, 37.158835 ], [ -121.406012, 37.157887 ], [ -121.405338, 37.157038 ], [ -121.405033, 37.156563 ], [ -121.404636, 37.155989 ], [ -121.404016, 37.15591 ], [ -121.403241, 37.15583 ], [ -121.402467, 37.155625 ], [ -121.401788, 37.155297 ], [ -121.401141, 37.15492 ], [ -121.401021, 37.154472 ], [ -121.400688, 37.153699 ], [ -121.400514, 37.152555 ], [ -121.400153, 37.151484 ], [ -121.400004, 37.150863 ], [ -121.399451, 37.150386 ], [ -121.39917, 37.150223 ], [ -121.399019, 37.150135 ], [ -121.398584, 37.150231 ], [ -121.398084, 37.15055 ], [ -121.397463, 37.150595 ], [ -121.396567, 37.150216 ], [ -121.39558, 37.149613 ], [ -121.395053, 37.149215 ], [ -121.394749, 37.148986 ], [ -121.393979, 37.148483 ], [ -121.393424, 37.148131 ], [ -121.392989, 37.148153 ], [ -121.392645, 37.148423 ], [ -121.392356, 37.149341 ], [ -121.392005, 37.150256 ], [ -121.391163, 37.150729 ], [ -121.391131, 37.150747 ], [ -121.390291, 37.150964 ], [ -121.388517, 37.151424 ], [ -121.388263, 37.151459 ], [ -121.38715, 37.151612 ], [ -121.386061, 37.151903 ], [ -121.385316, 37.151972 ], [ -121.384759, 37.151818 ], [ -121.384234, 37.151566 ], [ -121.383551, 37.151487 ], [ -121.383201, 37.152354 ], [ -121.382748, 37.15409 ], [ -121.382301, 37.155279 ], [ -121.382294, 37.15595 ], [ -121.382288, 37.156496 ], [ -121.382005, 37.156892 ], [ -121.38163, 37.157138 ], [ -121.381686, 37.157635 ], [ -121.382056, 37.15801 ], [ -121.382548, 37.158436 ], [ -121.383347, 37.159138 ], [ -121.383957, 37.160161 ], [ -121.384073, 37.160957 ], [ -121.384155, 37.162001 ], [ -121.383875, 37.162221 ], [ -121.38356, 37.162469 ], [ -121.383245, 37.162988 ], [ -121.383919, 37.163764 ], [ -121.384219, 37.16471 ], [ -121.384552, 37.165507 ], [ -121.384266, 37.166201 ], [ -121.383797, 37.166545 ], [ -121.383166, 37.167485 ], [ -121.382914, 37.167881 ], [ -121.382187, 37.168049 ], [ -121.381981, 37.168097 ], [ -121.380989, 37.167991 ], [ -121.380183, 37.167935 ], [ -121.379654, 37.168006 ], [ -121.379212, 37.168773 ], [ -121.378644, 37.169638 ], [ -121.378173, 37.170082 ], [ -121.378127, 37.170151 ], [ -121.377066, 37.171731 ], [ -121.376313, 37.172478 ], [ -121.37529, 37.173106 ], [ -121.374053, 37.17304 ], [ -121.373889, 37.173182 ], [ -121.373429, 37.173705 ], [ -121.373332, 37.173963 ], [ -121.373259, 37.172404 ], [ -121.373106, 37.169137 ], [ -121.373062, 37.169699 ], [ -121.372955, 37.160383 ], [ -121.373028, 37.153106 ], [ -121.373065, 37.144256 ], [ -121.373394, 37.134017 ], [ -121.373435, 37.1301 ], [ -121.373442, 37.129481 ], [ -121.373468, 37.127126 ], [ -121.3735, 37.126665 ], [ -121.373562, 37.11825 ], [ -121.373568, 37.117421 ], [ -121.385665, 37.117249 ], [ -121.4079, 37.117146 ], [ -121.411775, 37.117118 ], [ -121.422574, 37.117043 ], [ -121.436942, 37.116997 ], [ -121.471786, 37.116888 ], [ -121.471649, 37.115994 ], [ -121.478727, 37.116049 ], [ -121.490619, 37.116166 ], [ -121.495719, 37.116215 ], [ -121.508352, 37.116338 ], [ -121.539384, 37.116029 ], [ -121.547293, 37.115987 ], [ -121.549347, 37.115978 ], [ -121.5503, 37.115973 ], [ -121.55099, 37.11597 ], [ -121.560466, 37.115921 ], [ -121.560217, 37.115495 ], [ -121.560431, 37.115492 ], [ -121.560833, 37.11545 ], [ -121.56097, 37.115444 ], [ -121.561376, 37.115535 ], [ -121.561941, 37.115933 ], [ -121.563956, 37.115902 ], [ -121.566258, 37.115891 ], [ -121.564636, 37.113476 ], [ -121.562959, 37.110977 ], [ -121.558526, 37.104447 ], [ -121.557684, 37.103168 ], [ -121.556155, 37.100844 ], [ -121.556151, 37.10075 ], [ -121.555588, 37.099982 ], [ -121.546717, 37.086502 ], [ -121.553153, 37.084248 ], [ -121.55549, 37.08343 ], [ -121.555657, 37.08343 ], [ -121.55569, 37.08343 ], [ -121.55582, 37.0834 ], [ -121.556133, 37.083279 ], [ -121.55629, 37.08322 ], [ -121.556477, 37.083157 ], [ -121.55668, 37.08309 ], [ -121.557041, 37.082971 ], [ -121.55723, 37.08291 ], [ -121.55751, 37.08281 ], [ -121.557783, 37.082711 ], [ -121.559179, 37.082213 ], [ -121.55941, 37.08213 ], [ -121.559445, 37.082117 ], [ -121.56, 37.08192 ], [ -121.56021, 37.08184 ], [ -121.560675, 37.081677 ], [ -121.56084, 37.08162 ], [ -121.56089, 37.0816 ], [ -121.56155, 37.08138 ], [ -121.56248, 37.08106 ], [ -121.562503, 37.081059 ], [ -121.56262, 37.08101 ], [ -121.562712, 37.080977 ], [ -121.56339, 37.08074 ], [ -121.56384, 37.08057 ], [ -121.564008, 37.080511 ], [ -121.56572, 37.07992 ], [ -121.565879, 37.079862 ], [ -121.5665, 37.07964 ], [ -121.566742, 37.079555 ], [ -121.56747, 37.079301 ], [ -121.56756, 37.07927 ], [ -121.56771, 37.07921 ], [ -121.567818, 37.079172 ], [ -121.568142, 37.079058 ], [ -121.56825, 37.07902 ], [ -121.56882, 37.07882 ], [ -121.569015, 37.078749 ], [ -121.56951, 37.07857 ], [ -121.569723, 37.078496 ], [ -121.571316, 37.077945 ], [ -121.57142, 37.07791 ], [ -121.57208, 37.07767 ], [ -121.573115, 37.077297 ], [ -121.57408, 37.07695 ], [ -121.574272, 37.076879 ], [ -121.57446, 37.07682 ], [ -121.57617, 37.07622 ], [ -121.576229, 37.076199 ], [ -121.57727, 37.07584 ], [ -121.577781, 37.075657 ], [ -121.57873, 37.07532 ], [ -121.57877, 37.07531 ], [ -121.579099, 37.075192 ], [ -121.5793, 37.07512 ], [ -121.579318, 37.075113 ], [ -121.57983, 37.07493 ], [ -121.580355, 37.074747 ], [ -121.58058, 37.07467 ], [ -121.581926, 37.074187 ], [ -121.58245, 37.074 ], [ -121.582899, 37.073841 ], [ -121.58418, 37.07339 ], [ -121.584247, 37.073368 ], [ -121.5847, 37.07322 ], [ -121.584769, 37.073196 ], [ -121.58479, 37.07319 ], [ -121.584975, 37.073122 ], [ -121.585044, 37.073098 ], [ -121.585554, 37.072912 ], [ -121.587086, 37.072357 ], [ -121.58741, 37.07224 ], [ -121.5876, 37.07218 ], [ -121.588007, 37.072034 ], [ -121.58923, 37.0716 ], [ -121.58957, 37.07148 ], [ -121.58964, 37.07146 ], [ -121.59002, 37.07133 ], [ -121.590273, 37.071241 ], [ -121.592169, 37.070575 ], [ -121.59227, 37.07054 ], [ -121.5928, 37.07035 ], [ -121.593395, 37.07014 ], [ -121.59405, 37.06991 ], [ -121.595178, 37.069506 ], [ -121.595772, 37.069294 ], [ -121.59584, 37.06927 ], [ -121.595873, 37.069258 ], [ -121.596103, 37.069176 ], [ -121.597098, 37.068826 ], [ -121.59743, 37.06871 ], [ -121.597913, 37.068536 ], [ -121.5993, 37.06804 ], [ -121.599364, 37.068018 ], [ -121.59975, 37.06789 ], [ -121.59985, 37.06785 ], [ -121.599911, 37.067824 ], [ -121.60004, 37.06777 ], [ -121.600096, 37.067747 ], [ -121.600158, 37.067722 ], [ -121.601731, 37.067218 ], [ -121.603413, 37.066679 ], [ -121.607897, 37.065022 ], [ -121.608734, 37.064703 ], [ -121.611865, 37.063632 ], [ -121.612073, 37.063897 ], [ -121.612497, 37.063759 ], [ -121.613771, 37.063348 ], [ -121.614196, 37.063211 ], [ -121.61401, 37.0629 ], [ -121.61506, 37.0625 ], [ -121.61522, 37.06245 ], [ -121.61621, 37.06206 ], [ -121.61698, 37.06177 ], [ -121.61797, 37.06141 ], [ -121.61892, 37.06104 ], [ -121.62022, 37.06054 ], [ -121.62053, 37.0604 ], [ -121.62138, 37.060095 ], [ -121.623938, 37.062105 ], [ -121.624036, 37.062849 ], [ -121.624368, 37.063133 ], [ -121.625183, 37.063632 ], [ -121.625304, 37.063624 ], [ -121.626197, 37.063639 ], [ -121.62913, 37.063693 ], [ -121.630808, 37.0637 ], [ -121.638896, 37.063734 ], [ -121.639202, 37.063921 ], [ -121.643826, 37.066759 ], [ -121.644248, 37.066974 ], [ -121.645876, 37.06692 ], [ -121.646136, 37.066489 ], [ -121.647129, 37.066152 ], [ -121.647199, 37.065549 ], [ -121.647632, 37.063537 ], [ -121.648006, 37.063416 ], [ -121.64841, 37.063456 ], [ -121.648966, 37.063618 ], [ -121.649289, 37.063942 ], [ -121.649835, 37.064164 ], [ -121.65027, 37.065498 ], [ -121.655461, 37.065365 ], [ -121.65575, 37.064612 ], [ -121.656094, 37.064499 ], [ -121.656925, 37.064224 ], [ -121.658312, 37.063751 ], [ -121.658625, 37.063429 ], [ -121.65895, 37.063095 ], [ -121.659519, 37.062496 ], [ -121.659692, 37.062439 ], [ -121.660177, 37.062373 ], [ -121.662504, 37.06206 ], [ -121.66252, 37.061997 ], [ -121.66273, 37.060728 ], [ -121.66281, 37.06071 ], [ -121.662823, 37.060458 ], [ -121.66283, 37.06033 ], [ -121.66286, 37.05981 ], [ -121.662862, 37.059702 ], [ -121.66287, 37.05945 ], [ -121.663451, 37.059097 ], [ -121.664363, 37.058545 ], [ -121.665195, 37.058039 ], [ -121.665777, 37.057687 ], [ -121.665706, 37.057623 ], [ -121.665603, 37.057551 ], [ -121.665583, 37.057502 ], [ -121.6655, 37.057425 ], [ -121.665494, 37.057375 ], [ -121.665459, 37.057331 ], [ -121.665413, 37.057237 ], [ -121.665343, 37.05709 ], [ -121.665309, 37.057051 ], [ -121.665274, 37.056952 ], [ -121.665247, 37.056919 ], [ -121.665178, 37.056727 ], [ -121.665165, 37.056656 ], [ -121.665131, 37.056557 ], [ -121.665124, 37.056463 ], [ -121.665042, 37.056348 ], [ -121.664966, 37.056265 ], [ -121.664952, 37.056232 ], [ -121.664829, 37.05609 ], [ -121.664747, 37.056035 ], [ -121.664436, 37.055814 ], [ -121.664326, 37.055736 ], [ -121.666772, 37.053876 ], [ -121.668418, 37.05564 ], [ -121.672985, 37.055599 ], [ -121.681812, 37.055489 ], [ -121.681988, 37.055487 ], [ -121.685182, 37.055477 ], [ -121.68783, 37.055427 ], [ -121.690802, 37.055417 ], [ -121.695189, 37.055376 ], [ -121.695239, 37.058985 ], [ -121.695229, 37.062351 ], [ -121.699373, 37.062371 ], [ -121.703558, 37.062361 ], [ -121.707652, 37.062331 ], [ -121.710209, 37.06232 ], [ -121.718235, 37.062219 ], [ -121.720873, 37.062179 ], [ -121.728717, 37.062139 ], [ -121.731679, 37.062068 ], [ -121.736065, 37.061876 ], [ -121.740594, 37.061674 ], [ -121.743687, 37.061572 ], [ -121.748347, 37.06138 ], [ -121.748345, 37.060553 ], [ -121.748215, 37.051222 ], [ -121.748134, 37.045572 ], [ -121.748094, 37.042691 ], [ -121.748488, 37.042721 ], [ -121.750954, 37.044076 ], [ -121.752339, 37.044086 ], [ -121.752355, 37.0438 ], [ -121.75297, 37.04461 ], [ -121.75302, 37.04468 ], [ -121.75312, 37.04495 ], [ -121.753213, 37.045136 ], [ -121.7533, 37.04531 ], [ -121.75338, 37.0455 ], [ -121.75344, 37.04557 ], [ -121.75399, 37.04599 ], [ -121.75406, 37.04606 ], [ -121.75408, 37.04611 ], [ -121.75408, 37.0462 ], [ -121.75403, 37.04635 ], [ -121.75401, 37.04644 ], [ -121.75402, 37.04651 ], [ -121.75404, 37.04658 ], [ -121.75411, 37.04671 ], [ -121.75424, 37.04686 ], [ -121.75449, 37.04711 ], [ -121.75461, 37.04721 ], [ -121.75466, 37.04731 ], [ -121.75471, 37.04745 ], [ -121.75472, 37.04747 ], [ -121.75478, 37.0477 ], [ -121.75482, 37.04792 ], [ -121.75484, 37.0483 ], [ -121.75488, 37.0484 ], [ -121.75492, 37.04845 ], [ -121.75508, 37.04854 ], [ -121.75529, 37.04868 ], [ -121.75536, 37.04892 ], [ -121.75548, 37.04903 ], [ -121.75562, 37.0491 ], [ -121.755846, 37.049118 ], [ -121.75587, 37.04912 ], [ -121.75618, 37.04911 ], [ -121.756376, 37.049166 ], [ -121.75639, 37.04917 ], [ -121.75656, 37.04921 ], [ -121.7568, 37.04918 ], [ -121.75691, 37.04924 ], [ -121.7576, 37.04963 ], [ -121.7577, 37.04947 ], [ -121.75791, 37.04902 ], [ -121.75798, 37.04894 ], [ -121.75812, 37.04883 ], [ -121.7582, 37.04879 ], [ -121.760678, 37.0476 ], [ -121.761337, 37.04771 ], [ -121.76199, 37.04782 ], [ -121.76242, 37.04801 ], [ -121.76254, 37.04809 ], [ -121.76261, 37.04818 ], [ -121.76266, 37.04826 ], [ -121.762678, 37.048282 ], [ -121.7627, 37.04831 ], [ -121.76274, 37.04834 ], [ -121.76278, 37.04836 ], [ -121.763079, 37.04836 ], [ -121.76319, 37.04836 ], [ -121.76332, 37.04835 ], [ -121.76339, 37.04837 ], [ -121.7635, 37.04841 ], [ -121.76372, 37.04851 ], [ -121.7638, 37.04854 ], [ -121.76387, 37.04859 ], [ -121.763881, 37.048603 ], [ -121.76395, 37.04868 ], [ -121.76404, 37.04881 ], [ -121.76409, 37.0489 ], [ -121.76413, 37.04896 ], [ -121.76418, 37.04899 ], [ -121.76443, 37.04907 ], [ -121.76453, 37.04912 ], [ -121.76468, 37.04922 ], [ -121.7648, 37.04934 ], [ -121.764851, 37.049423 ], [ -121.76488, 37.04947 ], [ -121.76492, 37.04961 ], [ -121.764902, 37.049674 ], [ -121.76487, 37.04973 ], [ -121.76482, 37.04977 ], [ -121.764774, 37.049774 ], [ -121.76461, 37.04979 ], [ -121.76447, 37.04979 ], [ -121.76437, 37.04982 ], [ -121.76428, 37.04986 ], [ -121.76423, 37.04991 ], [ -121.76413, 37.05008 ], [ -121.764091, 37.050118 ], [ -121.76391, 37.0503 ], [ -121.76383, 37.05036 ], [ -121.76366, 37.05043 ], [ -121.76354, 37.0505 ], [ -121.76344, 37.05055 ], [ -121.76339, 37.0506 ], [ -121.76332, 37.05066 ], [ -121.76328, 37.05072 ], [ -121.76325, 37.05096 ], [ -121.76322, 37.05177 ], [ -121.76323, 37.05184 ], [ -121.76328, 37.05189 ], [ -121.76339, 37.05196 ], [ -121.76383, 37.05214 ], [ -121.76414, 37.05226 ], [ -121.76432, 37.05236 ], [ -121.76448, 37.05244 ], [ -121.764709, 37.052459 ], [ -121.76485, 37.05247 ], [ -121.76519, 37.05252 ], [ -121.76538, 37.05256 ], [ -121.765442, 37.052577 ], [ -121.76563, 37.05263 ], [ -121.76581, 37.05271 ], [ -121.76593, 37.05279 ], [ -121.76627, 37.05303 ], [ -121.76655, 37.05315 ], [ -121.76696, 37.05328 ], [ -121.76723, 37.05332 ], [ -121.76734, 37.05332 ], [ -121.76746, 37.05329 ], [ -121.76764, 37.0532 ], [ -121.76786, 37.05311 ], [ -121.76792, 37.05308 ], [ -121.76873, 37.05306 ], [ -121.76891, 37.05307 ], [ -121.7694, 37.05323 ], [ -121.76962, 37.05326 ], [ -121.77004, 37.05329 ], [ -121.77033, 37.05328 ], [ -121.77046, 37.05326 ], [ -121.77055, 37.05322 ], [ -121.77078, 37.05301 ], [ -121.77097, 37.05291 ], [ -121.771311, 37.052822 ], [ -121.77152, 37.05276 ], [ -121.77171, 37.05274 ], [ -121.77229, 37.05272 ], [ -121.77248, 37.05266 ], [ -121.77266, 37.05262 ], [ -121.77295, 37.05262 ], [ -121.77311, 37.05266 ], [ -121.77342, 37.05275 ], [ -121.77379, 37.05287 ], [ -121.77407, 37.05295 ], [ -121.77422, 37.05297 ], [ -121.77438, 37.053 ], [ -121.77458, 37.05301 ], [ -121.77488, 37.05297 ], [ -121.77505, 37.05296 ], [ -121.77517, 37.05296 ], [ -121.77526, 37.05298 ], [ -121.77533, 37.05302 ], [ -121.77545, 37.05308 ], [ -121.775509, 37.053127 ], [ -121.77564, 37.05323 ], [ -121.77569, 37.05326 ], [ -121.77576, 37.05337 ], [ -121.77581, 37.0535 ], [ -121.77591, 37.0538 ], [ -121.77597, 37.05409 ], [ -121.77601, 37.05445 ], [ -121.77603, 37.05458 ], [ -121.776042, 37.054753 ], [ -121.77605, 37.05486 ], [ -121.77609, 37.05492 ], [ -121.77617, 37.05497 ], [ -121.77628, 37.05503 ], [ -121.7764, 37.05505 ], [ -121.77656, 37.05507 ], [ -121.77672, 37.05508 ], [ -121.776824, 37.055098 ], [ -121.77695, 37.05512 ], [ -121.77721, 37.05518 ], [ -121.77749, 37.05525 ], [ -121.77767, 37.05534 ], [ -121.77776, 37.05542 ], [ -121.777831, 37.055513 ], [ -121.77789, 37.05559 ], [ -121.77806, 37.05585 ], [ -121.778257, 37.056065 ], [ -121.779158, 37.056059 ], [ -121.781018, 37.056737 ], [ -121.78155, 37.056991 ], [ -121.781593, 37.057042 ], [ -121.781618, 37.057109 ], [ -121.78163, 37.05714 ], [ -121.78166, 37.05753 ], [ -121.78177, 37.05776 ], [ -121.78188, 37.05803 ], [ -121.78194, 37.0582 ], [ -121.78201, 37.05836 ], [ -121.78211, 37.05848 ], [ -121.78239, 37.058742 ], [ -121.78242, 37.05877 ], [ -121.78268, 37.05904 ], [ -121.78293, 37.05932 ], [ -121.78299, 37.05937 ], [ -121.78308, 37.05946 ], [ -121.78325, 37.05957 ], [ -121.78346, 37.05972 ], [ -121.78363, 37.05982 ], [ -121.78393, 37.06003 ], [ -121.78413, 37.06023 ], [ -121.7843, 37.06043 ], [ -121.78451, 37.06066 ], [ -121.78469, 37.06077 ], [ -121.78479, 37.06082 ], [ -121.78489, 37.06085 ], [ -121.78498, 37.06087 ], [ -121.78511, 37.06091 ], [ -121.78513, 37.060925 ], [ -121.78522, 37.06099 ], [ -121.78532, 37.06108 ], [ -121.78542, 37.06123 ], [ -121.78558, 37.06149 ], [ -121.7858, 37.0618 ], [ -121.78594, 37.06193 ], [ -121.78604, 37.06199 ], [ -121.78616, 37.06204 ], [ -121.786292, 37.062087 ], [ -121.78647, 37.06215 ], [ -121.78656, 37.06216 ], [ -121.78674, 37.06216 ], [ -121.78707, 37.06209 ], [ -121.78727, 37.06207 ], [ -121.78741, 37.06206 ], [ -121.78755, 37.06207 ], [ -121.78772, 37.0621 ], [ -121.78788, 37.06215 ], [ -121.78801, 37.06221 ], [ -121.78812, 37.06227 ], [ -121.78818, 37.06232 ], [ -121.78822, 37.06239 ], [ -121.78822, 37.06245 ], [ -121.78825, 37.06266 ], [ -121.78828, 37.06273 ], [ -121.78832, 37.06277 ], [ -121.78845, 37.06281 ], [ -121.78877, 37.06284 ], [ -121.78883, 37.06286 ], [ -121.7889, 37.06289 ], [ -121.78898, 37.06296 ], [ -121.78916, 37.06319 ], [ -121.78923, 37.06326 ], [ -121.7893, 37.06329 ], [ -121.78936, 37.0633 ], [ -121.78971, 37.06331 ], [ -121.78976, 37.06333 ], [ -121.78986, 37.0634 ], [ -121.79004, 37.06359 ], [ -121.79014, 37.06363 ], [ -121.7902, 37.06363 ], [ -121.79047, 37.0636 ], [ -121.790616, 37.063665 ], [ -121.79065, 37.06368 ], [ -121.79071, 37.0637 ], [ -121.79083, 37.0637 ], [ -121.79099, 37.06369 ], [ -121.79104, 37.06369 ], [ -121.79108, 37.06371 ], [ -121.79123, 37.06383 ], [ -121.79132, 37.06386 ], [ -121.79141, 37.06388 ], [ -121.792113, 37.06388 ], [ -121.79215, 37.06388 ], [ -121.792244, 37.063896 ], [ -121.79233, 37.06391 ], [ -121.79253, 37.06396 ], [ -121.79262, 37.06396 ], [ -121.79283, 37.06398 ], [ -121.79288, 37.06399 ], [ -121.79297, 37.06404 ], [ -121.79319, 37.06419 ], [ -121.79338, 37.06427 ], [ -121.79355, 37.06431 ], [ -121.79369, 37.0643 ], [ -121.79383, 37.06427 ], [ -121.79395, 37.06423 ], [ -121.79407, 37.06415 ], [ -121.79414, 37.06408 ], [ -121.79422, 37.06397 ], [ -121.79427, 37.06387 ], [ -121.7943, 37.06383 ], [ -121.79437, 37.06377 ], [ -121.79453, 37.06375 ], [ -121.79467, 37.06375 ], [ -121.79496, 37.06378 ], [ -121.79502, 37.06378 ], [ -121.79518, 37.06371 ], [ -121.795196, 37.063706 ], [ -121.79527, 37.06369 ], [ -121.79545, 37.06366 ], [ -121.79564, 37.06361 ], [ -121.79573, 37.06358 ], [ -121.79576, 37.06358 ], [ -121.79582, 37.06356 ], [ -121.79589, 37.06356 ], [ -121.79595, 37.06357 ], [ -121.79609, 37.06363 ], [ -121.79637, 37.06374 ], [ -121.79649, 37.06376 ], [ -121.79668, 37.06378 ], [ -121.79676, 37.0638 ], [ -121.79694, 37.06389 ], [ -121.79743, 37.06418 ], [ -121.79749, 37.06423 ], [ -121.79777, 37.06456 ], [ -121.79783, 37.0646 ], [ -121.79814, 37.06476 ], [ -121.79843, 37.06493 ], [ -121.79861, 37.06502 ], [ -121.7991, 37.06522 ], [ -121.79942, 37.06534 ], [ -121.79955, 37.06538 ], [ -121.79969, 37.0654 ], [ -121.79996, 37.06541 ], [ -121.80018, 37.06542 ], [ -121.80023, 37.06543 ], [ -121.80031, 37.06547 ], [ -121.80033, 37.0655 ], [ -121.80047, 37.06569 ], [ -121.80084, 37.06604 ], [ -121.80086, 37.06611 ], [ -121.80087, 37.06622 ], [ -121.8009, 37.06629 ], [ -121.80095, 37.06638 ], [ -121.8012, 37.06671 ], [ -121.80137, 37.06689 ], [ -121.80139, 37.06696 ], [ -121.80142, 37.06712 ], [ -121.80145, 37.06737 ], [ -121.80147, 37.06742 ], [ -121.80151, 37.06749 ], [ -121.801666, 37.067629 ], [ -121.8017, 37.06766 ], [ -121.802, 37.06787 ], [ -121.80213, 37.06793 ], [ -121.80225, 37.06796 ], [ -121.80234, 37.06797 ], [ -121.80248, 37.06796 ], [ -121.80289, 37.06788 ], [ -121.803012, 37.067871 ], [ -121.803024, 37.067881 ], [ -121.803571, 37.06836 ], [ -121.803963, 37.068518 ], [ -121.804367, 37.068571 ], [ -121.805289, 37.068525 ], [ -121.805878, 37.068306 ], [ -121.805944, 37.068281 ], [ -121.80649, 37.06857 ], [ -121.80672, 37.06866 ], [ -121.80681, 37.06869 ], [ -121.80693, 37.06869 ], [ -121.80732, 37.06868 ], [ -121.80744, 37.06867 ], [ -121.807624, 37.068658 ], [ -121.807654, 37.068705 ], [ -121.807855, 37.068855 ], [ -121.808016, 37.068937 ], [ -121.80851, 37.069128 ], [ -121.808748, 37.069206 ], [ -121.809037, 37.069286 ], [ -121.809076, 37.069301 ], [ -121.809122, 37.069319 ], [ -121.809185, 37.069369 ], [ -121.809276, 37.069493 ], [ -121.809299, 37.069531 ], [ -121.809358, 37.069631 ], [ -121.809472, 37.069735 ], [ -121.809691, 37.069896 ], [ -121.810527, 37.070674 ], [ -121.810655, 37.070883 ], [ -121.81089, 37.071315 ], [ -121.811105, 37.071706 ], [ -121.811181, 37.072048 ], [ -121.811229, 37.072248 ], [ -121.811376, 37.07286 ], [ -121.81141, 37.072902 ], [ -121.811518, 37.073061 ], [ -121.81182, 37.073515 ], [ -121.811997, 37.073996 ], [ -121.812114, 37.074276 ], [ -121.81229, 37.074491 ], [ -121.812444, 37.074775 ], [ -121.812516, 37.075155 ], [ -121.812583, 37.075294 ], [ -121.812651, 37.075382 ], [ -121.812828, 37.07549 ], [ -121.812987, 37.075537 ], [ -121.81321, 37.075556 ], [ -121.813349, 37.075729 ], [ -121.813426, 37.075807 ], [ -121.813525, 37.075859 ], [ -121.813568, 37.075873 ], [ -121.813731, 37.076067 ], [ -121.813818, 37.076157 ], [ -121.813923, 37.07622 ], [ -121.813972, 37.07624 ], [ -121.814531, 37.07644 ], [ -121.814566, 37.07648 ], [ -121.814672, 37.0766 ], [ -121.814708, 37.07664 ], [ -121.815064, 37.076547 ], [ -121.81522, 37.07677 ], [ -121.815391, 37.076949 ], [ -121.81544, 37.077 ], [ -121.815581, 37.077108 ], [ -121.8157, 37.0772 ], [ -121.81575, 37.07723 ], [ -121.81578, 37.07724 ], [ -121.81587, 37.07724 ], [ -121.81601, 37.07722 ], [ -121.81605, 37.07722 ], [ -121.81608, 37.07723 ], [ -121.81614, 37.07726 ], [ -121.8164, 37.07741 ], [ -121.816613, 37.07754 ], [ -121.81663, 37.07755 ], [ -121.816823, 37.077656 ], [ -121.81703, 37.07777 ], [ -121.81711, 37.07782 ], [ -121.81719, 37.07788 ], [ -121.81728, 37.07803 ], [ -121.81732, 37.07812 ], [ -121.81737, 37.07831 ], [ -121.81738, 37.07847 ], [ -121.81736, 37.07862 ], [ -121.8173, 37.07876 ], [ -121.81726, 37.07891 ], [ -121.81715, 37.07907 ], [ -121.81708, 37.07913 ], [ -121.816904, 37.079233 ], [ -121.81681, 37.07929 ], [ -121.81673, 37.07933 ], [ -121.81671, 37.07935 ], [ -121.81668, 37.07945 ], [ -121.81662, 37.0795 ], [ -121.8166, 37.07953 ], [ -121.81659, 37.07958 ], [ -121.81659, 37.07974 ], [ -121.8166, 37.07986 ], [ -121.81651, 37.08011 ], [ -121.816491, 37.080201 ], [ -121.81648, 37.080255 ], [ -121.81649, 37.08037 ], [ -121.81652, 37.08042 ], [ -121.81655, 37.08046 ], [ -121.81661, 37.08052 ], [ -121.81697, 37.08101 ], [ -121.81717, 37.08124 ], [ -121.81727, 37.0814 ], [ -121.81744, 37.08155 ], [ -121.81746, 37.0816 ], [ -121.81746, 37.08171 ], [ -121.8174, 37.08191 ], [ -121.8174, 37.08196 ], [ -121.81742, 37.08201 ], [ -121.81751, 37.08216 ], [ -121.81754, 37.08224 ], [ -121.81755, 37.08228 ], [ -121.81752, 37.08238 ], [ -121.81747, 37.08245 ], [ -121.81745, 37.0825 ], [ -121.81744, 37.08257 ], [ -121.81746, 37.08264 ], [ -121.817591, 37.082818 ], [ -121.81766, 37.08291 ], [ -121.817711, 37.08302 ], [ -121.81775, 37.08309 ], [ -121.81783, 37.08317 ], [ -121.81792, 37.08322 ], [ -121.81799, 37.08325 ], [ -121.81804, 37.08328 ], [ -121.81812, 37.08355 ], [ -121.81817, 37.08364 ], [ -121.81824, 37.08374 ], [ -121.81831, 37.08378 ], [ -121.8184, 37.08382 ], [ -121.81865, 37.08387 ], [ -121.818682, 37.083871 ], [ -121.8189, 37.083881 ], [ -121.819048, 37.083907 ], [ -121.81912, 37.08392 ], [ -121.81941, 37.08402 ], [ -121.8197, 37.08417 ], [ -121.81986, 37.08426 ], [ -121.82001, 37.08436 ], [ -121.82013, 37.08449 ], [ -121.82018, 37.08455 ], [ -121.82043, 37.08478 ], [ -121.82052, 37.08484 ], [ -121.820968, 37.085022 ], [ -121.82119, 37.085112 ], [ -121.82126, 37.08514 ], [ -121.82131, 37.08517 ], [ -121.82141, 37.08525 ], [ -121.82202, 37.08555 ], [ -121.82226, 37.08569 ], [ -121.82311, 37.08591 ], [ -121.82321, 37.08593 ], [ -121.82346, 37.08595 ], [ -121.82353, 37.08595 ], [ -121.82359, 37.08597 ], [ -121.82364, 37.08601 ], [ -121.82366, 37.08605 ], [ -121.82381, 37.08662 ], [ -121.82394, 37.08697 ], [ -121.82396, 37.08707 ], [ -121.823976, 37.08721 ], [ -121.824, 37.08741 ], [ -121.82401, 37.08746 ], [ -121.82402, 37.08757 ], [ -121.82405, 37.08765 ], [ -121.8241, 37.0877 ], [ -121.82418, 37.08776 ], [ -121.82422, 37.08778 ], [ -121.82429, 37.0878 ], [ -121.82437, 37.08781 ], [ -121.82446, 37.08781 ], [ -121.82471, 37.08775 ], [ -121.82482, 37.08773 ], [ -121.8249, 37.08772 ], [ -121.8251, 37.08774 ], [ -121.82522, 37.08776 ], [ -121.82532, 37.08777 ], [ -121.82544, 37.08777 ], [ -121.82552, 37.08775 ], [ -121.82561, 37.08772 ], [ -121.82572, 37.0877 ], [ -121.82624, 37.08774 ], [ -121.826329, 37.087755 ], [ -121.82642, 37.08777 ], [ -121.8266, 37.08785 ], [ -121.82675, 37.08795 ], [ -121.82682, 37.08798 ], [ -121.82687, 37.08798 ], [ -121.82693, 37.08797 ], [ -121.82705, 37.08793 ], [ -121.82716, 37.0879 ], [ -121.827199, 37.087894 ], [ -121.827406, 37.08799 ], [ -121.828044, 37.088668 ], [ -121.829062, 37.087916 ], [ -121.82918, 37.08801 ], [ -121.8293, 37.08822 ], [ -121.82933, 37.08824 ], [ -121.82938, 37.08824 ], [ -121.82945, 37.08822 ], [ -121.82946, 37.088215 ], [ -121.8297, 37.08809 ], [ -121.82977, 37.08807 ], [ -121.829843, 37.08806 ], [ -121.82996, 37.08807 ], [ -121.83027, 37.08807 ], [ -121.83039, 37.0881 ], [ -121.83067, 37.08829 ], [ -121.83077, 37.08834 ], [ -121.830802, 37.088351 ], [ -121.831006, 37.088419 ], [ -121.831402, 37.088553 ], [ -121.83154, 37.0886 ], [ -121.83162, 37.08865 ], [ -121.83169, 37.08872 ], [ -121.83188, 37.08897 ], [ -121.83195, 37.08907 ], [ -121.83197, 37.08915 ], [ -121.831985, 37.089252 ], [ -121.83202, 37.08949 ], [ -121.832024, 37.089505 ], [ -121.832039, 37.08955 ], [ -121.832045, 37.089565 ], [ -121.83217, 37.0897 ], [ -121.83243, 37.08987 ], [ -121.83295, 37.09021 ], [ -121.83343, 37.09049 ], [ -121.83347, 37.09054 ], [ -121.83353, 37.09066 ], [ -121.833562, 37.090766 ], [ -121.83357, 37.09079 ], [ -121.83359, 37.09082 ], [ -121.833943, 37.091074 ], [ -121.834002, 37.091116 ], [ -121.83409, 37.09118 ], [ -121.83417, 37.09122 ], [ -121.834191, 37.091222 ], [ -121.834264, 37.091229 ], [ -121.83428, 37.09123 ], [ -121.83433, 37.09123 ], [ -121.83464, 37.09111 ], [ -121.834808, 37.091051 ], [ -121.83484, 37.09104 ], [ -121.83494, 37.09102 ], [ -121.83501, 37.09102 ], [ -121.83508, 37.09101 ], [ -121.83516, 37.09102 ], [ -121.83523, 37.09104 ], [ -121.8353, 37.09107 ], [ -121.83534, 37.09111 ], [ -121.83539, 37.09118 ], [ -121.83546, 37.09136 ], [ -121.83554, 37.09146 ], [ -121.83558, 37.09149 ], [ -121.83561, 37.09152 ], [ -121.83572, 37.09156 ], [ -121.836257, 37.091681 ], [ -121.83674, 37.09179 ], [ -121.836822, 37.09179 ], [ -121.83696, 37.09179 ], [ -121.8371, 37.09178 ], [ -121.837143, 37.09177 ], [ -121.83732, 37.09173 ], [ -121.83756, 37.09166 ], [ -121.83771, 37.09159 ], [ -121.8378, 37.09157 ], [ -121.83792, 37.09157 ], [ -121.83803, 37.0916 ], [ -121.838074, 37.091618 ], [ -121.83825, 37.09169 ], [ -121.838368, 37.091752 ], [ -121.83844, 37.09179 ], [ -121.838574, 37.091887 ], [ -121.838589, 37.091898 ], [ -121.83866, 37.09195 ], [ -121.838705, 37.091995 ], [ -121.83873, 37.09202 ], [ -121.83877, 37.09209 ], [ -121.83881, 37.09226 ], [ -121.83882, 37.09239 ], [ -121.83882, 37.09246 ], [ -121.838798, 37.092538 ], [ -121.83879, 37.09257 ], [ -121.838691, 37.092761 ], [ -121.83864, 37.09286 ], [ -121.83859, 37.09294 ], [ -121.83857, 37.09301 ], [ -121.838582, 37.093091 ], [ -121.83859, 37.09314 ], [ -121.83861, 37.09318 ], [ -121.838624, 37.093194 ], [ -121.83865, 37.09322 ], [ -121.83897, 37.09339 ], [ -121.83918, 37.09348 ], [ -121.83929, 37.09352 ], [ -121.839513, 37.093539 ], [ -121.83963, 37.09354 ], [ -121.83974, 37.09353 ], [ -121.839871, 37.0935 ], [ -121.840014, 37.093466 ], [ -121.84013, 37.09344 ], [ -121.84019, 37.09344 ], [ -121.84023, 37.09345 ], [ -121.84027, 37.09348 ], [ -121.84029, 37.09353 ], [ -121.840316, 37.093646 ], [ -121.84032, 37.09366 ], [ -121.840362, 37.093787 ], [ -121.84037, 37.09381 ], [ -121.840378, 37.093828 ], [ -121.840432, 37.093952 ], [ -121.84044, 37.09397 ], [ -121.840453, 37.093992 ], [ -121.840478, 37.094036 ], [ -121.84052, 37.09411 ], [ -121.840562, 37.094166 ], [ -121.84058, 37.09419 ], [ -121.840597, 37.094205 ], [ -121.84067, 37.09427 ], [ -121.84079, 37.09435 ], [ -121.840869, 37.094389 ], [ -121.84096, 37.09444 ], [ -121.84133, 37.09454 ], [ -121.841515, 37.094581 ], [ -121.8416, 37.0946 ], [ -121.841765, 37.0946 ], [ -121.8418, 37.0946 ], [ -121.841913, 37.094583 ], [ -121.842, 37.09457 ], [ -121.842359, 37.094546 ], [ -121.84245, 37.09454 ], [ -121.842509, 37.094545 ], [ -121.842551, 37.094561 ], [ -121.84268, 37.09457 ], [ -121.842723, 37.094577 ], [ -121.842783, 37.094581 ] ] ] } },
{ "type": "Feature", "properties": { "STATEFP": "06", "UNSDLEA": "35430", "GEOID": "0635430", "GEOIDFQ": "9700000US0635430", "NAME": "Santa Clara Unified School District", "LSAD": "00", "LOGRADE": "KG", "HIGRADE": "12", "MTFCC": "G5420", "SDTYP": null, "FUNCSTAT": "E", "ALAND": 105815417, "AWATER": 3923817, "INTPTLAT": "+37.4016881", "INTPTLON": "-121.9733927" }, "geometry": { "type": "MultiPolygon", "coordinates": [ [ [ [ -121.932869, 37.36833 ], [ -121.930507, 37.370926 ], [ -121.93006, 37.371417 ], [ -121.92967, 37.371848 ], [ -121.929538, 37.371789 ], [ -121.928642, 37.37124 ], [ -121.928028, 37.370739 ], [ -121.927083, 37.369739 ], [ -121.925751, 37.368059 ], [ -121.925081, 37.367512 ], [ -121.924851, 37.367391 ], [ -121.924908, 37.367342 ], [ -121.924965, 37.367293 ], [ -121.925311, 37.366995 ], [ -121.925425, 37.366887 ], [ -121.925449, 37.366866 ], [ -121.925492, 37.366801 ], [ -121.925738, 37.366549 ], [ -121.928156, 37.36403 ], [ -121.928344, 37.363834 ], [ -121.932956, 37.368234 ], [ -121.932869, 37.36833 ] ] ], [ [ [ -121.950224, 37.325403 ], [ -121.950084, 37.325407 ], [ -121.949581, 37.325419 ], [ -121.94958, 37.325541 ], [ -121.948758, 37.325541 ], [ -121.946968, 37.325541 ], [ -121.946664, 37.325539 ], [ -121.94667, 37.323366 ], [ -121.946809, 37.323366 ], [ -121.946864, 37.323366 ], [ -121.947089, 37.323381 ], [ -121.947667, 37.323294 ], [ -121.947846, 37.323283 ], [ -121.948065, 37.32327 ], [ -121.94822, 37.32327 ], [ -121.94873, 37.32326 ], [ -121.949149, 37.323252 ], [ -121.94927, 37.32325 ], [ -121.95002, 37.32323 ], [ -121.95008, 37.32323 ], [ -121.95018, 37.32322 ], [ -121.95018, 37.3234 ], [ -121.95019, 37.32391 ], [ -121.9502, 37.32433 ], [ -121.95019, 37.32478 ], [ -121.9502, 37.32496 ], [ -121.950224, 37.325403 ] ] ], [ [ [ -122.006095, 37.407728 ], [ -122.006056, 37.407844 ], [ -122.006043, 37.407884 ], [ -122.005591, 37.409262 ], [ -122.004238, 37.413397 ], [ -122.003837, 37.414626 ], [ -122.003788, 37.414776 ], [ -122.003656, 37.414749 ], [ -122.003263, 37.414668 ], [ -122.003132, 37.414641 ], [ -122.00308, 37.41463 ], [ -122.003052, 37.414624 ], [ -122.002815, 37.414573 ], [ -122.002737, 37.414556 ], [ -122.00271, 37.41455 ], [ -122.00247, 37.41447 ], [ -122.00222, 37.41437 ], [ -122.00205, 37.414276 ], [ -122.00184, 37.41416 ], [ -122.001553, 37.414342 ], [ -122.001062, 37.415717 ], [ -121.990493, 37.414031 ], [ -121.989179, 37.413683 ], [ -121.989178, 37.412314 ], [ -121.989175, 37.411587 ], [ -121.989179, 37.4114 ], [ -121.989178, 37.411251 ], [ -121.98897, 37.4113 ], [ -121.988963, 37.410661 ], [ -121.989046, 37.41066 ], [ -121.989175, 37.410658 ], [ -121.989416, 37.410653 ], [ -121.98962, 37.41065 ], [ -121.990139, 37.410636 ], [ -121.99038, 37.41063 ], [ -121.99051, 37.41063 ], [ -121.990721, 37.41061 ], [ -121.99084, 37.4106 ], [ -121.99121, 37.41056 ], [ -121.991734, 37.410448 ], [ -121.99196, 37.4104 ], [ -121.99207, 37.41038 ], [ -121.992424, 37.410297 ], [ -121.99345, 37.41006 ], [ -121.993487, 37.41005 ], [ -121.99384, 37.40996 ], [ -121.994236, 37.409857 ], [ -121.9945, 37.40979 ], [ -121.995422, 37.409539 ], [ -121.99557, 37.4095 ], [ -121.99563, 37.40946 ], [ -121.99568, 37.40942 ], [ -121.99576, 37.40933 ], [ -121.99578, 37.40928 ], [ -121.99579, 37.40915 ], [ -121.9958, 37.4091 ], [ -121.9958, 37.40896 ], [ -121.99581, 37.40882 ], [ -121.995808, 37.408736 ], [ -121.99579, 37.40749 ], [ -121.99579, 37.40733 ], [ -121.99579, 37.40696 ], [ -121.995789, 37.406939 ], [ -121.99578, 37.40634 ], [ -121.995784, 37.405938 ], [ -121.99579, 37.40548 ], [ -121.9958, 37.40532 ], [ -121.995815, 37.404736 ], [ -121.995826, 37.404335 ], [ -121.9958, 37.40424 ], [ -121.995785, 37.40417 ], [ -121.99574, 37.40396 ], [ -121.995721, 37.403668 ], [ -121.99571, 37.4035 ], [ -121.99571, 37.403466 ], [ -121.99571, 37.403364 ], [ -121.99571, 37.40333 ], [ -121.995061, 37.403326 ], [ -121.99389, 37.40332 ], [ -121.99345, 37.4033 ], [ -121.99324, 37.40328 ], [ -121.993117, 37.40327 ], [ -121.99284, 37.40325 ], [ -121.99247, 37.40326 ], [ -121.99229, 37.40326 ], [ -121.99171, 37.40325 ], [ -121.991676, 37.403254 ], [ -121.99164, 37.40326 ], [ -121.99121, 37.40327 ], [ -121.99086, 37.40331 ], [ -121.99043, 37.40337 ], [ -121.98996, 37.40342 ], [ -121.989303, 37.403424 ], [ -121.98851, 37.40343 ], [ -121.98832, 37.403432 ], [ -121.987996, 37.403435 ], [ -121.987995, 37.403067 ], [ -121.988001, 37.402759 ], [ -121.987997, 37.401977 ], [ -121.98795, 37.40187 ], [ -121.98792, 37.40172 ], [ -121.98792, 37.40159 ], [ -121.987996, 37.401324 ], [ -121.987998, 37.400562 ], [ -121.988004, 37.400376 ], [ -121.988005, 37.400031 ], [ -121.988644, 37.400002 ], [ -121.98975, 37.39994 ], [ -121.993777, 37.399755 ], [ -121.995512, 37.39972 ], [ -121.995584, 37.399719 ], [ -121.99566, 37.399719 ], [ -121.99587, 37.399683 ], [ -121.99587, 37.399784 ], [ -121.996785, 37.39973 ], [ -121.99804, 37.399683 ], [ -121.999912, 37.399614 ], [ -122.003155, 37.3995 ], [ -122.004638, 37.399482 ], [ -122.004866, 37.399482 ], [ -122.004824, 37.400115 ], [ -122.004801, 37.402935 ], [ -122.004794, 37.403294 ], [ -122.004798, 37.403627 ], [ -122.004801, 37.403998 ], [ -122.004793, 37.407635 ], [ -122.004789, 37.407817 ], [ -122.004863, 37.407802 ], [ -122.004789, 37.407831 ], [ -122.00479, 37.407976 ], [ -122.004861, 37.407961 ], [ -122.00511, 37.407905 ], [ -122.00536, 37.40785 ], [ -122.005859, 37.407742 ], [ -122.006109, 37.407689 ], [ -122.006095, 37.407728 ] ] ], [ [ [ -122.047037, 37.457742 ], [ -122.045905, 37.457727 ], [ -122.045857, 37.459938 ], [ -122.045271, 37.460276 ], [ -122.044587, 37.460666 ], [ -122.044474, 37.46073 ], [ -122.044399, 37.460773 ], [ -122.043394, 37.461345 ], [ -122.043295, 37.461399 ], [ -122.042541, 37.461811 ], [ -122.041767, 37.462292 ], [ -122.040698, 37.462975 ], [ -122.03837, 37.46416 ], [ -122.038075, 37.46431 ], [ -122.037266, 37.464699 ], [ -122.036182, 37.464966 ], [ -122.034809, 37.46505 ], [ -122.033756, 37.465126 ], [ -122.031651, 37.465241 ], [ -122.029896, 37.465317 ], [ -122.027775, 37.465469 ], [ -122.026859, 37.46553 ], [ -122.025425, 37.46563 ], [ -122.023808, 37.465424 ], [ -122.023487, 37.465355 ], [ -122.022526, 37.46515 ], [ -122.022472, 37.465139 ], [ -122.022201, 37.465125 ], [ -122.021153, 37.465073 ], [ -122.020872, 37.465139 ], [ -122.016215, 37.46554 ], [ -122.003796, 37.46661 ], [ -122.002434, 37.466727 ], [ -122.001073, 37.466844 ], [ -121.999972, 37.466939 ], [ -121.999822, 37.466953 ], [ -121.998248, 37.467095 ], [ -121.997771, 37.467139 ], [ -121.997171, 37.467139 ], [ -121.996671, 37.467239 ], [ -121.996471, 37.467039 ], [ -121.995502, 37.466744 ], [ -121.994311, 37.466049 ], [ -121.992975, 37.464923 ], [ -121.992669, 37.464639 ], [ -121.989435, 37.463681 ], [ -121.980171, 37.460939 ], [ -121.980014, 37.460892 ], [ -121.979071, 37.460839 ], [ -121.978474, 37.460809 ], [ -121.975071, 37.460639 ], [ -121.974772, 37.460739 ], [ -121.974706, 37.46074 ], [ -121.974471, 37.460739 ], [ -121.970821, 37.461507 ], [ -121.968524, 37.461953 ], [ -121.968112, 37.46215 ], [ -121.968074, 37.462168 ], [ -121.967064, 37.462487 ], [ -121.965951, 37.462813 ], [ -121.964157, 37.463151 ], [ -121.959313, 37.463515 ], [ -121.959261, 37.463505 ], [ -121.957624, 37.463199 ], [ -121.955889, 37.46273 ], [ -121.955579, 37.46264 ], [ -121.955378, 37.462582 ], [ -121.954451, 37.462204 ], [ -121.954402, 37.462193 ], [ -121.954387, 37.462186 ], [ -121.954109, 37.462112 ], [ -121.953391, 37.461945 ], [ -121.952819, 37.461674 ], [ -121.951921, 37.461461 ], [ -121.951766, 37.461455 ], [ -121.950733, 37.461418 ], [ -121.949602, 37.461408 ], [ -121.949375, 37.461496 ], [ -121.948979, 37.461538 ], [ -121.948126, 37.461845 ], [ -121.947842, 37.461978 ], [ -121.947041, 37.462602 ], [ -121.946409, 37.463362 ], [ -121.946174, 37.463946 ], [ -121.946167, 37.464487 ], [ -121.946276, 37.464803 ], [ -121.946624, 37.465408 ], [ -121.946772, 37.465664 ], [ -121.94699, 37.466252 ], [ -121.946987, 37.466477 ], [ -121.947087, 37.467424 ], [ -121.946914, 37.467648 ], [ -121.946912, 37.467783 ], [ -121.946797, 37.467918 ], [ -121.946781, 37.467965 ], [ -121.946679, 37.468277 ], [ -121.946449, 37.46859 ], [ -121.945934, 37.468991 ], [ -121.945894, 37.469006 ], [ -121.945479, 37.469168 ], [ -121.944914, 37.469163 ], [ -121.944522, 37.468889 ], [ -121.944244, 37.468526 ], [ -121.944137, 37.468119 ], [ -121.944144, 37.467623 ], [ -121.944317, 37.4674 ], [ -121.944332, 37.466309 ], [ -121.944335, 37.466093 ], [ -121.944226, 37.465822 ], [ -121.943779, 37.465457 ], [ -121.943471, 37.465348 ], [ -121.943364, 37.465281 ], [ -121.943257, 37.465214 ], [ -121.943101, 37.465116 ], [ -121.943045, 37.465104 ], [ -121.942357, 37.464963 ], [ -121.941578, 37.464945 ], [ -121.941491, 37.464944 ], [ -121.941278, 37.464944 ], [ -121.941182, 37.464946 ], [ -121.941085, 37.464948 ], [ -121.940792, 37.464709 ], [ -121.940594, 37.46445 ], [ -121.940515, 37.464346 ], [ -121.940462, 37.464075 ], [ -121.940179, 37.463463 ], [ -121.940023, 37.463125 ], [ -121.939514, 37.46271 ], [ -121.939241, 37.462487 ], [ -121.938903, 37.462394 ], [ -121.9388, 37.462415 ], [ -121.938697, 37.462436 ], [ -121.938328, 37.46251 ], [ -121.937958, 37.462585 ], [ -121.937884, 37.462599 ], [ -121.936478, 37.462883 ], [ -121.936025, 37.462929 ], [ -121.93538, 37.462669 ], [ -121.934987, 37.462464 ], [ -121.934976, 37.462376 ], [ -121.93496, 37.462235 ], [ -121.93495, 37.462145 ], [ -121.934947, 37.46212 ], [ -121.935214, 37.461586 ], [ -121.935255, 37.461504 ], [ -121.935296, 37.461421 ], [ -121.935277, 37.461327 ], [ -121.935242, 37.461068 ], [ -121.935137, 37.46084 ], [ -121.934941, 37.460664 ], [ -121.934732, 37.460524 ], [ -121.934116, 37.460331 ], [ -121.933578, 37.460271 ], [ -121.932896, 37.460266 ], [ -121.932374, 37.460352 ], [ -121.932495, 37.460419 ], [ -121.932616, 37.460486 ], [ -121.932778, 37.460576 ], [ -121.932941, 37.460667 ], [ -121.933069, 37.460738 ], [ -121.933378, 37.460762 ], [ -121.93267, 37.460974 ], [ -121.932085, 37.460999 ], [ -121.931934, 37.460977 ], [ -121.931471, 37.460911 ], [ -121.931199, 37.460644 ], [ -121.931199, 37.460413 ], [ -121.931128, 37.460158 ], [ -121.93139, 37.459595 ], [ -121.93137, 37.4591 ], [ -121.931521, 37.458831 ], [ -121.931451, 37.458399 ], [ -121.93141, 37.458187 ], [ -121.931179, 37.457911 ], [ -121.931128, 37.45739 ], [ -121.931245, 37.457353 ], [ -121.931882, 37.457158 ], [ -121.932195, 37.457061 ], [ -121.932507, 37.456965 ], [ -121.932582, 37.456942 ], [ -121.932656, 37.456919 ], [ -121.932712, 37.456842 ], [ -121.932876, 37.456239 ], [ -121.932884, 37.455844 ], [ -121.932899, 37.455447 ], [ -121.932626, 37.455147 ], [ -121.932069, 37.455277 ], [ -121.931462, 37.45576 ], [ -121.931374, 37.455829 ], [ -121.930952, 37.456158 ], [ -121.930531, 37.456489 ], [ -121.930283, 37.456615 ], [ -121.930135, 37.456691 ], [ -121.929481, 37.45684 ], [ -121.929373, 37.456865 ], [ -121.929207, 37.456853 ], [ -121.929128, 37.456909 ], [ -121.929049, 37.456965 ], [ -121.928926, 37.457052 ], [ -121.928802, 37.45714 ], [ -121.928609, 37.457276 ], [ -121.928444, 37.457394 ], [ -121.928297, 37.457332 ], [ -121.928166, 37.457303 ], [ -121.928025, 37.45725 ], [ -121.927793, 37.457124 ], [ -121.927561, 37.456925 ], [ -121.927461, 37.456705 ], [ -121.927418, 37.456543 ], [ -121.92742, 37.456372 ], [ -121.927441, 37.456279 ], [ -121.927495, 37.456123 ], [ -121.927559, 37.456 ], [ -121.927726, 37.455683 ], [ -121.927796, 37.45555 ], [ -121.927866, 37.455416 ], [ -121.9279, 37.455352 ], [ -121.927889, 37.455333 ], [ -121.92786, 37.455279 ], [ -121.92785, 37.455262 ], [ -121.927786, 37.455214 ], [ -121.927655, 37.455148 ], [ -121.927633, 37.455136 ], [ -121.927622, 37.455131 ], [ -121.927384, 37.455036 ], [ -121.927363, 37.455029 ], [ -121.927076, 37.455179 ], [ -121.92704, 37.455193 ], [ -121.926971, 37.45522 ], [ -121.926901, 37.455249 ], [ -121.92686, 37.455246 ], [ -121.926755, 37.455241 ], [ -121.926604, 37.45506 ], [ -121.926581, 37.455032 ], [ -121.926571, 37.455021 ], [ -121.92643, 37.454868 ], [ -121.926417, 37.454841 ], [ -121.926356, 37.454708 ], [ -121.926294, 37.454573 ], [ -121.926197, 37.454546 ], [ -121.925945, 37.454479 ], [ -121.925783, 37.454436 ], [ -121.925712, 37.454417 ], [ -121.92564, 37.454397 ], [ -121.925621, 37.454395 ], [ -121.925566, 37.45439 ], [ -121.925548, 37.454389 ], [ -121.925393, 37.454295 ], [ -121.925354, 37.454294 ], [ -121.925224, 37.454293 ], [ -121.925041, 37.454186 ], [ -121.924893, 37.453985 ], [ -121.924874, 37.453716 ], [ -121.924895, 37.453569 ], [ -121.924953, 37.453436 ], [ -121.925012, 37.453291 ], [ -121.925153, 37.453327 ], [ -121.925468, 37.453398 ], [ -121.926122, 37.453244 ], [ -121.928048, 37.452874 ], [ -121.928227, 37.452759 ], [ -121.928227, 37.452606 ], [ -121.927423, 37.450986 ], [ -121.927232, 37.450807 ], [ -121.9269, 37.45073 ], [ -121.925344, 37.451343 ], [ -121.925127, 37.451317 ], [ -121.924791, 37.451144 ], [ -121.924459, 37.450716 ], [ -121.92421, 37.450243 ], [ -121.923999, 37.44993 ], [ -121.923967, 37.449438 ], [ -121.924164, 37.448738 ], [ -121.924181, 37.448619 ], [ -121.924194, 37.448471 ], [ -121.924263, 37.4483 ], [ -121.924374, 37.448108 ], [ -121.924636, 37.447729 ], [ -121.924691, 37.447614 ], [ -121.924711, 37.447537 ], [ -121.924705, 37.447388 ], [ -121.924615, 37.447278 ], [ -121.924498, 37.447207 ], [ -121.923726, 37.446866 ], [ -121.923444, 37.446729 ], [ -121.923389, 37.446646 ], [ -121.923368, 37.446504 ], [ -121.923485, 37.446075 ], [ -121.923671, 37.445668 ], [ -121.923823, 37.445174 ], [ -121.923982, 37.444811 ], [ -121.924064, 37.444509 ], [ -121.924092, 37.444317 ], [ -121.924051, 37.444092 ], [ -121.923954, 37.443888 ], [ -121.923816, 37.443707 ], [ -121.923672, 37.443542 ], [ -121.923251, 37.443119 ], [ -121.923196, 37.442987 ], [ -121.923183, 37.442844 ], [ -121.923245, 37.44263 ], [ -121.923355, 37.442542 ], [ -121.923755, 37.442301 ], [ -121.924099, 37.442114 ], [ -121.924416, 37.441905 ], [ -121.924595, 37.441768 ], [ -121.924706, 37.441652 ], [ -121.924788, 37.441477 ], [ -121.924837, 37.44135 ], [ -121.924899, 37.441229 ], [ -121.924995, 37.44107 ], [ -121.925154, 37.440894 ], [ -121.925567, 37.440532 ], [ -121.925767, 37.44035 ], [ -121.925981, 37.44012 ], [ -121.926236, 37.439807 ], [ -121.926374, 37.439625 ], [ -121.926477, 37.439411 ], [ -121.926615, 37.439087 ], [ -121.926663, 37.4389 ], [ -121.926718, 37.438543 ], [ -121.926649, 37.438252 ], [ -121.926512, 37.437928 ], [ -121.926312, 37.437527 ], [ -121.926249, 37.43742 ], [ -121.92616, 37.437268 ], [ -121.926085, 37.43712 ], [ -121.926023, 37.436955 ], [ -121.925981, 37.436713 ], [ -121.925926, 37.436345 ], [ -121.925947, 37.436005 ], [ -121.925988, 37.435637 ], [ -121.926071, 37.435356 ], [ -121.926243, 37.434955 ], [ -121.926657, 37.434115 ], [ -121.926795, 37.433763 ], [ -121.926919, 37.433488 ], [ -121.927064, 37.43323 ], [ -121.927208, 37.43306 ], [ -121.92736, 37.432895 ], [ -121.927601, 37.43239 ], [ -121.927925, 37.431879 ], [ -121.92807, 37.431664 ], [ -121.928166, 37.431467 ], [ -121.928245, 37.431251 ], [ -121.928263, 37.431203 ], [ -121.928387, 37.430835 ], [ -121.928449, 37.430544 ], [ -121.928435, 37.430286 ], [ -121.928373, 37.429934 ], [ -121.928345, 37.429619 ], [ -121.928339, 37.429538 ], [ -121.928304, 37.429291 ], [ -121.928242, 37.428917 ], [ -121.928098, 37.428461 ], [ -121.927967, 37.428187 ], [ -121.927836, 37.427939 ], [ -121.927684, 37.427593 ], [ -121.927347, 37.427198 ], [ -121.926679, 37.426505 ], [ -121.926369, 37.426165 ], [ -121.925935, 37.425818 ], [ -121.925687, 37.425604 ], [ -121.925669, 37.425578 ], [ -121.925473, 37.425285 ], [ -121.925336, 37.425044 ], [ -121.925239, 37.424846 ], [ -121.925171, 37.424577 ], [ -121.925143, 37.42434 ], [ -121.925174, 37.42404 ], [ -121.925175, 37.42402 ], [ -121.925178, 37.424 ], [ -121.925194, 37.423964 ], [ -121.925203, 37.423946 ], [ -121.925211, 37.423928 ], [ -121.925224, 37.423903 ], [ -121.925237, 37.423874 ], [ -121.925246, 37.423856 ], [ -121.925401, 37.423527 ], [ -121.925409, 37.423512 ], [ -121.925433, 37.423492 ], [ -121.925846, 37.423225 ], [ -121.925978, 37.423096 ], [ -121.926272, 37.422877 ], [ -121.926432, 37.422761 ], [ -121.926567, 37.422664 ], [ -121.926666, 37.422593 ], [ -121.926724, 37.422564 ], [ -121.927175, 37.422334 ], [ -121.927906, 37.421962 ], [ -121.928622, 37.421583 ], [ -121.930048, 37.420814 ], [ -121.930383, 37.420655 ], [ -121.930524, 37.420588 ], [ -121.930708, 37.420479 ], [ -121.930827, 37.420358 ], [ -121.930965, 37.420198 ], [ -121.931047, 37.420094 ], [ -121.931096, 37.419984 ], [ -121.931082, 37.419847 ], [ -121.931013, 37.419759 ], [ -121.930848, 37.419621 ], [ -121.930386, 37.419495 ], [ -121.930179, 37.419446 ], [ -121.930062, 37.419407 ], [ -121.929959, 37.419363 ], [ -121.929842, 37.419281 ], [ -121.929794, 37.419193 ], [ -121.929788, 37.418983 ], [ -121.929787, 37.418962 ], [ -121.929883, 37.418814 ], [ -121.930014, 37.418643 ], [ -121.930221, 37.418264 ], [ -121.930262, 37.418138 ], [ -121.930262, 37.417973 ], [ -121.930131, 37.417759 ], [ -121.929446, 37.417005 ], [ -121.928113, 37.415539 ], [ -121.927982, 37.415479 ], [ -121.927783, 37.415446 ], [ -121.927528, 37.415446 ], [ -121.927363, 37.415462 ], [ -121.927163, 37.41544 ], [ -121.926984, 37.415352 ], [ -121.926908, 37.415259 ], [ -121.926818, 37.415127 ], [ -121.926722, 37.415028 ], [ -121.926577, 37.414923 ], [ -121.926405, 37.41483 ], [ -121.926144, 37.414698 ], [ -121.926026, 37.414616 ], [ -121.925902, 37.414429 ], [ -121.925834, 37.414182 ], [ -121.925813, 37.413808 ], [ -121.925785, 37.413539 ], [ -121.925751, 37.413385 ], [ -121.925675, 37.413237 ], [ -121.925606, 37.413138 ], [ -121.925317, 37.413017 ], [ -121.924849, 37.412879 ], [ -121.924608, 37.41277 ], [ -121.92444, 37.412626 ], [ -121.924112, 37.412346 ], [ -121.923788, 37.412011 ], [ -121.923134, 37.411253 ], [ -121.922974, 37.411035 ], [ -121.922929, 37.410945 ], [ -121.922866, 37.410819 ], [ -121.922804, 37.410621 ], [ -121.922804, 37.41044 ], [ -121.922873, 37.410242 ], [ -121.922983, 37.410006 ], [ -121.923141, 37.409742 ], [ -121.923307, 37.409423 ], [ -121.923534, 37.408819 ], [ -121.923665, 37.408445 ], [ -121.923747, 37.40812 ], [ -121.923851, 37.407715 ], [ -121.923899, 37.407391 ], [ -121.923948, 37.406896 ], [ -121.923934, 37.406517 ], [ -121.923906, 37.406248 ], [ -121.923803, 37.406001 ], [ -121.923493, 37.405693 ], [ -121.9233, 37.405561 ], [ -121.923135, 37.405489 ], [ -121.92288, 37.405467 ], [ -121.922309, 37.405709 ], [ -121.922171, 37.405748 ], [ -121.921985, 37.405748 ], [ -121.921854, 37.405715 ], [ -121.921675, 37.405627 ], [ -121.921241, 37.405193 ], [ -121.92109, 37.405 ], [ -121.920945, 37.404835 ], [ -121.920801, 37.404736 ], [ -121.920594, 37.404665 ], [ -121.920243, 37.404566 ], [ -121.91952, 37.404395 ], [ -121.918996, 37.404258 ], [ -121.918521, 37.404099 ], [ -121.918383, 37.404044 ], [ -121.918225, 37.403928 ], [ -121.918101, 37.403786 ], [ -121.918053, 37.40373 ], [ -121.917922, 37.403483 ], [ -121.917757, 37.403203 ], [ -121.917722, 37.403123 ], [ -121.917592, 37.402829 ], [ -121.91753, 37.402648 ], [ -121.91742, 37.402214 ], [ -121.917137, 37.401313 ], [ -121.917041, 37.401142 ], [ -121.91702, 37.401114 ], [ -121.916903, 37.400956 ], [ -121.916766, 37.400818 ], [ -121.916587, 37.400653 ], [ -121.916325, 37.400384 ], [ -121.916237, 37.400297 ], [ -121.916153, 37.400214 ], [ -121.915919, 37.39995 ], [ -121.915733, 37.399659 ], [ -121.915416, 37.399192 ], [ -121.915293, 37.398917 ], [ -121.91521, 37.39862 ], [ -121.915189, 37.398362 ], [ -121.915176, 37.397813 ], [ -121.915257, 37.397216 ], [ -121.915279, 37.397055 ], [ -121.915321, 37.396494 ], [ -121.915307, 37.396362 ], [ -121.915293, 37.396335 ], [ -121.915238, 37.396192 ], [ -121.915198, 37.39611 ], [ -121.915269, 37.396048 ], [ -121.915307, 37.396014 ], [ -121.915437, 37.395902 ], [ -121.9157, 37.395677 ], [ -121.915961, 37.395441 ], [ -121.916154, 37.395278 ], [ -121.916204, 37.395237 ], [ -121.916326, 37.395128 ], [ -121.916395, 37.395072 ], [ -121.91641, 37.395059 ], [ -121.916455, 37.395022 ], [ -121.916471, 37.39501 ], [ -121.916658, 37.394857 ], [ -121.917058, 37.394543 ], [ -121.917147, 37.394474 ], [ -121.91736, 37.394312 ], [ -121.917619, 37.394121 ], [ -121.917787, 37.393999 ], [ -121.917978, 37.393882 ], [ -121.918119, 37.393812 ], [ -121.918401, 37.393693 ], [ -121.918589, 37.393625 ], [ -121.918762, 37.393576 ], [ -121.918784, 37.393571 ], [ -121.91899, 37.393529 ], [ -121.919153, 37.393506 ], [ -121.919376, 37.393482 ], [ -121.919344, 37.393119 ], [ -121.919343, 37.393104 ], [ -121.919345, 37.393033 ], [ -121.91936, 37.392864 ], [ -121.919384, 37.392767 ], [ -121.919444, 37.392621 ], [ -121.919518, 37.392489 ], [ -121.919644, 37.392315 ], [ -121.919709, 37.392238 ], [ -121.919787, 37.392158 ], [ -121.919844, 37.3921 ], [ -121.920057, 37.391914 ], [ -121.920229, 37.391763 ], [ -121.920751, 37.391316 ], [ -121.920926, 37.391167 ], [ -121.920955, 37.391141 ], [ -121.921292, 37.390844 ], [ -121.921375, 37.390772 ], [ -121.922307, 37.389959 ], [ -121.922646, 37.389665 ], [ -121.922984, 37.38937 ], [ -121.923157, 37.38922 ], [ -121.924001, 37.388487 ], [ -121.92434, 37.388194 ], [ -121.924499, 37.388313 ], [ -121.924633, 37.388424 ], [ -121.924804, 37.388574 ], [ -121.924932, 37.388709 ], [ -121.925028, 37.388823 ], [ -121.925122, 37.388962 ], [ -121.925212, 37.389125 ], [ -121.925287, 37.38929 ], [ -121.925439, 37.389675 ], [ -121.925539, 37.389849 ], [ -121.925647, 37.389999 ], [ -121.925724, 37.390107 ], [ -121.926075, 37.390595 ], [ -121.926422, 37.390423 ], [ -121.926548, 37.390345 ], [ -121.926703, 37.390231 ], [ -121.926722, 37.390213 ], [ -121.926826, 37.390121 ], [ -121.926877, 37.390075 ], [ -121.927678, 37.390647 ], [ -121.926727, 37.391497 ], [ -121.927756, 37.392925 ], [ -121.927915, 37.393145 ], [ -121.928163, 37.393518 ], [ -121.928503, 37.394012 ], [ -121.928597, 37.394149 ], [ -121.928834, 37.394459 ], [ -121.929004, 37.394657 ], [ -121.929154, 37.394828 ], [ -121.929426, 37.395191 ], [ -121.929599, 37.395438 ], [ -121.92967, 37.395538 ], [ -121.929763, 37.395685 ], [ -121.929864, 37.395851 ], [ -121.929924, 37.395943 ], [ -121.930093, 37.396219 ], [ -121.930124, 37.396262 ], [ -121.930724, 37.397098 ], [ -121.930783, 37.397181 ], [ -121.930955, 37.397419 ], [ -121.931, 37.39749 ], [ -121.931125, 37.397653 ], [ -121.93121, 37.397771 ], [ -121.931785, 37.398571 ], [ -121.931827, 37.398628 ], [ -121.932038, 37.39891 ], [ -121.932297, 37.399271 ], [ -121.932432, 37.399458 ], [ -121.93265, 37.399771 ], [ -121.932741, 37.399936 ], [ -121.932815, 37.400103 ], [ -121.932926, 37.400436 ], [ -121.933067, 37.400859 ], [ -121.933096, 37.400948 ], [ -121.933312, 37.40161 ], [ -121.933365, 37.401771 ], [ -121.933661, 37.402722 ], [ -121.934017, 37.403857 ], [ -121.934021, 37.403873 ], [ -121.934128, 37.404229 ], [ -121.934197, 37.404506 ], [ -121.934232, 37.404635 ], [ -121.934262, 37.404749 ], [ -121.934356, 37.405091 ], [ -121.934387, 37.405205 ], [ -121.934398, 37.405247 ], [ -121.934449, 37.405391 ], [ -121.934557, 37.405653 ], [ -121.934635, 37.405839 ], [ -121.934766, 37.406117 ], [ -121.934868, 37.406324 ], [ -121.934994, 37.40663 ], [ -121.93513, 37.406973 ], [ -121.935215, 37.40719 ], [ -121.935578, 37.408106 ], [ -121.935601, 37.408163 ], [ -121.935963, 37.409077 ], [ -121.936137, 37.40953 ], [ -121.936258, 37.40995 ], [ -121.936276, 37.410012 ], [ -121.936358, 37.4103 ], [ -121.936463, 37.410594 ], [ -121.936469, 37.410611 ], [ -121.936487, 37.410664 ], [ -121.936494, 37.410682 ], [ -121.936592, 37.410954 ], [ -121.939295, 37.409248 ], [ -121.939751, 37.409032 ], [ -121.939792, 37.409084 ], [ -121.939795, 37.409066 ], [ -121.939801, 37.409029 ], [ -121.939827, 37.408996 ], [ -121.940401, 37.408637 ], [ -121.9409, 37.408326 ], [ -121.942085, 37.407587 ], [ -121.942126, 37.40756 ], [ -121.942506, 37.407325 ], [ -121.942701, 37.407201 ], [ -121.94279, 37.407143 ], [ -121.943057, 37.406973 ], [ -121.943147, 37.406917 ], [ -121.943124, 37.406878 ], [ -121.943027, 37.406747 ], [ -121.942658, 37.406247 ], [ -121.942572, 37.40613 ], [ -121.942539, 37.406079 ], [ -121.94249, 37.406019 ], [ -121.941927, 37.405261 ], [ -121.941839, 37.405143 ], [ -121.94164, 37.404876 ], [ -121.941622, 37.404852 ], [ -121.941041, 37.404068 ], [ -121.940941, 37.403934 ], [ -121.940415, 37.403223 ], [ -121.940259, 37.403029 ], [ -121.940241, 37.403007 ], [ -121.940116, 37.402849 ], [ -121.940089, 37.402813 ], [ -121.939509, 37.402027 ], [ -121.939483, 37.401992 ], [ -121.939356, 37.401808 ], [ -121.939153, 37.401529 ], [ -121.93815, 37.400151 ], [ -121.937816, 37.399692 ], [ -121.937622, 37.399425 ], [ -121.937481, 37.399226 ], [ -121.936938, 37.398459 ], [ -121.936505, 37.397859 ], [ -121.93648, 37.397827 ], [ -121.936129, 37.397375 ], [ -121.936008, 37.397226 ], [ -121.935761, 37.396887 ], [ -121.935731, 37.396846 ], [ -121.934691, 37.395402 ], [ -121.934335, 37.394907 ], [ -121.934191, 37.3947 ], [ -121.934096, 37.394571 ], [ -121.933366, 37.393574 ], [ -121.933123, 37.393242 ], [ -121.93301, 37.393083 ], [ -121.932836, 37.392844 ], [ -121.931972, 37.391656 ], [ -121.931684, 37.39126 ], [ -121.931521, 37.391033 ], [ -121.931203, 37.390601 ], [ -121.930934, 37.390234 ], [ -121.929728, 37.38865 ], [ -121.929521, 37.388378 ], [ -121.929238, 37.387999 ], [ -121.929002, 37.387682 ], [ -121.928296, 37.386731 ], [ -121.928061, 37.386414 ], [ -121.927997, 37.386328 ], [ -121.92792, 37.386223 ], [ -121.927803, 37.386075 ], [ -121.927737, 37.385992 ], [ -121.92785, 37.385914 ], [ -121.927896, 37.385882 ], [ -121.92765, 37.38556 ], [ -121.931372, 37.382304 ], [ -121.931323, 37.382608 ], [ -121.934433, 37.379554 ], [ -121.935827, 37.378187 ], [ -121.935899, 37.378117 ], [ -121.93597, 37.378047 ], [ -121.935094, 37.377569 ], [ -121.934289, 37.377131 ], [ -121.933391, 37.376717 ], [ -121.932833, 37.376261 ], [ -121.932728, 37.37591 ], [ -121.932729, 37.375733 ], [ -121.932788, 37.37552 ], [ -121.932833, 37.37529 ], [ -121.932921, 37.3751 ], [ -121.932998, 37.374896 ], [ -121.933017, 37.374874 ], [ -121.933132, 37.374497 ], [ -121.933173, 37.3742 ], [ -121.933582, 37.373782 ], [ -121.935072, 37.372216 ], [ -121.935501, 37.371768 ], [ -121.936032, 37.371214 ], [ -121.936533, 37.370692 ], [ -121.937046, 37.370157 ], [ -121.936983, 37.369964 ], [ -121.936792, 37.369275 ], [ -121.936691, 37.368897 ], [ -121.935937, 37.366088 ], [ -121.935968, 37.366042 ], [ -121.936091, 37.365864 ], [ -121.934987, 37.365064 ], [ -121.935139, 37.364919 ], [ -121.935162, 37.364755 ], [ -121.935158, 37.364706 ], [ -121.931058, 37.360949 ], [ -121.931105, 37.360883 ], [ -121.931834, 37.359838 ], [ -121.931939, 37.359339 ], [ -121.932236, 37.357937 ], [ -121.932158, 37.357729 ], [ -121.932147, 37.357692 ], [ -121.932143, 37.356724 ], [ -121.932131, 37.356719 ], [ -121.932115, 37.356711 ], [ -121.932117, 37.356526 ], [ -121.932111, 37.356424 ], [ -121.932116, 37.356333 ], [ -121.932134, 37.355414 ], [ -121.932141, 37.353021 ], [ -121.932142, 37.352065 ], [ -121.932138, 37.35141 ], [ -121.932135, 37.351219 ], [ -121.932134, 37.351174 ], [ -121.932122, 37.350268 ], [ -121.932253, 37.350213 ], [ -121.93238, 37.350151 ], [ -121.932502, 37.350083 ], [ -121.932619, 37.35001 ], [ -121.93284, 37.349869 ], [ -121.932708, 37.349808 ], [ -121.93245, 37.349695 ], [ -121.932125, 37.349518 ], [ -121.932077, 37.349491 ], [ -121.932098, 37.347833 ], [ -121.932116, 37.34659 ], [ -121.932049, 37.346573 ], [ -121.932334, 37.345932 ], [ -121.932044, 37.34585 ], [ -121.93229, 37.345298 ], [ -121.932053, 37.345229 ], [ -121.932273, 37.344601 ], [ -121.931958, 37.344463 ], [ -121.932155, 37.3445 ], [ -121.932358, 37.34408 ], [ -121.932013, 37.343977 ], [ -121.932164, 37.34369 ], [ -121.932008, 37.343642 ], [ -121.932098, 37.343458 ], [ -121.932114, 37.343377 ], [ -121.931992, 37.34334 ], [ -121.932122, 37.343052 ], [ -121.93212, 37.342809 ], [ -121.932078, 37.342796 ], [ -121.932029, 37.342782 ], [ -121.931859, 37.34273 ], [ -121.932033, 37.342408 ], [ -121.93208, 37.342364 ], [ -121.932036, 37.342208 ], [ -121.93204, 37.341855 ], [ -121.932043, 37.341697 ], [ -121.932045, 37.341508 ], [ -121.932047, 37.341288 ], [ -121.932052, 37.340929 ], [ -121.932057, 37.340577 ], [ -121.932061, 37.340209 ], [ -121.932063, 37.340057 ], [ -121.932066, 37.339833 ], [ -121.932069, 37.33967 ], [ -121.932073, 37.339285 ], [ -121.932078, 37.338828 ], [ -121.932082, 37.338489 ], [ -121.932084, 37.33829 ], [ -121.932088, 37.338027 ], [ -121.93209, 37.337948 ], [ -121.93221, 37.337951 ], [ -121.932511, 37.337958 ], [ -121.932764, 37.337964 ], [ -121.932818, 37.337922 ], [ -121.932957, 37.337815 ], [ -121.933038, 37.337751 ], [ -121.93313, 37.33783 ], [ -121.933309, 37.337976 ], [ -121.933727, 37.337986 ], [ -121.933932, 37.337991 ], [ -121.93404, 37.33791 ], [ -121.934245, 37.337772 ], [ -121.934434, 37.337883 ], [ -121.934579, 37.338005 ], [ -121.934728, 37.338009 ], [ -121.934843, 37.337864 ], [ -121.935125, 37.337854 ], [ -121.935155, 37.337853 ], [ -121.935265, 37.337842 ], [ -121.935267, 37.337867 ], [ -121.93527, 37.33791 ], [ -121.935312, 37.337983 ], [ -121.935701, 37.337841 ], [ -121.935699, 37.337931 ], [ -121.936005, 37.337933 ], [ -121.936652, 37.337937 ], [ -121.937844, 37.337943 ], [ -121.937959, 37.337944 ], [ -121.93942, 37.33795 ], [ -121.93957, 37.3379 ], [ -121.93963, 37.33787 ], [ -121.939738, 37.337852 ], [ -121.940107, 37.337792 ], [ -121.940263, 37.337766 ], [ -121.940438, 37.337738 ], [ -121.940739, 37.337712 ], [ -121.9408, 37.337713 ], [ -121.941231, 37.33766 ], [ -121.94127, 37.33766 ], [ -121.94231, 37.337652 ], [ -121.94346, 37.33765 ], [ -121.943533, 37.337655 ], [ -121.94358, 37.33765 ], [ -121.94358, 37.33772 ], [ -121.943575, 37.338052 ], [ -121.943667, 37.338053 ], [ -121.948059, 37.338062 ], [ -121.95016, 37.338066 ], [ -121.95016, 37.337958 ], [ -121.950189, 37.337507 ], [ -121.95021, 37.33743 ], [ -121.95022, 37.33738 ], [ -121.95022, 37.33733 ], [ -121.950212, 37.337276 ], [ -121.95019, 37.337127 ], [ -121.950189, 37.337097 ], [ -121.95019, 37.336811 ], [ -121.950191, 37.336656 ], [ -121.950194, 37.336378 ], [ -121.950204, 37.336139 ], [ -121.950205, 37.335675 ], [ -121.950203, 37.335411 ], [ -121.9502, 37.334817 ], [ -121.9502, 37.334721 ], [ -121.950202, 37.334183 ], [ -121.950191, 37.334115 ], [ -121.95024, 37.33386 ], [ -121.950204, 37.333831 ], [ -121.950207, 37.333414 ], [ -121.950207, 37.333396 ], [ -121.950219, 37.33321 ], [ -121.95025, 37.33288 ], [ -121.95025, 37.3327 ], [ -121.950255, 37.332386 ], [ -121.95026, 37.33216 ], [ -121.95026, 37.33156 ], [ -121.95026, 37.331444 ], [ -121.95026, 37.3314 ], [ -121.95026, 37.33113 ], [ -121.95026, 37.330883 ], [ -121.95026, 37.330657 ], [ -121.951263, 37.330661 ], [ -121.95132, 37.33052 ], [ -121.95129, 37.32998 ], [ -121.951281, 37.329891 ], [ -121.95135, 37.32989 ], [ -121.95161, 37.32989 ], [ -121.95201, 37.32989 ], [ -121.952026, 37.32989 ], [ -121.95247, 37.3299 ], [ -121.952564, 37.329901 ], [ -121.952847, 37.329904 ], [ -121.952942, 37.329906 ], [ -121.953004, 37.329906 ], [ -121.953029, 37.329906 ], [ -121.953193, 37.329909 ], [ -121.953256, 37.32991 ], [ -121.953309, 37.329915 ], [ -121.953471, 37.329931 ], [ -121.953525, 37.329937 ], [ -121.953701, 37.329922 ], [ -121.953847, 37.32991 ], [ -121.954232, 37.32991 ], [ -121.95441, 37.32991 ], [ -121.95453, 37.32991 ], [ -121.95528, 37.32991 ], [ -121.95549, 37.3299 ], [ -121.95641, 37.3299 ], [ -121.95732, 37.3299 ], [ -121.957494, 37.3299 ], [ -121.958016, 37.3299 ], [ -121.95819, 37.3299 ], [ -121.958521, 37.329896 ], [ -121.95909, 37.32989 ], [ -121.959517, 37.32989 ], [ -121.95985, 37.32989 ], [ -121.960186, 37.329892 ], [ -121.961193, 37.329898 ], [ -121.96153, 37.3299 ], [ -121.962091, 37.329897 ], [ -121.963777, 37.329891 ], [ -121.96413, 37.32989 ], [ -121.96434, 37.32989 ], [ -121.965018, 37.32989 ], [ -121.965898, 37.32989 ], [ -121.96658, 37.32989 ], [ -121.967052, 37.329882 ], [ -121.96721, 37.32988 ], [ -121.96749, 37.32988 ], [ -121.96773, 37.32988 ], [ -121.967823, 37.32988 ], [ -121.9681, 37.329885 ], [ -121.96812, 37.32988 ], [ -121.968195, 37.32988 ], [ -121.968417, 37.32988 ], [ -121.96845, 37.329551 ], [ -121.968443, 37.329387 ], [ -121.968565, 37.329401 ], [ -121.96864, 37.32941 ], [ -121.969123, 37.32941 ], [ -121.96931, 37.32941 ], [ -121.969507, 37.32941 ], [ -121.970101, 37.32941 ], [ -121.970299, 37.32941 ], [ -121.970473, 37.32941 ], [ -121.970996, 37.32941 ], [ -121.97117, 37.32941 ], [ -121.971178, 37.329353 ], [ -121.97133, 37.329348 ], [ -121.971333, 37.329248 ], [ -121.971741, 37.329213 ], [ -121.971753, 37.329533 ], [ -121.972261, 37.329529 ], [ -121.972257, 37.329471 ], [ -121.972481, 37.329464 ], [ -121.972489, 37.32989 ], [ -121.972769, 37.32989 ], [ -121.97279, 37.32989 ], [ -121.97309, 37.32992 ], [ -121.9738, 37.33002 ], [ -121.97389, 37.33003 ], [ -121.97419, 37.33002 ], [ -121.974322, 37.330004 ], [ -121.97471, 37.32996 ], [ -121.97477, 37.32995 ], [ -121.97484, 37.32995 ], [ -121.97487, 37.32994 ], [ -121.97529, 37.32989 ], [ -121.97536, 37.329887 ], [ -121.97554, 37.32988 ], [ -121.9764, 37.32987 ], [ -121.976935, 37.32987 ], [ -121.97746, 37.32987 ], [ -121.97775, 37.32987 ], [ -121.978619, 37.32987 ], [ -121.97891, 37.32987 ], [ -121.9793, 37.329873 ], [ -121.9799, 37.32988 ], [ -121.98034, 37.32988 ], [ -121.980471, 37.329892 ], [ -121.98086, 37.32993 ], [ -121.981042, 37.329944 ], [ -121.981587, 37.329986 ], [ -121.98177, 37.33 ], [ -121.9818, 37.33 ], [ -121.981944, 37.330013 ], [ -121.982466, 37.330063 ], [ -121.98264, 37.33008 ], [ -121.982811, 37.330097 ], [ -121.98284, 37.3301 ], [ -121.983327, 37.330136 ], [ -121.9835, 37.33015 ], [ -121.98367, 37.330161 ], [ -121.98408, 37.33019 ], [ -121.98418, 37.330201 ], [ -121.98435, 37.33022 ], [ -121.984514, 37.330236 ], [ -121.985005, 37.330284 ], [ -121.98517, 37.3303 ], [ -121.985228, 37.330304 ], [ -121.985402, 37.330316 ], [ -121.98546, 37.33032 ], [ -121.985586, 37.330332 ], [ -121.985964, 37.330368 ], [ -121.98609, 37.33038 ], [ -121.986615, 37.330436 ], [ -121.98721, 37.3305 ], [ -121.98743, 37.33055 ], [ -121.98768, 37.33063 ], [ -121.988335, 37.330692 ], [ -121.989194, 37.330773 ], [ -121.989318, 37.330767 ], [ -121.989515, 37.330746 ], [ -121.98957, 37.33074 ], [ -121.989674, 37.330753 ], [ -121.99014, 37.33086 ], [ -121.990168, 37.330803 ], [ -121.990411, 37.330614 ], [ -121.990744, 37.330716 ], [ -121.990797, 37.330602 ], [ -121.991176, 37.330732 ], [ -121.991207, 37.330669 ], [ -121.991353, 37.330587 ], [ -121.991692, 37.330691 ], [ -121.99174, 37.330585 ], [ -121.992086, 37.330686 ], [ -121.99214, 37.330701 ], [ -121.992412, 37.330779 ], [ -121.992556, 37.330807 ], [ -121.992844, 37.330809 ], [ -121.993564, 37.330774 ], [ -121.994113, 37.330751 ], [ -121.994233, 37.330764 ], [ -121.99424, 37.33068 ], [ -121.99436, 37.330438 ], [ -121.995106, 37.330479 ], [ -121.99527, 37.330489 ], [ -121.995417, 37.330497 ], [ -121.995548, 37.330504 ], [ -121.995563, 37.33128 ], [ -121.99556, 37.33141 ], [ -121.995589, 37.332572 ], [ -121.995673, 37.332572 ], [ -121.99568, 37.33272 ], [ -121.995683, 37.332821 ], [ -121.995851, 37.332819 ], [ -121.995992, 37.332815 ], [ -121.996968, 37.332805 ], [ -121.997448, 37.332799 ], [ -121.997606, 37.332801 ], [ -121.9976, 37.332759 ], [ -121.997943, 37.332759 ], [ -121.998, 37.332751 ], [ -121.998117, 37.332744 ], [ -121.999065, 37.33274 ], [ -121.999182, 37.332666 ], [ -121.999444, 37.332913 ], [ -121.999485, 37.332947 ], [ -121.99955, 37.3329 ], [ -121.999632, 37.332765 ], [ -121.999776, 37.332763 ], [ -122.000073, 37.332848 ], [ -122.000154, 37.332675 ], [ -122.000483, 37.33277 ], [ -122.000534, 37.332787 ], [ -122.000648, 37.332807 ], [ -122.000973, 37.332896 ], [ -122.001108, 37.332947 ], [ -122.001204, 37.332854 ], [ -122.00128, 37.3327 ], [ -122.001355, 37.332709 ], [ -122.001715, 37.332795 ], [ -122.001742, 37.332737 ], [ -122.001907, 37.332644 ], [ -122.001945, 37.332647 ], [ -122.002234, 37.332686 ], [ -122.0028, 37.332681 ], [ -122.002947, 37.332681 ], [ -122.003487, 37.332676 ], [ -122.003649, 37.332674 ], [ -122.004121, 37.332671 ], [ -122.004219, 37.332668 ], [ -122.004215, 37.332805 ], [ -122.004312, 37.332805 ], [ -122.004523, 37.332806 ], [ -122.00457, 37.332809 ], [ -122.004667, 37.332807 ], [ -122.004668, 37.332629 ], [ -122.004668, 37.332584 ], [ -122.00467, 37.332373 ], [ -122.004672, 37.332294 ], [ -122.0058, 37.33228 ], [ -122.005791, 37.332501 ], [ -122.005789, 37.332577 ], [ -122.005765, 37.332785 ], [ -122.00596, 37.332781 ], [ -122.007312, 37.332781 ], [ -122.00783, 37.33278 ], [ -122.00826, 37.33271 ], [ -122.00837, 37.3327 ], [ -122.00897, 37.33264 ], [ -122.00959, 37.33266 ], [ -122.00974, 37.33266 ], [ -122.00981, 37.33267 ], [ -122.009871, 37.332561 ], [ -122.010568, 37.332558 ], [ -122.010772, 37.332557 ], [ -122.011168, 37.332563 ], [ -122.0118, 37.33204 ], [ -122.01175, 37.33199 ], [ -122.01173, 37.33196 ], [ -122.01173, 37.33192 ], [ -122.01174, 37.33188 ], [ -122.01178, 37.33183 ], [ -122.01186, 37.33176 ], [ -122.01192, 37.33174 ], [ -122.01225, 37.33146 ], [ -122.01232, 37.33144 ], [ -122.01236, 37.33144 ], [ -122.01244, 37.33146 ], [ -122.01268, 37.3315 ], [ -122.01279, 37.33149 ], [ -122.01293, 37.33146 ], [ -122.013239, 37.331443 ], [ -122.01329, 37.33152 ], [ -122.01335, 37.331575 ], [ -122.01341, 37.33163 ], [ -122.013505, 37.331687 ], [ -122.01369, 37.3318 ], [ -122.01393, 37.33191 ], [ -122.014028, 37.33192 ], [ -122.01422, 37.33194 ], [ -122.014211, 37.332074 ], [ -122.01421, 37.33209 ], [ -122.014201, 37.332478 ], [ -122.014198, 37.332613 ], [ -122.014194, 37.332727 ], [ -122.01419, 37.332912 ], [ -122.01418, 37.33337 ], [ -122.014174, 37.33381 ], [ -122.01417, 37.33411 ], [ -122.01416, 37.33417 ], [ -122.01416, 37.33422 ], [ -122.01415, 37.33475 ], [ -122.014154, 37.334835 ], [ -122.01416, 37.33496 ], [ -122.01418, 37.33661 ], [ -122.014172, 37.337013 ], [ -122.01416, 37.33766 ], [ -122.01416, 37.33774 ], [ -122.014163, 37.338471 ], [ -122.01417, 37.33995 ], [ -122.01417, 37.340667 ], [ -122.01417, 37.3414 ], [ -122.01417, 37.342006 ], [ -122.01417, 37.34346 ], [ -122.014162, 37.343824 ], [ -122.014151, 37.34443 ], [ -122.014149, 37.344492 ], [ -122.014149, 37.344537 ], [ -122.014146, 37.344678 ], [ -122.014145, 37.344741 ], [ -122.014142, 37.34488 ], [ -122.01414, 37.34501 ], [ -122.014146, 37.3453 ], [ -122.01415, 37.34544 ], [ -122.014154, 37.345704 ], [ -122.014166, 37.346496 ], [ -122.01417, 37.34676 ], [ -122.014171, 37.34706 ], [ -122.014177, 37.34796 ], [ -122.01418, 37.34826 ], [ -122.01418, 37.348668 ], [ -122.01418, 37.349892 ], [ -122.01418, 37.3503 ], [ -122.01418, 37.35035 ], [ -122.01416, 37.350658 ], [ -122.01415, 37.35082 ], [ -122.014092, 37.351732 ], [ -122.01407, 37.35209 ], [ -122.01407, 37.35217 ], [ -122.014066, 37.352201 ], [ -122.01406, 37.35226 ], [ -122.014058, 37.352295 ], [ -122.014057, 37.352327 ], [ -122.01404, 37.35295 ], [ -122.01412, 37.35299 ], [ -122.0142, 37.35304 ], [ -122.014242, 37.353063 ], [ -122.014357, 37.353126 ], [ -122.01462, 37.35327 ], [ -122.014847, 37.353412 ], [ -122.015044, 37.353537 ], [ -122.01527, 37.35368 ], [ -122.015641, 37.353951 ], [ -122.01592, 37.35416 ], [ -122.01615, 37.35434 ], [ -122.01705, 37.35512 ], [ -122.01732, 37.355344 ], [ -122.01788, 37.35581 ], [ -122.018848, 37.35661 ], [ -122.0199, 37.35748 ], [ -122.02021, 37.35773 ], [ -122.02047, 37.35794 ], [ -122.0207, 37.35813 ], [ -122.02097, 37.35834 ], [ -122.021768, 37.358996 ], [ -122.021856, 37.359068 ], [ -122.022292, 37.359428 ], [ -122.02238, 37.3595 ], [ -122.022429, 37.359542 ], [ -122.022363, 37.359734 ], [ -122.022031, 37.360759 ], [ -122.021343, 37.362892 ], [ -122.021329, 37.362888 ], [ -122.021296, 37.362881 ], [ -122.021199, 37.362859 ], [ -122.020886, 37.363608 ], [ -122.020854, 37.363633 ], [ -122.020805, 37.363712 ], [ -122.020799, 37.363725 ], [ -122.020746, 37.363857 ], [ -122.020704, 37.363946 ], [ -122.020693, 37.363969 ], [ -122.020664, 37.364037 ], [ -122.020642, 37.364106 ], [ -122.020637, 37.36412 ], [ -122.0201, 37.365742 ], [ -122.020096, 37.365756 ], [ -122.020041, 37.365935 ], [ -122.02004, 37.365971 ], [ -122.020019, 37.366004 ], [ -122.019978, 37.366147 ], [ -122.019921, 37.366306 ], [ -122.01978, 37.366768 ], [ -122.019754, 37.366852 ], [ -122.01972, 37.36686 ], [ -122.019581, 37.366845 ], [ -122.019573, 37.3669 ], [ -122.019549, 37.367069 ], [ -122.019542, 37.367125 ], [ -122.019476, 37.367387 ], [ -122.019281, 37.368173 ], [ -122.019217, 37.368436 ], [ -122.018933, 37.369248 ], [ -122.018803, 37.369619 ], [ -122.018442, 37.370655 ], [ -122.01856, 37.37069 ], [ -122.018535, 37.370759 ], [ -122.018463, 37.37097 ], [ -122.01844, 37.37104 ], [ -122.018389, 37.371181 ], [ -122.01824, 37.371607 ], [ -122.01819, 37.37175 ], [ -122.01817, 37.37181 ], [ -122.01811, 37.37199 ], [ -122.01809, 37.37205 ], [ -122.017943, 37.372564 ], [ -122.017802, 37.372498 ], [ -122.017752, 37.372475 ], [ -122.01774, 37.37247 ], [ -122.017608, 37.372404 ], [ -122.01756, 37.37238 ], [ -122.01753, 37.37243 ], [ -122.017508, 37.372452 ], [ -122.017567, 37.372502 ], [ -122.01749, 37.37247 ], [ -122.017441, 37.372442 ], [ -122.0173, 37.37236 ], [ -122.017142, 37.372248 ], [ -122.01698, 37.37237 ], [ -122.016901, 37.372467 ], [ -122.01671, 37.372328 ], [ -122.01637, 37.372275 ], [ -122.015703, 37.372103 ], [ -122.01547, 37.372045 ], [ -122.015468, 37.372135 ], [ -122.014517, 37.371987 ], [ -122.01417, 37.371933 ], [ -122.013851, 37.371883 ], [ -122.013697, 37.371859 ], [ -122.01373, 37.37209 ], [ -122.013735, 37.372173 ], [ -122.01376, 37.37253 ], [ -122.01376, 37.373123 ], [ -122.01376, 37.37344 ], [ -122.01326, 37.373335 ], [ -122.01237, 37.37315 ], [ -122.011762, 37.373027 ], [ -122.011262, 37.372927 ], [ -122.011251, 37.372397 ], [ -122.01122, 37.370809 ], [ -122.011212, 37.37038 ], [ -122.01121, 37.37028 ], [ -122.0111, 37.37028 ], [ -122.01077, 37.37028 ], [ -122.01066, 37.37028 ], [ -122.01052, 37.370281 ], [ -122.010102, 37.370283 ], [ -122.009963, 37.370285 ], [ -122.009626, 37.370287 ], [ -122.008616, 37.370293 ], [ -122.008372, 37.370295 ], [ -122.00831, 37.36956 ], [ -122.008305, 37.36946 ], [ -122.008294, 37.369208 ], [ -122.008227, 37.369209 ], [ -122.007785, 37.369212 ], [ -122.007567, 37.369212 ], [ -122.007372, 37.369198 ], [ -122.007172, 37.369169 ], [ -122.006976, 37.369126 ], [ -122.006878, 37.369419 ], [ -122.006656, 37.36936 ], [ -122.006437, 37.369288 ], [ -122.006245, 37.369209 ], [ -122.00604, 37.369108 ], [ -122.006249, 37.368868 ], [ -122.006063, 37.368766 ], [ -122.006063, 37.368548 ], [ -122.006065, 37.368311 ], [ -122.006065, 37.36826 ], [ -122.006072, 37.36821 ], [ -122.006067, 37.368112 ], [ -122.006067, 37.368064 ], [ -122.006064, 37.367865 ], [ -122.006061, 37.367587 ], [ -122.006073, 37.367498 ], [ -122.006081, 37.367444 ], [ -122.006073, 37.36715 ], [ -122.006065, 37.366834 ], [ -122.006065, 37.366762 ], [ -122.005948, 37.366763 ], [ -122.005535, 37.366765 ], [ -122.00478, 37.36677 ], [ -122.004299, 37.366775 ], [ -122.004103, 37.366777 ], [ -122.00397, 37.36678 ], [ -122.003887, 37.366783 ], [ -122.003841, 37.366784 ], [ -122.003705, 37.366788 ], [ -122.00366, 37.36679 ], [ -122.00351, 37.36679 ], [ -122.003471, 37.36679 ], [ -122.002906, 37.366798 ], [ -122.00284, 37.3668 ], [ -122.002718, 37.366803 ], [ -122.002668, 37.366804 ], [ -122.002519, 37.366808 ], [ -122.00247, 37.36681 ], [ -122.002254, 37.366813 ], [ -122.001606, 37.366823 ], [ -122.001391, 37.366827 ], [ -122.001358, 37.366827 ], [ -122.001262, 37.366829 ], [ -122.00123, 37.36683 ], [ -122.001237, 37.367527 ], [ -122.00124, 37.36775 ], [ -122.00123, 37.36817 ], [ -122.001315, 37.368228 ], [ -122.001313, 37.368318 ], [ -122.001317, 37.368537 ], [ -122.001331, 37.36928 ], [ -122.00112, 37.36928 ], [ -122.00078, 37.36928 ], [ -122.000382, 37.36928 ], [ -122.000275, 37.36928 ], [ -121.999994, 37.36928 ], [ -121.999991, 37.369221 ], [ -121.999847, 37.369227 ], [ -121.999844, 37.368626 ], [ -121.999205, 37.368621 ], [ -121.998197, 37.368626 ], [ -121.998178, 37.368556 ], [ -121.998178, 37.36844 ], [ -121.998179, 37.368095 ], [ -121.99818, 37.36798 ], [ -121.998166, 37.367976 ], [ -121.998123, 37.367963 ], [ -121.99811, 37.36796 ], [ -121.99814, 37.3678 ], [ -121.99813, 37.36769 ], [ -121.99816, 37.36689 ], [ -121.996202, 37.366893 ], [ -121.996016, 37.366888 ], [ -121.995985, 37.36689 ], [ -121.995999, 37.368817 ], [ -121.996016, 37.368749 ], [ -121.99601, 37.370155 ], [ -121.995917, 37.370148 ], [ -121.995915, 37.370238 ], [ -121.995917, 37.370305 ], [ -121.987317, 37.370381 ], [ -121.983432, 37.370415 ], [ -121.982867, 37.370285 ], [ -121.982581, 37.370283 ], [ -121.982571, 37.370478 ], [ -121.982569, 37.370583 ], [ -121.982402, 37.370583 ], [ -121.982402, 37.370676 ], [ -121.982405, 37.371365 ], [ -121.98256, 37.37137 ], [ -121.982527, 37.371434 ], [ -121.98244, 37.37161 ], [ -121.982435, 37.371629 ], [ -121.98242, 37.3717 ], [ -121.98244, 37.37174 ], [ -121.982437, 37.37184 ], [ -121.98243, 37.3721 ], [ -121.98243, 37.37226 ], [ -121.98243, 37.372275 ], [ -121.98243, 37.37234 ], [ -121.98243, 37.37242 ], [ -121.982424, 37.372737 ], [ -121.98242, 37.37295 ], [ -121.982433, 37.373691 ], [ -121.98244, 37.37401 ], [ -121.98244, 37.37406 ], [ -121.98245, 37.37411 ], [ -121.98397, 37.37409 ], [ -121.98467, 37.37409 ], [ -121.985113, 37.374082 ], [ -121.98522, 37.37408 ], [ -121.98623, 37.37408 ], [ -121.98652, 37.37407 ], [ -121.986896, 37.37407 ], [ -121.98694, 37.37407 ], [ -121.987023, 37.374068 ], [ -121.98784, 37.37405 ], [ -121.98912, 37.37403 ], [ -121.989895, 37.374026 ], [ -121.99106, 37.37402 ], [ -121.99115, 37.37401 ], [ -121.99166, 37.37402 ], [ -121.99257, 37.37401 ], [ -121.99297, 37.37401 ], [ -121.993926, 37.373993 ], [ -121.994165, 37.37399 ], [ -121.99473, 37.37398 ], [ -121.99558, 37.37398 ], [ -121.99597, 37.37398 ], [ -121.9962, 37.37398 ], [ -121.99631, 37.37399 ], [ -121.99658, 37.37398 ], [ -121.996885, 37.373969 ], [ -121.99746, 37.37395 ], [ -121.99768, 37.37395 ], [ -121.99913, 37.37395 ], [ -121.99996, 37.37395 ], [ -122.0, 37.37394 ], [ -122.00072, 37.37393 ], [ -122.002283, 37.37393 ], [ -122.00275, 37.37393 ], [ -122.002967, 37.373928 ], [ -122.004706, 37.373912 ], [ -122.004856, 37.37391 ], [ -122.004824, 37.374007 ], [ -122.004177, 37.37667 ], [ -122.004147, 37.376787 ], [ -122.004092, 37.377019 ], [ -122.004062, 37.377165 ], [ -122.004053, 37.377207 ], [ -122.003965, 37.37804 ], [ -122.00391, 37.378202 ], [ -122.003848, 37.379448 ], [ -122.003626, 37.379912 ], [ -122.003358, 37.380436 ], [ -122.0033, 37.38049 ], [ -122.003147, 37.380475 ], [ -122.003119, 37.380557 ], [ -122.002892, 37.381225 ], [ -122.002215, 37.383231 ], [ -122.00199, 37.3839 ], [ -122.001734, 37.3849 ], [ -122.001096, 37.386729 ], [ -122.000896, 37.387306 ], [ -122.000489, 37.388476 ], [ -122.00031, 37.38848 ], [ -122.00025, 37.38848 ], [ -122.000033, 37.388497 ], [ -122.0, 37.3885 ], [ -121.99979, 37.38851 ], [ -121.999587, 37.388485 ], [ -121.99938, 37.38846 ], [ -121.999222, 37.388389 ], [ -121.9992, 37.38838 ], [ -121.99903, 37.38827 ], [ -121.99899, 37.38824 ], [ -121.99878, 37.3884 ], [ -121.99865, 37.38852 ], [ -121.99847, 37.38857 ], [ -121.99821, 37.38857 ], [ -121.99769, 37.38858 ], [ -121.995992, 37.388638 ], [ -121.99598, 37.388638 ], [ -121.99584, 37.388646 ], [ -121.995826, 37.388426 ], [ -121.995828, 37.387937 ], [ -121.995772, 37.387019 ], [ -121.995766, 37.38692 ], [ -121.995756, 37.38678 ], [ -121.995741, 37.386559 ], [ -121.995744, 37.385981 ], [ -121.99575, 37.3852 ], [ -121.99574, 37.38424 ], [ -121.99576, 37.38367 ], [ -121.995765, 37.383455 ], [ -121.99578, 37.38287 ], [ -121.995778, 37.382813 ], [ -121.995773, 37.3826 ], [ -121.99577, 37.38249 ], [ -121.995761, 37.382163 ], [ -121.99576, 37.38211 ], [ -121.995758, 37.382054 ], [ -121.995747, 37.381759 ], [ -121.99574, 37.38157 ], [ -121.995732, 37.380874 ], [ -121.99573, 37.38058 ], [ -121.99573, 37.38044 ], [ -121.99573, 37.38034 ], [ -121.995731, 37.380297 ], [ -121.99576, 37.379451 ], [ -121.99577, 37.37917 ], [ -121.995772, 37.3791 ], [ -121.99578, 37.37892 ], [ -121.99578, 37.37889 ], [ -121.995782, 37.378821 ], [ -121.995786, 37.378666 ], [ -121.995798, 37.378201 ], [ -121.995802, 37.378046 ], [ -121.995803, 37.377997 ], [ -121.994068, 37.377997 ], [ -121.993122, 37.378007 ], [ -121.993114, 37.377728 ], [ -121.993109, 37.37755 ], [ -121.992801, 37.377553 ], [ -121.992597, 37.377555 ], [ -121.989274, 37.37758 ], [ -121.98787, 37.37758 ], [ -121.9878, 37.37758 ], [ -121.986969, 37.37758 ], [ -121.98697, 37.37778 ], [ -121.98697, 37.377922 ], [ -121.986969, 37.378179 ], [ -121.986966, 37.379977 ], [ -121.986966, 37.38045 ], [ -121.986966, 37.380577 ], [ -121.986965, 37.380917 ], [ -121.98697, 37.382099 ], [ -121.986974, 37.382878 ], [ -121.986947, 37.38473 ], [ -121.986962, 37.386252 ], [ -121.986964, 37.386665 ], [ -121.986974, 37.388188 ], [ -121.986974, 37.388239 ], [ -121.986975, 37.388396 ], [ -121.986976, 37.388448 ], [ -121.986976, 37.388537 ], [ -121.986977, 37.388678 ], [ -121.986978, 37.388805 ], [ -121.986979, 37.388895 ], [ -121.986984, 37.389786 ], [ -121.987001, 37.392459 ], [ -121.987007, 37.39335 ], [ -121.98701, 37.393837 ], [ -121.987019, 37.395299 ], [ -121.987022, 37.395787 ], [ -121.987023, 37.39593 ], [ -121.987023, 37.395973 ], [ -121.987028, 37.39636 ], [ -121.98703, 37.396504 ], [ -121.987031, 37.396642 ], [ -121.987037, 37.397058 ], [ -121.987039, 37.397197 ], [ -121.987039, 37.397234 ], [ -121.987041, 37.397345 ], [ -121.987042, 37.397383 ], [ -121.987052, 37.398191 ], [ -121.987057, 37.398597 ], [ -121.987075, 37.399903 ], [ -121.987077, 37.400074 ], [ -121.987108, 37.40224 ], [ -121.987117, 37.402817 ], [ -121.987111, 37.402943 ], [ -121.987063, 37.403322 ], [ -121.987036, 37.403449 ], [ -121.987008, 37.403581 ], [ -121.986991, 37.40364 ], [ -121.987262, 37.403638 ], [ -121.987274, 37.406406 ], [ -121.987141, 37.406407 ], [ -121.98715, 37.406522 ], [ -121.987228, 37.409894 ], [ -121.98724, 37.410682 ], [ -121.987424, 37.410684 ], [ -121.987393, 37.411686 ], [ -121.987576, 37.411633 ], [ -121.987577, 37.411822 ], [ -121.987577, 37.411892 ], [ -121.987577, 37.412105 ], [ -121.987578, 37.412176 ], [ -121.987582, 37.413126 ], [ -121.987587, 37.414025 ], [ -121.987589, 37.414438 ], [ -121.987591, 37.41485 ], [ -121.987595, 37.415587 ], [ -121.987596, 37.415976 ], [ -121.987598, 37.416206 ], [ -121.987601, 37.416826 ], [ -121.987601, 37.416927 ], [ -121.989002, 37.416929 ], [ -121.993205, 37.416936 ], [ -121.994607, 37.416939 ], [ -121.994676, 37.416939 ], [ -121.995032, 37.417075 ], [ -121.99562, 37.417302 ], [ -121.995655, 37.417313 ], [ -121.995744, 37.417377 ], [ -121.996151, 37.41767 ], [ -121.996211, 37.417713 ], [ -121.996578, 37.417976 ], [ -121.996596, 37.417988 ], [ -121.996657, 37.418018 ], [ -121.996671, 37.41804 ], [ -121.996846, 37.41813 ], [ -121.99704, 37.41823 ], [ -121.997234, 37.418331 ], [ -121.997571, 37.418505 ], [ -121.999205, 37.419348 ], [ -122.000274, 37.4199 ], [ -122.001176, 37.420365 ], [ -122.001283, 37.42042 ], [ -122.001606, 37.420586 ], [ -122.001714, 37.420642 ], [ -122.006706, 37.423217 ], [ -122.011697, 37.425792 ], [ -122.012209, 37.426056 ], [ -122.012282, 37.426094 ], [ -122.012356, 37.426132 ], [ -122.012428, 37.426169 ], [ -122.012501, 37.426206 ], [ -122.012726, 37.426322 ], [ -122.012993, 37.426458 ], [ -122.013051, 37.426488 ], [ -122.013109, 37.426518 ], [ -122.01342, 37.426677 ], [ -122.01511, 37.427543 ], [ -122.016801, 37.428409 ], [ -122.017289, 37.428658 ], [ -122.017356, 37.428693 ], [ -122.017424, 37.428728 ], [ -122.017747, 37.428893 ], [ -122.02036, 37.430231 ], [ -122.022972, 37.431569 ], [ -122.024096, 37.432144 ], [ -122.026116, 37.433179 ], [ -122.028137, 37.434214 ], [ -122.0284, 37.434348 ], [ -122.02852, 37.43441 ], [ -122.02864, 37.434471 ], [ -122.028838, 37.434573 ], [ -122.029032, 37.434672 ], [ -122.030683, 37.435514 ], [ -122.033548, 37.436977 ], [ -122.036218, 37.43834 ], [ -122.038064, 37.439282 ], [ -122.039217, 37.43987 ], [ -122.041335, 37.440952 ], [ -122.041357, 37.442094 ], [ -122.04384, 37.44344 ], [ -122.045591, 37.44438 ], [ -122.046087, 37.444642 ], [ -122.046046, 37.446498 ], [ -122.04598, 37.448696 ], [ -122.045945, 37.448707 ], [ -122.046, 37.448779 ], [ -122.045993, 37.448894 ], [ -122.046047, 37.45194 ], [ -122.045885, 37.454426 ], [ -122.046229, 37.454426 ], [ -122.046936, 37.455295 ], [ -122.047037, 37.457742 ] ] ] ] } },
{ "type": "Feature", "properties": { "STATEFP": "06", "UNSDLEA": "34590", "GEOID": "0634590", "GEOIDFQ": "9700000US0634590", "NAME": "San Jose Unified School District", "LSAD": "00", "LOGRADE": "KG", "HIGRADE": "12", "MTFCC": "G5420", "SDTYP": null, "FUNCSTAT": "E", "ALAND": 122189465, "AWATER": 945590, "INTPTLAT": "+37.2623912", "INTPTLON": "-121.8658513" }, "geometry": { "type": "MultiPolygon", "coordinates": [ [ [ [ -121.95026, 37.330657 ], [ -121.95026, 37.330883 ], [ -121.95026, 37.33113 ], [ -121.95026, 37.3314 ], [ -121.95026, 37.331444 ], [ -121.95026, 37.33156 ], [ -121.95026, 37.33216 ], [ -121.950255, 37.332386 ], [ -121.95025, 37.3327 ], [ -121.95025, 37.33288 ], [ -121.950219, 37.33321 ], [ -121.950207, 37.333396 ], [ -121.950207, 37.333414 ], [ -121.950204, 37.333831 ], [ -121.95024, 37.33386 ], [ -121.950191, 37.334115 ], [ -121.950202, 37.334183 ], [ -121.9502, 37.334721 ], [ -121.9502, 37.334817 ], [ -121.950203, 37.335411 ], [ -121.950205, 37.335675 ], [ -121.950204, 37.336139 ], [ -121.950194, 37.336378 ], [ -121.950191, 37.336656 ], [ -121.95019, 37.336811 ], [ -121.950189, 37.337097 ], [ -121.95019, 37.337127 ], [ -121.950212, 37.337276 ], [ -121.95022, 37.33733 ], [ -121.95022, 37.33738 ], [ -121.95021, 37.33743 ], [ -121.950189, 37.337507 ], [ -121.95016, 37.337958 ], [ -121.95016, 37.338066 ], [ -121.948059, 37.338062 ], [ -121.943667, 37.338053 ], [ -121.943575, 37.338052 ], [ -121.94358, 37.33772 ], [ -121.94358, 37.33765 ], [ -121.943533, 37.337655 ], [ -121.94346, 37.33765 ], [ -121.94231, 37.337652 ], [ -121.94127, 37.33766 ], [ -121.941231, 37.33766 ], [ -121.9408, 37.337713 ], [ -121.940739, 37.337712 ], [ -121.940438, 37.337738 ], [ -121.940263, 37.337766 ], [ -121.940107, 37.337792 ], [ -121.939738, 37.337852 ], [ -121.93963, 37.33787 ], [ -121.93957, 37.3379 ], [ -121.93942, 37.33795 ], [ -121.937959, 37.337944 ], [ -121.937844, 37.337943 ], [ -121.936652, 37.337937 ], [ -121.936005, 37.337933 ], [ -121.935699, 37.337931 ], [ -121.935701, 37.337841 ], [ -121.935312, 37.337983 ], [ -121.93527, 37.33791 ], [ -121.935267, 37.337867 ], [ -121.935265, 37.337842 ], [ -121.935155, 37.337853 ], [ -121.935125, 37.337854 ], [ -121.934843, 37.337864 ], [ -121.934728, 37.338009 ], [ -121.934579, 37.338005 ], [ -121.934434, 37.337883 ], [ -121.934245, 37.337772 ], [ -121.93404, 37.33791 ], [ -121.933932, 37.337991 ], [ -121.933727, 37.337986 ], [ -121.933309, 37.337976 ], [ -121.93313, 37.33783 ], [ -121.933038, 37.337751 ], [ -121.932957, 37.337815 ], [ -121.932818, 37.337922 ], [ -121.932764, 37.337964 ], [ -121.932511, 37.337958 ], [ -121.93221, 37.337951 ], [ -121.93209, 37.337948 ], [ -121.932088, 37.338027 ], [ -121.932084, 37.33829 ], [ -121.932082, 37.338489 ], [ -121.932078, 37.338828 ], [ -121.932073, 37.339285 ], [ -121.932069, 37.33967 ], [ -121.932066, 37.339833 ], [ -121.932063, 37.340057 ], [ -121.932061, 37.340209 ], [ -121.932057, 37.340577 ], [ -121.932052, 37.340929 ], [ -121.932047, 37.341288 ], [ -121.932045, 37.341508 ], [ -121.932043, 37.341697 ], [ -121.93204, 37.341855 ], [ -121.932036, 37.342208 ], [ -121.93208, 37.342364 ], [ -121.932033, 37.342408 ], [ -121.931859, 37.34273 ], [ -121.932029, 37.342782 ], [ -121.932078, 37.342796 ], [ -121.93212, 37.342809 ], [ -121.932122, 37.343052 ], [ -121.931992, 37.34334 ], [ -121.932114, 37.343377 ], [ -121.932098, 37.343458 ], [ -121.932008, 37.343642 ], [ -121.932164, 37.34369 ], [ -121.932013, 37.343977 ], [ -121.932358, 37.34408 ], [ -121.932155, 37.3445 ], [ -121.931958, 37.344463 ], [ -121.932273, 37.344601 ], [ -121.932053, 37.345229 ], [ -121.93229, 37.345298 ], [ -121.932044, 37.34585 ], [ -121.932334, 37.345932 ], [ -121.932049, 37.346573 ], [ -121.932116, 37.34659 ], [ -121.932098, 37.347833 ], [ -121.932077, 37.349491 ], [ -121.932125, 37.349518 ], [ -121.93245, 37.349695 ], [ -121.932708, 37.349808 ], [ -121.93284, 37.349869 ], [ -121.932619, 37.35001 ], [ -121.932502, 37.350083 ], [ -121.93238, 37.350151 ], [ -121.932253, 37.350213 ], [ -121.932122, 37.350268 ], [ -121.932134, 37.351174 ], [ -121.932135, 37.351219 ], [ -121.932138, 37.35141 ], [ -121.932142, 37.352065 ], [ -121.932141, 37.353021 ], [ -121.932134, 37.355414 ], [ -121.932116, 37.356333 ], [ -121.932111, 37.356424 ], [ -121.932117, 37.356526 ], [ -121.932115, 37.356711 ], [ -121.932131, 37.356719 ], [ -121.932143, 37.356724 ], [ -121.932147, 37.357692 ], [ -121.932158, 37.357729 ], [ -121.932236, 37.357937 ], [ -121.931939, 37.359339 ], [ -121.931834, 37.359838 ], [ -121.931105, 37.360883 ], [ -121.931058, 37.360949 ], [ -121.935158, 37.364706 ], [ -121.935162, 37.364755 ], [ -121.935139, 37.364919 ], [ -121.934987, 37.365064 ], [ -121.936091, 37.365864 ], [ -121.935968, 37.366042 ], [ -121.935937, 37.366088 ], [ -121.936691, 37.368897 ], [ -121.936792, 37.369275 ], [ -121.936983, 37.369964 ], [ -121.937046, 37.370157 ], [ -121.936533, 37.370692 ], [ -121.936032, 37.371214 ], [ -121.935501, 37.371768 ], [ -121.935072, 37.372216 ], [ -121.933582, 37.373782 ], [ -121.933173, 37.3742 ], [ -121.933088, 37.373924 ], [ -121.933076, 37.373906 ], [ -121.932817, 37.373527 ], [ -121.932791, 37.37349 ], [ -121.93277, 37.373472 ], [ -121.93275, 37.373454 ], [ -121.932398, 37.373167 ], [ -121.931502, 37.372663 ], [ -121.930597, 37.37226 ], [ -121.92967, 37.371848 ], [ -121.93006, 37.371417 ], [ -121.930507, 37.370926 ], [ -121.932869, 37.36833 ], [ -121.932956, 37.368234 ], [ -121.928344, 37.363834 ], [ -121.928156, 37.36403 ], [ -121.925738, 37.366549 ], [ -121.925492, 37.366801 ], [ -121.925449, 37.366866 ], [ -121.925425, 37.366887 ], [ -121.925311, 37.366995 ], [ -121.924965, 37.367293 ], [ -121.924908, 37.367342 ], [ -121.924851, 37.367391 ], [ -121.92191, 37.365993 ], [ -121.920412, 37.364867 ], [ -121.919807, 37.364067 ], [ -121.919237, 37.364338 ], [ -121.919077, 37.364414 ], [ -121.918965, 37.364475 ], [ -121.918875, 37.364371 ], [ -121.918804, 37.364289 ], [ -121.918618, 37.364256 ], [ -121.918394, 37.364169 ], [ -121.917284, 37.362726 ], [ -121.916333, 37.361289 ], [ -121.915756, 37.361634 ], [ -121.915717, 37.361654 ], [ -121.915708, 37.36166 ], [ -121.91557, 37.361743 ], [ -121.915153, 37.361996 ], [ -121.915018, 37.362077 ], [ -121.914979, 37.362105 ], [ -121.914883, 37.362164 ], [ -121.914474, 37.362417 ], [ -121.914338, 37.362502 ], [ -121.913925, 37.362755 ], [ -121.912687, 37.363518 ], [ -121.912606, 37.363569 ], [ -121.912272, 37.363767 ], [ -121.912108, 37.36385 ], [ -121.912079, 37.363866 ], [ -121.911614, 37.364093 ], [ -121.91145, 37.364174 ], [ -121.911566, 37.364326 ], [ -121.911641, 37.364424 ], [ -121.91191, 37.364789 ], [ -121.912025, 37.364944 ], [ -121.912287, 37.365302 ], [ -121.912317, 37.365342 ], [ -121.912328, 37.365357 ], [ -121.912421, 37.365482 ], [ -121.91262, 37.365726 ], [ -121.912704, 37.365836 ], [ -121.913054, 37.366306 ], [ -121.913208, 37.366525 ], [ -121.913256, 37.366582 ], [ -121.913284, 37.366615 ], [ -121.91344, 37.366828 ], [ -121.913556, 37.366998 ], [ -121.913782, 37.367303 ], [ -121.914325, 37.368033 ], [ -121.914471, 37.368213 ], [ -121.914522, 37.368275 ], [ -121.914702, 37.368516 ], [ -121.914846, 37.368712 ], [ -121.914945, 37.368846 ], [ -121.915227, 37.369202 ], [ -121.915299, 37.369287 ], [ -121.915457, 37.369473 ], [ -121.915678, 37.369605 ], [ -121.916037, 37.370106 ], [ -121.916304, 37.37048 ], [ -121.916752, 37.371107 ], [ -121.917122, 37.371628 ], [ -121.917202, 37.371741 ], [ -121.917351, 37.371959 ], [ -121.917392, 37.372013 ], [ -121.917566, 37.372004 ], [ -121.917994, 37.372566 ], [ -121.918321, 37.373022 ], [ -121.918405, 37.373217 ], [ -121.918687, 37.373583 ], [ -121.918949, 37.373922 ], [ -121.919294, 37.374396 ], [ -121.919522, 37.37471 ], [ -121.920015, 37.375302 ], [ -121.920577, 37.375978 ], [ -121.922803, 37.379067 ], [ -121.923489, 37.38002 ], [ -121.92546, 37.382657 ], [ -121.92627, 37.38371 ], [ -121.92765, 37.38556 ], [ -121.927896, 37.385882 ], [ -121.92785, 37.385914 ], [ -121.927737, 37.385992 ], [ -121.927681, 37.386018 ], [ -121.927513, 37.386095 ], [ -121.927458, 37.386122 ], [ -121.927432, 37.386133 ], [ -121.927357, 37.386168 ], [ -121.927332, 37.386181 ], [ -121.92719, 37.385995 ], [ -121.925462, 37.383729 ], [ -121.92494, 37.383038 ], [ -121.923498, 37.381131 ], [ -121.922198, 37.379336 ], [ -121.92178, 37.378761 ], [ -121.920039, 37.37649 ], [ -121.919708, 37.376058 ], [ -121.918733, 37.374641 ], [ -121.918998, 37.374413 ], [ -121.918226, 37.373388 ], [ -121.918176, 37.373405 ], [ -121.918023, 37.373458 ], [ -121.917973, 37.373476 ], [ -121.917888, 37.373299 ], [ -121.917633, 37.372768 ], [ -121.917549, 37.372591 ], [ -121.917517, 37.372546 ], [ -121.917422, 37.372413 ], [ -121.91739, 37.372369 ], [ -121.917311, 37.372257 ], [ -121.917137, 37.372005 ], [ -121.917079, 37.37192 ], [ -121.916987, 37.371783 ], [ -121.916985, 37.37177 ], [ -121.916876, 37.37166 ], [ -121.916826, 37.371609 ], [ -121.916353, 37.371126 ], [ -121.915665, 37.370831 ], [ -121.915802, 37.370768 ], [ -121.915689, 37.370619 ], [ -121.915668, 37.370543 ], [ -121.91505, 37.369718 ], [ -121.913195, 37.367181 ], [ -121.913014, 37.366933 ], [ -121.912409, 37.366167 ], [ -121.911695, 37.365141 ], [ -121.911345, 37.36464 ], [ -121.91108, 37.364279 ], [ -121.909915, 37.364987 ], [ -121.909608, 37.365154 ], [ -121.908689, 37.365655 ], [ -121.908383, 37.365823 ], [ -121.908301, 37.365872 ], [ -121.908058, 37.366023 ], [ -121.907977, 37.366073 ], [ -121.907847, 37.366153 ], [ -121.905552, 37.363926 ], [ -121.905455, 37.363992 ], [ -121.905037, 37.364279 ], [ -121.905022, 37.364297 ], [ -121.905007, 37.364319 ], [ -121.904996, 37.364361 ], [ -121.905001, 37.364404 ], [ -121.905025, 37.364446 ], [ -121.905036, 37.364457 ], [ -121.904823, 37.364575 ], [ -121.904298, 37.364867 ], [ -121.904263, 37.364886 ], [ -121.904236, 37.364901 ], [ -121.904164, 37.364941 ], [ -121.904108, 37.36497 ], [ -121.903941, 37.365064 ], [ -121.904143, 37.36524 ], [ -121.904634, 37.365669 ], [ -121.906875, 37.367953 ], [ -121.906404, 37.368297 ], [ -121.906007, 37.368198 ], [ -121.906013, 37.368248 ], [ -121.906005, 37.36836 ], [ -121.905992, 37.368411 ], [ -121.905979, 37.368464 ], [ -121.906305, 37.368543 ], [ -121.9064, 37.368566 ], [ -121.907256, 37.368774 ], [ -121.907535, 37.368843 ], [ -121.907663, 37.368875 ], [ -121.908084, 37.36898 ], [ -121.908275, 37.369069 ], [ -121.908394, 37.369125 ], [ -121.90854, 37.369193 ], [ -121.908848, 37.369336 ], [ -121.90904, 37.369426 ], [ -121.908294, 37.369885 ], [ -121.907379, 37.370449 ], [ -121.907341, 37.370395 ], [ -121.907101, 37.370538 ], [ -121.906526, 37.369723 ], [ -121.905475, 37.36834 ], [ -121.90535, 37.36831 ], [ -121.905219, 37.368278 ], [ -121.904827, 37.368182 ], [ -121.904697, 37.368151 ], [ -121.90442, 37.368093 ], [ -121.904279, 37.368064 ], [ -121.903829, 37.367971 ], [ -121.903592, 37.367913 ], [ -121.903318, 37.367848 ], [ -121.90321, 37.367824 ], [ -121.903153, 37.367812 ], [ -121.903123, 37.367805 ], [ -121.903028, 37.367785 ], [ -121.902664, 37.367693 ], [ -121.902582, 37.367673 ], [ -121.902504, 37.367658 ], [ -121.902221, 37.367576 ], [ -121.902114, 37.367546 ], [ -121.901573, 37.367394 ], [ -121.901372, 37.367331 ], [ -121.901249, 37.367293 ], [ -121.901014, 37.367246 ], [ -121.900871, 37.3672 ], [ -121.900809, 37.367182 ], [ -121.900716, 37.367142 ], [ -121.900454, 37.367029 ], [ -121.900317, 37.366971 ], [ -121.900224, 37.367199 ], [ -121.900203, 37.367249 ], [ -121.900093, 37.367518 ], [ -121.900038, 37.367656 ], [ -121.899525, 37.368058 ], [ -121.899439, 37.368093 ], [ -121.899267, 37.368208 ], [ -121.898522, 37.368712 ], [ -121.898274, 37.368881 ], [ -121.898208, 37.368923 ], [ -121.89801, 37.369052 ], [ -121.897945, 37.369095 ], [ -121.89788, 37.369128 ], [ -121.897807, 37.369184 ], [ -121.897768, 37.36921 ], [ -121.897242, 37.369568 ], [ -121.897067, 37.369688 ], [ -121.896884, 37.369807 ], [ -121.896734, 37.369905 ], [ -121.896347, 37.370157 ], [ -121.896335, 37.370164 ], [ -121.896155, 37.370288 ], [ -121.895933, 37.370438 ], [ -121.895609, 37.370658 ], [ -121.895493, 37.370745 ], [ -121.895273, 37.370894 ], [ -121.895172, 37.370964 ], [ -121.89505, 37.371041 ], [ -121.894961, 37.371107 ], [ -121.894776, 37.371233 ], [ -121.894328, 37.371541 ], [ -121.893977, 37.37179 ], [ -121.893951, 37.371803 ], [ -121.893848, 37.371858 ], [ -121.893723, 37.371906 ], [ -121.893643, 37.37193 ], [ -121.89358, 37.371753 ], [ -121.893545, 37.371655 ], [ -121.893454, 37.371432 ], [ -121.893379, 37.371228 ], [ -121.893315, 37.371053 ], [ -121.893271, 37.370934 ], [ -121.893142, 37.370577 ], [ -121.893099, 37.370458 ], [ -121.893071, 37.370383 ], [ -121.89299, 37.37016 ], [ -121.892963, 37.370086 ], [ -121.892933, 37.369994 ], [ -121.892926, 37.369974 ], [ -121.892811, 37.369641 ], [ -121.892777, 37.369529 ], [ -121.892698, 37.369347 ], [ -121.892662, 37.369246 ], [ -121.892635, 37.369168 ], [ -121.892612, 37.369107 ], [ -121.892553, 37.368944 ], [ -121.892381, 37.36845 ], [ -121.892362, 37.368383 ], [ -121.892278, 37.368091 ], [ -121.892241, 37.367952 ], [ -121.892207, 37.367823 ], [ -121.892163, 37.367626 ], [ -121.892159, 37.367532 ], [ -121.892154, 37.36739 ], [ -121.892131, 37.367201 ], [ -121.892125, 37.367166 ], [ -121.892107, 37.36706 ], [ -121.892055, 37.366814 ], [ -121.89201, 37.366552 ], [ -121.892004, 37.366503 ], [ -121.891978, 37.36628 ], [ -121.891946, 37.365959 ], [ -121.891942, 37.36591 ], [ -121.891909, 37.365689 ], [ -121.891882, 37.365572 ], [ -121.891813, 37.365328 ], [ -121.891756, 37.365048 ], [ -121.891751, 37.365013 ], [ -121.89171, 37.364694 ], [ -121.891692, 37.36456 ], [ -121.891639, 37.364158 ], [ -121.891622, 37.364025 ], [ -121.891603, 37.363886 ], [ -121.891549, 37.363466 ], [ -121.891544, 37.363429 ], [ -121.891531, 37.363331 ], [ -121.891522, 37.363268 ], [ -121.8915, 37.363115 ], [ -121.891496, 37.36308 ], [ -121.891488, 37.363018 ], [ -121.891472, 37.362901 ], [ -121.890363, 37.362768 ], [ -121.888713, 37.362601 ], [ -121.887725, 37.362484 ], [ -121.886169, 37.362362 ], [ -121.885907, 37.362328 ], [ -121.884697, 37.3622 ], [ -121.884472, 37.362357 ], [ -121.884114, 37.362524 ], [ -121.88327, 37.362911 ], [ -121.881815, 37.363618 ], [ -121.881294, 37.363876 ], [ -121.880996, 37.363846 ], [ -121.880253, 37.364412 ], [ -121.880026, 37.364488 ], [ -121.879059, 37.364984 ], [ -121.878637, 37.365137 ], [ -121.878482, 37.365195 ], [ -121.878195, 37.365299 ], [ -121.87817, 37.365387 ], [ -121.878127, 37.365418 ], [ -121.878073, 37.365438 ], [ -121.878014, 37.365448 ], [ -121.877916, 37.365433 ], [ -121.877725, 37.365547 ], [ -121.877386, 37.36577 ], [ -121.877228, 37.36587 ], [ -121.877031, 37.365679 ], [ -121.876937, 37.365583 ], [ -121.876476, 37.365158 ], [ -121.8761, 37.364787 ], [ -121.875657, 37.364324 ], [ -121.875059, 37.363726 ], [ -121.874717, 37.363394 ], [ -121.874653, 37.36332 ], [ -121.874509, 37.363418 ], [ -121.87428, 37.36357 ], [ -121.874025, 37.363741 ], [ -121.873972, 37.363785 ], [ -121.8736, 37.364032 ], [ -121.873372, 37.364185 ], [ -121.873354, 37.364196 ], [ -121.873302, 37.364231 ], [ -121.873285, 37.364243 ], [ -121.873, 37.364439 ], [ -121.872635, 37.364691 ], [ -121.872498, 37.364783 ], [ -121.872389, 37.364851 ], [ -121.872137, 37.365015 ], [ -121.871848, 37.365205 ], [ -121.871744, 37.365276 ], [ -121.871351, 37.365526 ], [ -121.871225, 37.365607 ], [ -121.871029, 37.365726 ], [ -121.870697, 37.365929 ], [ -121.870407, 37.366113 ], [ -121.869852, 37.366473 ], [ -121.869556, 37.366667 ], [ -121.869365, 37.366808 ], [ -121.869317, 37.366726 ], [ -121.869288, 37.366676 ], [ -121.86919, 37.366557 ], [ -121.869143, 37.366504 ], [ -121.869081, 37.366434 ], [ -121.868971, 37.366311 ], [ -121.868827, 37.366162 ], [ -121.868818, 37.366153 ], [ -121.868737, 37.366068 ], [ -121.868655, 37.365983 ], [ -121.868341, 37.365711 ], [ -121.868091, 37.365508 ], [ -121.867982, 37.36542 ], [ -121.86769, 37.365121 ], [ -121.867627, 37.365055 ], [ -121.86741, 37.364826 ], [ -121.867291, 37.364684 ], [ -121.867279, 37.36467 ], [ -121.866856, 37.364229 ], [ -121.866846, 37.364219 ], [ -121.866554, 37.363931 ], [ -121.866384, 37.363742 ], [ -121.865576, 37.362921 ], [ -121.865149, 37.362486 ], [ -121.865041, 37.362375 ], [ -121.864717, 37.362044 ], [ -121.86461, 37.361934 ], [ -121.864372, 37.361681 ], [ -121.864293, 37.361597 ], [ -121.864129, 37.361435 ], [ -121.863643, 37.360936 ], [ -121.863593, 37.360885 ], [ -121.863384, 37.360706 ], [ -121.863342, 37.36067 ], [ -121.863267, 37.360579 ], [ -121.863124, 37.360421 ], [ -121.863032, 37.360328 ], [ -121.862061, 37.359341 ], [ -121.861938, 37.359215 ], [ -121.86177, 37.35907 ], [ -121.861718, 37.359035 ], [ -121.861658, 37.358975 ], [ -121.861384, 37.358702 ], [ -121.861135, 37.358439 ], [ -121.860698, 37.357988 ], [ -121.860652, 37.35794 ], [ -121.860357, 37.357644 ], [ -121.859462, 37.356737 ], [ -121.859133, 37.356395 ], [ -121.859056, 37.356314 ], [ -121.858729, 37.356482 ], [ -121.858291, 37.356707 ], [ -121.85775, 37.356987 ], [ -121.857712, 37.357007 ], [ -121.857528, 37.357048 ], [ -121.856945, 37.357441 ], [ -121.856652, 37.357633 ], [ -121.856356, 37.357833 ], [ -121.855983, 37.357896 ], [ -121.855793, 37.35791 ], [ -121.855547, 37.357906 ], [ -121.855387, 37.357922 ], [ -121.855257, 37.357916 ], [ -121.855005, 37.35789 ], [ -121.854728, 37.35785 ], [ -121.854525, 37.357806 ], [ -121.854374, 37.357766 ], [ -121.854318, 37.357743 ], [ -121.854237, 37.357703 ], [ -121.854146, 37.357645 ], [ -121.854041, 37.35756 ], [ -121.853927, 37.357464 ], [ -121.85378, 37.357331 ], [ -121.853634, 37.357435 ], [ -121.853175, 37.356977 ], [ -121.852865, 37.356672 ], [ -121.852349, 37.35623 ], [ -121.852269, 37.356076 ], [ -121.851917, 37.355726 ], [ -121.85184, 37.355648 ], [ -121.85162, 37.355407 ], [ -121.85133, 37.355116 ], [ -121.851126, 37.354892 ], [ -121.851332, 37.354796 ], [ -121.851754, 37.354598 ], [ -121.851913, 37.354534 ], [ -121.852981, 37.354026 ], [ -121.853285, 37.353885 ], [ -121.853783, 37.353646 ], [ -121.853839, 37.35362 ], [ -121.854098, 37.35339 ], [ -121.855093, 37.352914 ], [ -121.855295, 37.352816 ], [ -121.855465, 37.352735 ], [ -121.855331, 37.352591 ], [ -121.855024, 37.352273 ], [ -121.854926, 37.352164 ], [ -121.854795, 37.352019 ], [ -121.854658, 37.351869 ], [ -121.854419, 37.351607 ], [ -121.854243, 37.351426 ], [ -121.854102, 37.351281 ], [ -121.85396, 37.351137 ], [ -121.853581, 37.350751 ], [ -121.853535, 37.350707 ], [ -121.85339, 37.350569 ], [ -121.853239, 37.350427 ], [ -121.853091, 37.350288 ], [ -121.8528, 37.349992 ], [ -121.85273, 37.349921 ], [ -121.852651, 37.34985 ], [ -121.852592, 37.349788 ], [ -121.852415, 37.349605 ], [ -121.852357, 37.349544 ], [ -121.852325, 37.34951 ], [ -121.852229, 37.349411 ], [ -121.852198, 37.349378 ], [ -121.852121, 37.349297 ], [ -121.852312, 37.349209 ], [ -121.852845, 37.348787 ], [ -121.854412, 37.347553 ], [ -121.855064, 37.347046 ], [ -121.856125, 37.346212 ], [ -121.85653, 37.345893 ], [ -121.856809, 37.345621 ], [ -121.85711, 37.345416 ], [ -121.857283, 37.345273 ], [ -121.857534, 37.345067 ], [ -121.857762, 37.344882 ], [ -121.857825, 37.344946 ], [ -121.858145, 37.34527 ], [ -121.858529, 37.345654 ], [ -121.858663, 37.345791 ], [ -121.858703, 37.345818 ], [ -121.858751, 37.345833 ], [ -121.85881, 37.345833 ], [ -121.859067, 37.345746 ], [ -121.859235, 37.345742 ], [ -121.859009, 37.345504 ], [ -121.858624, 37.345113 ], [ -121.858183, 37.344663 ], [ -121.858032, 37.344514 ], [ -121.85849, 37.344233 ], [ -121.858737, 37.344079 ], [ -121.858535, 37.343872 ], [ -121.858625, 37.343837 ], [ -121.858559, 37.34377 ], [ -121.858631, 37.343721 ], [ -121.859253, 37.343324 ], [ -121.859576, 37.343119 ], [ -121.861257, 37.342051 ], [ -121.861342, 37.341996 ], [ -121.862039, 37.341555 ], [ -121.862083, 37.341521 ], [ -121.862218, 37.341419 ], [ -121.862263, 37.341386 ], [ -121.862427, 37.341274 ], [ -121.86292, 37.340942 ], [ -121.863085, 37.340832 ], [ -121.863177, 37.340768 ], [ -121.86327, 37.340704 ], [ -121.863109, 37.340048 ], [ -121.863178, 37.339735 ], [ -121.863223, 37.339487 ], [ -121.863296, 37.339473 ], [ -121.863401, 37.338931 ], [ -121.863733, 37.337224 ], [ -121.86373, 37.337147 ], [ -121.863721, 37.337071 ], [ -121.863727, 37.337007 ], [ -121.864054, 37.335341 ], [ -121.864091, 37.335247 ], [ -121.864149, 37.335156 ], [ -121.864221, 37.335078 ], [ -121.864315, 37.334978 ], [ -121.864388, 37.334878 ], [ -121.86445, 37.334764 ], [ -121.864493, 37.33465 ], [ -121.864512, 37.334569 ], [ -121.864619, 37.334028 ], [ -121.86464, 37.33395 ], [ -121.864649, 37.333917 ], [ -121.864653, 37.333903 ], [ -121.86468, 37.333779 ], [ -121.864954, 37.332385 ], [ -121.864981, 37.332346 ], [ -121.86505, 37.332302 ], [ -121.86508, 37.332082 ], [ -121.865134, 37.331678 ], [ -121.86516, 37.331385 ], [ -121.865169, 37.331103 ], [ -121.865175, 37.330957 ], [ -121.865351, 37.330051 ], [ -121.865511, 37.329215 ], [ -121.865596, 37.328823 ], [ -121.865752, 37.328037 ], [ -121.865812, 37.327698 ], [ -121.865836, 37.327507 ], [ -121.865821, 37.327278 ], [ -121.865775, 37.326966 ], [ -121.865738, 37.326806 ], [ -121.865608, 37.326147 ], [ -121.865576, 37.325973 ], [ -121.865626, 37.325769 ], [ -121.865687, 37.325611 ], [ -121.865682, 37.325447 ], [ -121.865463, 37.325133 ], [ -121.865244, 37.324904 ], [ -121.865175, 37.324833 ], [ -121.864989, 37.324642 ], [ -121.864926, 37.32458 ], [ -121.864739, 37.324394 ], [ -121.864677, 37.324333 ], [ -121.864151, 37.323782 ], [ -121.862575, 37.322131 ], [ -121.862325, 37.32187 ], [ -121.862453, 37.321797 ], [ -121.86217, 37.32151 ], [ -121.861969, 37.321297 ], [ -121.861633, 37.320944 ], [ -121.861482, 37.320728 ], [ -121.861381, 37.320454 ], [ -121.861335, 37.320127 ], [ -121.861368, 37.319862 ], [ -121.861459, 37.319659 ], [ -121.86162, 37.319411 ], [ -121.861845, 37.319162 ], [ -121.862146, 37.318943 ], [ -121.862538, 37.318688 ], [ -121.863032, 37.318355 ], [ -121.863532, 37.318015 ], [ -121.863832, 37.317812 ], [ -121.863953, 37.317742 ], [ -121.863852, 37.317606 ], [ -121.864416, 37.317218 ], [ -121.866109, 37.316053 ], [ -121.866674, 37.315666 ], [ -121.866789, 37.315594 ], [ -121.867135, 37.315381 ], [ -121.867251, 37.31531 ], [ -121.867568, 37.3151 ], [ -121.868521, 37.314471 ], [ -121.868839, 37.314262 ], [ -121.869182, 37.314016 ], [ -121.870214, 37.313278 ], [ -121.870482, 37.313086 ], [ -121.870558, 37.313033 ], [ -121.870667, 37.312961 ], [ -121.871184, 37.312623 ], [ -121.871199, 37.312613 ], [ -121.873065, 37.311395 ], [ -121.873692, 37.310986 ], [ -121.873916, 37.310841 ], [ -121.874591, 37.310405 ], [ -121.874816, 37.310261 ], [ -121.875279, 37.309975 ], [ -121.875205, 37.309885 ], [ -121.875575, 37.309641 ], [ -121.876362, 37.309114 ], [ -121.876957, 37.308722 ], [ -121.877269, 37.308503 ], [ -121.877877, 37.308091 ], [ -121.878113, 37.307979 ], [ -121.878153, 37.307872 ], [ -121.878222, 37.307864 ], [ -121.878271, 37.307933 ], [ -121.878461, 37.3078 ], [ -121.878461, 37.307718 ], [ -121.878598, 37.307634 ], [ -121.878594, 37.307829 ], [ -121.878595, 37.307892 ], [ -121.878596, 37.307911 ], [ -121.878585, 37.308046 ], [ -121.878563, 37.30814 ], [ -121.878983, 37.308059 ], [ -121.879259, 37.308007 ], [ -121.880256, 37.3079 ], [ -121.880682, 37.307855 ], [ -121.880263, 37.307324 ], [ -121.879007, 37.305733 ], [ -121.878589, 37.305203 ], [ -121.878484, 37.305076 ], [ -121.87848, 37.305016 ], [ -121.87848, 37.304792 ], [ -121.87842, 37.304715 ], [ -121.878207, 37.304446 ], [ -121.878172, 37.304402 ], [ -121.877961, 37.304132 ], [ -121.877802, 37.303932 ], [ -121.877747, 37.303859 ], [ -121.877621, 37.303696 ], [ -121.877551, 37.303605 ], [ -121.877417, 37.303433 ], [ -121.877369, 37.30337 ], [ -121.877331, 37.303334 ], [ -121.876732, 37.302588 ], [ -121.876616, 37.302429 ], [ -121.876606, 37.302419 ], [ -121.876426, 37.302602 ], [ -121.876412, 37.302585 ], [ -121.876253, 37.30239 ], [ -121.876201, 37.302325 ], [ -121.876174, 37.302286 ], [ -121.876166, 37.302275 ], [ -121.876093, 37.302172 ], [ -121.876067, 37.302134 ], [ -121.876004, 37.302049 ], [ -121.875818, 37.301796 ], [ -121.875757, 37.301712 ], [ -121.875715, 37.301666 ], [ -121.875592, 37.301529 ], [ -121.875552, 37.301484 ], [ -121.875075, 37.300887 ], [ -121.874504, 37.300174 ], [ -121.8739, 37.299434 ], [ -121.873634, 37.299107 ], [ -121.873468, 37.298902 ], [ -121.873141, 37.298525 ], [ -121.872892, 37.298267 ], [ -121.872874, 37.298248 ], [ -121.872115, 37.297525 ], [ -121.871856, 37.297278 ], [ -121.871713, 37.297163 ], [ -121.871286, 37.296818 ], [ -121.871144, 37.296703 ], [ -121.871302, 37.296538 ], [ -121.870975, 37.296296 ], [ -121.872064, 37.295161 ], [ -121.872374, 37.294837 ], [ -121.87247, 37.294738 ], [ -121.872565, 37.294826 ], [ -121.872791, 37.294534 ], [ -121.872938, 37.294333 ], [ -121.872956, 37.294308 ], [ -121.873044, 37.294189 ], [ -121.873061, 37.294155 ], [ -121.873428, 37.293714 ], [ -121.87347, 37.293671 ], [ -121.873256, 37.293581 ], [ -121.873083, 37.293457 ], [ -121.872959, 37.29325 ], [ -121.872753, 37.292824 ], [ -121.872795, 37.292761 ], [ -121.872444, 37.291915 ], [ -121.872233, 37.29139 ], [ -121.872177, 37.291284 ], [ -121.872097, 37.291333 ], [ -121.872021, 37.291385 ], [ -121.871946, 37.291436 ], [ -121.871868, 37.291485 ], [ -121.87183, 37.291525 ], [ -121.871786, 37.291571 ], [ -121.87163, 37.291643 ], [ -121.871433, 37.291136 ], [ -121.871361, 37.290967 ], [ -121.871202, 37.29107 ], [ -121.871127, 37.291116 ], [ -121.870666, 37.291401 ], [ -121.870352, 37.291066 ], [ -121.870225, 37.290896 ], [ -121.870673, 37.28998 ], [ -121.870677, 37.289908 ], [ -121.870698, 37.289888 ], [ -121.870856, 37.289863 ], [ -121.870895, 37.289856 ], [ -121.871016, 37.289838 ], [ -121.871056, 37.289832 ], [ -121.871099, 37.289825 ], [ -121.871169, 37.289814 ], [ -121.871273, 37.289798 ], [ -121.870926, 37.289108 ], [ -121.870438, 37.288255 ], [ -121.869824, 37.287322 ], [ -121.869096, 37.286309 ], [ -121.868915, 37.286066 ], [ -121.86675, 37.283145 ], [ -121.866519, 37.28279 ], [ -121.866288, 37.282354 ], [ -121.866252, 37.282239 ], [ -121.86615, 37.282032 ], [ -121.865992, 37.281727 ], [ -121.865144, 37.279712 ], [ -121.864497, 37.278332 ], [ -121.864187, 37.277556 ], [ -121.864076, 37.27678 ], [ -121.86384, 37.275661 ], [ -121.863697, 37.274986 ], [ -121.863674, 37.274721 ], [ -121.863677, 37.274487 ], [ -121.86333, 37.274451 ], [ -121.863173, 37.274451 ], [ -121.862939, 37.27445 ], [ -121.862733, 37.274437 ], [ -121.860826, 37.274321 ], [ -121.860301, 37.274321 ], [ -121.860017, 37.274419 ], [ -121.859887, 37.274419 ], [ -121.859478, 37.274422 ], [ -121.859098, 37.274426 ], [ -121.858866, 37.274438 ], [ -121.858056, 37.27446 ], [ -121.857862, 37.274462 ], [ -121.857591, 37.274465 ], [ -121.857381, 37.274471 ], [ -121.857324, 37.274471 ], [ -121.857304, 37.274471 ], [ -121.857244, 37.274471 ], [ -121.857225, 37.274471 ], [ -121.857024, 37.274474 ], [ -121.85649, 37.274483 ], [ -121.856423, 37.274484 ], [ -121.856223, 37.274491 ], [ -121.85603, 37.274496 ], [ -121.85597, 37.274498 ], [ -121.855451, 37.274509 ], [ -121.855259, 37.274514 ], [ -121.855135, 37.274516 ], [ -121.855002, 37.27452 ], [ -121.854766, 37.274519 ], [ -121.854643, 37.274519 ], [ -121.854147, 37.274525 ], [ -121.852661, 37.274547 ], [ -121.852166, 37.274555 ], [ -121.852062, 37.274556 ], [ -121.852006, 37.274556 ], [ -121.851529, 37.274562 ], [ -121.85137, 37.274565 ], [ -121.851064, 37.274568 ], [ -121.850787, 37.274572 ], [ -121.850146, 37.274574 ], [ -121.84984, 37.274576 ], [ -121.849828, 37.27428 ], [ -121.849815, 37.273931 ], [ -121.849799, 37.273394 ], [ -121.849791, 37.273099 ], [ -121.849788, 37.272902 ], [ -121.849784, 37.272549 ], [ -121.84978, 37.272409 ], [ -121.849765, 37.272314 ], [ -121.849757, 37.27226 ], [ -121.84972, 37.272123 ], [ -121.849664, 37.271968 ], [ -121.849586, 37.271808 ], [ -121.849443, 37.271529 ], [ -121.849369, 37.271384 ], [ -121.849301, 37.271251 ], [ -121.849099, 37.270854 ], [ -121.849032, 37.270722 ], [ -121.848964, 37.270588 ], [ -121.848762, 37.270189 ], [ -121.848695, 37.270056 ], [ -121.848628, 37.269923 ], [ -121.848427, 37.269524 ], [ -121.84836, 37.269392 ], [ -121.848291, 37.269259 ], [ -121.848087, 37.26886 ], [ -121.848019, 37.268728 ], [ -121.847949, 37.268589 ], [ -121.84774, 37.268173 ], [ -121.847671, 37.268035 ], [ -121.847605, 37.267908 ], [ -121.84741, 37.267529 ], [ -121.847345, 37.267403 ], [ -121.847278, 37.267271 ], [ -121.847187, 37.267091 ], [ -121.847079, 37.266876 ], [ -121.847013, 37.266745 ], [ -121.846923, 37.266569 ], [ -121.846843, 37.266412 ], [ -121.84666, 37.26604 ], [ -121.846574, 37.265864 ], [ -121.846393, 37.265533 ], [ -121.846387, 37.265521 ], [ -121.845978, 37.264715 ], [ -121.845881, 37.264527 ], [ -121.84571, 37.264192 ], [ -121.84562, 37.264016 ], [ -121.845501, 37.263823 ], [ -121.846227, 37.260976 ], [ -121.846416, 37.260412 ], [ -121.847215, 37.258488 ], [ -121.848235, 37.256018 ], [ -121.848434, 37.255388 ], [ -121.848461, 37.255262 ], [ -121.848534, 37.255088 ], [ -121.84872, 37.254565 ], [ -121.849055, 37.253744 ], [ -121.849537, 37.252589 ], [ -121.849653, 37.252378 ], [ -121.849651, 37.250502 ], [ -121.849509, 37.250512 ], [ -121.849478, 37.250513 ], [ -121.849388, 37.25052 ], [ -121.849358, 37.250522 ], [ -121.848914, 37.250554 ], [ -121.848837, 37.250555 ], [ -121.848691, 37.250557 ], [ -121.848227, 37.250558 ], [ -121.847273, 37.250567 ], [ -121.846752, 37.250573 ], [ -121.846592, 37.250573 ], [ -121.846183, 37.250576 ], [ -121.846113, 37.250576 ], [ -121.845954, 37.250576 ], [ -121.845811, 37.250576 ], [ -121.845383, 37.250576 ], [ -121.845241, 37.250576 ], [ -121.845066, 37.250579 ], [ -121.844703, 37.250587 ], [ -121.844544, 37.250589 ], [ -121.84437, 37.250592 ], [ -121.844008, 37.250595 ], [ -121.842923, 37.250606 ], [ -121.842562, 37.25061 ], [ -121.84245, 37.250611 ], [ -121.842114, 37.250614 ], [ -121.842002, 37.250615 ], [ -121.841963, 37.250615 ], [ -121.841848, 37.250616 ], [ -121.84181, 37.250617 ], [ -121.841798, 37.250575 ], [ -121.841812, 37.25047 ], [ -121.841812, 37.250217 ], [ -121.841846, 37.249944 ], [ -121.841826, 37.249743 ], [ -121.841798, 37.249655 ], [ -121.841791, 37.24937 ], [ -121.841831, 37.248948 ], [ -121.841839, 37.248864 ], [ -121.841839, 37.248512 ], [ -121.841873, 37.248293 ], [ -121.841921, 37.247419 ], [ -121.841908, 37.247183 ], [ -121.841956, 37.246996 ], [ -121.841956, 37.246804 ], [ -121.842003, 37.245842 ], [ -121.842024, 37.2456 ], [ -121.842093, 37.245447 ], [ -121.842086, 37.245232 ], [ -121.842161, 37.244969 ], [ -121.842353, 37.244633 ], [ -121.842443, 37.244452 ], [ -121.842463, 37.244436 ], [ -121.842491, 37.24437 ], [ -121.842664, 37.244078 ], [ -121.843281, 37.24304 ], [ -121.843439, 37.242749 ], [ -121.843512, 37.242627 ], [ -121.843583, 37.242507 ], [ -121.843652, 37.24238 ], [ -121.843755, 37.242243 ], [ -121.844092, 37.241671 ], [ -121.844345, 37.241243 ], [ -121.844435, 37.241045 ], [ -121.844544, 37.240908 ], [ -121.844613, 37.240748 ], [ -121.844819, 37.240424 ], [ -121.844819, 37.239726 ], [ -121.844784, 37.23921 ], [ -121.844812, 37.238979 ], [ -121.844804, 37.238516 ], [ -121.844798, 37.238095 ], [ -121.844763, 37.237935 ], [ -121.844763, 37.237765 ], [ -121.844743, 37.237578 ], [ -121.844772, 37.237405 ], [ -121.844834, 37.237258 ], [ -121.844855, 37.236714 ], [ -121.844856, 37.236625 ], [ -121.844793, 37.235751 ], [ -121.844785, 37.234422 ], [ -121.844741, 37.232774 ], [ -121.844754, 37.232339 ], [ -121.844856, 37.232381 ], [ -121.845297, 37.231606 ], [ -121.845434, 37.231661 ], [ -121.845812, 37.23165 ], [ -121.845922, 37.231639 ], [ -121.846166, 37.231639 ], [ -121.84641, 37.231639 ], [ -121.847084, 37.230368 ], [ -121.847986, 37.229547 ], [ -121.848109, 37.229471 ], [ -121.849877, 37.228728 ], [ -121.849603, 37.228523 ], [ -121.849193, 37.228446 ], [ -121.848237, 37.228201 ], [ -121.847897, 37.22807 ], [ -121.846988, 37.227714 ], [ -121.846652, 37.227529 ], [ -121.845971, 37.227169 ], [ -121.845956, 37.227109 ], [ -121.845935, 37.227022 ], [ -121.845904, 37.22701 ], [ -121.845727, 37.22693 ], [ -121.845649, 37.226902 ], [ -121.845457, 37.226845 ], [ -121.845348, 37.22682 ], [ -121.845118, 37.226788 ], [ -121.844398, 37.226762 ], [ -121.844329, 37.22676 ], [ -121.844172, 37.22674 ], [ -121.844028, 37.226708 ], [ -121.843896, 37.226666 ], [ -121.843764, 37.226611 ], [ -121.843629, 37.226537 ], [ -121.843569, 37.226497 ], [ -121.842796, 37.225925 ], [ -121.842707, 37.225858 ], [ -121.842419, 37.225643 ], [ -121.842299, 37.225553 ], [ -121.842047, 37.225365 ], [ -121.841993, 37.225321 ], [ -121.841949, 37.225274 ], [ -121.84192, 37.225243 ], [ -121.84186, 37.225155 ], [ -121.841844, 37.225121 ], [ -121.841814, 37.225057 ], [ -121.841804, 37.225018 ], [ -121.841795, 37.224983 ], [ -121.841788, 37.224954 ], [ -121.841781, 37.224859 ], [ -121.841789, 37.224765 ], [ -121.841794, 37.224717 ], [ -121.841814, 37.224569 ], [ -121.841819, 37.224548 ], [ -121.841577, 37.224681 ], [ -121.840778, 37.225121 ], [ -121.840743, 37.225373 ], [ -121.840148, 37.229562 ], [ -121.839428, 37.229558 ], [ -121.838714, 37.229559 ], [ -121.838494, 37.229421 ], [ -121.838351, 37.229245 ], [ -121.838136, 37.228981 ], [ -121.837992, 37.228937 ], [ -121.837518, 37.229075 ], [ -121.83736, 37.229053 ], [ -121.837154, 37.22897 ], [ -121.837084, 37.228909 ], [ -121.836975, 37.228816 ], [ -121.836756, 37.228553 ], [ -121.836583, 37.228344 ], [ -121.836439, 37.228229 ], [ -121.836164, 37.228223 ], [ -121.835834, 37.228311 ], [ -121.835642, 37.228322 ], [ -121.835166, 37.228191 ], [ -121.835003, 37.22807 ], [ -121.834893, 37.227905 ], [ -121.834879, 37.227745 ], [ -121.834968, 37.227515 ], [ -121.835154, 37.227229 ], [ -121.835243, 37.227163 ], [ -121.835415, 37.226993 ], [ -121.835435, 37.226883 ], [ -121.835346, 37.226734 ], [ -121.835078, 37.226641 ], [ -121.834583, 37.226564 ], [ -121.834149, 37.226559 ], [ -121.834109, 37.226559 ], [ -121.834034, 37.22663 ], [ -121.8338, 37.226685 ], [ -121.833766, 37.226718 ], [ -121.833553, 37.226713 ], [ -121.833195, 37.226674 ], [ -121.83312, 37.226652 ], [ -121.832886, 37.226504 ], [ -121.832749, 37.226383 ], [ -121.832474, 37.226317 ], [ -121.832199, 37.226164 ], [ -121.832123, 37.226136 ], [ -121.832077, 37.22613 ], [ -121.831787, 37.226098 ], [ -121.831691, 37.226136 ], [ -121.831643, 37.226196 ], [ -121.831567, 37.226515 ], [ -121.83143, 37.226724 ], [ -121.831169, 37.226856 ], [ -121.83077, 37.226971 ], [ -121.830358, 37.227015 ], [ -121.830145, 37.226933 ], [ -121.82972, 37.226234 ], [ -121.829753, 37.226171 ], [ -121.829627, 37.226221 ], [ -121.82948, 37.226313 ], [ -121.82931, 37.226402 ], [ -121.829111, 37.226435 ], [ -121.828915, 37.226365 ], [ -121.828748, 37.226154 ], [ -121.828663, 37.22601 ], [ -121.828666, 37.225945 ], [ -121.828619, 37.2259 ], [ -121.828489, 37.225873 ], [ -121.828399, 37.225873 ], [ -121.828327, 37.225894 ], [ -121.828193, 37.225933 ], [ -121.828035, 37.225944 ], [ -121.827767, 37.2259 ], [ -121.82752, 37.225834 ], [ -121.827417, 37.225834 ], [ -121.827341, 37.225867 ], [ -121.827295, 37.226006 ], [ -121.827284, 37.22618 ], [ -121.82735, 37.226317 ], [ -121.827528, 37.226491 ], [ -121.82762, 37.226653 ], [ -121.82785, 37.226834 ], [ -121.827994, 37.226968 ], [ -121.828046, 37.227189 ], [ -121.827975, 37.227441 ], [ -121.827938, 37.227733 ], [ -121.827387, 37.227833 ], [ -121.827154, 37.227881 ], [ -121.827036, 37.228007 ], [ -121.826933, 37.228069 ], [ -121.82674, 37.228132 ], [ -121.826489, 37.228332 ], [ -121.826071, 37.228672 ], [ -121.825789, 37.22867 ], [ -121.825617, 37.228653 ], [ -121.825404, 37.228576 ], [ -121.82533, 37.228484 ], [ -121.825273, 37.228411 ], [ -121.825177, 37.228126 ], [ -121.825102, 37.228027 ], [ -121.824978, 37.228005 ], [ -121.824868, 37.228038 ], [ -121.824816, 37.22806 ], [ -121.824703, 37.228109 ], [ -121.824676, 37.228159 ], [ -121.82449, 37.228274 ], [ -121.824236, 37.22834 ], [ -121.824172, 37.228378 ], [ -121.823732, 37.228648 ], [ -121.823714, 37.228659 ], [ -121.823619, 37.228679 ], [ -121.823459, 37.228714 ], [ -121.823269, 37.228704 ], [ -121.823152, 37.228699 ], [ -121.823109, 37.228697 ], [ -121.822903, 37.22862 ], [ -121.82212, 37.228137 ], [ -121.821879, 37.228054 ], [ -121.821714, 37.228093 ], [ -121.821646, 37.22813 ], [ -121.821589, 37.228162 ], [ -121.82138, 37.223308 ], [ -121.820497, 37.223302 ], [ -121.820491, 37.222673 ], [ -121.820793, 37.222673 ], [ -121.820774, 37.222308 ], [ -121.819794, 37.221504 ], [ -121.819556, 37.221495 ], [ -121.819039, 37.221751 ], [ -121.818183, 37.221764 ], [ -121.817406, 37.221507 ], [ -121.815847, 37.221018 ], [ -121.81584, 37.2207 ], [ -121.815836, 37.22046 ], [ -121.815832, 37.220236 ], [ -121.815829, 37.220168 ], [ -121.814774, 37.220046 ], [ -121.813331, 37.219198 ], [ -121.812522, 37.219237 ], [ -121.812542, 37.218915 ], [ -121.811541, 37.217545 ], [ -121.811447, 37.217521 ], [ -121.811248, 37.217471 ], [ -121.807107, 37.216424 ], [ -121.806563, 37.216283 ], [ -121.805357, 37.216149 ], [ -121.805279, 37.215886 ], [ -121.80526, 37.215847 ], [ -121.804647, 37.213936 ], [ -121.803287, 37.212821 ], [ -121.8032, 37.212748 ], [ -121.80164, 37.211469 ], [ -121.8012, 37.211247 ], [ -121.801152, 37.211347 ], [ -121.80064, 37.211736 ], [ -121.798627, 37.213266 ], [ -121.797425, 37.214233 ], [ -121.795555, 37.215738 ], [ -121.793603, 37.215473 ], [ -121.792075, 37.215281 ], [ -121.790843, 37.214709 ], [ -121.790272, 37.211422 ], [ -121.788809, 37.211386 ], [ -121.788144, 37.211313 ], [ -121.786802, 37.21112 ], [ -121.786947, 37.209886 ], [ -121.781953, 37.208387 ], [ -121.779692, 37.207734 ], [ -121.779263, 37.208345 ], [ -121.779424, 37.208678 ], [ -121.778772, 37.208412 ], [ -121.778225, 37.208188 ], [ -121.777566, 37.207924 ], [ -121.775591, 37.207135 ], [ -121.774933, 37.206872 ], [ -121.775552, 37.206056 ], [ -121.77741, 37.203611 ], [ -121.77803, 37.202797 ], [ -121.778138, 37.2028 ], [ -121.778465, 37.202811 ], [ -121.778574, 37.202815 ], [ -121.778957, 37.202827 ], [ -121.779335, 37.202353 ], [ -121.785957, 37.201947 ], [ -121.787685, 37.202056 ], [ -121.789843, 37.201556 ], [ -121.792634, 37.202369 ], [ -121.79522, 37.20146 ], [ -121.79634, 37.201032 ], [ -121.794422, 37.198525 ], [ -121.793721, 37.197608 ], [ -121.789182, 37.191558 ], [ -121.789071, 37.191651 ], [ -121.789052, 37.191594 ], [ -121.788994, 37.191478 ], [ -121.788885, 37.191324 ], [ -121.788686, 37.191063 ], [ -121.788594, 37.190962 ], [ -121.788465, 37.190834 ], [ -121.788369, 37.190751 ], [ -121.788206, 37.190621 ], [ -121.788108, 37.19055 ], [ -121.78796, 37.190451 ], [ -121.787816, 37.190366 ], [ -121.787663, 37.190285 ], [ -121.787475, 37.190199 ], [ -121.787359, 37.190161 ], [ -121.787233, 37.190133 ], [ -121.787103, 37.190118 ], [ -121.787033, 37.190118 ], [ -121.786951, 37.190118 ], [ -121.786824, 37.190131 ], [ -121.786697, 37.190157 ], [ -121.786521, 37.190213 ], [ -121.786393, 37.190243 ], [ -121.786257, 37.19026 ], [ -121.78554, 37.190261 ], [ -121.785455, 37.190258 ], [ -121.785346, 37.190242 ], [ -121.785234, 37.190209 ], [ -121.785142, 37.190166 ], [ -121.785053, 37.190109 ], [ -121.784981, 37.190044 ], [ -121.784922, 37.189971 ], [ -121.784877, 37.189889 ], [ -121.784849, 37.189802 ], [ -121.784839, 37.189706 ], [ -121.784845, 37.189623 ], [ -121.784871, 37.189539 ], [ -121.784932, 37.189433 ], [ -121.784968, 37.189346 ], [ -121.784988, 37.189249 ], [ -121.784988, 37.188094 ], [ -121.785242, 37.188086 ], [ -121.785225, 37.185901 ], [ -121.785237, 37.185113 ], [ -121.785247, 37.184509 ], [ -121.785237, 37.184324 ], [ -121.785071, 37.181275 ], [ -121.784947, 37.178998 ], [ -121.784786, 37.176178 ], [ -121.784695, 37.17518 ], [ -121.784777, 37.174812 ], [ -121.784709, 37.174117 ], [ -121.784655, 37.172319 ], [ -121.786393, 37.172229 ], [ -121.787779, 37.172158 ], [ -121.787847, 37.171983 ], [ -121.787902, 37.171911 ], [ -121.787992, 37.171906 ], [ -121.788081, 37.17195 ], [ -121.788266, 37.172021 ], [ -121.788637, 37.172049 ], [ -121.788973, 37.172104 ], [ -121.789124, 37.172113 ], [ -121.789234, 37.172087 ], [ -121.789323, 37.172076 ], [ -121.789577, 37.172186 ], [ -121.78977, 37.172203 ], [ -121.789955, 37.172241 ], [ -121.790017, 37.172274 ], [ -121.790031, 37.172318 ], [ -121.790113, 37.172329 ], [ -121.790614, 37.172483 ], [ -121.791115, 37.172604 ], [ -121.791349, 37.172604 ], [ -121.791596, 37.172533 ], [ -121.791857, 37.172478 ], [ -121.791932, 37.172451 ], [ -121.792386, 37.172379 ], [ -121.792749, 37.172264 ], [ -121.792839, 37.172242 ], [ -121.793038, 37.172242 ], [ -121.793333, 37.172182 ], [ -121.793786, 37.172171 ], [ -121.794507, 37.171913 ], [ -121.794686, 37.17188 ], [ -121.794823, 37.171869 ], [ -121.795057, 37.171924 ], [ -121.795215, 37.171968 ], [ -121.795315, 37.172039 ], [ -121.795386, 37.172089 ], [ -121.795565, 37.172166 ], [ -121.79597, 37.172248 ], [ -121.796251, 37.172358 ], [ -121.796485, 37.172342 ], [ -121.796588, 37.172276 ], [ -121.796643, 37.172134 ], [ -121.798683, 37.172077 ], [ -121.798947, 37.17207 ], [ -121.801444, 37.171926 ], [ -121.802041, 37.171828 ], [ -121.802455, 37.171828 ], [ -121.802852, 37.171815 ], [ -121.802819, 37.171173 ], [ -121.802823, 37.171045 ], [ -121.802779, 37.169896 ], [ -121.80266, 37.167349 ], [ -121.802673, 37.167103 ], [ -121.802647, 37.166432 ], [ -121.80264, 37.166248 ], [ -121.802583, 37.165013 ], [ -121.803008, 37.165005 ], [ -121.812451, 37.164841 ], [ -121.812721, 37.164788 ], [ -121.815155, 37.164824 ], [ -121.81617, 37.164794 ], [ -121.816606, 37.164818 ], [ -121.816672, 37.164787 ], [ -121.81675, 37.164767 ], [ -121.816902, 37.164758 ], [ -121.817195, 37.164758 ], [ -121.817489, 37.164767 ], [ -121.81761, 37.164771 ], [ -121.817715, 37.164761 ], [ -121.817818, 37.164736 ], [ -121.819967, 37.164696 ], [ -121.819967, 37.164548 ], [ -121.821713, 37.164522 ], [ -121.82265, 37.164487 ], [ -121.82265, 37.164662 ], [ -121.827607, 37.164573 ], [ -121.827961, 37.164552 ], [ -121.828066, 37.164548 ], [ -121.828904, 37.16452 ], [ -121.828948, 37.164147 ], [ -121.82908, 37.163871 ], [ -121.830688, 37.162867 ], [ -121.831155, 37.162575 ], [ -121.831259, 37.16251 ], [ -121.831363, 37.162445 ], [ -121.831317, 37.162358 ], [ -121.83118, 37.162099 ], [ -121.831135, 37.162013 ], [ -121.831451, 37.162177 ], [ -121.832, 37.162177 ], [ -121.832556, 37.162078 ], [ -121.832824, 37.162034 ], [ -121.833103, 37.161897 ], [ -121.83314, 37.16188 ], [ -121.833222, 37.161825 ], [ -121.833346, 37.161781 ], [ -121.833421, 37.161792 ], [ -121.833558, 37.161891 ], [ -121.833751, 37.162089 ], [ -121.833909, 37.162171 ], [ -121.834066, 37.162281 ], [ -121.834245, 37.162281 ], [ -121.835103, 37.162144 ], [ -121.835391, 37.162028 ], [ -121.835549, 37.161913 ], [ -121.835803, 37.161693 ], [ -121.835947, 37.161578 ], [ -121.836071, 37.161539 ], [ -121.836215, 37.16155 ], [ -121.836373, 37.161578 ], [ -121.836744, 37.161561 ], [ -121.836936, 37.161621 ], [ -121.837121, 37.161764 ], [ -121.837355, 37.161841 ], [ -121.837691, 37.161923 ], [ -121.838028, 37.161912 ], [ -121.838742, 37.161797 ], [ -121.838766, 37.161793 ], [ -121.839284, 37.161714 ], [ -121.839922, 37.161544 ], [ -121.840766, 37.16134 ], [ -121.840952, 37.16123 ], [ -121.841151, 37.161022 ], [ -121.841322, 37.160752 ], [ -121.841333, 37.160711 ], [ -121.841357, 37.160626 ], [ -121.841366, 37.16027 ], [ -121.840563, 37.158295 ], [ -121.840463, 37.156784 ], [ -121.840388, 37.155645 ], [ -121.840662, 37.155798 ], [ -121.841487, 37.156259 ], [ -121.841762, 37.156413 ], [ -121.843482, 37.157224 ], [ -121.844059, 37.157506 ], [ -121.844021, 37.157651 ], [ -121.844009, 37.157683 ], [ -121.843977, 37.157768 ], [ -121.843936, 37.157883 ], [ -121.843906, 37.15795 ], [ -121.843858, 37.158017 ], [ -121.843797, 37.158077 ], [ -121.843689, 37.158156 ], [ -121.843267, 37.158395 ], [ -121.843214, 37.158427 ], [ -121.842973, 37.158578 ], [ -121.842872, 37.15865 ], [ -121.842786, 37.158729 ], [ -121.842735, 37.158806 ], [ -121.842698, 37.158893 ], [ -121.842677, 37.158987 ], [ -121.842675, 37.15908 ], [ -121.84272, 37.15929 ], [ -121.842812, 37.159603 ], [ -121.842845, 37.159776 ], [ -121.842865, 37.16003 ], [ -121.842851, 37.160197 ], [ -121.842845, 37.160273 ], [ -121.842787, 37.160668 ], [ -121.842752, 37.16087 ], [ -121.842869, 37.160916 ], [ -121.842965, 37.160965 ], [ -121.84307, 37.161038 ], [ -121.843155, 37.161117 ], [ -121.843223, 37.161201 ], [ -121.843281, 37.16127 ], [ -121.843357, 37.161335 ], [ -121.843443, 37.161387 ], [ -121.843584, 37.161436 ], [ -121.84376, 37.161482 ], [ -121.843936, 37.161513 ], [ -121.844511, 37.161644 ], [ -121.844534, 37.161652 ], [ -121.844602, 37.161687 ], [ -121.844647, 37.161726 ], [ -121.844686, 37.161781 ], [ -121.844705, 37.16184 ], [ -121.844739, 37.161993 ], [ -121.844758, 37.162056 ], [ -121.844797, 37.162117 ], [ -121.84484, 37.162156 ], [ -121.84492, 37.162205 ], [ -121.845021, 37.162246 ], [ -121.845318, 37.162315 ], [ -121.845593, 37.162473 ], [ -121.845694, 37.163261 ], [ -121.845963, 37.163997 ], [ -121.846235, 37.164743 ], [ -121.84597, 37.165673 ], [ -121.846019, 37.166579 ], [ -121.846226, 37.166982 ], [ -121.846123, 37.16754 ], [ -121.846137, 37.167701 ], [ -121.847205, 37.168907 ], [ -121.847222, 37.169845 ], [ -121.847225, 37.170101 ], [ -121.848226, 37.170309 ], [ -121.849032, 37.170766 ], [ -121.849633, 37.171508 ], [ -121.849938, 37.171837 ], [ -121.850989, 37.17318 ], [ -121.851829, 37.173736 ], [ -121.853993, 37.175203 ], [ -121.854463, 37.175512 ], [ -121.854607, 37.175688 ], [ -121.85482, 37.175842 ], [ -121.855012, 37.175951 ], [ -121.855184, 37.176072 ], [ -121.855349, 37.17616 ], [ -121.855596, 37.176314 ], [ -121.855946, 37.176467 ], [ -121.856214, 37.176649 ], [ -121.85642, 37.176813 ], [ -121.856826, 37.176989 ], [ -121.857107, 37.177027 ], [ -121.857828, 37.177351 ], [ -121.857938, 37.177472 ], [ -121.858021, 37.17767 ], [ -121.858151, 37.177824 ], [ -121.858323, 37.177939 ], [ -121.858591, 37.17801 ], [ -121.858762, 37.178027 ], [ -121.85903, 37.178082 ], [ -121.859257, 37.178191 ], [ -121.859449, 37.178345 ], [ -121.859497, 37.178428 ], [ -121.859621, 37.17857 ], [ -121.859714, 37.178783 ], [ -121.859766, 37.1789 ], [ -121.859841, 37.179037 ], [ -121.859992, 37.179219 ], [ -121.860363, 37.179548 ], [ -121.860755, 37.179691 ], [ -121.86116, 37.179954 ], [ -121.861455, 37.180097 ], [ -121.861552, 37.180185 ], [ -121.861637, 37.180312 ], [ -121.861655, 37.180339 ], [ -121.8618, 37.180603 ], [ -121.861885, 37.180696 ], [ -121.861989, 37.18081 ], [ -121.862046, 37.180872 ], [ -121.862294, 37.181196 ], [ -121.862466, 37.18136 ], [ -121.862665, 37.181459 ], [ -121.86331, 37.181624 ], [ -121.863736, 37.181723 ], [ -121.863977, 37.18181 ], [ -121.86419, 37.181964 ], [ -121.864334, 37.182019 ], [ -121.864629, 37.182046 ], [ -121.864863, 37.182129 ], [ -121.865192, 37.182299 ], [ -121.865701, 37.182672 ], [ -121.865797, 37.182788 ], [ -121.865914, 37.183013 ], [ -121.865989, 37.183095 ], [ -121.866058, 37.183123 ], [ -121.86625, 37.183156 ], [ -121.866463, 37.183238 ], [ -121.867013, 37.183545 ], [ -121.867164, 37.183655 ], [ -121.867329, 37.183798 ], [ -121.867542, 37.183869 ], [ -121.867638, 37.183869 ], [ -121.867926, 37.183908 ], [ -121.868297, 37.184023 ], [ -121.868792, 37.184061 ], [ -121.869108, 37.184143 ], [ -121.869472, 37.184297 ], [ -121.870296, 37.184225 ], [ -121.870509, 37.184192 ], [ -121.870735, 37.184192 ], [ -121.870948, 37.184225 ], [ -121.871086, 37.184296 ], [ -121.871271, 37.184461 ], [ -121.871306, 37.184527 ], [ -121.871269, 37.184608 ], [ -121.87125, 37.184883 ], [ -121.871191, 37.185114 ], [ -121.871096, 37.185329 ], [ -121.870982, 37.185713 ], [ -121.870958, 37.185963 ], [ -121.868583, 37.187891 ], [ -121.866398, 37.189704 ], [ -121.863958, 37.191741 ], [ -121.861806, 37.193485 ], [ -121.86121, 37.193914 ], [ -121.860802, 37.194255 ], [ -121.859978, 37.194942 ], [ -121.859825, 37.195072 ], [ -121.857957, 37.196582 ], [ -121.857822, 37.196582 ], [ -121.857807, 37.196582 ], [ -121.857808, 37.196751 ], [ -121.85784, 37.200367 ], [ -121.858685, 37.200376 ], [ -121.858898, 37.200379 ], [ -121.862546, 37.20041 ], [ -121.862564, 37.200645 ], [ -121.862567, 37.202928 ], [ -121.862569, 37.20375 ], [ -121.862523, 37.203957 ], [ -121.863229, 37.203953 ], [ -121.863732, 37.203903 ], [ -121.863968, 37.203914 ], [ -121.864516, 37.203943 ], [ -121.867614, 37.203936 ], [ -121.872618, 37.203888 ], [ -121.876171, 37.203859 ], [ -121.876239, 37.206707 ], [ -121.876246, 37.20719 ], [ -121.876269, 37.208641 ], [ -121.876277, 37.209125 ], [ -121.876279, 37.209262 ], [ -121.876288, 37.209674 ], [ -121.876291, 37.209812 ], [ -121.87623, 37.210771 ], [ -121.87623, 37.211096 ], [ -121.880794, 37.211002 ], [ -121.880851, 37.213637 ], [ -121.884608, 37.213639 ], [ -121.890369, 37.213649 ], [ -121.892889, 37.213653 ], [ -121.893111, 37.213653 ], [ -121.894715, 37.213668 ], [ -121.894831, 37.215529 ], [ -121.894852, 37.216649 ], [ -121.894839, 37.221674 ], [ -121.894806, 37.221887 ], [ -121.894806, 37.223294 ], [ -121.894778, 37.22527 ], [ -121.894724, 37.226768 ], [ -121.894733, 37.227268 ], [ -121.894742, 37.227793 ], [ -121.894739, 37.229257 ], [ -121.894518, 37.229172 ], [ -121.894306, 37.229092 ], [ -121.894116, 37.229031 ], [ -121.89374, 37.228944 ], [ -121.893476, 37.228884 ], [ -121.893305, 37.228846 ], [ -121.8931, 37.228808 ], [ -121.89292, 37.22879 ], [ -121.892787, 37.228788 ], [ -121.892613, 37.228786 ], [ -121.892373, 37.228785 ], [ -121.891653, 37.228783 ], [ -121.891413, 37.228783 ], [ -121.891176, 37.228781 ], [ -121.890964, 37.228781 ], [ -121.890516, 37.228773 ], [ -121.890466, 37.228769 ], [ -121.89023, 37.228754 ], [ -121.890083, 37.228741 ], [ -121.889647, 37.228684 ], [ -121.889502, 37.228666 ], [ -121.889471, 37.228828 ], [ -121.889456, 37.228913 ], [ -121.889419, 37.229079 ], [ -121.889373, 37.229315 ], [ -121.889343, 37.229478 ], [ -121.889374, 37.229482 ], [ -121.889468, 37.229494 ], [ -121.8895, 37.229499 ], [ -121.889669, 37.229521 ], [ -121.889583, 37.229916 ], [ -121.889643, 37.229924 ], [ -121.8895, 37.23031 ], [ -121.889572, 37.230718 ], [ -121.88952, 37.231113 ], [ -121.889566, 37.231115 ], [ -121.889526, 37.231505 ], [ -121.889556, 37.23151 ], [ -121.889526, 37.231911 ], [ -121.889666, 37.231915 ], [ -121.88966, 37.23293 ], [ -121.889439, 37.232925 ], [ -121.888195, 37.232933 ], [ -121.887711, 37.232922 ], [ -121.88766, 37.233909 ], [ -121.887848, 37.234261 ], [ -121.887916, 37.234238 ], [ -121.888097, 37.234593 ], [ -121.888719, 37.234422 ], [ -121.888823, 37.234404 ], [ -121.888875, 37.234541 ], [ -121.889057, 37.234931 ], [ -121.889182, 37.235131 ], [ -121.889466, 37.23549 ], [ -121.88953, 37.235543 ], [ -121.889741, 37.235759 ], [ -121.889652, 37.235828 ], [ -121.889599, 37.23587 ], [ -121.889545, 37.235918 ], [ -121.889438, 37.236011 ], [ -121.889258, 37.236169 ], [ -121.889127, 37.2363 ], [ -121.889109, 37.23632 ], [ -121.889035, 37.236408 ], [ -121.888978, 37.236476 ], [ -121.888841, 37.236672 ], [ -121.888671, 37.236889 ], [ -121.888611, 37.236949 ], [ -121.888471, 37.237066 ], [ -121.888324, 37.237167 ], [ -121.888174, 37.237252 ], [ -121.887879, 37.237416 ], [ -121.887742, 37.237492 ], [ -121.887645, 37.237542 ], [ -121.887488, 37.237626 ], [ -121.887276, 37.237732 ], [ -121.887136, 37.237782 ], [ -121.886931, 37.237839 ], [ -121.88691, 37.237843 ], [ -121.886791, 37.237868 ], [ -121.886649, 37.237889 ], [ -121.886657, 37.237952 ], [ -121.886663, 37.23798 ], [ -121.886704, 37.238168 ], [ -121.886574, 37.238251 ], [ -121.885409, 37.238826 ], [ -121.885466, 37.238963 ], [ -121.886435, 37.241277 ], [ -121.886757, 37.241987 ], [ -121.887426, 37.243578 ], [ -121.888142, 37.24528 ], [ -121.888191, 37.245243 ], [ -121.888257, 37.245406 ], [ -121.888458, 37.245895 ], [ -121.888526, 37.246059 ], [ -121.8886, 37.246246 ], [ -121.888825, 37.246807 ], [ -121.8889, 37.246994 ], [ -121.88878, 37.247024 ], [ -121.888906, 37.247371 ], [ -121.889047, 37.247337 ], [ -121.88914, 37.247555 ], [ -121.8892, 37.247696 ], [ -121.889258, 37.247835 ], [ -121.889264, 37.247849 ], [ -121.889444, 37.248249 ], [ -121.889507, 37.248388 ], [ -121.889568, 37.248529 ], [ -121.889752, 37.248953 ], [ -121.889814, 37.249095 ], [ -121.889876, 37.249236 ], [ -121.889969, 37.249445 ], [ -121.890067, 37.249815 ], [ -121.890205, 37.250174 ], [ -121.890233, 37.250166 ], [ -121.890371, 37.250519 ], [ -121.890243, 37.250552 ], [ -121.890387, 37.250941 ], [ -121.890481, 37.250913 ], [ -121.890587, 37.251167 ], [ -121.890663, 37.251148 ], [ -121.890721, 37.251309 ], [ -121.890735, 37.25138 ], [ -121.890748, 37.251446 ], [ -121.890785, 37.251632 ], [ -121.890931, 37.252055 ], [ -121.890951, 37.252102 ], [ -121.891122, 37.252501 ], [ -121.891179, 37.252635 ], [ -121.891232, 37.252759 ], [ -121.891392, 37.253134 ], [ -121.891446, 37.253259 ], [ -121.891505, 37.2534 ], [ -121.891684, 37.253823 ], [ -121.891744, 37.253965 ], [ -121.891802, 37.254102 ], [ -121.891976, 37.254515 ], [ -121.892034, 37.254653 ], [ -121.892093, 37.254792 ], [ -121.89227, 37.25521 ], [ -121.892329, 37.25535 ], [ -121.892478, 37.255702 ], [ -121.892925, 37.256759 ], [ -121.893075, 37.257112 ], [ -121.893137, 37.257257 ], [ -121.893323, 37.257695 ], [ -121.893385, 37.257842 ], [ -121.893276, 37.257896 ], [ -121.89295, 37.25806 ], [ -121.892842, 37.258115 ], [ -121.892332, 37.25837 ], [ -121.891375, 37.25885 ], [ -121.890802, 37.259133 ], [ -121.890574, 37.259247 ], [ -121.890285, 37.259372 ], [ -121.890391, 37.259631 ], [ -121.890604, 37.260151 ], [ -121.890664, 37.260305 ], [ -121.890707, 37.260411 ], [ -121.890813, 37.260671 ], [ -121.890867, 37.260792 ], [ -121.890888, 37.260844 ], [ -121.891101, 37.261369 ], [ -121.891173, 37.261545 ], [ -121.8912, 37.261612 ], [ -121.891284, 37.261816 ], [ -121.891312, 37.261884 ], [ -121.891324, 37.261914 ], [ -121.891363, 37.262007 ], [ -121.891376, 37.262038 ], [ -121.891411, 37.262123 ], [ -121.891518, 37.262381 ], [ -121.891554, 37.262468 ], [ -121.891608, 37.262451 ], [ -121.891874, 37.26239 ], [ -121.892065, 37.262358 ], [ -121.892294, 37.262334 ], [ -121.892873, 37.262319 ], [ -121.892938, 37.262335 ], [ -121.892989, 37.262363 ], [ -121.892868, 37.262037 ], [ -121.892854, 37.261983 ], [ -121.892796, 37.261887 ], [ -121.893112, 37.261887 ], [ -121.893211, 37.261877 ], [ -121.893298, 37.26187 ], [ -121.894735, 37.261464 ], [ -121.894934, 37.261426 ], [ -121.895299, 37.261333 ], [ -121.895498, 37.26125 ], [ -121.896584, 37.260954 ], [ -121.89701, 37.260861 ], [ -121.89743, 37.260707 ], [ -121.898502, 37.260411 ], [ -121.898548, 37.260401 ], [ -121.89877, 37.260356 ], [ -121.898956, 37.260295 ], [ -121.899155, 37.260252 ], [ -121.899362, 37.260169 ], [ -121.900325, 37.2599 ], [ -121.900365, 37.259889 ], [ -121.900393, 37.259883 ], [ -121.900592, 37.259845 ], [ -121.900665, 37.259817 ], [ -121.90073, 37.259792 ], [ -121.900778, 37.259774 ], [ -121.900933, 37.259742 ], [ -121.901002, 37.259729 ], [ -121.901164, 37.259742 ], [ -121.901797, 37.259577 ], [ -121.90417, 37.258962 ], [ -121.904961, 37.258757 ], [ -121.90499, 37.25883 ], [ -121.90508, 37.25905 ], [ -121.90511, 37.259124 ], [ -121.90514, 37.259198 ], [ -121.90523, 37.25942 ], [ -121.905261, 37.259494 ], [ -121.905316, 37.259628 ], [ -121.905482, 37.260032 ], [ -121.905538, 37.260167 ], [ -121.905593, 37.260303 ], [ -121.90576, 37.260711 ], [ -121.905816, 37.260848 ], [ -121.90587, 37.260979 ], [ -121.906032, 37.261375 ], [ -121.906087, 37.261507 ], [ -121.906123, 37.261595 ], [ -121.906231, 37.261861 ], [ -121.906268, 37.26195 ], [ -121.906455, 37.262405 ], [ -121.907016, 37.26377 ], [ -121.907204, 37.264226 ], [ -121.907257, 37.264356 ], [ -121.907417, 37.264749 ], [ -121.907471, 37.26488 ], [ -121.90763, 37.265267 ], [ -121.908109, 37.266428 ], [ -121.908127, 37.266471 ], [ -121.908188, 37.266609 ], [ -121.908271, 37.266815 ], [ -121.908399, 37.267129 ], [ -121.908786, 37.268071 ], [ -121.908915, 37.268385 ], [ -121.908969, 37.268518 ], [ -121.909132, 37.268916 ], [ -121.909187, 37.26905 ], [ -121.909243, 37.269186 ], [ -121.909413, 37.269601 ], [ -121.909471, 37.269732 ], [ -121.909651, 37.269685 ], [ -121.910192, 37.269544 ], [ -121.910373, 37.269498 ], [ -121.910521, 37.269854 ], [ -121.910621, 37.269804 ], [ -121.910746, 37.270174 ], [ -121.91081, 37.270155 ], [ -121.910982, 37.27051 ], [ -121.911044, 37.270488 ], [ -121.911222, 37.270854 ], [ -121.911821, 37.27168 ], [ -121.911856, 37.271744 ], [ -121.911982, 37.271978 ], [ -121.912081, 37.272122 ], [ -121.912379, 37.272556 ], [ -121.912479, 37.272701 ], [ -121.912582, 37.272852 ], [ -121.912894, 37.273305 ], [ -121.912998, 37.273457 ], [ -121.913089, 37.273589 ], [ -121.913362, 37.273987 ], [ -121.913454, 37.27412 ], [ -121.913543, 37.274252 ], [ -121.913688, 37.274467 ], [ -121.913813, 37.274647 ], [ -121.913905, 37.274778 ], [ -121.913987, 37.274899 ], [ -121.914236, 37.275262 ], [ -121.91432, 37.275383 ], [ -121.914425, 37.275536 ], [ -121.91474, 37.275996 ], [ -121.914845, 37.27615 ], [ -121.91495, 37.276304 ], [ -121.915266, 37.276766 ], [ -121.915372, 37.27692 ], [ -121.915458, 37.277046 ], [ -121.915718, 37.277427 ], [ -121.915805, 37.277554 ], [ -121.915895, 37.277686 ], [ -121.916046, 37.277906 ], [ -121.916171, 37.278082 ], [ -121.916265, 37.278214 ], [ -121.916662, 37.278754 ], [ -121.917229, 37.279525 ], [ -121.918178, 37.280954 ], [ -121.918533, 37.281458 ], [ -121.919951, 37.283556 ], [ -121.920488, 37.284349 ], [ -121.920441, 37.284553 ], [ -121.920351, 37.284609 ], [ -121.920278, 37.28464 ], [ -121.920248, 37.284653 ], [ -121.920145, 37.284683 ], [ -121.920042, 37.284696 ], [ -121.920024, 37.284696 ], [ -121.9199, 37.284698 ], [ -121.919753, 37.284685 ], [ -121.919616, 37.284657 ], [ -121.919445, 37.284597 ], [ -121.919263, 37.284541 ], [ -121.919233, 37.284532 ], [ -121.91901, 37.284479 ], [ -121.918883, 37.284463 ], [ -121.918852, 37.284462 ], [ -121.918733, 37.284459 ], [ -121.918627, 37.284463 ], [ -121.918481, 37.284481 ], [ -121.918397, 37.2845 ], [ -121.918381, 37.284505 ], [ -121.918277, 37.28454 ], [ -121.918233, 37.284559 ], [ -121.918163, 37.28459 ], [ -121.918051, 37.284656 ], [ -121.918014, 37.284684 ], [ -121.917484, 37.28509 ], [ -121.917409, 37.285142 ], [ -121.917246, 37.285259 ], [ -121.917205, 37.285292 ], [ -121.917059, 37.285413 ], [ -121.916834, 37.285533 ], [ -121.916808, 37.285548 ], [ -121.916683, 37.285611 ], [ -121.916368, 37.285757 ], [ -121.916176, 37.285832 ], [ -121.916, 37.28588 ], [ -121.91587, 37.285898 ], [ -121.915747, 37.2859 ], [ -121.91563, 37.28589 ], [ -121.915574, 37.285878 ], [ -121.915138, 37.285792 ], [ -121.915068, 37.2858 ], [ -121.914999, 37.285815 ], [ -121.914968, 37.285823 ], [ -121.914865, 37.285866 ], [ -121.914761, 37.285923 ], [ -121.914668, 37.285991 ], [ -121.914635, 37.286021 ], [ -121.914533, 37.286117 ], [ -121.914428, 37.286216 ], [ -121.91435, 37.286282 ], [ -121.914319, 37.28631 ], [ -121.914228, 37.286382 ], [ -121.91408, 37.286477 ], [ -121.913941, 37.28655 ], [ -121.913773, 37.28662 ], [ -121.913707, 37.28664 ], [ -121.913618, 37.286668 ], [ -121.913469, 37.286703 ], [ -121.913387, 37.286718 ], [ -121.913144, 37.286765 ], [ -121.913076, 37.286779 ], [ -121.913064, 37.286782 ], [ -121.912864, 37.286838 ], [ -121.912294, 37.286974 ], [ -121.912199, 37.286997 ], [ -121.912104, 37.287029 ], [ -121.911963, 37.287084 ], [ -121.91194, 37.287094 ], [ -121.911805, 37.287157 ], [ -121.911663, 37.287239 ], [ -121.911494, 37.287376 ], [ -121.911465, 37.287401 ], [ -121.911363, 37.287494 ], [ -121.911319, 37.287534 ], [ -121.91125, 37.287838 ], [ -121.911437, 37.28813 ], [ -121.912462, 37.288186 ], [ -121.912624, 37.288366 ], [ -121.912613, 37.288437 ], [ -121.911995, 37.288971 ], [ -121.911869, 37.289001 ], [ -121.911181, 37.289118 ], [ -121.911058, 37.289139 ], [ -121.910893, 37.28915 ], [ -121.910625, 37.289194 ], [ -121.910461, 37.289289 ], [ -121.910385, 37.28934 ], [ -121.910177, 37.289482 ], [ -121.910033, 37.289556 ], [ -121.909847, 37.289715 ], [ -121.909758, 37.289814 ], [ -121.9096, 37.289924 ], [ -121.909352, 37.290211 ], [ -121.909226, 37.290353 ], [ -121.909128, 37.290511 ], [ -121.90902, 37.290657 ], [ -121.908767, 37.290924 ], [ -121.908678, 37.29105 ], [ -121.908554, 37.291154 ], [ -121.908489, 37.291183 ], [ -121.907754, 37.291571 ], [ -121.907624, 37.291411 ], [ -121.907467, 37.291217 ], [ -121.907368, 37.291262 ], [ -121.906981, 37.291435 ], [ -121.906882, 37.291498 ], [ -121.907205, 37.29186 ], [ -121.907341, 37.292087 ], [ -121.907391, 37.292138 ], [ -121.907439, 37.292244 ], [ -121.90757, 37.292385 ], [ -121.907603, 37.292409 ], [ -121.907797, 37.29255 ], [ -121.907962, 37.292643 ], [ -121.908023, 37.292659 ], [ -121.908186, 37.292654 ], [ -121.908655, 37.29281 ], [ -121.908772, 37.292841 ], [ -121.909668, 37.293521 ], [ -121.909715, 37.293744 ], [ -121.909732, 37.293908 ], [ -121.909356, 37.294232 ], [ -121.909251, 37.294327 ], [ -121.909126, 37.294459 ], [ -121.909221, 37.294469 ], [ -121.90877, 37.294803 ], [ -121.908594, 37.294934 ], [ -121.908672, 37.294926 ], [ -121.908427, 37.295505 ], [ -121.908435, 37.295665 ], [ -121.908593, 37.296011 ], [ -121.908684, 37.296256 ], [ -121.909424, 37.297282 ], [ -121.909638, 37.297861 ], [ -121.909702, 37.298039 ], [ -121.909556, 37.2987 ], [ -121.909493, 37.298907 ], [ -121.909459, 37.299066 ], [ -121.909297, 37.299369 ], [ -121.909203, 37.299453 ], [ -121.909114, 37.299553 ], [ -121.909026, 37.299627 ], [ -121.908813, 37.2998 ], [ -121.908763, 37.299949 ], [ -121.908826, 37.300138 ], [ -121.908826, 37.300165 ], [ -121.90886, 37.300319 ], [ -121.908892, 37.300404 ], [ -121.908908, 37.300445 ], [ -121.908997, 37.300572 ], [ -121.909039, 37.30061 ], [ -121.909279, 37.300715 ], [ -121.909297, 37.300957 ], [ -121.909392, 37.300968 ], [ -121.909508, 37.300982 ], [ -121.909679, 37.301007 ], [ -121.909775, 37.301022 ], [ -121.910277, 37.301426 ], [ -121.910338, 37.301539 ], [ -121.91052, 37.301959 ], [ -121.910551, 37.302028 ], [ -121.910561, 37.302046 ], [ -121.910675, 37.302248 ], [ -121.91075, 37.302314 ], [ -121.91132, 37.302299 ], [ -121.913032, 37.302256 ], [ -121.913603, 37.302242 ], [ -121.913603, 37.302333 ], [ -121.913603, 37.302608 ], [ -121.913604, 37.3027 ], [ -121.913609, 37.302888 ], [ -121.913607, 37.302936 ], [ -121.9136, 37.303285 ], [ -121.913601, 37.303646 ], [ -121.913602, 37.303883 ], [ -121.913469, 37.303883 ], [ -121.913169, 37.303883 ], [ -121.913175, 37.304371 ], [ -121.913163, 37.304439 ], [ -121.913164, 37.304504 ], [ -121.913606, 37.304509 ], [ -121.913609, 37.304849 ], [ -121.913618, 37.306145 ], [ -121.913621, 37.306578 ], [ -121.913622, 37.306675 ], [ -121.913626, 37.306969 ], [ -121.913628, 37.307067 ], [ -121.913628, 37.307113 ], [ -121.913629, 37.307159 ], [ -121.913043, 37.307154 ], [ -121.912623, 37.307021 ], [ -121.912143, 37.306875 ], [ -121.91215, 37.306828 ], [ -121.912069, 37.306792 ], [ -121.912028, 37.306781 ], [ -121.911993, 37.306772 ], [ -121.911993, 37.308081 ], [ -121.911997, 37.308963 ], [ -121.912014, 37.310999 ], [ -121.912938, 37.310999 ], [ -121.913687, 37.310999 ], [ -121.913693, 37.311476 ], [ -121.913719, 37.313593 ], [ -121.913735, 37.313945 ], [ -121.91373, 37.314161 ], [ -121.913724, 37.314411 ], [ -121.91375, 37.314692 ], [ -121.913735, 37.314815 ], [ -121.91376, 37.315032 ], [ -121.913733, 37.315165 ], [ -121.913771, 37.315379 ], [ -121.913752, 37.31617 ], [ -121.913803, 37.316488 ], [ -121.914425, 37.316492 ], [ -121.914676, 37.316468 ], [ -121.916318, 37.316488 ], [ -121.916937, 37.316453 ], [ -121.917206, 37.316438 ], [ -121.917339, 37.31648 ], [ -121.917478, 37.316524 ], [ -121.917723, 37.31652 ], [ -121.91845, 37.316501 ], [ -121.918546, 37.31652 ], [ -121.918791, 37.31657 ], [ -121.919115, 37.31662 ], [ -121.919142, 37.316624 ], [ -121.919139, 37.316679 ], [ -121.919134, 37.316859 ], [ -121.919132, 37.317163 ], [ -121.919137, 37.317248 ], [ -121.91914, 37.317951 ], [ -121.919108, 37.318412 ], [ -121.919099, 37.318549 ], [ -121.91915, 37.318548 ], [ -121.919146, 37.318893 ], [ -121.919147, 37.319315 ], [ -121.919153, 37.319656 ], [ -121.919011, 37.319658 ], [ -121.919013, 37.319738 ], [ -121.91902, 37.319921 ], [ -121.91902, 37.319981 ], [ -121.919021, 37.320063 ], [ -121.919022, 37.320203 ], [ -121.919022, 37.320223 ], [ -121.919025, 37.320496 ], [ -121.919026, 37.320607 ], [ -121.919026, 37.320657 ], [ -121.919027, 37.320776 ], [ -121.919027, 37.32081 ], [ -121.919027, 37.320861 ], [ -121.919027, 37.321 ], [ -121.919028, 37.321221 ], [ -121.919029, 37.32142 ], [ -121.91903, 37.321458 ], [ -121.919029, 37.321526 ], [ -121.919029, 37.32156 ], [ -121.919029, 37.321605 ], [ -121.919029, 37.321743 ], [ -121.91903, 37.321789 ], [ -121.91903, 37.321801 ], [ -121.91903, 37.321838 ], [ -121.91903, 37.321851 ], [ -121.91903, 37.321903 ], [ -121.919032, 37.32206 ], [ -121.919033, 37.322113 ], [ -121.919034, 37.322259 ], [ -121.91904, 37.322697 ], [ -121.919041, 37.322733 ], [ -121.919043, 37.322843 ], [ -121.919045, 37.322968 ], [ -121.91905, 37.323178 ], [ -121.919039, 37.323315 ], [ -121.91903, 37.323341 ], [ -121.919014, 37.323391 ], [ -121.918976, 37.323453 ], [ -121.919176, 37.323452 ], [ -121.919776, 37.323449 ], [ -121.919865, 37.323449 ], [ -121.919933, 37.323449 ], [ -121.919927, 37.323214 ], [ -121.919925, 37.322963 ], [ -121.919925, 37.322841 ], [ -121.919923, 37.322304 ], [ -121.919918, 37.32212 ], [ -121.919915, 37.321847 ], [ -121.919912, 37.321799 ], [ -121.919904, 37.321398 ], [ -121.919897, 37.321018 ], [ -121.919898, 37.320861 ], [ -121.919865, 37.320546 ], [ -121.919901, 37.319736 ], [ -121.919975, 37.319735 ], [ -121.919968, 37.319672 ], [ -121.919972, 37.319605 ], [ -121.919979, 37.319514 ], [ -121.920003, 37.319408 ], [ -121.920019, 37.319343 ], [ -121.920017, 37.318919 ], [ -121.920013, 37.318003 ], [ -121.920012, 37.317648 ], [ -121.920011, 37.317225 ], [ -121.920012, 37.317139 ], [ -121.920013, 37.316959 ], [ -121.920012, 37.316844 ], [ -121.920013, 37.316716 ], [ -121.920011, 37.316582 ], [ -121.920015, 37.316487 ], [ -121.92063, 37.31647 ], [ -121.921316, 37.316471 ], [ -121.921667, 37.316453 ], [ -121.92216, 37.31646 ], [ -121.922792, 37.316451 ], [ -121.922799, 37.316379 ], [ -121.92281, 37.31619 ], [ -121.922809, 37.315995 ], [ -121.922809, 37.31572 ], [ -121.922803, 37.314842 ], [ -121.92349, 37.314844 ], [ -121.923798, 37.314848 ], [ -121.923783, 37.314012 ], [ -121.923417, 37.314007 ], [ -121.923267, 37.314006 ], [ -121.923313, 37.31421 ], [ -121.922924, 37.31421 ], [ -121.922927, 37.314046 ], [ -121.922797, 37.314039 ], [ -121.922797, 37.313925 ], [ -121.922797, 37.313792 ], [ -121.922796, 37.313703 ], [ -121.922795, 37.31354 ], [ -121.922801, 37.313439 ], [ -121.922807, 37.313352 ], [ -121.922905, 37.313351 ], [ -121.923199, 37.313351 ], [ -121.923298, 37.313351 ], [ -121.92416, 37.313352 ], [ -121.926703, 37.313346 ], [ -121.926792, 37.313345 ], [ -121.926893, 37.313345 ], [ -121.927059, 37.313346 ], [ -121.927149, 37.313348 ], [ -121.927327, 37.313347 ], [ -121.927864, 37.313343 ], [ -121.928043, 37.313343 ], [ -121.928071, 37.313343 ], [ -121.928155, 37.313343 ], [ -121.928183, 37.313343 ], [ -121.928314, 37.313347 ], [ -121.928312, 37.312829 ], [ -121.928311, 37.312593 ], [ -121.928371, 37.312594 ], [ -121.928467, 37.312584 ], [ -121.928474, 37.31256 ], [ -121.929057, 37.312573 ], [ -121.930667, 37.312553 ], [ -121.9307, 37.314969 ], [ -121.930684, 37.315426 ], [ -121.930681, 37.315596 ], [ -121.930685, 37.316104 ], [ -121.930685, 37.316163 ], [ -121.925394, 37.316244 ], [ -121.925425, 37.316369 ], [ -121.925425, 37.316718 ], [ -121.925425, 37.316902 ], [ -121.925425, 37.317048 ], [ -121.925426, 37.317268 ], [ -121.925426, 37.318139 ], [ -121.925426, 37.31936 ], [ -121.925425, 37.319646 ], [ -121.925332, 37.319609 ], [ -121.925246, 37.319594 ], [ -121.925052, 37.319593 ], [ -121.924896, 37.319581 ], [ -121.924715, 37.319586 ], [ -121.924293, 37.3196 ], [ -121.924173, 37.319601 ], [ -121.923993, 37.319605 ], [ -121.923956, 37.319605 ], [ -121.923904, 37.319606 ], [ -121.923848, 37.319607 ], [ -121.923812, 37.319608 ], [ -121.923788, 37.319624 ], [ -121.923773, 37.319636 ], [ -121.923743, 37.319646 ], [ -121.923723, 37.319653 ], [ -121.923709, 37.319653 ], [ -121.923681, 37.319655 ], [ -121.92349, 37.319655 ], [ -121.923006, 37.319658 ], [ -121.922917, 37.319658 ], [ -121.922727, 37.319661 ], [ -121.922634, 37.319661 ], [ -121.922359, 37.319664 ], [ -121.922267, 37.319666 ], [ -121.922181, 37.319667 ], [ -121.922208, 37.322918 ], [ -121.922226, 37.323438 ], [ -121.922285, 37.323438 ], [ -121.92238, 37.323437 ], [ -121.922666, 37.323435 ], [ -121.922762, 37.323435 ], [ -121.92297, 37.323434 ], [ -121.923596, 37.323433 ], [ -121.923661, 37.323433 ], [ -121.923805, 37.323428 ], [ -121.92403, 37.323427 ], [ -121.924498, 37.323425 ], [ -121.924708, 37.323425 ], [ -121.924935, 37.323425 ], [ -121.924936, 37.323481 ], [ -121.924932, 37.323531 ], [ -121.924929, 37.323594 ], [ -121.924931, 37.323849 ], [ -121.924932, 37.32394 ], [ -121.924932, 37.323956 ], [ -121.924929, 37.324104 ], [ -121.925029, 37.32411 ], [ -121.925866, 37.324103 ], [ -121.925876, 37.325096 ], [ -121.925673, 37.325262 ], [ -121.92559, 37.325331 ], [ -121.92564, 37.32533 ], [ -121.92569, 37.325329 ], [ -121.925963, 37.325329 ], [ -121.926128, 37.325328 ], [ -121.926625, 37.325325 ], [ -121.926791, 37.325325 ], [ -121.926791, 37.325368 ], [ -121.926793, 37.325426 ], [ -121.926794, 37.3255 ], [ -121.926795, 37.325517 ], [ -121.926795, 37.325544 ], [ -121.926795, 37.325577 ], [ -121.926796, 37.32564 ], [ -121.926796, 37.325659 ], [ -121.926796, 37.325676 ], [ -121.926797, 37.32571 ], [ -121.926797, 37.325793 ], [ -121.9268, 37.326044 ], [ -121.926802, 37.326128 ], [ -121.926802, 37.326169 ], [ -121.926803, 37.326223 ], [ -121.926803, 37.326252 ], [ -121.926803, 37.326293 ], [ -121.926805, 37.326335 ], [ -121.926806, 37.32638 ], [ -121.926807, 37.326426 ], [ -121.926807, 37.326449 ], [ -121.926807, 37.326794 ], [ -121.926808, 37.326831 ], [ -121.926809, 37.326876 ], [ -121.926823, 37.326906 ], [ -121.926851, 37.326931 ], [ -121.926868, 37.326937 ], [ -121.926893, 37.326946 ], [ -121.926941, 37.326946 ], [ -121.927037, 37.326944 ], [ -121.927094, 37.326943 ], [ -121.927243, 37.326942 ], [ -121.92769, 37.32694 ], [ -121.927791, 37.32694 ], [ -121.92784, 37.326937 ], [ -121.927979, 37.326936 ], [ -121.928397, 37.326933 ], [ -121.928537, 37.326933 ], [ -121.928869, 37.32693 ], [ -121.929075, 37.326929 ], [ -121.929199, 37.326928 ], [ -121.929364, 37.326928 ], [ -121.929693, 37.326925 ], [ -121.929849, 37.326924 ], [ -121.929899, 37.326928 ], [ -121.92997, 37.326927 ], [ -121.930184, 37.326926 ], [ -121.930256, 37.326926 ], [ -121.930351, 37.326926 ], [ -121.930391, 37.326925 ], [ -121.930426, 37.326925 ], [ -121.930796, 37.326921 ], [ -121.930841, 37.326921 ], [ -121.930932, 37.326917 ], [ -121.931055, 37.326919 ], [ -121.931116, 37.326921 ], [ -121.931393, 37.326918 ], [ -121.931425, 37.326917 ], [ -121.93145, 37.326917 ], [ -121.931549, 37.326917 ], [ -121.931636, 37.326916 ], [ -121.931899, 37.326913 ], [ -121.931987, 37.326913 ], [ -121.931993, 37.327053 ], [ -121.932033, 37.327806 ], [ -121.932179, 37.328073 ], [ -121.932207, 37.328124 ], [ -121.932254, 37.3282 ], [ -121.932352, 37.328359 ], [ -121.932488, 37.328578 ], [ -121.932505, 37.328605 ], [ -121.932562, 37.328707 ], [ -121.933004, 37.328548 ], [ -121.933225, 37.328473 ], [ -121.933269, 37.328459 ], [ -121.93338, 37.32844 ], [ -121.933434, 37.328435 ], [ -121.935333, 37.32843 ], [ -121.935924, 37.328429 ], [ -121.935983, 37.32851 ], [ -121.936074, 37.328446 ], [ -121.936107, 37.328416 ], [ -121.936117, 37.328394 ], [ -121.936544, 37.328639 ], [ -121.936553, 37.328786 ], [ -121.936892, 37.328785 ], [ -121.936915, 37.328979 ], [ -121.937003, 37.328979 ], [ -121.937011, 37.32921 ], [ -121.937063, 37.32922 ], [ -121.937388, 37.329186 ], [ -121.939526, 37.329192 ], [ -121.940204, 37.329184 ], [ -121.940277, 37.329139 ], [ -121.94074, 37.329164 ], [ -121.940753, 37.328841 ], [ -121.940775, 37.328353 ], [ -121.940769, 37.328006 ], [ -121.940753, 37.327592 ], [ -121.940749, 37.32751 ], [ -121.940752, 37.327177 ], [ -121.940791, 37.327178 ], [ -121.940915, 37.32718 ], [ -121.941077, 37.327183 ], [ -121.941077, 37.327074 ], [ -121.942756, 37.327054 ], [ -121.94333, 37.327056 ], [ -121.943516, 37.32702 ], [ -121.943675, 37.32699 ], [ -121.943852, 37.326971 ], [ -121.943945, 37.326966 ], [ -121.944083, 37.326965 ], [ -121.944274, 37.326965 ], [ -121.944453, 37.326965 ], [ -121.94499, 37.326965 ], [ -121.945169, 37.326966 ], [ -121.945372, 37.326966 ], [ -121.94563, 37.326966 ], [ -121.945636, 37.327451 ], [ -121.946098, 37.327457 ], [ -121.946193, 37.32745 ], [ -121.946187, 37.327139 ], [ -121.946184, 37.326968 ], [ -121.946324, 37.326968 ], [ -121.946681, 37.326968 ], [ -121.946664, 37.325757 ], [ -121.946664, 37.325539 ], [ -121.946968, 37.325541 ], [ -121.948758, 37.325541 ], [ -121.94958, 37.325541 ], [ -121.949587, 37.325783 ], [ -121.949756, 37.325785 ], [ -121.950002, 37.325787 ], [ -121.950091, 37.325775 ], [ -121.950098, 37.326131 ], [ -121.95006, 37.32613 ], [ -121.949502, 37.326135 ], [ -121.949501, 37.326394 ], [ -121.950104, 37.326403 ], [ -121.950116, 37.326969 ], [ -121.950043, 37.326969 ], [ -121.950048, 37.328631 ], [ -121.950167, 37.328631 ], [ -121.95025, 37.32863 ], [ -121.95025, 37.3299 ], [ -121.95025, 37.32998 ], [ -121.950254, 37.330145 ], [ -121.95026, 37.33036 ], [ -121.95026, 37.330657 ] ] ], [ [ [ -121.956444, 37.329689 ], [ -121.956446, 37.329841 ], [ -121.95641, 37.3299 ], [ -121.95549, 37.3299 ], [ -121.95528, 37.32991 ], [ -121.95453, 37.32991 ], [ -121.95441, 37.32991 ], [ -121.954232, 37.32991 ], [ -121.953847, 37.32991 ], [ -121.953701, 37.329922 ], [ -121.953525, 37.329937 ], [ -121.953471, 37.329931 ], [ -121.953309, 37.329915 ], [ -121.953256, 37.32991 ], [ -121.953193, 37.329909 ], [ -121.953029, 37.329906 ], [ -121.953029, 37.329854 ], [ -121.953024, 37.328541 ], [ -121.953023, 37.328456 ], [ -121.953023, 37.328436 ], [ -121.952553, 37.328442 ], [ -121.95251, 37.328443 ], [ -121.952284, 37.328446 ], [ -121.951099, 37.328462 ], [ -121.950323, 37.32847 ], [ -121.950346, 37.328084 ], [ -121.95034, 37.327361 ], [ -121.950347, 37.327039 ], [ -121.950305, 37.32697 ], [ -121.954471, 37.327002 ], [ -121.954733, 37.327004 ], [ -121.954785, 37.327004 ], [ -121.955252, 37.326994 ], [ -121.95543, 37.326995 ], [ -121.956335, 37.326995 ], [ -121.956371, 37.327055 ], [ -121.956416, 37.327224 ], [ -121.956436, 37.32739 ], [ -121.956438, 37.327733 ], [ -121.956447, 37.329453 ], [ -121.956444, 37.329689 ] ] ] ] } },
{ "type": "Feature", "properties": { "STATEFP": "06", "UNSDLEA": "14400", "GEOID": "0614400", "GEOIDFQ": "9700000US0614400", "NAME": "Fremont Unified School District", "LSAD": "00", "LOGRADE": "KG", "HIGRADE": "12", "MTFCC": "G5420", "SDTYP": null, "FUNCSTAT": "E", "ALAND": 202049736, "AWATER": 26229671, "INTPTLAT": "+37.4944602", "INTPTLON": "-121.9411495" }, "geometry": { "type": "Polygon", "coordinates": [ [ [ -122.149175, 37.545835 ], [ -122.135769, 37.558852 ], [ -122.131725, 37.562887 ], [ -122.131844, 37.562848 ], [ -122.128803, 37.566851 ], [ -122.128652, 37.566774 ], [ -122.128501, 37.56695 ], [ -122.128135, 37.56732 ], [ -122.127791, 37.567645 ], [ -122.127219, 37.568072 ], [ -122.126515, 37.568462 ], [ -122.126458, 37.568529 ], [ -122.124308, 37.569175 ], [ -122.122092, 37.569258 ], [ -122.120875, 37.569042 ], [ -122.119026, 37.568425 ], [ -122.11616, 37.567392 ], [ -122.115227, 37.567126 ], [ -122.112145, 37.566109 ], [ -122.110133, 37.565549 ], [ -122.1101, 37.565016 ], [ -122.110691, 37.562892 ], [ -122.111083, 37.561384 ], [ -122.111016, 37.561201 ], [ -122.1103, 37.560518 ], [ -122.110017, 37.560468 ], [ -122.109633, 37.560443 ], [ -122.107894, 37.561166 ], [ -122.107304, 37.56137 ], [ -122.105425, 37.56292 ], [ -122.105261, 37.563358 ], [ -122.104941, 37.563759 ], [ -122.104359, 37.563919 ], [ -122.103622, 37.563691 ], [ -122.103052, 37.563356 ], [ -122.102877, 37.563223 ], [ -122.102723, 37.562944 ], [ -122.102607, 37.562561 ], [ -122.102304, 37.562194 ], [ -122.102044, 37.56219 ], [ -122.101686, 37.562294 ], [ -122.101428, 37.562427 ], [ -122.10122, 37.562636 ], [ -122.101178, 37.562799 ], [ -122.101122, 37.562986 ], [ -122.100594, 37.564673 ], [ -122.100234, 37.564821 ], [ -122.099615, 37.564897 ], [ -122.098977, 37.564781 ], [ -122.097838, 37.564575 ], [ -122.097071, 37.564271 ], [ -122.096177, 37.563072 ], [ -122.094929, 37.562002 ], [ -122.094501, 37.561933 ], [ -122.09386, 37.562244 ], [ -122.093854, 37.562231 ], [ -122.093606, 37.562367 ], [ -122.093036, 37.562637 ], [ -122.092136, 37.56234 ], [ -122.091727, 37.562247 ], [ -122.090599, 37.562092 ], [ -122.089709, 37.562018 ], [ -122.087996, 37.561897 ], [ -122.08622, 37.561721 ], [ -122.084825, 37.561649 ], [ -122.083929, 37.561591 ], [ -122.080994, 37.561402 ], [ -122.080752, 37.561398 ], [ -122.080263, 37.561391 ], [ -122.079407, 37.561485 ], [ -122.07804, 37.561776 ], [ -122.077716, 37.561859 ], [ -122.076842, 37.561975 ], [ -122.076765, 37.561986 ], [ -122.071742, 37.56295 ], [ -122.071493, 37.562998 ], [ -122.071368, 37.563022 ], [ -122.070869, 37.563167 ], [ -122.07064, 37.56325 ], [ -122.070083, 37.563452 ], [ -122.06973, 37.563639 ], [ -122.068847, 37.564299 ], [ -122.068455, 37.564734 ], [ -122.067859, 37.565399 ], [ -122.067796, 37.565469 ], [ -122.067722, 37.565551 ], [ -122.067591, 37.565722 ], [ -122.067395, 37.565901 ], [ -122.067149, 37.566128 ], [ -122.066916, 37.56632 ], [ -122.066752, 37.566456 ], [ -122.066652, 37.56654 ], [ -122.065859, 37.567568 ], [ -122.064913, 37.568732 ], [ -122.064835, 37.568821 ], [ -122.063808, 37.570007 ], [ -122.062817, 37.571168 ], [ -122.062663, 37.571348 ], [ -122.062287, 37.571723 ], [ -122.061517, 37.572496 ], [ -122.060715, 37.573406 ], [ -122.060502, 37.57365 ], [ -122.060222, 37.573995 ], [ -122.060247, 37.574108 ], [ -122.060263, 37.574174 ], [ -122.060386, 37.574713 ], [ -122.060428, 37.574893 ], [ -122.060439, 37.574969 ], [ -122.060621, 37.575816 ], [ -122.060647, 37.57594 ], [ -122.060812, 37.576702 ], [ -122.06116, 37.578313 ], [ -122.061293, 37.578963 ], [ -122.061318, 37.579082 ], [ -122.06152, 37.580043 ], [ -122.061537, 37.580131 ], [ -122.061564, 37.580262 ], [ -122.061646, 37.580655 ], [ -122.061674, 37.580787 ], [ -122.061702, 37.580929 ], [ -122.061788, 37.581355 ], [ -122.061817, 37.581497 ], [ -122.061844, 37.581631 ], [ -122.061927, 37.582033 ], [ -122.061955, 37.582168 ], [ -122.062032, 37.58254 ], [ -122.062107, 37.582901 ], [ -122.062182, 37.583205 ], [ -122.062257, 37.583434 ], [ -122.062315, 37.583644 ], [ -122.062342, 37.583738 ], [ -122.062446, 37.584001 ], [ -122.062531, 37.584183 ], [ -122.062633, 37.584401 ], [ -122.062797, 37.584723 ], [ -122.062805, 37.584739 ], [ -122.062818, 37.584763 ], [ -122.062749, 37.584841 ], [ -122.062548, 37.58508 ], [ -122.06222, 37.58547 ], [ -122.062176, 37.585524 ], [ -122.062103, 37.585611 ], [ -122.062644, 37.585915 ], [ -122.06336, 37.586302 ], [ -122.063758, 37.586526 ], [ -122.064284, 37.586786 ], [ -122.063364, 37.58791 ], [ -122.06311, 37.588251 ], [ -122.061677, 37.590176 ], [ -122.061148, 37.590875 ], [ -122.060555, 37.591661 ], [ -122.060459, 37.591797 ], [ -122.058108, 37.592318 ], [ -122.0575, 37.592456 ], [ -122.056731, 37.59263 ], [ -122.056609, 37.592457 ], [ -122.056335, 37.592071 ], [ -122.056103, 37.591744 ], [ -122.055512, 37.590914 ], [ -122.055238, 37.590529 ], [ -122.05521, 37.59049 ], [ -122.055126, 37.590373 ], [ -122.055099, 37.590335 ], [ -122.054415, 37.589375 ], [ -122.052625, 37.586863 ], [ -122.052493, 37.586684 ], [ -122.052362, 37.5865 ], [ -122.051801, 37.585711 ], [ -122.051677, 37.585542 ], [ -122.051419, 37.58519 ], [ -122.051389, 37.585146 ], [ -122.050896, 37.584413 ], [ -122.050673, 37.584062 ], [ -122.050589, 37.583915 ], [ -122.050346, 37.583491 ], [ -122.050191, 37.583674 ], [ -122.049807, 37.584126 ], [ -122.049629, 37.584352 ], [ -122.048985, 37.585175 ], [ -122.048578, 37.585604 ], [ -122.048253, 37.585818 ], [ -122.048103, 37.585899 ], [ -122.04755, 37.586285 ], [ -122.047161, 37.58651 ], [ -122.046859, 37.586655 ], [ -122.046534, 37.586785 ], [ -122.04609, 37.586977 ], [ -122.045051, 37.587265 ], [ -122.044992, 37.587247 ], [ -122.044721, 37.587318 ], [ -122.044247, 37.587411 ], [ -122.044245, 37.587449 ], [ -122.042454, 37.587815 ], [ -122.04156, 37.587988 ], [ -122.041127, 37.588036 ], [ -122.040734, 37.588071 ], [ -122.040414, 37.588037 ], [ -122.040251, 37.58802 ], [ -122.040116, 37.587984 ], [ -122.039712, 37.587877 ], [ -122.038918, 37.587827 ], [ -122.038704, 37.587789 ], [ -122.038641, 37.587777 ], [ -122.038452, 37.587743 ], [ -122.038389, 37.587732 ], [ -122.037973, 37.587657 ], [ -122.0374, 37.58753 ], [ -122.036592, 37.587294 ], [ -122.036371, 37.587206 ], [ -122.035729, 37.586986 ], [ -122.035565, 37.58693 ], [ -122.035553, 37.586925 ], [ -122.034764, 37.586656 ], [ -122.034507, 37.586568 ], [ -122.033951, 37.586311 ], [ -122.033799, 37.586241 ], [ -122.03352, 37.586112 ], [ -122.033249, 37.585935 ], [ -122.033134, 37.585859 ], [ -122.032657, 37.585529 ], [ -122.032633, 37.585509 ], [ -122.032418, 37.585339 ], [ -122.032255, 37.58521 ], [ -122.032043, 37.58504 ], [ -122.031884, 37.584886 ], [ -122.031678, 37.584693 ], [ -122.031603, 37.584622 ], [ -122.031491, 37.584518 ], [ -122.030447, 37.583496 ], [ -122.029717, 37.582781 ], [ -122.028873, 37.581965 ], [ -122.029377, 37.581653 ], [ -122.02881, 37.581082 ], [ -122.028295, 37.581386 ], [ -122.027592, 37.580665 ], [ -122.026553, 37.579599 ], [ -122.026419, 37.579462 ], [ -122.026366, 37.579415 ], [ -122.026318, 37.579373 ], [ -122.026062, 37.579146 ], [ -122.025885, 37.578988 ], [ -122.025619, 37.578753 ], [ -122.025589, 37.578723 ], [ -122.025482, 37.578615 ], [ -122.02536, 37.578493 ], [ -122.025321, 37.578454 ], [ -122.025295, 37.578427 ], [ -122.02522, 37.578507 ], [ -122.024884, 37.578871 ], [ -122.024845, 37.578866 ], [ -122.02488, 37.578708 ], [ -122.024723, 37.578555 ], [ -122.024189, 37.578014 ], [ -122.023956, 37.577793 ], [ -122.023978, 37.577774 ], [ -122.023793, 37.577622 ], [ -122.023436, 37.577363 ], [ -122.022875, 37.577057 ], [ -122.019665, 37.575693 ], [ -122.019397, 37.575578 ], [ -122.019327, 37.575666 ], [ -122.019185, 37.575603 ], [ -122.019237, 37.575512 ], [ -122.017906, 37.574916 ], [ -122.017577, 37.574772 ], [ -122.017445, 37.574944 ], [ -122.017021, 37.574703 ], [ -122.016852, 37.574731 ], [ -122.015996, 37.575675 ], [ -122.015761, 37.576289 ], [ -122.016041, 37.57645 ], [ -122.015594, 37.577071 ], [ -122.015141, 37.577794 ], [ -122.014467, 37.578832 ], [ -122.014274, 37.579123 ], [ -122.013952, 37.579941 ], [ -122.013895, 37.580087 ], [ -122.013844, 37.580241 ], [ -122.01377, 37.58029 ], [ -122.013292, 37.580602 ], [ -122.013152, 37.58062 ], [ -122.013197, 37.580703 ], [ -122.012192, 37.58084 ], [ -122.011042, 37.580633 ], [ -122.010128, 37.580107 ], [ -122.0093, 37.579647 ], [ -122.009374, 37.579479 ], [ -122.008362, 37.579029 ], [ -122.00823, 37.579481 ], [ -122.008118, 37.579474 ], [ -122.007974, 37.579907 ], [ -122.007968, 37.579924 ], [ -122.007243, 37.582052 ], [ -122.007156, 37.58234 ], [ -122.007028, 37.582753 ], [ -122.007015, 37.582789 ], [ -122.006973, 37.582933 ], [ -122.006918, 37.583108 ], [ -122.006892, 37.583202 ], [ -122.006866, 37.583277 ], [ -122.006841, 37.583363 ], [ -122.006464, 37.584576 ], [ -122.006006, 37.586037 ], [ -122.005866, 37.586484 ], [ -122.005835, 37.586466 ], [ -122.005743, 37.586415 ], [ -122.005712, 37.586398 ], [ -122.004574, 37.587254 ], [ -122.003652, 37.58793 ], [ -122.0035, 37.588048 ], [ -122.003519, 37.588111 ], [ -122.003539, 37.588159 ], [ -122.003534, 37.588247 ], [ -122.003409, 37.588241 ], [ -122.003329, 37.588293 ], [ -122.00333, 37.588385 ], [ -122.00343, 37.588456 ], [ -122.003243, 37.588425 ], [ -122.003165, 37.588426 ], [ -122.003055, 37.588433 ], [ -122.002785, 37.588601 ], [ -122.001728, 37.589251 ], [ -122.0014, 37.589452 ], [ -122.001284, 37.589523 ], [ -122.001372, 37.589602 ], [ -122.000888, 37.589981 ], [ -122.00076, 37.59008 ], [ -122.000254, 37.590438 ], [ -121.998804, 37.591525 ], [ -121.998211, 37.591954 ], [ -121.996316, 37.593323 ], [ -121.995697, 37.593782 ], [ -121.995199, 37.594152 ], [ -121.992808, 37.595928 ], [ -121.992642, 37.59605 ], [ -121.992639, 37.596069 ], [ -121.992614, 37.596065 ], [ -121.992602, 37.596074 ], [ -121.988804, 37.5989 ], [ -121.987698, 37.599726 ], [ -121.987143, 37.600151 ], [ -121.985741, 37.601137 ], [ -121.983483, 37.602861 ], [ -121.981347, 37.604442 ], [ -121.978365, 37.606679 ], [ -121.975003, 37.603975 ], [ -121.968048, 37.598349 ], [ -121.968022, 37.598314 ], [ -121.967939, 37.598203 ], [ -121.967708, 37.598008 ], [ -121.961227, 37.592523 ], [ -121.957751, 37.589583 ], [ -121.957637, 37.589487 ], [ -121.957618, 37.589584 ], [ -121.957613, 37.589666 ], [ -121.95761, 37.589725 ], [ -121.957584, 37.589747 ], [ -121.957552, 37.589909 ], [ -121.957509, 37.59004 ], [ -121.957469, 37.590207 ], [ -121.95736, 37.5903 ], [ -121.957039, 37.590607 ], [ -121.956941, 37.590904 ], [ -121.956805, 37.591058 ], [ -121.95653, 37.591328 ], [ -121.956396, 37.591551 ], [ -121.956351, 37.591644 ], [ -121.956268, 37.591895 ], [ -121.9562, 37.591981 ], [ -121.955917, 37.592232 ], [ -121.955764, 37.592436 ], [ -121.955662, 37.59256 ], [ -121.955495, 37.592698 ], [ -121.955301, 37.592929 ], [ -121.955037, 37.593261 ], [ -121.954878, 37.593424 ], [ -121.95462, 37.593665 ], [ -121.954443, 37.593822 ], [ -121.95428, 37.59401 ], [ -121.95405, 37.594175 ], [ -121.953896, 37.594388 ], [ -121.953588, 37.594715 ], [ -121.953511, 37.594806 ], [ -121.953203, 37.595136 ], [ -121.952883, 37.595424 ], [ -121.952729, 37.59562 ], [ -121.952241, 37.596262 ], [ -121.952096, 37.59646 ], [ -121.95201, 37.596568 ], [ -121.951927, 37.596816 ], [ -121.951749, 37.59708 ], [ -121.95142, 37.597371 ], [ -121.951016, 37.597592 ], [ -121.950314, 37.597835 ], [ -121.950124, 37.597882 ], [ -121.949932, 37.597876 ], [ -121.949552, 37.597875 ], [ -121.948953, 37.597882 ], [ -121.948826, 37.597872 ], [ -121.948564, 37.59782 ], [ -121.948404, 37.597785 ], [ -121.948105, 37.597784 ], [ -121.947727, 37.597707 ], [ -121.947489, 37.59761 ], [ -121.947327, 37.597545 ], [ -121.947014, 37.597421 ], [ -121.946862, 37.597374 ], [ -121.946732, 37.597311 ], [ -121.946621, 37.597262 ], [ -121.946998, 37.597195 ], [ -121.946986, 37.597168 ], [ -121.946686, 37.597037 ], [ -121.94594, 37.596868 ], [ -121.944936, 37.596943 ], [ -121.94469, 37.596931 ], [ -121.944225, 37.59694 ], [ -121.943961, 37.596965 ], [ -121.943741, 37.596994 ], [ -121.94289, 37.597281 ], [ -121.942615, 37.59733 ], [ -121.942304, 37.59744 ], [ -121.94155, 37.597697 ], [ -121.940961, 37.598048 ], [ -121.940516, 37.59822 ], [ -121.940335, 37.59825 ], [ -121.940144, 37.598295 ], [ -121.939923, 37.598333 ], [ -121.939443, 37.598395 ], [ -121.939249, 37.598384 ], [ -121.938868, 37.598372 ], [ -121.938661, 37.59826 ], [ -121.938519, 37.598176 ], [ -121.93843, 37.598106 ], [ -121.938349, 37.598052 ], [ -121.938267, 37.597976 ], [ -121.938186, 37.597891 ], [ -121.938114, 37.597786 ], [ -121.938076, 37.5977 ], [ -121.93805, 37.597627 ], [ -121.938032, 37.597484 ], [ -121.938026, 37.59733 ], [ -121.93803, 37.597161 ], [ -121.938039, 37.597013 ], [ -121.938049, 37.596908 ], [ -121.93808, 37.596741 ], [ -121.938121, 37.596552 ], [ -121.938145, 37.59637 ], [ -121.93818, 37.596162 ], [ -121.938229, 37.595849 ], [ -121.938221, 37.595433 ], [ -121.938202, 37.595123 ], [ -121.938093, 37.594601 ], [ -121.937941, 37.593976 ], [ -121.937683, 37.593203 ], [ -121.937434, 37.592506 ], [ -121.937171, 37.592043 ], [ -121.937019, 37.591825 ], [ -121.936873, 37.591623 ], [ -121.936715, 37.591433 ], [ -121.936581, 37.591315 ], [ -121.936381, 37.59115 ], [ -121.936357, 37.591151 ], [ -121.936332, 37.591152 ], [ -121.936294, 37.591154 ], [ -121.936076, 37.591036 ], [ -121.935977, 37.591005 ], [ -121.935928, 37.590995 ], [ -121.935875, 37.590985 ], [ -121.935738, 37.590974 ], [ -121.935588, 37.590968 ], [ -121.935333, 37.590972 ], [ -121.935108, 37.590982 ], [ -121.934868, 37.591002 ], [ -121.934731, 37.591025 ], [ -121.934673, 37.591036 ], [ -121.934466, 37.591086 ], [ -121.934345, 37.591128 ], [ -121.934025, 37.59124 ], [ -121.933138, 37.591552 ], [ -121.93307, 37.591582 ], [ -121.932885, 37.591666 ], [ -121.932767, 37.591732 ], [ -121.932663, 37.591468 ], [ -121.932366, 37.590712 ], [ -121.932014, 37.589812 ], [ -121.930267, 37.586225 ], [ -121.929951, 37.586075 ], [ -121.928118, 37.585947 ], [ -121.928429, 37.585325 ], [ -121.928374, 37.584376 ], [ -121.926336, 37.58286 ], [ -121.925614, 37.582349 ], [ -121.92713, 37.581245 ], [ -121.926326, 37.580164 ], [ -121.92604, 37.579789 ], [ -121.926767, 37.579526 ], [ -121.926863, 37.579497 ], [ -121.927796, 37.57922 ], [ -121.929073, 37.578855 ], [ -121.929108, 37.578846 ], [ -121.929442, 37.578732 ], [ -121.929792, 37.578589 ], [ -121.929894, 37.57854 ], [ -121.929942, 37.578509 ], [ -121.929981, 37.578473 ], [ -121.930002, 37.578451 ], [ -121.930029, 37.578379 ], [ -121.930043, 37.578093 ], [ -121.930054, 37.57789 ], [ -121.930068, 37.577814 ], [ -121.930073, 37.577791 ], [ -121.930104, 37.577717 ], [ -121.930133, 37.577663 ], [ -121.930164, 37.577619 ], [ -121.930354, 37.577397 ], [ -121.930613, 37.577117 ], [ -121.930719, 37.577004 ], [ -121.930877, 37.576843 ], [ -121.93106, 37.576626 ], [ -121.931066, 37.576618 ], [ -121.931325, 37.57629 ], [ -121.93221, 37.576667 ], [ -121.93331, 37.577127 ], [ -121.933251, 37.575865 ], [ -121.932726, 37.575368 ], [ -121.932403, 37.575041 ], [ -121.932446, 37.57495 ], [ -121.932715, 37.574424 ], [ -121.932979, 37.574203 ], [ -121.932369, 37.573576 ], [ -121.932329, 37.573529 ], [ -121.93224, 37.573425 ], [ -121.932146, 37.573315 ], [ -121.932098, 37.573259 ], [ -121.931941, 37.573076 ], [ -121.931831, 37.572965 ], [ -121.931761, 37.57287 ], [ -121.93174, 37.572806 ], [ -121.931736, 37.572766 ], [ -121.931739, 37.572744 ], [ -121.931563, 37.572716 ], [ -121.930484, 37.57252 ], [ -121.927619, 37.571479 ], [ -121.926891, 37.570742 ], [ -121.92583, 37.56943 ], [ -121.925737, 37.568266 ], [ -121.925714, 37.568127 ], [ -121.925707, 37.568086 ], [ -121.925349, 37.568107 ], [ -121.92456, 37.568154 ], [ -121.924188, 37.568191 ], [ -121.923926, 37.568199 ], [ -121.923552, 37.56821 ], [ -121.923149, 37.568222 ], [ -121.923025, 37.568135 ], [ -121.922591, 37.567833 ], [ -121.921992, 37.567416 ], [ -121.921266, 37.566953 ], [ -121.920972, 37.566722 ], [ -121.920462, 37.566324 ], [ -121.920156, 37.565946 ], [ -121.920169, 37.565287 ], [ -121.920331, 37.564904 ], [ -121.920501, 37.564365 ], [ -121.920314, 37.563842 ], [ -121.920148, 37.563634 ], [ -121.920063, 37.563275 ], [ -121.920008, 37.563033 ], [ -121.919994, 37.562618 ], [ -121.919982, 37.562257 ], [ -121.919974, 37.562038 ], [ -121.919957, 37.561517 ], [ -121.919919, 37.561454 ], [ -121.919805, 37.561263 ], [ -121.919645, 37.560998 ], [ -121.919561, 37.560854 ], [ -121.919408, 37.560429 ], [ -121.919956, 37.56043 ], [ -121.920238, 37.560423 ], [ -121.92028, 37.560423 ], [ -121.921185, 37.560417 ], [ -121.922228, 37.56041 ], [ -121.922627, 37.560407 ], [ -121.923442, 37.560402 ], [ -121.923782, 37.560399 ], [ -121.923778, 37.56022 ], [ -121.923775, 37.560004 ], [ -121.923773, 37.55996 ], [ -121.923772, 37.559866 ], [ -121.923768, 37.559766 ], [ -121.923714, 37.559685 ], [ -121.923712, 37.55954 ], [ -121.923709, 37.559259 ], [ -121.923701, 37.558631 ], [ -121.923726, 37.557726 ], [ -121.923618, 37.557756 ], [ -121.922167, 37.55816 ], [ -121.922128, 37.558406 ], [ -121.921344, 37.55888 ], [ -121.920679, 37.559287 ], [ -121.920618, 37.559303 ], [ -121.918495, 37.55983 ], [ -121.918733, 37.560414 ], [ -121.918829, 37.56065 ], [ -121.91886, 37.560727 ], [ -121.918835, 37.560973 ], [ -121.917965, 37.560994 ], [ -121.916523, 37.561028 ], [ -121.916503, 37.560787 ], [ -121.916463, 37.560302 ], [ -121.915952, 37.560422 ], [ -121.914499, 37.560769 ], [ -121.914581, 37.559893 ], [ -121.914673, 37.558998 ], [ -121.91477, 37.557985 ], [ -121.914827, 37.557471 ], [ -121.914443, 37.557251 ], [ -121.914302, 37.557171 ], [ -121.914537, 37.556888 ], [ -121.914654, 37.556743 ], [ -121.91485, 37.556501 ], [ -121.915028, 37.556295 ], [ -121.915037, 37.556285 ], [ -121.915067, 37.55625 ], [ -121.914557, 37.556136 ], [ -121.909575, 37.555009 ], [ -121.908837, 37.553032 ], [ -121.90864, 37.552541 ], [ -121.908322, 37.551755 ], [ -121.908157, 37.551345 ], [ -121.907336, 37.549275 ], [ -121.907149, 37.549358 ], [ -121.906733, 37.549543 ], [ -121.906584, 37.549449 ], [ -121.904813, 37.550106 ], [ -121.904014, 37.549585 ], [ -121.899323, 37.546589 ], [ -121.898957, 37.546733 ], [ -121.89867, 37.546921 ], [ -121.893614, 37.550203 ], [ -121.892451, 37.549298 ], [ -121.890668, 37.547936 ], [ -121.888299, 37.545174 ], [ -121.88754, 37.544037 ], [ -121.887132, 37.543253 ], [ -121.887457, 37.54304 ], [ -121.887356, 37.541824 ], [ -121.887328, 37.538977 ], [ -121.887108, 37.538846 ], [ -121.885806, 37.538068 ], [ -121.88312, 37.536138 ], [ -121.881276, 37.534132 ], [ -121.880468, 37.533316 ], [ -121.878148, 37.530239 ], [ -121.878679, 37.52904 ], [ -121.879065, 37.528855 ], [ -121.879379, 37.5264 ], [ -121.87943, 37.525987 ], [ -121.879468, 37.525685 ], [ -121.879767, 37.523441 ], [ -121.880048, 37.52136 ], [ -121.880234, 37.519963 ], [ -121.880918, 37.514894 ], [ -121.881131, 37.513358 ], [ -121.880783, 37.507893 ], [ -121.88029, 37.507621 ], [ -121.878989, 37.505606 ], [ -121.878284, 37.503719 ], [ -121.876614, 37.500372 ], [ -121.876609, 37.500362 ], [ -121.875785, 37.497998 ], [ -121.874108, 37.493333 ], [ -121.873752, 37.492374 ], [ -121.873277, 37.491089 ], [ -121.874493, 37.489083 ], [ -121.873823, 37.48743 ], [ -121.87213, 37.48332 ], [ -121.87027, 37.48093 ], [ -121.870115, 37.480729 ], [ -121.870131, 37.480698 ], [ -121.870214, 37.480593 ], [ -121.870317, 37.480516 ], [ -121.870339, 37.480493 ], [ -121.870391, 37.480439 ], [ -121.870407, 37.480423 ], [ -121.870489, 37.480329 ], [ -121.870517, 37.480256 ], [ -121.870557, 37.480192 ], [ -121.870565, 37.480176 ], [ -121.870613, 37.480066 ], [ -121.870647, 37.479939 ], [ -121.870647, 37.479807 ], [ -121.87064, 37.479714 ], [ -121.870661, 37.479626 ], [ -121.87073, 37.479538 ], [ -121.870785, 37.47945 ], [ -121.870884, 37.479358 ], [ -121.870909, 37.479335 ], [ -121.871047, 37.479241 ], [ -121.871495, 37.478999 ], [ -121.871708, 37.478867 ], [ -121.872556, 37.478378 ], [ -121.872742, 37.478252 ], [ -121.872866, 37.478197 ], [ -121.872976, 37.478136 ], [ -121.873142, 37.478054 ], [ -121.873307, 37.47801 ], [ -121.873331, 37.478001 ], [ -121.873438, 37.477966 ], [ -121.873521, 37.477927 ], [ -121.873645, 37.477878 ], [ -121.873693, 37.477845 ], [ -121.8739, 37.47757 ], [ -121.874009, 37.477407 ], [ -121.874215, 37.476637 ], [ -121.87429, 37.476362 ], [ -121.874612, 37.475767 ], [ -121.875205, 37.475215 ], [ -121.875779, 37.474999 ], [ -121.876262, 37.474924 ], [ -121.876504, 37.475121 ], [ -121.876567, 37.475117 ], [ -121.876788, 37.475133 ], [ -121.87696, 37.475183 ], [ -121.877112, 37.475216 ], [ -121.877168, 37.475221 ], [ -121.877236, 37.475227 ], [ -121.87745, 37.475183 ], [ -121.877588, 37.475062 ], [ -121.877726, 37.474903 ], [ -121.877822, 37.474673 ], [ -121.877905, 37.47442 ], [ -121.877995, 37.474206 ], [ -121.878112, 37.474046 ], [ -121.878236, 37.473915 ], [ -121.8784, 37.473763 ], [ -121.878623, 37.473558 ], [ -121.878795, 37.473442 ], [ -121.878919, 37.473332 ], [ -121.879002, 37.47319 ], [ -121.879078, 37.472948 ], [ -121.879095, 37.472908 ], [ -121.879258, 37.472542 ], [ -121.87932, 37.472349 ], [ -121.879465, 37.472168 ], [ -121.879686, 37.471932 ], [ -121.879859, 37.471789 ], [ -121.8799, 37.471756 ], [ -121.880251, 37.471548 ], [ -121.880541, 37.4714 ], [ -121.88071, 37.471319 ], [ -121.880865, 37.471246 ], [ -121.881155, 37.471076 ], [ -121.881637, 37.470867 ], [ -121.881996, 37.470708 ], [ -121.882107, 37.470683 ], [ -121.882272, 37.470648 ], [ -121.882416, 37.470598 ], [ -121.882603, 37.470554 ], [ -121.883085, 37.47067 ], [ -121.883333, 37.470753 ], [ -121.883464, 37.470764 ], [ -121.883602, 37.470753 ], [ -121.88374, 37.470731 ], [ -121.883891, 37.470769 ], [ -121.884022, 37.470835 ], [ -121.884291, 37.471121 ], [ -121.884369, 37.471173 ], [ -121.884415, 37.471204 ], [ -121.88456, 37.471275 ], [ -121.884732, 37.47133 ], [ -121.884932, 37.471385 ], [ -121.885159, 37.471413 ], [ -121.885414, 37.471407 ], [ -121.885966, 37.471375 ], [ -121.886311, 37.471287 ], [ -121.887042, 37.471084 ], [ -121.887414, 37.471013 ], [ -121.887738, 37.470936 ], [ -121.888027, 37.470821 ], [ -121.888386, 37.470651 ], [ -121.888662, 37.470535 ], [ -121.888993, 37.470365 ], [ -121.889179, 37.470255 ], [ -121.889352, 37.470102 ], [ -121.889524, 37.469877 ], [ -121.889671, 37.469627 ], [ -121.88969, 37.469596 ], [ -121.889793, 37.469382 ], [ -121.889938, 37.469113 ], [ -121.890028, 37.46891 ], [ -121.890242, 37.468569 ], [ -121.890407, 37.468322 ], [ -121.890635, 37.468108 ], [ -121.890759, 37.468038 ], [ -121.890856, 37.467982 ], [ -121.891131, 37.46791 ], [ -121.891386, 37.46785 ], [ -121.891945, 37.467812 ], [ -121.8922, 37.467746 ], [ -121.892489, 37.467741 ], [ -121.892958, 37.467675 ], [ -121.893234, 37.467664 ], [ -121.893606, 37.467675 ], [ -121.893792, 37.46767 ], [ -121.894061, 37.467637 ], [ -121.894295, 37.46762 ], [ -121.894619, 37.467582 ], [ -121.894992, 37.467544 ], [ -121.895653, 37.467412 ], [ -121.895888, 37.467352 ], [ -121.896088, 37.467313 ], [ -121.896301, 37.467292 ], [ -121.896508, 37.467204 ], [ -121.896646, 37.467121 ], [ -121.896825, 37.467072 ], [ -121.896984, 37.467045 ], [ -121.897342, 37.467023 ], [ -121.897653, 37.466973 ], [ -121.897853, 37.46688 ], [ -121.898038, 37.466768 ], [ -121.898052, 37.466759 ], [ -121.89821, 37.46671 ], [ -121.898306, 37.466661 ], [ -121.898382, 37.466551 ], [ -121.898842, 37.465954 ], [ -121.898973, 37.465845 ], [ -121.899253, 37.465774 ], [ -121.899604, 37.465719 ], [ -121.899893, 37.465642 ], [ -121.900133, 37.465522 ], [ -121.90038, 37.465429 ], [ -121.900778, 37.46521 ], [ -121.901011, 37.46509 ], [ -121.901231, 37.464992 ], [ -121.901307, 37.464958 ], [ -121.901524, 37.464904 ], [ -121.901569, 37.464893 ], [ -121.902065, 37.464794 ], [ -121.902231, 37.464745 ], [ -121.902379, 37.464702 ], [ -121.902575, 37.464646 ], [ -121.902664, 37.464642 ], [ -121.902756, 37.464637 ], [ -121.902817, 37.464635 ], [ -121.903034, 37.464658 ], [ -121.903127, 37.464668 ], [ -121.903287, 37.464668 ], [ -121.903333, 37.464668 ], [ -121.903575, 37.464624 ], [ -121.90376, 37.464578 ], [ -121.903917, 37.46454 ], [ -121.904067, 37.464502 ], [ -121.904296, 37.464446 ], [ -121.904339, 37.464435 ], [ -121.904354, 37.464432 ], [ -121.9044, 37.464419 ], [ -121.90452, 37.464388 ], [ -121.904671, 37.46435 ], [ -121.904741, 37.464333 ], [ -121.904951, 37.464283 ], [ -121.905022, 37.464267 ], [ -121.905065, 37.464259 ], [ -121.905196, 37.464234 ], [ -121.90524, 37.464227 ], [ -121.905519, 37.464116 ], [ -121.906001, 37.463927 ], [ -121.906354, 37.463831 ], [ -121.906372, 37.463826 ], [ -121.906666, 37.463759 ], [ -121.90672, 37.463746 ], [ -121.906835, 37.46372 ], [ -121.907011, 37.463628 ], [ -121.907108, 37.463589 ], [ -121.907094, 37.463502 ], [ -121.907077, 37.46341 ], [ -121.907069, 37.463364 ], [ -121.907223, 37.463314 ], [ -121.907291, 37.463292 ], [ -121.907311, 37.463286 ], [ -121.907339, 37.463353 ], [ -121.907388, 37.46347 ], [ -121.907467, 37.463437 ], [ -121.9076, 37.46341 ], [ -121.908086, 37.46321 ], [ -121.908124, 37.463199 ], [ -121.908581, 37.463043 ], [ -121.908728, 37.463031 ], [ -121.908923, 37.463013 ], [ -121.909129, 37.462995 ], [ -121.909162, 37.462978 ], [ -121.911332, 37.462236 ], [ -121.910887, 37.461486 ], [ -121.912015, 37.46096 ], [ -121.912652, 37.46065 ], [ -121.91283, 37.460566 ], [ -121.913031, 37.460471 ], [ -121.913177, 37.460402 ], [ -121.913459, 37.460247 ], [ -121.913903, 37.460021 ], [ -121.914397, 37.459774 ], [ -121.914884, 37.459548 ], [ -121.915336, 37.459309 ], [ -121.915805, 37.459099 ], [ -121.916359, 37.45884 ], [ -121.917097, 37.458473 ], [ -121.917265, 37.458391 ], [ -121.917353, 37.458345 ], [ -121.918928, 37.457498 ], [ -121.919018, 37.457451 ], [ -121.921075, 37.456342 ], [ -121.922305, 37.455679 ], [ -121.922569, 37.455538 ], [ -121.922837, 37.455386 ], [ -121.922962, 37.455317 ], [ -121.923001, 37.455296 ], [ -121.923262, 37.455153 ], [ -121.923567, 37.454986 ], [ -121.924375, 37.454559 ], [ -121.924398, 37.454547 ], [ -121.92448, 37.454506 ], [ -121.924593, 37.454441 ], [ -121.924746, 37.454354 ], [ -121.925041, 37.454186 ], [ -121.925224, 37.454293 ], [ -121.925354, 37.454294 ], [ -121.925393, 37.454295 ], [ -121.925548, 37.454389 ], [ -121.925566, 37.45439 ], [ -121.925621, 37.454395 ], [ -121.92564, 37.454397 ], [ -121.925712, 37.454417 ], [ -121.925783, 37.454436 ], [ -121.925945, 37.454479 ], [ -121.926197, 37.454546 ], [ -121.926294, 37.454573 ], [ -121.926356, 37.454708 ], [ -121.926417, 37.454841 ], [ -121.92643, 37.454868 ], [ -121.926571, 37.455021 ], [ -121.926581, 37.455032 ], [ -121.926604, 37.45506 ], [ -121.926755, 37.455241 ], [ -121.92686, 37.455246 ], [ -121.926901, 37.455249 ], [ -121.926971, 37.45522 ], [ -121.92704, 37.455193 ], [ -121.927076, 37.455179 ], [ -121.927363, 37.455029 ], [ -121.927384, 37.455036 ], [ -121.927622, 37.455131 ], [ -121.927633, 37.455136 ], [ -121.927655, 37.455148 ], [ -121.927786, 37.455214 ], [ -121.92785, 37.455262 ], [ -121.92786, 37.455279 ], [ -121.927889, 37.455333 ], [ -121.9279, 37.455352 ], [ -121.927866, 37.455416 ], [ -121.927796, 37.45555 ], [ -121.927726, 37.455683 ], [ -121.927559, 37.456 ], [ -121.927495, 37.456123 ], [ -121.927441, 37.456279 ], [ -121.92742, 37.456372 ], [ -121.927418, 37.456543 ], [ -121.927461, 37.456705 ], [ -121.927561, 37.456925 ], [ -121.927793, 37.457124 ], [ -121.928025, 37.45725 ], [ -121.928166, 37.457303 ], [ -121.928297, 37.457332 ], [ -121.928444, 37.457394 ], [ -121.928609, 37.457276 ], [ -121.928802, 37.45714 ], [ -121.928926, 37.457052 ], [ -121.929049, 37.456965 ], [ -121.929128, 37.456909 ], [ -121.929207, 37.456853 ], [ -121.929373, 37.456865 ], [ -121.929481, 37.45684 ], [ -121.930135, 37.456691 ], [ -121.930283, 37.456615 ], [ -121.930531, 37.456489 ], [ -121.930952, 37.456158 ], [ -121.931374, 37.455829 ], [ -121.931462, 37.45576 ], [ -121.932069, 37.455277 ], [ -121.932626, 37.455147 ], [ -121.932899, 37.455447 ], [ -121.932884, 37.455844 ], [ -121.932876, 37.456239 ], [ -121.932712, 37.456842 ], [ -121.932656, 37.456919 ], [ -121.932582, 37.456942 ], [ -121.932507, 37.456965 ], [ -121.932195, 37.457061 ], [ -121.931882, 37.457158 ], [ -121.931245, 37.457353 ], [ -121.931128, 37.45739 ], [ -121.931179, 37.457911 ], [ -121.93141, 37.458187 ], [ -121.931451, 37.458399 ], [ -121.931521, 37.458831 ], [ -121.93137, 37.4591 ], [ -121.93139, 37.459595 ], [ -121.931128, 37.460158 ], [ -121.931199, 37.460413 ], [ -121.931199, 37.460644 ], [ -121.931471, 37.460911 ], [ -121.931934, 37.460977 ], [ -121.932085, 37.460999 ], [ -121.93267, 37.460974 ], [ -121.933378, 37.460762 ], [ -121.933069, 37.460738 ], [ -121.932941, 37.460667 ], [ -121.932778, 37.460576 ], [ -121.932616, 37.460486 ], [ -121.932495, 37.460419 ], [ -121.932374, 37.460352 ], [ -121.932896, 37.460266 ], [ -121.933578, 37.460271 ], [ -121.934116, 37.460331 ], [ -121.934732, 37.460524 ], [ -121.934941, 37.460664 ], [ -121.935137, 37.46084 ], [ -121.935242, 37.461068 ], [ -121.935277, 37.461327 ], [ -121.935296, 37.461421 ], [ -121.935255, 37.461504 ], [ -121.935214, 37.461586 ], [ -121.934947, 37.46212 ], [ -121.93495, 37.462145 ], [ -121.93496, 37.462235 ], [ -121.934976, 37.462376 ], [ -121.934987, 37.462464 ], [ -121.93538, 37.462669 ], [ -121.936025, 37.462929 ], [ -121.936478, 37.462883 ], [ -121.937884, 37.462599 ], [ -121.937958, 37.462585 ], [ -121.938328, 37.46251 ], [ -121.938697, 37.462436 ], [ -121.9388, 37.462415 ], [ -121.938903, 37.462394 ], [ -121.939241, 37.462487 ], [ -121.939514, 37.46271 ], [ -121.940023, 37.463125 ], [ -121.940179, 37.463463 ], [ -121.940462, 37.464075 ], [ -121.940515, 37.464346 ], [ -121.940594, 37.46445 ], [ -121.940792, 37.464709 ], [ -121.941085, 37.464948 ], [ -121.941182, 37.464946 ], [ -121.941278, 37.464944 ], [ -121.941491, 37.464944 ], [ -121.941578, 37.464945 ], [ -121.942357, 37.464963 ], [ -121.943045, 37.465104 ], [ -121.943101, 37.465116 ], [ -121.943257, 37.465214 ], [ -121.943364, 37.465281 ], [ -121.943471, 37.465348 ], [ -121.943779, 37.465457 ], [ -121.944226, 37.465822 ], [ -121.944335, 37.466093 ], [ -121.944332, 37.466309 ], [ -121.944317, 37.4674 ], [ -121.944144, 37.467623 ], [ -121.944137, 37.468119 ], [ -121.944244, 37.468526 ], [ -121.944522, 37.468889 ], [ -121.944914, 37.469163 ], [ -121.945479, 37.469168 ], [ -121.945894, 37.469006 ], [ -121.945934, 37.468991 ], [ -121.946449, 37.46859 ], [ -121.946679, 37.468277 ], [ -121.946781, 37.467965 ], [ -121.946797, 37.467918 ], [ -121.946912, 37.467783 ], [ -121.946914, 37.467648 ], [ -121.947087, 37.467424 ], [ -121.946987, 37.466477 ], [ -121.94699, 37.466252 ], [ -121.946772, 37.465664 ], [ -121.946624, 37.465408 ], [ -121.946276, 37.464803 ], [ -121.946167, 37.464487 ], [ -121.946174, 37.463946 ], [ -121.946409, 37.463362 ], [ -121.947041, 37.462602 ], [ -121.947842, 37.461978 ], [ -121.948126, 37.461845 ], [ -121.948979, 37.461538 ], [ -121.949375, 37.461496 ], [ -121.949602, 37.461408 ], [ -121.950733, 37.461418 ], [ -121.951766, 37.461455 ], [ -121.951921, 37.461461 ], [ -121.952819, 37.461674 ], [ -121.953391, 37.461945 ], [ -121.954109, 37.462112 ], [ -121.954387, 37.462186 ], [ -121.954402, 37.462193 ], [ -121.954451, 37.462204 ], [ -121.955378, 37.462582 ], [ -121.955579, 37.46264 ], [ -121.955889, 37.46273 ], [ -121.957624, 37.463199 ], [ -121.959261, 37.463505 ], [ -121.959313, 37.463515 ], [ -121.964157, 37.463151 ], [ -121.965951, 37.462813 ], [ -121.967064, 37.462487 ], [ -121.968074, 37.462168 ], [ -121.968112, 37.46215 ], [ -121.968524, 37.461953 ], [ -121.970821, 37.461507 ], [ -121.974471, 37.460739 ], [ -121.974706, 37.46074 ], [ -121.974772, 37.460739 ], [ -121.975071, 37.460639 ], [ -121.978474, 37.460809 ], [ -121.979071, 37.460839 ], [ -121.980014, 37.460892 ], [ -121.980171, 37.460939 ], [ -121.989435, 37.463681 ], [ -121.992669, 37.464639 ], [ -121.992975, 37.464923 ], [ -121.994311, 37.466049 ], [ -121.995502, 37.466744 ], [ -121.996471, 37.467039 ], [ -121.996671, 37.467239 ], [ -121.997171, 37.467139 ], [ -121.997771, 37.467139 ], [ -121.998248, 37.467095 ], [ -121.999822, 37.466953 ], [ -121.999972, 37.466939 ], [ -122.001073, 37.466844 ], [ -122.002434, 37.466727 ], [ -122.003796, 37.46661 ], [ -122.016215, 37.46554 ], [ -122.020872, 37.465139 ], [ -122.021153, 37.465073 ], [ -122.022201, 37.465125 ], [ -122.022472, 37.465139 ], [ -122.022526, 37.46515 ], [ -122.023487, 37.465355 ], [ -122.023808, 37.465424 ], [ -122.025425, 37.46563 ], [ -122.026859, 37.46553 ], [ -122.027775, 37.465469 ], [ -122.029896, 37.465317 ], [ -122.031651, 37.465241 ], [ -122.033756, 37.465126 ], [ -122.034809, 37.46505 ], [ -122.036182, 37.464966 ], [ -122.037266, 37.464699 ], [ -122.038075, 37.46431 ], [ -122.03837, 37.46416 ], [ -122.040698, 37.462975 ], [ -122.041767, 37.462292 ], [ -122.042541, 37.461811 ], [ -122.043295, 37.461399 ], [ -122.043394, 37.461345 ], [ -122.044399, 37.460773 ], [ -122.044474, 37.46073 ], [ -122.044587, 37.460666 ], [ -122.045271, 37.460276 ], [ -122.045857, 37.459938 ], [ -122.046574, 37.459526 ], [ -122.047825, 37.459007 ], [ -122.048185, 37.458973 ], [ -122.04897, 37.4589 ], [ -122.050313, 37.4589 ], [ -122.050763, 37.458951 ], [ -122.051244, 37.459007 ], [ -122.051931, 37.459251 ], [ -122.052648, 37.459656 ], [ -122.057486, 37.462707 ], [ -122.059673, 37.464087 ], [ -122.060202, 37.46442 ], [ -122.06179, 37.465422 ], [ -122.06232, 37.465756 ], [ -122.063508, 37.466506 ], [ -122.067075, 37.468756 ], [ -122.068264, 37.469506 ], [ -122.068384, 37.469582 ], [ -122.068747, 37.46981 ], [ -122.068868, 37.469887 ], [ -122.068965, 37.469948 ], [ -122.069259, 37.470133 ], [ -122.069357, 37.470195 ], [ -122.07178, 37.471723 ], [ -122.079049, 37.476309 ], [ -122.081473, 37.477838 ], [ -122.087103, 37.481805 ], [ -122.103995, 37.493706 ], [ -122.109574, 37.497637 ], [ -122.109615, 37.497685 ], [ -122.109929, 37.498057 ], [ -122.110243, 37.498429 ], [ -122.111131, 37.499481 ], [ -122.111515, 37.499937 ], [ -122.115679, 37.504872 ], [ -122.116233, 37.505529 ], [ -122.116714, 37.5061 ], [ -122.117195, 37.50667 ], [ -122.11724, 37.506721 ], [ -122.117285, 37.506772 ], [ -122.11732, 37.506811 ], [ -122.117353, 37.506849 ], [ -122.117393, 37.506894 ], [ -122.117472, 37.50699 ], [ -122.118285, 37.507985 ], [ -122.120963, 37.511258 ], [ -122.121856, 37.51235 ], [ -122.123099, 37.513867 ], [ -122.12683, 37.518419 ], [ -122.128074, 37.519937 ], [ -122.130414, 37.522816 ], [ -122.137434, 37.531456 ], [ -122.139775, 37.534336 ], [ -122.141655, 37.536635 ], [ -122.147295, 37.543535 ], [ -122.149175, 37.545835 ] ], [ [ -122.070189, 37.517864 ], [ -122.070007, 37.517565 ], [ -122.069806, 37.517639 ], [ -122.069755, 37.517645 ], [ -122.069573, 37.517667 ], [ -122.069573, 37.517566 ], [ -122.069033, 37.517733 ], [ -122.067809, 37.518128 ], [ -122.067382, 37.51828 ], [ -122.067298, 37.518129 ], [ -122.066168, 37.516131 ], [ -122.065116, 37.514183 ], [ -122.064519, 37.513016 ], [ -122.064315, 37.51296 ], [ -122.06094, 37.514099 ], [ -122.060732, 37.514235 ], [ -122.060715, 37.514337 ], [ -122.060838, 37.514834 ], [ -122.058106, 37.514533 ], [ -122.056034, 37.514251 ], [ -122.055754, 37.514225 ], [ -122.055711, 37.513933 ], [ -122.054989, 37.510417 ], [ -122.055329, 37.510264 ], [ -122.055184, 37.50989 ], [ -122.054722, 37.510092 ], [ -122.054028, 37.508454 ], [ -122.054334, 37.506881 ], [ -122.054521, 37.505666 ], [ -122.054666, 37.505504 ], [ -122.054691, 37.505241 ], [ -122.055014, 37.504391 ], [ -122.055048, 37.504076 ], [ -122.055286, 37.50366 ], [ -122.055507, 37.503107 ], [ -122.05572, 37.502487 ], [ -122.056162, 37.501662 ], [ -122.056746, 37.500908 ], [ -122.056799, 37.5006 ], [ -122.057088, 37.50026 ], [ -122.057224, 37.500056 ], [ -122.057428, 37.500056 ], [ -122.057547, 37.499937 ], [ -122.057411, 37.49975 ], [ -122.05736, 37.499223 ], [ -122.057479, 37.499121 ], [ -122.050849, 37.497625 ], [ -122.050781, 37.496469 ], [ -122.042302, 37.493894 ], [ -122.041124, 37.493526 ], [ -122.040301, 37.493582 ], [ -122.038309, 37.493697 ], [ -122.036583, 37.492608 ], [ -122.035303, 37.492389 ], [ -122.033237, 37.490298 ], [ -122.032234, 37.489354 ], [ -122.031792, 37.48921 ], [ -122.031111, 37.489369 ], [ -122.030347, 37.489465 ], [ -122.030211, 37.48921 ], [ -122.029735, 37.488853 ], [ -122.029675, 37.488769 ], [ -122.029528, 37.48856 ], [ -122.029242, 37.488156 ], [ -122.029259, 37.48802 ], [ -122.030024, 37.487714 ], [ -122.030069, 37.487624 ], [ -122.030126, 37.48751 ], [ -122.030177, 37.487255 ], [ -122.030211, 37.48543 ], [ -122.030262, 37.482665 ], [ -122.029939, 37.481849 ], [ -122.027449, 37.478663 ], [ -122.026801, 37.47812 ], [ -122.026526, 37.477873 ], [ -122.025664, 37.477641 ], [ -122.025277, 37.477923 ], [ -122.024481, 37.479609 ], [ -122.0244, 37.480145 ], [ -122.023996, 37.482828 ], [ -122.022514, 37.48371 ], [ -122.021341, 37.484019 ], [ -122.020663, 37.484199 ], [ -122.019968, 37.48416 ], [ -122.019557, 37.483968 ], [ -122.018446, 37.48388 ], [ -122.017368, 37.483541 ], [ -122.016516, 37.483042 ], [ -122.015256, 37.481872 ], [ -122.014292, 37.481375 ], [ -122.013841, 37.481631 ], [ -122.013813, 37.481647 ], [ -122.013305, 37.482318 ], [ -122.012918, 37.483117 ], [ -122.012577, 37.483885 ], [ -122.012205, 37.484967 ], [ -122.011987, 37.485652 ], [ -122.011462, 37.486528 ], [ -122.00995, 37.488525 ], [ -122.009747, 37.488982 ], [ -122.0099, 37.489663 ], [ -122.010785, 37.492352 ], [ -122.010705, 37.492845 ], [ -122.010535, 37.493062 ], [ -122.010084, 37.493441 ], [ -122.009646, 37.493604 ], [ -122.009393, 37.493698 ], [ -122.007943, 37.493829 ], [ -122.006985, 37.494167 ], [ -122.006461, 37.494614 ], [ -122.006055, 37.494617 ], [ -122.005911, 37.494617 ], [ -122.005979, 37.494331 ], [ -122.005683, 37.494244 ], [ -122.005095, 37.494209 ], [ -122.004658, 37.494479 ], [ -122.003186, 37.494469 ], [ -122.002237, 37.494164 ], [ -121.999647, 37.493355 ], [ -121.999521, 37.493315 ], [ -121.99891, 37.493836 ], [ -121.99846, 37.494646 ], [ -121.996467, 37.498073 ], [ -121.996281, 37.498291 ], [ -121.995754, 37.498503 ], [ -121.993928, 37.498542 ], [ -121.993272, 37.497873 ], [ -121.992025, 37.498066 ], [ -121.993479, 37.499446 ], [ -121.998033, 37.503695 ], [ -121.998105, 37.503764 ], [ -121.998051, 37.503902 ], [ -121.997996, 37.504039 ], [ -121.997922, 37.50426 ], [ -121.997852, 37.504245 ], [ -121.99766, 37.504812 ], [ -121.997494, 37.505272 ], [ -121.997137, 37.50627 ], [ -121.996853, 37.506988 ], [ -121.996536, 37.50779 ], [ -121.996323, 37.508417 ], [ -121.995882, 37.509548 ], [ -121.995851, 37.50963 ], [ -121.995373, 37.51084 ], [ -121.995328, 37.510968 ], [ -121.995232, 37.511362 ], [ -121.995212, 37.511536 ], [ -121.995102, 37.51218 ], [ -121.995081, 37.512309 ], [ -121.995021, 37.51262 ], [ -121.994916, 37.513255 ], [ -121.99489, 37.513416 ], [ -121.994816, 37.513828 ], [ -121.994782, 37.51394 ], [ -121.994752, 37.514003 ], [ -121.99471, 37.514079 ], [ -121.994634, 37.514176 ], [ -121.994588, 37.514236 ], [ -121.994395, 37.514485 ], [ -121.993914, 37.515125 ], [ -121.993676, 37.515443 ], [ -121.993436, 37.515722 ], [ -121.992719, 37.516561 ], [ -121.992481, 37.516841 ], [ -121.992261, 37.517121 ], [ -121.991601, 37.517964 ], [ -121.99151, 37.518081 ], [ -121.991378, 37.518242 ], [ -121.991023, 37.518709 ], [ -121.990496, 37.519404 ], [ -121.989947, 37.520101 ], [ -121.989903, 37.520158 ], [ -121.989653, 37.520476 ], [ -121.989581, 37.520559 ], [ -121.989522, 37.520621 ], [ -121.989444, 37.520707 ], [ -121.989342, 37.520803 ], [ -121.989281, 37.520863 ], [ -121.989056, 37.521224 ], [ -121.988866, 37.521531 ], [ -121.988818, 37.521607 ], [ -121.988805, 37.521628 ], [ -121.988645, 37.521802 ], [ -121.988263, 37.522217 ], [ -121.988059, 37.52244 ], [ -121.987975, 37.522531 ], [ -121.988242, 37.522657 ], [ -121.988283, 37.522677 ], [ -121.989042, 37.523047 ], [ -121.989309, 37.523177 ], [ -121.989586, 37.523311 ], [ -121.989951, 37.523489 ], [ -121.990418, 37.52372 ], [ -121.990695, 37.523857 ], [ -121.990817, 37.523917 ], [ -121.991186, 37.524098 ], [ -121.991309, 37.524159 ], [ -121.991496, 37.524251 ], [ -121.99206, 37.52453 ], [ -121.992248, 37.524623 ], [ -121.992405, 37.5247 ], [ -121.992616, 37.524805 ], [ -121.992876, 37.524935 ], [ -121.993034, 37.525014 ], [ -121.993212, 37.5251 ], [ -121.993746, 37.52536 ], [ -121.993924, 37.525447 ], [ -121.99403, 37.525499 ], [ -121.994349, 37.525656 ], [ -121.994456, 37.525709 ], [ -121.994869, 37.525913 ], [ -121.995685, 37.526316 ], [ -121.995711, 37.526329 ], [ -121.99611, 37.526525 ], [ -121.996525, 37.526729 ], [ -121.996576, 37.526754 ], [ -121.996729, 37.526829 ], [ -121.996781, 37.526855 ], [ -121.996846, 37.526887 ], [ -121.997044, 37.526984 ], [ -121.99711, 37.527017 ], [ -121.997145, 37.527034 ], [ -121.997251, 37.527086 ], [ -121.997287, 37.527104 ], [ -121.99733, 37.527125 ], [ -121.997459, 37.527188 ], [ -121.997503, 37.52721 ], [ -121.9981, 37.527508 ], [ -121.998488, 37.527695 ], [ -121.998568, 37.527734 ], [ -121.998795, 37.527849 ], [ -122.001394, 37.529249 ], [ -122.001506, 37.52931 ], [ -122.002196, 37.529679 ], [ -122.00236, 37.529774 ], [ -122.002473, 37.529835 ], [ -122.002812, 37.530019 ], [ -122.002926, 37.530081 ], [ -122.003021, 37.530133 ], [ -122.003234, 37.530249 ], [ -122.00416, 37.530756 ], [ -122.004469, 37.530925 ], [ -122.004486, 37.530934 ], [ -122.004881, 37.53114 ], [ -122.004936, 37.531169 ], [ -122.006328, 37.531922 ], [ -122.006793, 37.532173 ], [ -122.007611, 37.532614 ], [ -122.007767, 37.532699 ], [ -122.007913, 37.532778 ], [ -122.010063, 37.533943 ], [ -122.010881, 37.534387 ], [ -122.01096, 37.53443 ], [ -122.011993, 37.534996 ], [ -122.012303, 37.535161 ], [ -122.013169, 37.535624 ], [ -122.013769, 37.535969 ], [ -122.014029, 37.536129 ], [ -122.014484, 37.536429 ], [ -122.014861, 37.536695 ], [ -122.015099, 37.536873 ], [ -122.015379, 37.537094 ], [ -122.015703, 37.537371 ], [ -122.016032, 37.537674 ], [ -122.016276, 37.537919 ], [ -122.016508, 37.538152 ], [ -122.016795, 37.538458 ], [ -122.017119, 37.538841 ], [ -122.017348, 37.539133 ], [ -122.017439, 37.539259 ], [ -122.017889, 37.539863 ], [ -122.01883, 37.541124 ], [ -122.01953, 37.542044 ], [ -122.019703, 37.542272 ], [ -122.020081, 37.542769 ], [ -122.020135, 37.542842 ], [ -122.020241, 37.542988 ], [ -122.020295, 37.543066 ], [ -122.020347, 37.543142 ], [ -122.020453, 37.543284 ], [ -122.020771, 37.543711 ], [ -122.020877, 37.543854 ], [ -122.020924, 37.543917 ], [ -122.021065, 37.544107 ], [ -122.021113, 37.544171 ], [ -122.021144, 37.544214 ], [ -122.02124, 37.544343 ], [ -122.021273, 37.544386 ], [ -122.022465, 37.545979 ], [ -122.022895, 37.546533 ], [ -122.023001, 37.546681 ], [ -122.023463, 37.547308 ], [ -122.024233, 37.548328 ], [ -122.025437, 37.549936 ], [ -122.02545, 37.549953 ], [ -122.025489, 37.550004 ], [ -122.025503, 37.550022 ], [ -122.025698, 37.55028 ], [ -122.025965, 37.550631 ], [ -122.026288, 37.551053 ], [ -122.026485, 37.551311 ], [ -122.026932, 37.551896 ], [ -122.028217, 37.553577 ], [ -122.028279, 37.55365 ], [ -122.028684, 37.554125 ], [ -122.028763, 37.554207 ], [ -122.028907, 37.554357 ], [ -122.029339, 37.55481 ], [ -122.029484, 37.554961 ], [ -122.029517, 37.554996 ], [ -122.029619, 37.555091 ], [ -122.030031, 37.555475 ], [ -122.030169, 37.555604 ], [ -122.030267, 37.555696 ], [ -122.030296, 37.555723 ], [ -122.030677, 37.556082 ], [ -122.030805, 37.556202 ], [ -122.030887, 37.55628 ], [ -122.031136, 37.556514 ], [ -122.031219, 37.556592 ], [ -122.031267, 37.556637 ], [ -122.031414, 37.556775 ], [ -122.031463, 37.556821 ], [ -122.031584, 37.556935 ], [ -122.031948, 37.557277 ], [ -122.03207, 37.557391 ], [ -122.032417, 37.557718 ], [ -122.032634, 37.55792 ], [ -122.034, 37.559192 ], [ -122.034334, 37.559503 ], [ -122.034901, 37.560031 ], [ -122.034924, 37.560052 ], [ -122.034995, 37.560118 ], [ -122.035019, 37.56014 ], [ -122.035344, 37.560444 ], [ -122.03632, 37.561356 ], [ -122.036646, 37.561661 ], [ -122.036703, 37.561714 ], [ -122.036876, 37.561876 ], [ -122.036934, 37.56193 ], [ -122.037188, 37.562167 ], [ -122.037219, 37.562196 ], [ -122.038071, 37.562999 ], [ -122.038313, 37.563227 ], [ -122.038356, 37.563267 ], [ -122.038386, 37.563295 ], [ -122.038476, 37.563379 ], [ -122.038506, 37.563408 ], [ -122.03855, 37.563444 ], [ -122.038571, 37.563462 ], [ -122.038627, 37.563404 ], [ -122.038832, 37.563195 ], [ -122.039458, 37.562555 ], [ -122.039603, 37.562407 ], [ -122.040177, 37.561805 ], [ -122.040201, 37.561824 ], [ -122.040218, 37.561855 ], [ -122.040235, 37.561888 ], [ -122.04024, 37.561964 ], [ -122.040197, 37.562055 ], [ -122.040113, 37.562206 ], [ -122.040043, 37.562533 ], [ -122.040057, 37.562592 ], [ -122.040082, 37.562644 ], [ -122.040119, 37.562592 ], [ -122.040171, 37.562477 ], [ -122.040311, 37.562219 ], [ -122.040674, 37.561662 ], [ -122.041151, 37.560918 ], [ -122.04317, 37.558431 ], [ -122.043755, 37.557878 ], [ -122.044633, 37.5571 ], [ -122.045374, 37.556502 ], [ -122.045798, 37.556171 ], [ -122.047373, 37.555114 ], [ -122.048167, 37.554604 ], [ -122.048688, 37.554323 ], [ -122.048667, 37.55431 ], [ -122.049344, 37.553892 ], [ -122.049707, 37.553672 ], [ -122.051696, 37.552447 ], [ -122.051962, 37.552125 ], [ -122.052118, 37.551936 ], [ -122.052219, 37.551813 ], [ -122.052261, 37.551757 ], [ -122.052393, 37.551828 ], [ -122.052556, 37.551912 ], [ -122.053592, 37.551147 ], [ -122.054002, 37.550839 ], [ -122.05401, 37.55083 ], [ -122.054081, 37.550753 ], [ -122.054246, 37.550598 ], [ -122.054597, 37.550284 ], [ -122.055067, 37.549866 ], [ -122.055233, 37.549743 ], [ -122.055331, 37.549668 ], [ -122.05991, 37.546169 ], [ -122.060979, 37.545368 ], [ -122.061052, 37.545544 ], [ -122.063958, 37.543343 ], [ -122.064935, 37.542739 ], [ -122.064567, 37.542755 ], [ -122.064436, 37.542762 ], [ -122.063959, 37.542784 ], [ -122.063982, 37.542766 ], [ -122.064328, 37.5425 ], [ -122.064476, 37.542386 ], [ -122.065588, 37.541461 ], [ -122.066157, 37.54094 ], [ -122.066394, 37.540671 ], [ -122.066536, 37.540371 ], [ -122.0666, 37.540102 ], [ -122.066615, 37.539865 ], [ -122.066536, 37.539486 ], [ -122.066426, 37.539043 ], [ -122.066531, 37.538785 ], [ -122.066648, 37.538727 ], [ -122.066627, 37.538675 ], [ -122.066366, 37.538132 ], [ -122.065992, 37.537351 ], [ -122.065918, 37.537199 ], [ -122.065661, 37.536672 ], [ -122.06558, 37.536506 ], [ -122.065331, 37.535995 ], [ -122.065316, 37.535965 ], [ -122.065267, 37.535871 ], [ -122.065252, 37.535841 ], [ -122.065061, 37.535471 ], [ -122.064998, 37.535348 ], [ -122.064869, 37.535099 ], [ -122.064824, 37.535005 ], [ -122.064729, 37.534805 ], [ -122.06468, 37.534691 ], [ -122.064789, 37.534284 ], [ -122.066224, 37.529915 ], [ -122.067465, 37.526085 ], [ -122.067981, 37.524499 ], [ -122.068013, 37.524403 ], [ -122.068053, 37.524279 ], [ -122.068089, 37.524168 ], [ -122.063703, 37.523577 ], [ -122.061989, 37.523352 ], [ -122.061345, 37.523267 ], [ -122.060469, 37.521584 ], [ -122.06058, 37.52155 ], [ -122.060529, 37.521261 ], [ -122.07089, 37.519017 ], [ -122.070189, 37.517864 ] ] ] } },
{ "type": "Feature", "properties": { "STATEFP": "06", "UNSDLEA": "22110", "GEOID": "0622110", "GEOIDFQ": "9700000US0622110", "NAME": "Livermore Valley Joint Unified School District", "LSAD": "00", "LOGRADE": "KG", "HIGRADE": "12", "MTFCC": "G5420", "SDTYP": null, "FUNCSTAT": "E", "ALAND": 685003277, "AWATER": 5895555, "INTPTLAT": "+37.6396841", "INTPTLON": "-121.6633573" }, "geometry": { "type": "Polygon", "coordinates": [ [ [ -121.850644, 37.731594 ], [ -121.850637, 37.732064 ], [ -121.850608, 37.734061 ], [ -121.850589, 37.737924 ], [ -121.850588, 37.738232 ], [ -121.841536, 37.738306 ], [ -121.841532, 37.747176 ], [ -121.841505, 37.747183 ], [ -121.835624, 37.748615 ], [ -121.835612, 37.748617 ], [ -121.835457, 37.748656 ], [ -121.834951, 37.74878 ], [ -121.834785, 37.748823 ], [ -121.834195, 37.748966 ], [ -121.832424, 37.749397 ], [ -121.832211, 37.749449 ], [ -121.832406, 37.752397 ], [ -121.83241, 37.754827 ], [ -121.832413, 37.755263 ], [ -121.832416, 37.756059 ], [ -121.832406, 37.75941 ], [ -121.832425, 37.760959 ], [ -121.832382, 37.764913 ], [ -121.832353, 37.767019 ], [ -121.831929, 37.767039 ], [ -121.829851, 37.766885 ], [ -121.829212, 37.766817 ], [ -121.826917, 37.766317 ], [ -121.82608, 37.765403 ], [ -121.824695, 37.765365 ], [ -121.824537, 37.76544 ], [ -121.824667, 37.765546 ], [ -121.824792, 37.765656 ], [ -121.825002, 37.765862 ], [ -121.825027, 37.765887 ], [ -121.825136, 37.766008 ], [ -121.82546, 37.766429 ], [ -121.825869, 37.766927 ], [ -121.82306, 37.766894 ], [ -121.822995, 37.774567 ], [ -121.822817, 37.775038 ], [ -121.822175, 37.776678 ], [ -121.823271, 37.777833 ], [ -121.822521, 37.778814 ], [ -121.822251, 37.779891 ], [ -121.822559, 37.780757 ], [ -121.822136, 37.782816 ], [ -121.82304, 37.782835 ], [ -121.823021, 37.788588 ], [ -121.823027, 37.791006 ], [ -121.823032, 37.793493 ], [ -121.823033, 37.793847 ], [ -121.823041, 37.797685 ], [ -121.823117, 37.799824 ], [ -121.823021, 37.810157 ], [ -121.824349, 37.810161 ], [ -121.824349, 37.817511 ], [ -121.82306, 37.81755 ], [ -121.823146, 37.821985 ], [ -121.823172, 37.824107 ], [ -121.823216, 37.828203 ], [ -121.823161, 37.828136 ], [ -121.823137, 37.82804 ], [ -121.823124, 37.838351 ], [ -121.823082, 37.838566 ], [ -121.823071, 37.838705 ], [ -121.823082, 37.838823 ], [ -121.82309, 37.838998 ], [ -121.823102, 37.838999 ], [ -121.8231, 37.839062 ], [ -121.823375, 37.839059 ], [ -121.823573, 37.839058 ], [ -121.823908, 37.839055 ], [ -121.824263, 37.839052 ], [ -121.824563, 37.839051 ], [ -121.827126, 37.839017 ], [ -121.832168, 37.838971 ], [ -121.832173, 37.839025 ], [ -121.832177, 37.8392 ], [ -121.832161, 37.840355 ], [ -121.832168, 37.840596 ], [ -121.832149, 37.842487 ], [ -121.83215, 37.843461 ], [ -121.83214, 37.844442 ], [ -121.832124, 37.845782 ], [ -121.832372, 37.845788 ], [ -121.832371, 37.845818 ], [ -121.832365, 37.846029 ], [ -121.83231, 37.847703 ], [ -121.832144, 37.852704 ], [ -121.832131, 37.853086 ], [ -121.823145, 37.852922 ], [ -121.823115, 37.854358 ], [ -121.823102, 37.854918 ], [ -121.823046, 37.857555 ], [ -121.822966, 37.860193 ], [ -121.819159, 37.860248 ], [ -121.813976, 37.860308 ], [ -121.814011, 37.862417 ], [ -121.814015, 37.862823 ], [ -121.814015, 37.864343 ], [ -121.81402, 37.867552 ], [ -121.80833, 37.86756 ], [ -121.806885, 37.86759 ], [ -121.804465, 37.86756 ], [ -121.804598, 37.863996 ], [ -121.804801, 37.858129 ], [ -121.804959, 37.853144 ], [ -121.798122, 37.853118 ], [ -121.790772, 37.853109 ], [ -121.786996, 37.853073 ], [ -121.78697, 37.845901 ], [ -121.786987, 37.838772 ], [ -121.777104, 37.838715 ], [ -121.777104, 37.838684 ], [ -121.774824, 37.838675 ], [ -121.773458, 37.838671 ], [ -121.773228, 37.838669 ], [ -121.773232, 37.838553 ], [ -121.773232, 37.838043 ], [ -121.773242, 37.837535 ], [ -121.773261, 37.836573 ], [ -121.773266, 37.833453 ], [ -121.773274, 37.82837 ], [ -121.773266, 37.828152 ], [ -121.769178, 37.828128 ], [ -121.769105, 37.8245 ], [ -121.769129, 37.821009 ], [ -121.769154, 37.820533 ], [ -121.764983, 37.820525 ], [ -121.764983, 37.820455 ], [ -121.75999, 37.820471 ], [ -121.760021, 37.818665 ], [ -121.760055, 37.815508 ], [ -121.76007, 37.814793 ], [ -121.760074, 37.814307 ], [ -121.760157, 37.810024 ], [ -121.758499, 37.810001 ], [ -121.755561, 37.80994 ], [ -121.755606, 37.806941 ], [ -121.755613, 37.806336 ], [ -121.753798, 37.806331 ], [ -121.751257, 37.806326 ], [ -121.751328, 37.800544 ], [ -121.751305, 37.80011 ], [ -121.751398, 37.795721 ], [ -121.751418, 37.791375 ], [ -121.751478, 37.786851 ], [ -121.751438, 37.78433 ], [ -121.751517, 37.780897 ], [ -121.751446, 37.777395 ], [ -121.751418, 37.775856 ], [ -121.751414, 37.774382 ], [ -121.751373, 37.76947 ], [ -121.751383, 37.769089 ], [ -121.751064, 37.769169 ], [ -121.750681, 37.769264 ], [ -121.749599, 37.769536 ], [ -121.748697, 37.769762 ], [ -121.747535, 37.770053 ], [ -121.741344, 37.771604 ], [ -121.73928, 37.772122 ], [ -121.73802, 37.772438 ], [ -121.734239, 37.773386 ], [ -121.732979, 37.773703 ], [ -121.732872, 37.773729 ], [ -121.732551, 37.77381 ], [ -121.732445, 37.773838 ], [ -121.728155, 37.774915 ], [ -121.723745, 37.776022 ], [ -121.720233, 37.776872 ], [ -121.715957, 37.777906 ], [ -121.715467, 37.778024 ], [ -121.711138, 37.779076 ], [ -121.710143, 37.779316 ], [ -121.708737, 37.779659 ], [ -121.705366, 37.780482 ], [ -121.703821, 37.780858 ], [ -121.703311, 37.780983 ], [ -121.700284, 37.781718 ], [ -121.699286, 37.78196 ], [ -121.698638, 37.782117 ], [ -121.698539, 37.782142 ], [ -121.697481, 37.782399 ], [ -121.697322, 37.782438 ], [ -121.690839, 37.784019 ], [ -121.68975, 37.784287 ], [ -121.687741, 37.78478 ], [ -121.686697, 37.785036 ], [ -121.682558, 37.786046 ], [ -121.676822, 37.787445 ], [ -121.671504, 37.788739 ], [ -121.670372, 37.789014 ], [ -121.666293, 37.790007 ], [ -121.655399, 37.792671 ], [ -121.635793, 37.796723 ], [ -121.634472, 37.796996 ], [ -121.623307, 37.800119 ], [ -121.623301, 37.799442 ], [ -121.623299, 37.799131 ], [ -121.623297, 37.798792 ], [ -121.623291, 37.79804 ], [ -121.623277, 37.796126 ], [ -121.623258, 37.791817 ], [ -121.623259, 37.79155 ], [ -121.623258, 37.791082 ], [ -121.623259, 37.790848 ], [ -121.623272, 37.790857 ], [ -121.623243, 37.783188 ], [ -121.623235, 37.781101 ], [ -121.623224, 37.778161 ], [ -121.623215, 37.776109 ], [ -121.623215, 37.765683 ], [ -121.62324, 37.754597 ], [ -121.623246, 37.751809 ], [ -121.62326, 37.751328 ], [ -121.622254, 37.751356 ], [ -121.617013, 37.751508 ], [ -121.611965, 37.751654 ], [ -121.605893, 37.75183 ], [ -121.605312, 37.751847 ], [ -121.605347, 37.751787 ], [ -121.604886, 37.751793 ], [ -121.604876, 37.746649 ], [ -121.604899, 37.743178 ], [ -121.604891, 37.742823 ], [ -121.604964, 37.738137 ], [ -121.604978, 37.736922 ], [ -121.604988, 37.736259 ], [ -121.605019, 37.734139 ], [ -121.6051, 37.728373 ], [ -121.605214, 37.719164 ], [ -121.605285, 37.70934 ], [ -121.605307, 37.706438 ], [ -121.605399, 37.687343 ], [ -121.605399, 37.676263 ], [ -121.605452, 37.669793 ], [ -121.605477, 37.666327 ], [ -121.605492, 37.664747 ], [ -121.603434, 37.664713 ], [ -121.599031, 37.664634 ], [ -121.597238, 37.664612 ], [ -121.594499, 37.664562 ], [ -121.589435, 37.664563 ], [ -121.581875, 37.664562 ], [ -121.578369, 37.664521 ], [ -121.572545, 37.664439 ], [ -121.567642, 37.664415 ], [ -121.563975, 37.664397 ], [ -121.563311, 37.664393 ], [ -121.561966, 37.664386 ], [ -121.560044, 37.664377 ], [ -121.556957, 37.664226 ], [ -121.556957, 37.6642 ], [ -121.556957, 37.662892 ], [ -121.556957, 37.64269 ], [ -121.556957, 37.63613 ], [ -121.556928, 37.635959 ], [ -121.556917, 37.635893 ], [ -121.556884, 37.635698 ], [ -121.556874, 37.635633 ], [ -121.556859, 37.635547 ], [ -121.556857, 37.635531 ], [ -121.556862, 37.635288 ], [ -121.556864, 37.635202 ], [ -121.556941, 37.631528 ], [ -121.557175, 37.620508 ], [ -121.557253, 37.616835 ], [ -121.557253, 37.616794 ], [ -121.557256, 37.616671 ], [ -121.557257, 37.616631 ], [ -121.557255, 37.616432 ], [ -121.557249, 37.615835 ], [ -121.557248, 37.615637 ], [ -121.557193, 37.609672 ], [ -121.557031, 37.59178 ], [ -121.556977, 37.585816 ], [ -121.556955, 37.583522 ], [ -121.556893, 37.576644 ], [ -121.556872, 37.574353 ], [ -121.556828, 37.569519 ], [ -121.556788, 37.565102 ], [ -121.556697, 37.555022 ], [ -121.556656, 37.550331 ], [ -121.556656, 37.55019 ], [ -121.556656, 37.550159 ], [ -121.556656, 37.550066 ], [ -121.556656, 37.550036 ], [ -121.556655, 37.549146 ], [ -121.556655, 37.546475 ], [ -121.556655, 37.545586 ], [ -121.556655, 37.542732 ], [ -121.550454, 37.539332 ], [ -121.548355, 37.535932 ], [ -121.546854, 37.535032 ], [ -121.545754, 37.532532 ], [ -121.54328, 37.531593 ], [ -121.542628, 37.530849 ], [ -121.541833, 37.530215 ], [ -121.540611, 37.529822 ], [ -121.540158, 37.529884 ], [ -121.539425, 37.529584 ], [ -121.537946, 37.52973 ], [ -121.537079, 37.529752 ], [ -121.536292, 37.529531 ], [ -121.53619, 37.52908 ], [ -121.535772, 37.529083 ], [ -121.535085, 37.528801 ], [ -121.534179, 37.528605 ], [ -121.533616, 37.528887 ], [ -121.532937, 37.52866 ], [ -121.532694, 37.528653 ], [ -121.532257, 37.528219 ], [ -121.531721, 37.528221 ], [ -121.531364, 37.527397 ], [ -121.530827, 37.527294 ], [ -121.530386, 37.527061 ], [ -121.529897, 37.527048 ], [ -121.528817, 37.52806 ], [ -121.527894, 37.527387 ], [ -121.527128, 37.527163 ], [ -121.526201, 37.527036 ], [ -121.525725, 37.526689 ], [ -121.525478, 37.526508 ], [ -121.523862, 37.526212 ], [ -121.523051, 37.525621 ], [ -121.522595, 37.525043 ], [ -121.522328, 37.524705 ], [ -121.521497, 37.524756 ], [ -121.520422, 37.524589 ], [ -121.519134, 37.524447 ], [ -121.517661, 37.525264 ], [ -121.516749, 37.525512 ], [ -121.515753, 37.525176 ], [ -121.515284, 37.524926 ], [ -121.514137, 37.524917 ], [ -121.513674, 37.524758 ], [ -121.512831, 37.525099 ], [ -121.511509, 37.525075 ], [ -121.509906, 37.524625 ], [ -121.507883, 37.524774 ], [ -121.506368, 37.525549 ], [ -121.505418, 37.525478 ], [ -121.505059, 37.52566 ], [ -121.50491, 37.525737 ], [ -121.50442, 37.525863 ], [ -121.504067, 37.525673 ], [ -121.503403, 37.525604 ], [ -121.502397, 37.52534 ], [ -121.501475, 37.525003 ], [ -121.500766, 37.52431 ], [ -121.50056, 37.523904 ], [ -121.498955, 37.522996 ], [ -121.498268, 37.522427 ], [ -121.498962, 37.521634 ], [ -121.499084, 37.521024 ], [ -121.49958, 37.52014 ], [ -121.499869, 37.520066 ], [ -121.500746, 37.519661 ], [ -121.501351, 37.518965 ], [ -121.502371, 37.51847 ], [ -121.501842, 37.517633 ], [ -121.501168, 37.516867 ], [ -121.500244, 37.516558 ], [ -121.49994, 37.516242 ], [ -121.49987, 37.515108 ], [ -121.499307, 37.514768 ], [ -121.498575, 37.514091 ], [ -121.498471, 37.513682 ], [ -121.498102, 37.513595 ], [ -121.497232, 37.512463 ], [ -121.497162, 37.512293 ], [ -121.49713, 37.511783 ], [ -121.496843, 37.510967 ], [ -121.496677, 37.510198 ], [ -121.496654, 37.510108 ], [ -121.496676, 37.509211 ], [ -121.495681, 37.508741 ], [ -121.495521, 37.508659 ], [ -121.495382, 37.508133 ], [ -121.495611, 37.507615 ], [ -121.495213, 37.50686 ], [ -121.495533, 37.505196 ], [ -121.496017, 37.504938 ], [ -121.495069, 37.504356 ], [ -121.494126, 37.503486 ], [ -121.493594, 37.502717 ], [ -121.493201, 37.502434 ], [ -121.493183, 37.502421 ], [ -121.491912, 37.502366 ], [ -121.491412, 37.502341 ], [ -121.490089, 37.502125 ], [ -121.489381, 37.502142 ], [ -121.488222, 37.501961 ], [ -121.487467, 37.501784 ], [ -121.486593, 37.501388 ], [ -121.485566, 37.501391 ], [ -121.484908, 37.501239 ], [ -121.48377, 37.50116 ], [ -121.483462, 37.501278 ], [ -121.482065, 37.501439 ], [ -121.481469, 37.500267 ], [ -121.48074, 37.499777 ], [ -121.48052, 37.49859 ], [ -121.48007, 37.497905 ], [ -121.479809, 37.497649 ], [ -121.479362, 37.496484 ], [ -121.478079, 37.496339 ], [ -121.477713, 37.49589 ], [ -121.477172, 37.495614 ], [ -121.476386, 37.495577 ], [ -121.476035, 37.495424 ], [ -121.475897, 37.495272 ], [ -121.475485, 37.494532 ], [ -121.47486, 37.494051 ], [ -121.474387, 37.493555 ], [ -121.473761, 37.492777 ], [ -121.472937, 37.492449 ], [ -121.472372, 37.492229 ], [ -121.47196, 37.491733 ], [ -121.471487, 37.491519 ], [ -121.470938, 37.491183 ], [ -121.47074, 37.490794 ], [ -121.470374, 37.490466 ], [ -121.469962, 37.490314 ], [ -121.469687, 37.489993 ], [ -121.469275, 37.489688 ], [ -121.469214, 37.48936 ], [ -121.469275, 37.489093 ], [ -121.469626, 37.488826 ], [ -121.469824, 37.48833 ], [ -121.470038, 37.487109 ], [ -121.470374, 37.486781 ], [ -121.470724, 37.486125 ], [ -121.470654, 37.485981 ], [ -121.470511, 37.485683 ], [ -121.470511, 37.485461 ], [ -121.470786, 37.485293 ], [ -121.471198, 37.485034 ], [ -121.471136, 37.484408 ], [ -121.47106, 37.483699 ], [ -121.47106, 37.483317 ], [ -121.471198, 37.482829 ], [ -121.47161, 37.482387 ], [ -121.471925, 37.481783 ], [ -121.472648, 37.48217 ], [ -121.472708, 37.482202 ], [ -121.472891, 37.4823 ], [ -121.472952, 37.482333 ], [ -121.475527, 37.482337 ], [ -121.483253, 37.482349 ], [ -121.48418, 37.482351 ], [ -121.485829, 37.482354 ], [ -121.48733, 37.482357 ], [ -121.487423, 37.482357 ], [ -121.487515, 37.482357 ], [ -121.487635, 37.482356 ], [ -121.501067, 37.48238 ], [ -121.516218, 37.482404 ], [ -121.516241, 37.482404 ], [ -121.516426, 37.482406 ], [ -121.516611, 37.482406 ], [ -121.516767, 37.482405 ], [ -121.516922, 37.482405 ], [ -121.517773, 37.482408 ], [ -121.518427, 37.482407 ], [ -121.519289, 37.482409 ], [ -121.525028, 37.48242 ], [ -121.525419, 37.482419 ], [ -121.525733, 37.48242 ], [ -121.525765, 37.48242 ], [ -121.526388, 37.482421 ], [ -121.526687, 37.482421 ], [ -121.526863, 37.482422 ], [ -121.527242, 37.482422 ], [ -121.532216, 37.482432 ], [ -121.532233, 37.482432 ], [ -121.53304, 37.482433 ], [ -121.559755, 37.482533 ], [ -121.564355, 37.482433 ], [ -121.586199, 37.482533 ], [ -121.598883, 37.48259 ], [ -121.608284, 37.482633 ], [ -121.608364, 37.482633 ], [ -121.608635, 37.482634 ], [ -121.620321, 37.482634 ], [ -121.620557, 37.482634 ], [ -121.620644, 37.482634 ], [ -121.623179, 37.482634 ], [ -121.623455, 37.482634 ], [ -121.624158, 37.482634 ], [ -121.624208, 37.482633 ], [ -121.624358, 37.482633 ], [ -121.624409, 37.482633 ], [ -121.624579, 37.482631 ], [ -121.62509, 37.482628 ], [ -121.625261, 37.482628 ], [ -121.626001, 37.482635 ], [ -121.628223, 37.482659 ], [ -121.628964, 37.482668 ], [ -121.635027, 37.482733 ], [ -121.635083, 37.482733 ], [ -121.635163, 37.482733 ], [ -121.635416, 37.482734 ], [ -121.635501, 37.482735 ], [ -121.6406, 37.482754 ], [ -121.650444, 37.482791 ], [ -121.655897, 37.482812 ], [ -121.656624, 37.482815 ], [ -121.660944, 37.482831 ], [ -121.660997, 37.482831 ], [ -121.661052, 37.482831 ], [ -121.661737, 37.482833 ], [ -121.670399, 37.48274 ], [ -121.670858, 37.482734 ], [ -121.679401, 37.482779 ], [ -121.681799, 37.482791 ], [ -121.688887, 37.482827 ], [ -121.689079, 37.482828 ], [ -121.69006, 37.482834 ], [ -121.690138, 37.482837 ], [ -121.690929, 37.482855 ], [ -121.690941, 37.482862 ], [ -121.712556, 37.483558 ], [ -121.714178, 37.48361 ], [ -121.714961, 37.483635 ], [ -121.719574, 37.483687 ], [ -121.725008, 37.48375 ], [ -121.734593, 37.48386 ], [ -121.735765, 37.483873 ], [ -121.736814, 37.483884 ], [ -121.736782, 37.498136 ], [ -121.736771, 37.50358 ], [ -121.736755, 37.510929 ], [ -121.736749, 37.513589 ], [ -121.73669, 37.518764 ], [ -121.736643, 37.523206 ], [ -121.736503, 37.534927 ], [ -121.732399, 37.534926 ], [ -121.724972, 37.534936 ], [ -121.723708, 37.534943 ], [ -121.720473, 37.534964 ], [ -121.716704, 37.534989 ], [ -121.71668, 37.538202 ], [ -121.716656, 37.540905 ], [ -121.716643, 37.542563 ], [ -121.716641, 37.543842 ], [ -121.716646, 37.552264 ], [ -121.716687, 37.558839 ], [ -121.716704, 37.5619 ], [ -121.716705, 37.567225 ], [ -121.716704, 37.572632 ], [ -121.716648, 37.578089 ], [ -121.716643, 37.578651 ], [ -121.727182, 37.578652 ], [ -121.731851, 37.578652 ], [ -121.738005, 37.578653 ], [ -121.742969, 37.578651 ], [ -121.742969, 37.580711 ], [ -121.742968, 37.581562 ], [ -121.742969, 37.581807 ], [ -121.742369, 37.581807 ], [ -121.742364, 37.581995 ], [ -121.742323, 37.583369 ], [ -121.742323, 37.583748 ], [ -121.742322, 37.586589 ], [ -121.742325, 37.587392 ], [ -121.742324, 37.587474 ], [ -121.742323, 37.592494 ], [ -121.742324, 37.596562 ], [ -121.742326, 37.599844 ], [ -121.742326, 37.600224 ], [ -121.747372, 37.600253 ], [ -121.756469, 37.600306 ], [ -121.758323, 37.600316 ], [ -121.760404, 37.600345 ], [ -121.763075, 37.600361 ], [ -121.766262, 37.600381 ], [ -121.774946, 37.600388 ], [ -121.774957, 37.600392 ], [ -121.774981, 37.600388 ], [ -121.778568, 37.600409 ], [ -121.788428, 37.606446 ], [ -121.78905, 37.606733 ], [ -121.801698, 37.614639 ], [ -121.801711, 37.619526 ], [ -121.801721, 37.623483 ], [ -121.80174, 37.628102 ], [ -121.801761, 37.62856 ], [ -121.801762, 37.628572 ], [ -121.801749, 37.630293 ], [ -121.801742, 37.63033 ], [ -121.801751, 37.630786 ], [ -121.801759, 37.632226 ], [ -121.801719, 37.632232 ], [ -121.801725, 37.632731 ], [ -121.801656, 37.632741 ], [ -121.801621, 37.632775 ], [ -121.801646, 37.632819 ], [ -121.801686, 37.632906 ], [ -121.801721, 37.633183 ], [ -121.801644, 37.633194 ], [ -121.801638, 37.633467 ], [ -121.801608, 37.633742 ], [ -121.801586, 37.63384 ], [ -121.801642, 37.63398 ], [ -121.801536, 37.634306 ], [ -121.801394, 37.634604 ], [ -121.801242, 37.634553 ], [ -121.801218, 37.634591 ], [ -121.801135, 37.634727 ], [ -121.800922, 37.635013 ], [ -121.80121, 37.635024 ], [ -121.801268, 37.635027 ], [ -121.80135, 37.63503 ], [ -121.801506, 37.635036 ], [ -121.801556, 37.635038 ], [ -121.801694, 37.635043 ], [ -121.801749, 37.635044 ], [ -121.801786, 37.635045 ], [ -121.801871, 37.635046 ], [ -121.801978, 37.635048 ], [ -121.80209, 37.635045 ], [ -121.802117, 37.635041 ], [ -121.802174, 37.635048 ], [ -121.802716, 37.635277 ], [ -121.803104, 37.635165 ], [ -121.803291, 37.6356 ], [ -121.803558, 37.635537 ], [ -121.803632, 37.63552 ], [ -121.803851, 37.635446 ], [ -121.803985, 37.635383 ], [ -121.804238, 37.635263 ], [ -121.804348, 37.635214 ], [ -121.804374, 37.635203 ], [ -121.804525, 37.635149 ], [ -121.80472, 37.635087 ], [ -121.804925, 37.635035 ], [ -121.805331, 37.634961 ], [ -121.805529, 37.635477 ], [ -121.80597, 37.635525 ], [ -121.806159, 37.635933 ], [ -121.805035, 37.636734 ], [ -121.805427, 37.637071 ], [ -121.805514, 37.63713 ], [ -121.805491, 37.637148 ], [ -121.804977, 37.637512 ], [ -121.805339, 37.637843 ], [ -121.80487, 37.63816 ], [ -121.804861, 37.638166 ], [ -121.805431, 37.638676 ], [ -121.805324, 37.638748 ], [ -121.804868, 37.63907 ], [ -121.80494, 37.639139 ], [ -121.804999, 37.639205 ], [ -121.805086, 37.639323 ], [ -121.805154, 37.639459 ], [ -121.805176, 37.639538 ], [ -121.805188, 37.639662 ], [ -121.805652, 37.639621 ], [ -121.805753, 37.640089 ], [ -121.805849, 37.640334 ], [ -121.80576, 37.64037 ], [ -121.805553, 37.640426 ], [ -121.80519, 37.640533 ], [ -121.805219, 37.640598 ], [ -121.805342, 37.640844 ], [ -121.805451, 37.641213 ], [ -121.805503, 37.641451 ], [ -121.805544, 37.641566 ], [ -121.805003, 37.641691 ], [ -121.804933, 37.641697 ], [ -121.804962, 37.641772 ], [ -121.805022, 37.641926 ], [ -121.805145, 37.64221 ], [ -121.805371, 37.642498 ], [ -121.805704, 37.64292 ], [ -121.805129, 37.643177 ], [ -121.805429, 37.643627 ], [ -121.805431, 37.643652 ], [ -121.805515, 37.643787 ], [ -121.80554, 37.643834 ], [ -121.805536, 37.644954 ], [ -121.805554, 37.645177 ], [ -121.805534, 37.645198 ], [ -121.805535, 37.645506 ], [ -121.805358, 37.645394 ], [ -121.805282, 37.645481 ], [ -121.804901, 37.645908 ], [ -121.804871, 37.645942 ], [ -121.805275, 37.646165 ], [ -121.805559, 37.646315 ], [ -121.805547, 37.648873 ], [ -121.805587, 37.649543 ], [ -121.805643, 37.650485 ], [ -121.805673, 37.650967 ], [ -121.805675, 37.651013 ], [ -121.805708, 37.651554 ], [ -121.805741, 37.652102 ], [ -121.805711, 37.652141 ], [ -121.805666, 37.652199 ], [ -121.805668, 37.652318 ], [ -121.805671, 37.652421 ], [ -121.805673, 37.652483 ], [ -121.805674, 37.652526 ], [ -121.805686, 37.653008 ], [ -121.805689, 37.653118 ], [ -121.805861, 37.653117 ], [ -121.805864, 37.653793 ], [ -121.805863, 37.653912 ], [ -121.805869, 37.654903 ], [ -121.805717, 37.654905 ], [ -121.805717, 37.65541 ], [ -121.806084, 37.655553 ], [ -121.806554, 37.655737 ], [ -121.811296, 37.657595 ], [ -121.819379, 37.660762 ], [ -121.819583, 37.660836 ], [ -121.823801, 37.662487 ], [ -121.823802, 37.663934 ], [ -121.823776, 37.667728 ], [ -121.82378, 37.669022 ], [ -121.823766, 37.669813 ], [ -121.823756, 37.671082 ], [ -121.823733, 37.673454 ], [ -121.823731, 37.673853 ], [ -121.823729, 37.674033 ], [ -121.823729, 37.674154 ], [ -121.823725, 37.674383 ], [ -121.823723, 37.674667 ], [ -121.823713, 37.675801 ], [ -121.823704, 37.676774 ], [ -121.823642, 37.682521 ], [ -121.82364, 37.682806 ], [ -121.823635, 37.683467 ], [ -121.825288, 37.682908 ], [ -121.828092, 37.681961 ], [ -121.830274, 37.681115 ], [ -121.831688, 37.680654 ], [ -121.831795, 37.680762 ], [ -121.832208, 37.680588 ], [ -121.832387, 37.680512 ], [ -121.832998, 37.681115 ], [ -121.833144, 37.681242 ], [ -121.833566, 37.681822 ], [ -121.83425, 37.682621 ], [ -121.834638, 37.683079 ], [ -121.83513, 37.683632 ], [ -121.835211, 37.683724 ], [ -121.835556, 37.684016 ], [ -121.835702, 37.684028 ], [ -121.836056, 37.684358 ], [ -121.8375, 37.68581 ], [ -121.837654, 37.685806 ], [ -121.837763, 37.685914 ], [ -121.83788, 37.68603 ], [ -121.848, 37.686044 ], [ -121.848461, 37.686021 ], [ -121.848379, 37.692695 ], [ -121.848288, 37.692687 ], [ -121.848286, 37.692941 ], [ -121.848281, 37.693646 ], [ -121.848281, 37.693679 ], [ -121.84828, 37.693807 ], [ -121.848278, 37.693953 ], [ -121.848239, 37.69396 ], [ -121.848245, 37.694077 ], [ -121.848258, 37.694282 ], [ -121.848262, 37.694339 ], [ -121.848263, 37.694419 ], [ -121.848025, 37.694418 ], [ -121.847984, 37.694418 ], [ -121.847894, 37.695684 ], [ -121.847872, 37.695919 ], [ -121.847864, 37.695997 ], [ -121.847858, 37.697008 ], [ -121.847886, 37.697007 ], [ -121.847894, 37.697065 ], [ -121.847888, 37.697417 ], [ -121.84788, 37.697624 ], [ -121.847868, 37.698652 ], [ -121.847925, 37.698657 ], [ -121.847925, 37.698671 ], [ -121.847925, 37.698723 ], [ -121.847923, 37.698774 ], [ -121.848205, 37.699417 ], [ -121.848204, 37.699495 ], [ -121.848204, 37.69973 ], [ -121.848204, 37.699809 ], [ -121.848234, 37.700116 ], [ -121.848326, 37.701038 ], [ -121.848329, 37.701064 ], [ -121.848357, 37.701346 ], [ -121.847684, 37.701341 ], [ -121.845665, 37.701326 ], [ -121.844992, 37.701321 ], [ -121.844961, 37.701321 ], [ -121.844871, 37.701321 ], [ -121.844841, 37.701321 ], [ -121.844099, 37.701319 ], [ -121.843854, 37.701316 ], [ -121.843045, 37.701307 ], [ -121.837658, 37.701252 ], [ -121.835863, 37.701234 ], [ -121.835334, 37.701228 ], [ -121.833749, 37.701212 ], [ -121.833381, 37.701209 ], [ -121.833395, 37.701436 ], [ -121.833467, 37.709228 ], [ -121.832439, 37.709227 ], [ -121.832547, 37.723743 ], [ -121.84103, 37.723768 ], [ -121.841603, 37.72377 ], [ -121.841613, 37.730956 ], [ -121.849943, 37.730956 ], [ -121.850653, 37.73096 ], [ -121.850644, 37.731594 ] ] ] } }
]
}
